solid OpenSCAD_Model
  facet normal 0.130692 -0.991423 0
    outer loop
      vertex 10.7179 -12.9905 13
      vertex 10.9341 -12.962 17
      vertex 10.7179 -12.9905 17
    endloop
  endfacet
  facet normal 0.130692 -0.991423 0
    outer loop
      vertex 10.9341 -12.962 17
      vertex 10.7179 -12.9905 13
      vertex 10.9341 -12.962 13
    endloop
  endfacet
  facet normal 0.976306 0.216396 0
    outer loop
      vertex 12.962 -10.0659 17
      vertex 12.9148 -9.85295 13
      vertex 12.9148 -9.85295 17
    endloop
  endfacet
  facet normal 0.976306 0.216396 0
    outer loop
      vertex 12.9148 -9.85295 13
      vertex 12.962 -10.0659 17
      vertex 12.962 -10.0659 13
    endloop
  endfacet
  facet normal 0.953735 -0.300649 0
    outer loop
      vertex 12.8492 -11.3551 17
      vertex 12.9148 -11.147 13
      vertex 12.9148 -11.147 17
    endloop
  endfacet
  facet normal 0.953735 -0.300649 0
    outer loop
      vertex 12.9148 -11.147 13
      vertex 12.8492 -11.3551 17
      vertex 12.8492 -11.3551 13
    endloop
  endfacet
  facet normal -0.793355 0.60876 0
    outer loop
      vertex 8.45212 -9.06606 13
      vertex 8.58489 -8.89303 17
      vertex 8.58489 -8.89303 13
    endloop
  endfacet
  facet normal -0.793355 0.60876 0
    outer loop
      vertex 8.58489 -8.89303 17
      vertex 8.45212 -9.06606 13
      vertex 8.45212 -9.06606 17
    endloop
  endfacet
  facet normal -0.21644 0.976296 0
    outer loop
      vertex 10.0659 -8.03798 13
      vertex 9.85295 -8.08519 17
      vertex 10.0659 -8.03798 17
    endloop
  endfacet
  facet normal -0.21644 0.976296 0
    outer loop
      vertex 9.85295 -8.08519 17
      vertex 10.0659 -8.03798 13
      vertex 9.85295 -8.08519 13
    endloop
  endfacet
  facet normal -0.130557 0.991441 0
    outer loop
      vertex 10.2821 -8.00951 13
      vertex 10.0659 -8.03798 17
      vertex 10.2821 -8.00951 17
    endloop
  endfacet
  facet normal -0.130557 0.991441 0
    outer loop
      vertex 10.0659 -8.03798 17
      vertex 10.2821 -8.00951 13
      vertex 10.0659 -8.03798 13
    endloop
  endfacet
  facet normal 0.737383 -0.675475 0
    outer loop
      vertex 12.2678 -12.2678 17
      vertex 12.4151 -12.107 13
      vertex 12.4151 -12.107 17
    endloop
  endfacet
  facet normal 0.737383 -0.675475 0
    outer loop
      vertex 12.4151 -12.107 13
      vertex 12.2678 -12.2678 17
      vertex 12.2678 -12.2678 13
    endloop
  endfacet
  facet normal 0.999051 -0.0435566 0
    outer loop
      vertex 12.9905 -10.7179 17
      vertex 13 -10.5 13
      vertex 13 -10.5 17
    endloop
  endfacet
  facet normal 0.999051 -0.0435566 0
    outer loop
      vertex 13 -10.5 13
      vertex 12.9905 -10.7179 17
      vertex 12.9905 -10.7179 13
    endloop
  endfacet
  facet normal 0.887067 -0.461641 0
    outer loop
      vertex 12.6651 -11.75 17
      vertex 12.7658 -11.5565 13
      vertex 12.7658 -11.5565 17
    endloop
  endfacet
  facet normal 0.887067 -0.461641 0
    outer loop
      vertex 12.7658 -11.5565 13
      vertex 12.6651 -11.75 17
      vertex 12.6651 -11.75 13
    endloop
  endfacet
  facet normal -0.843344 -0.537374 0
    outer loop
      vertex 8.45212 -11.9339 13
      vertex 8.33494 -11.75 17
      vertex 8.33494 -11.75 13
    endloop
  endfacet
  facet normal -0.843344 -0.537374 0
    outer loop
      vertex 8.33494 -11.75 17
      vertex 8.45212 -11.9339 13
      vertex 8.45212 -11.9339 17
    endloop
  endfacet
  facet normal -0.843397 0.537291 0
    outer loop
      vertex 8.33494 -9.25 13
      vertex 8.45212 -9.06606 17
      vertex 8.45212 -9.06606 13
    endloop
  endfacet
  facet normal -0.843397 0.537291 0
    outer loop
      vertex 8.45212 -9.06606 17
      vertex 8.33494 -9.25 13
      vertex 8.33494 -9.25 17
    endloop
  endfacet
  facet normal 0.793407 -0.608691 0
    outer loop
      vertex 12.4151 -12.107 17
      vertex 12.5479 -11.9339 13
      vertex 12.5479 -11.9339 17
    endloop
  endfacet
  facet normal 0.793407 -0.608691 0
    outer loop
      vertex 12.5479 -11.9339 13
      vertex 12.4151 -12.107 17
      vertex 12.4151 -12.107 13
    endloop
  endfacet
  facet normal 0.999051 0.0435566 0
    outer loop
      vertex 13 -10.5 17
      vertex 12.9905 -10.2821 13
      vertex 12.9905 -10.2821 17
    endloop
  endfacet
  facet normal 0.999051 0.0435566 0
    outer loop
      vertex 12.9905 -10.2821 13
      vertex 13 -10.5 17
      vertex 13 -10.5 13
    endloop
  endfacet
  facet normal -0.976296 0.21644 0
    outer loop
      vertex 8.03798 -10.0659 13
      vertex 8.08519 -9.85295 17
      vertex 8.08519 -9.85295 13
    endloop
  endfacet
  facet normal -0.976296 0.21644 0
    outer loop
      vertex 8.08519 -9.85295 17
      vertex 8.03798 -10.0659 13
      vertex 8.03798 -10.0659 17
    endloop
  endfacet
  facet normal 0.793288 0.608846 0
    outer loop
      vertex 12.5479 -9.06606 17
      vertex 12.4151 -8.89303 13
      vertex 12.4151 -8.89303 17
    endloop
  endfacet
  facet normal 0.793288 0.608846 0
    outer loop
      vertex 12.4151 -8.89303 13
      vertex 12.5479 -9.06606 17
      vertex 12.5479 -9.06606 13
    endloop
  endfacet
  facet normal 0.461641 -0.887067 0
    outer loop
      vertex 11.5565 -12.7658 13
      vertex 11.75 -12.6651 17
      vertex 11.5565 -12.7658 17
    endloop
  endfacet
  facet normal 0.461641 -0.887067 0
    outer loop
      vertex 11.75 -12.6651 17
      vertex 11.5565 -12.7658 13
      vertex 11.75 -12.6651 13
    endloop
  endfacet
  facet normal 0.537374 0.843344 -0
    outer loop
      vertex 11.9339 -8.45212 13
      vertex 11.75 -8.33494 17
      vertex 11.9339 -8.45212 17
    endloop
  endfacet
  facet normal 0.537374 0.843344 0
    outer loop
      vertex 11.75 -8.33494 17
      vertex 11.9339 -8.45212 13
      vertex 11.75 -8.33494 13
    endloop
  endfacet
  facet normal -0.887048 -0.461677 0
    outer loop
      vertex 8.33494 -11.75 13
      vertex 8.23423 -11.5565 17
      vertex 8.23423 -11.5565 13
    endloop
  endfacet
  facet normal -0.887048 -0.461677 0
    outer loop
      vertex 8.23423 -11.5565 17
      vertex 8.33494 -11.75 13
      vertex 8.33494 -11.75 17
    endloop
  endfacet
  facet normal -0.30078 -0.953693 0
    outer loop
      vertex 9.64495 -12.8492 13
      vertex 9.85295 -12.9148 17
      vertex 9.64495 -12.8492 17
    endloop
  endfacet
  facet normal -0.30078 -0.953693 -0
    outer loop
      vertex 9.85295 -12.9148 17
      vertex 9.64495 -12.8492 13
      vertex 9.85295 -12.9148 13
    endloop
  endfacet
  facet normal -0.0436024 0.999049 0
    outer loop
      vertex 10.5 -8 13
      vertex 10.2821 -8.00951 17
      vertex 10.5 -8 17
    endloop
  endfacet
  facet normal -0.0436024 0.999049 0
    outer loop
      vertex 10.2821 -8.00951 17
      vertex 10.5 -8 13
      vertex 10.2821 -8.00951 13
    endloop
  endfacet
  facet normal -0.991441 0.130557 0
    outer loop
      vertex 8.00951 -10.2821 13
      vertex 8.03798 -10.0659 17
      vertex 8.03798 -10.0659 13
    endloop
  endfacet
  facet normal -0.991441 0.130557 0
    outer loop
      vertex 8.03798 -10.0659 17
      vertex 8.00951 -10.2821 13
      vertex 8.00951 -10.2821 17
    endloop
  endfacet
  facet normal 0.38283 0.923819 -0
    outer loop
      vertex 11.5565 -8.23423 13
      vertex 11.3551 -8.15077 17
      vertex 11.5565 -8.23423 17
    endloop
  endfacet
  facet normal 0.38283 0.923819 0
    outer loop
      vertex 11.3551 -8.15077 17
      vertex 11.5565 -8.23423 13
      vertex 11.3551 -8.15077 13
    endloop
  endfacet
  facet normal -0.461771 0.886999 0
    outer loop
      vertex 9.44345 -8.23423 13
      vertex 9.25 -8.33494 17
      vertex 9.44345 -8.23423 17
    endloop
  endfacet
  facet normal -0.461771 0.886999 0
    outer loop
      vertex 9.25 -8.33494 17
      vertex 9.44345 -8.23423 13
      vertex 9.25 -8.33494 13
    endloop
  endfacet
  facet normal 0.923916 -0.382595 0
    outer loop
      vertex 12.7658 -11.5565 17
      vertex 12.8492 -11.3551 13
      vertex 12.8492 -11.3551 17
    endloop
  endfacet
  facet normal 0.923916 -0.382595 0
    outer loop
      vertex 12.8492 -11.3551 13
      vertex 12.7658 -11.5565 17
      vertex 12.7658 -11.5565 13
    endloop
  endfacet
  facet normal -0.60876 0.793355 0
    outer loop
      vertex 9.06606 -8.45212 13
      vertex 8.89303 -8.58489 17
      vertex 9.06606 -8.45212 17
    endloop
  endfacet
  facet normal -0.60876 0.793355 0
    outer loop
      vertex 8.89303 -8.58489 17
      vertex 9.06606 -8.45212 13
      vertex 8.89303 -8.58489 13
    endloop
  endfacet
  facet normal 0.923983 0.382433 0
    outer loop
      vertex 12.8492 -9.64495 17
      vertex 12.7658 -9.44345 13
      vertex 12.7658 -9.44345 17
    endloop
  endfacet
  facet normal 0.923983 0.382433 0
    outer loop
      vertex 12.7658 -9.44345 13
      vertex 12.8492 -9.64495 17
      vertex 12.8492 -9.64495 13
    endloop
  endfacet
  facet normal -0.300697 0.95372 0
    outer loop
      vertex 9.85295 -8.08519 13
      vertex 9.64495 -8.15077 17
      vertex 9.85295 -8.08519 17
    endloop
  endfacet
  facet normal -0.300697 0.95372 0
    outer loop
      vertex 9.64495 -8.15077 17
      vertex 9.85295 -8.08519 13
      vertex 9.64495 -8.15077 13
    endloop
  endfacet
  facet normal 0.461677 0.887048 -0
    outer loop
      vertex 11.75 -8.33494 13
      vertex 11.5565 -8.23423 17
      vertex 11.75 -8.33494 17
    endloop
  endfacet
  facet normal 0.461677 0.887048 0
    outer loop
      vertex 11.5565 -8.23423 17
      vertex 11.75 -8.33494 13
      vertex 11.5565 -8.23423 13
    endloop
  endfacet
  facet normal 0.887018 0.461735 0
    outer loop
      vertex 12.7658 -9.44345 17
      vertex 12.6651 -9.25 13
      vertex 12.6651 -9.25 17
    endloop
  endfacet
  facet normal 0.887018 0.461735 0
    outer loop
      vertex 12.6651 -9.25 13
      vertex 12.7658 -9.44345 17
      vertex 12.7658 -9.44345 13
    endloop
  endfacet
  facet normal -0.675475 -0.737383 0
    outer loop
      vertex 8.73223 -12.2678 13
      vertex 8.89303 -12.4151 17
      vertex 8.73223 -12.2678 17
    endloop
  endfacet
  facet normal -0.675475 -0.737383 -0
    outer loop
      vertex 8.89303 -12.4151 17
      vertex 8.73223 -12.2678 13
      vertex 8.89303 -12.4151 13
    endloop
  endfacet
  facet normal 0.991423 0.130692 0
    outer loop
      vertex 12.9905 -10.2821 17
      vertex 12.962 -10.0659 13
      vertex 12.962 -10.0659 17
    endloop
  endfacet
  facet normal 0.991423 0.130692 0
    outer loop
      vertex 12.962 -10.0659 13
      vertex 12.9905 -10.2821 17
      vertex 12.9905 -10.2821 13
    endloop
  endfacet
  facet normal -0.537291 0.843397 0
    outer loop
      vertex 9.25 -8.33494 13
      vertex 9.06606 -8.45212 17
      vertex 9.25 -8.33494 17
    endloop
  endfacet
  facet normal -0.537291 0.843397 0
    outer loop
      vertex 9.06606 -8.45212 17
      vertex 9.25 -8.33494 13
      vertex 9.06606 -8.45212 13
    endloop
  endfacet
  facet normal -0.95372 0.300697 0
    outer loop
      vertex 8.08519 -9.85295 13
      vertex 8.15077 -9.64495 17
      vertex 8.15077 -9.64495 13
    endloop
  endfacet
  facet normal -0.95372 0.300697 0
    outer loop
      vertex 8.15077 -9.64495 17
      vertex 8.08519 -9.85295 13
      vertex 8.08519 -9.85295 17
    endloop
  endfacet
  facet normal -0.923819 -0.38283 0
    outer loop
      vertex 8.23423 -11.5565 13
      vertex 8.15077 -11.3551 17
      vertex 8.15077 -11.3551 13
    endloop
  endfacet
  facet normal -0.923819 -0.38283 0
    outer loop
      vertex 8.15077 -11.3551 17
      vertex 8.23423 -11.5565 13
      vertex 8.23423 -11.5565 17
    endloop
  endfacet
  facet normal -0.991441 -0.130557 0
    outer loop
      vertex 8.03798 -10.9341 13
      vertex 8.00951 -10.7179 17
      vertex 8.00951 -10.7179 13
    endloop
  endfacet
  facet normal -0.991441 -0.130557 0
    outer loop
      vertex 8.00951 -10.7179 17
      vertex 8.03798 -10.9341 13
      vertex 8.03798 -10.9341 17
    endloop
  endfacet
  facet normal -0.382433 -0.923983 0
    outer loop
      vertex 9.44345 -12.7658 13
      vertex 9.64495 -12.8492 17
      vertex 9.44345 -12.7658 17
    endloop
  endfacet
  facet normal -0.382433 -0.923983 -0
    outer loop
      vertex 9.64495 -12.8492 17
      vertex 9.44345 -12.7658 13
      vertex 9.64495 -12.8492 13
    endloop
  endfacet
  facet normal -0.999049 -0.0436024 0
    outer loop
      vertex 8.00951 -10.7179 13
      vertex 8 -10.5 17
      vertex 8 -10.5 13
    endloop
  endfacet
  facet normal -0.999049 -0.0436024 0
    outer loop
      vertex 8 -10.5 17
      vertex 8.00951 -10.7179 13
      vertex 8.00951 -10.7179 17
    endloop
  endfacet
  facet normal 0.675475 -0.737383 0
    outer loop
      vertex 12.107 -12.4151 13
      vertex 12.2678 -12.2678 17
      vertex 12.107 -12.4151 17
    endloop
  endfacet
  facet normal 0.675475 -0.737383 0
    outer loop
      vertex 12.2678 -12.2678 17
      vertex 12.107 -12.4151 13
      vertex 12.2678 -12.2678 13
    endloop
  endfacet
  facet normal -0.461735 -0.887018 0
    outer loop
      vertex 9.25 -12.6651 13
      vertex 9.44345 -12.7658 17
      vertex 9.25 -12.6651 17
    endloop
  endfacet
  facet normal -0.461735 -0.887018 -0
    outer loop
      vertex 9.44345 -12.7658 17
      vertex 9.25 -12.6651 13
      vertex 9.44345 -12.7658 13
    endloop
  endfacet
  facet normal 0.608691 -0.793407 0
    outer loop
      vertex 11.9339 -12.5479 13
      vertex 12.107 -12.4151 17
      vertex 11.9339 -12.5479 17
    endloop
  endfacet
  facet normal 0.608691 -0.793407 0
    outer loop
      vertex 12.107 -12.4151 17
      vertex 11.9339 -12.5479 13
      vertex 12.107 -12.4151 13
    endloop
  endfacet
  facet normal 0.953693 0.30078 0
    outer loop
      vertex 12.9148 -9.85295 17
      vertex 12.8492 -9.64495 13
      vertex 12.8492 -9.64495 17
    endloop
  endfacet
  facet normal 0.953693 0.30078 0
    outer loop
      vertex 12.8492 -9.64495 13
      vertex 12.9148 -9.85295 17
      vertex 12.9148 -9.85295 13
    endloop
  endfacet
  facet normal -0.382668 0.923886 0
    outer loop
      vertex 9.64495 -8.15077 13
      vertex 9.44345 -8.23423 17
      vertex 9.64495 -8.15077 17
    endloop
  endfacet
  facet normal -0.382668 0.923886 0
    outer loop
      vertex 9.44345 -8.23423 17
      vertex 9.64495 -8.15077 13
      vertex 9.44345 -8.23423 13
    endloop
  endfacet
  facet normal 0.608605 0.793474 -0
    outer loop
      vertex 12.107 -8.58489 13
      vertex 11.9339 -8.45212 17
      vertex 12.107 -8.58489 17
    endloop
  endfacet
  facet normal 0.608605 0.793474 0
    outer loop
      vertex 11.9339 -8.45212 17
      vertex 12.107 -8.58489 13
      vertex 11.9339 -8.45212 13
    endloop
  endfacet
  facet normal -0.793474 -0.608605 0
    outer loop
      vertex 8.58489 -12.107 13
      vertex 8.45212 -11.9339 17
      vertex 8.45212 -11.9339 13
    endloop
  endfacet
  facet normal -0.793474 -0.608605 0
    outer loop
      vertex 8.45212 -11.9339 17
      vertex 8.58489 -12.107 13
      vertex 8.58489 -12.107 17
    endloop
  endfacet
  facet normal 0.382595 -0.923916 0
    outer loop
      vertex 11.3551 -12.8492 13
      vertex 11.5565 -12.7658 17
      vertex 11.3551 -12.8492 17
    endloop
  endfacet
  facet normal 0.382595 -0.923916 0
    outer loop
      vertex 11.5565 -12.7658 17
      vertex 11.3551 -12.8492 13
      vertex 11.5565 -12.7658 13
    endloop
  endfacet
  facet normal 0.300649 -0.953735 0
    outer loop
      vertex 11.147 -12.9148 13
      vertex 11.3551 -12.8492 17
      vertex 11.147 -12.9148 17
    endloop
  endfacet
  facet normal 0.300649 -0.953735 0
    outer loop
      vertex 11.3551 -12.8492 17
      vertex 11.147 -12.9148 13
      vertex 11.3551 -12.8492 13
    endloop
  endfacet
  facet normal 0.991423 -0.130692 0
    outer loop
      vertex 12.962 -10.9341 17
      vertex 12.9905 -10.7179 13
      vertex 12.9905 -10.7179 17
    endloop
  endfacet
  facet normal 0.991423 -0.130692 0
    outer loop
      vertex 12.9905 -10.7179 13
      vertex 12.962 -10.9341 17
      vertex 12.962 -10.9341 13
    endloop
  endfacet
  facet normal -0.953761 -0.300565 0
    outer loop
      vertex 8.15077 -11.3551 13
      vertex 8.08519 -11.147 17
      vertex 8.08519 -11.147 13
    endloop
  endfacet
  facet normal -0.953761 -0.300565 0
    outer loop
      vertex 8.08519 -11.147 17
      vertex 8.15077 -11.3551 13
      vertex 8.15077 -11.3551 17
    endloop
  endfacet
  facet normal 0.976295 -0.216445 0
    outer loop
      vertex 12.9148 -11.147 17
      vertex 12.962 -10.9341 13
      vertex 12.962 -10.9341 17
    endloop
  endfacet
  facet normal 0.976295 -0.216445 0
    outer loop
      vertex 12.962 -10.9341 13
      vertex 12.9148 -11.147 17
      vertex 12.9148 -11.147 13
    endloop
  endfacet
  facet normal 0.216445 -0.976295 0
    outer loop
      vertex 10.9341 -12.962 13
      vertex 11.147 -12.9148 17
      vertex 10.9341 -12.962 17
    endloop
  endfacet
  facet normal 0.216445 -0.976295 0
    outer loop
      vertex 11.147 -12.9148 17
      vertex 10.9341 -12.962 13
      vertex 11.147 -12.9148 13
    endloop
  endfacet
  facet normal 0.0436024 0.999049 -0
    outer loop
      vertex 10.7179 -8.00951 13
      vertex 10.5 -8 17
      vertex 10.7179 -8.00951 17
    endloop
  endfacet
  facet normal 0.0436024 0.999049 0
    outer loop
      vertex 10.5 -8 17
      vertex 10.7179 -8.00951 13
      vertex 10.5 -8 13
    endloop
  endfacet
  facet normal -0.923886 0.382668 0
    outer loop
      vertex 8.15077 -9.64495 13
      vertex 8.23423 -9.44345 17
      vertex 8.23423 -9.44345 13
    endloop
  endfacet
  facet normal -0.923886 0.382668 0
    outer loop
      vertex 8.23423 -9.44345 17
      vertex 8.15077 -9.64495 13
      vertex 8.15077 -9.64495 17
    endloop
  endfacet
  facet normal 0.843303 -0.537439 0
    outer loop
      vertex 12.5479 -11.9339 17
      vertex 12.6651 -11.75 13
      vertex 12.6651 -11.75 17
    endloop
  endfacet
  facet normal 0.843303 -0.537439 0
    outer loop
      vertex 12.6651 -11.75 13
      vertex 12.5479 -11.9339 17
      vertex 12.5479 -11.9339 13
    endloop
  endfacet
  facet normal -0.675575 0.737291 0
    outer loop
      vertex 8.89303 -8.58489 13
      vertex 8.73223 -8.73223 17
      vertex 8.89303 -8.58489 17
    endloop
  endfacet
  facet normal -0.675575 0.737291 0
    outer loop
      vertex 8.73223 -8.73223 17
      vertex 8.89303 -8.58489 13
      vertex 8.73223 -8.73223 13
    endloop
  endfacet
  facet normal -0.0435566 -0.999051 0
    outer loop
      vertex 10.2821 -12.9905 13
      vertex 10.5 -13 17
      vertex 10.2821 -12.9905 17
    endloop
  endfacet
  facet normal -0.0435566 -0.999051 -0
    outer loop
      vertex 10.5 -13 17
      vertex 10.2821 -12.9905 13
      vertex 10.5 -13 13
    endloop
  endfacet
  facet normal 0.0435566 -0.999051 0
    outer loop
      vertex 10.5 -13 13
      vertex 10.7179 -12.9905 17
      vertex 10.5 -13 17
    endloop
  endfacet
  facet normal 0.0435566 -0.999051 0
    outer loop
      vertex 10.7179 -12.9905 17
      vertex 10.5 -13 13
      vertex 10.7179 -12.9905 13
    endloop
  endfacet
  facet normal -0.886999 0.461771 0
    outer loop
      vertex 8.23423 -9.44345 13
      vertex 8.33494 -9.25 17
      vertex 8.33494 -9.25 13
    endloop
  endfacet
  facet normal -0.886999 0.461771 0
    outer loop
      vertex 8.33494 -9.25 17
      vertex 8.23423 -9.44345 13
      vertex 8.23423 -9.44345 17
    endloop
  endfacet
  facet normal -0.737291 0.675575 0
    outer loop
      vertex 8.58489 -8.89303 13
      vertex 8.73223 -8.73223 17
      vertex 8.73223 -8.73223 13
    endloop
  endfacet
  facet normal -0.737291 0.675575 0
    outer loop
      vertex 8.73223 -8.73223 17
      vertex 8.58489 -8.89303 13
      vertex 8.58489 -8.89303 17
    endloop
  endfacet
  facet normal -0.216396 -0.976306 0
    outer loop
      vertex 9.85295 -12.9148 13
      vertex 10.0659 -12.962 17
      vertex 9.85295 -12.9148 17
    endloop
  endfacet
  facet normal -0.216396 -0.976306 -0
    outer loop
      vertex 10.0659 -12.962 17
      vertex 9.85295 -12.9148 13
      vertex 10.0659 -12.962 13
    endloop
  endfacet
  facet normal 0.675575 0.737291 -0
    outer loop
      vertex 12.2678 -8.73223 13
      vertex 12.107 -8.58489 17
      vertex 12.2678 -8.73223 17
    endloop
  endfacet
  facet normal 0.675575 0.737291 0
    outer loop
      vertex 12.107 -8.58489 17
      vertex 12.2678 -8.73223 13
      vertex 12.107 -8.58489 13
    endloop
  endfacet
  facet normal 0.737383 0.675475 0
    outer loop
      vertex 12.4151 -8.89303 17
      vertex 12.2678 -8.73223 13
      vertex 12.2678 -8.73223 17
    endloop
  endfacet
  facet normal 0.737383 0.675475 0
    outer loop
      vertex 12.2678 -8.73223 13
      vertex 12.4151 -8.89303 17
      vertex 12.4151 -8.89303 13
    endloop
  endfacet
  facet normal 0.537439 -0.843303 0
    outer loop
      vertex 11.75 -12.6651 13
      vertex 11.9339 -12.5479 17
      vertex 11.75 -12.6651 17
    endloop
  endfacet
  facet normal 0.537439 -0.843303 0
    outer loop
      vertex 11.9339 -12.5479 17
      vertex 11.75 -12.6651 13
      vertex 11.9339 -12.5479 13
    endloop
  endfacet
  facet normal 0 0 1
    outer loop
      vertex 11.4 -10.5 17
      vertex 13 -10.5 17
      vertex 12.9905 -10.2821 17
    endloop
  endfacet
  facet normal 0 0 1
    outer loop
      vertex 11.4 -10.5 17
      vertex 12.9905 -10.2821 17
      vertex 12.962 -10.0659 17
    endloop
  endfacet
  facet normal 0 0 1
    outer loop
      vertex 13 -10.5 17
      vertex 11.4 -10.5 17
      vertex 12.9905 -10.7179 17
    endloop
  endfacet
  facet normal 0 0 1
    outer loop
      vertex 11.3693 -10.2671 17
      vertex 12.962 -10.0659 17
      vertex 12.9148 -9.85295 17
    endloop
  endfacet
  facet normal 0 0 1
    outer loop
      vertex 12.9905 -10.7179 17
      vertex 11.4 -10.5 17
      vertex 12.962 -10.9341 17
    endloop
  endfacet
  facet normal 0 0 1
    outer loop
      vertex 11.3693 -10.2671 17
      vertex 12.9148 -9.85295 17
      vertex 12.8492 -9.64495 17
    endloop
  endfacet
  facet normal -0 0 1
    outer loop
      vertex 11.3693 -10.7329 17
      vertex 12.962 -10.9341 17
      vertex 11.4 -10.5 17
    endloop
  endfacet
  facet normal 0 0 1
    outer loop
      vertex 11.3693 -10.2671 17
      vertex 12.8492 -9.64495 17
      vertex 12.7658 -9.44345 17
    endloop
  endfacet
  facet normal 0 0 1
    outer loop
      vertex 12.962 -10.9341 17
      vertex 11.3693 -10.7329 17
      vertex 12.9148 -11.147 17
    endloop
  endfacet
  facet normal 0 0 1
    outer loop
      vertex 11.2794 -10.05 17
      vertex 12.7658 -9.44345 17
      vertex 12.6651 -9.25 17
    endloop
  endfacet
  facet normal 0 0 1
    outer loop
      vertex 12.9148 -11.147 17
      vertex 11.3693 -10.7329 17
      vertex 12.8492 -11.3551 17
    endloop
  endfacet
  facet normal 0 0 1
    outer loop
      vertex 11.2794 -10.05 17
      vertex 12.6651 -9.25 17
      vertex 12.5479 -9.06606 17
    endloop
  endfacet
  facet normal 0 0 1
    outer loop
      vertex 12.8492 -11.3551 17
      vertex 11.3693 -10.7329 17
      vertex 12.7658 -11.5565 17
    endloop
  endfacet
  facet normal 0 0 1
    outer loop
      vertex 11.2794 -10.05 17
      vertex 12.5479 -9.06606 17
      vertex 12.4151 -8.89303 17
    endloop
  endfacet
  facet normal -0 0 1
    outer loop
      vertex 11.2794 -10.95 17
      vertex 12.7658 -11.5565 17
      vertex 11.3693 -10.7329 17
    endloop
  endfacet
  facet normal 0 0 1
    outer loop
      vertex 11.1364 -9.8636 17
      vertex 12.4151 -8.89303 17
      vertex 12.2678 -8.73223 17
    endloop
  endfacet
  facet normal 0 0 1
    outer loop
      vertex 12.7658 -11.5565 17
      vertex 11.2794 -10.95 17
      vertex 12.6651 -11.75 17
    endloop
  endfacet
  facet normal 0 0 1
    outer loop
      vertex 11.1364 -9.8636 17
      vertex 12.2678 -8.73223 17
      vertex 12.107 -8.58489 17
    endloop
  endfacet
  facet normal 0 0 1
    outer loop
      vertex 12.6651 -11.75 17
      vertex 11.2794 -10.95 17
      vertex 12.5479 -11.9339 17
    endloop
  endfacet
  facet normal 0 0 1
    outer loop
      vertex 11.1364 -9.8636 17
      vertex 12.107 -8.58489 17
      vertex 11.9339 -8.45212 17
    endloop
  endfacet
  facet normal 0 0 1
    outer loop
      vertex 12.5479 -11.9339 17
      vertex 11.2794 -10.95 17
      vertex 12.4151 -12.107 17
    endloop
  endfacet
  facet normal 0 0 1
    outer loop
      vertex 10.95 -9.72058 17
      vertex 11.9339 -8.45212 17
      vertex 11.75 -8.33494 17
    endloop
  endfacet
  facet normal -0 0 1
    outer loop
      vertex 11.1364 -11.1364 17
      vertex 12.4151 -12.107 17
      vertex 11.2794 -10.95 17
    endloop
  endfacet
  facet normal 0 0 1
    outer loop
      vertex 10.95 -9.72058 17
      vertex 11.75 -8.33494 17
      vertex 11.5565 -8.23423 17
    endloop
  endfacet
  facet normal 0 0 1
    outer loop
      vertex 12.4151 -12.107 17
      vertex 11.1364 -11.1364 17
      vertex 12.2678 -12.2678 17
    endloop
  endfacet
  facet normal 0 0 1
    outer loop
      vertex 12.2678 -12.2678 17
      vertex 11.1364 -11.1364 17
      vertex 12.107 -12.4151 17
    endloop
  endfacet
  facet normal 0 0 1
    outer loop
      vertex 12.962 -10.0659 17
      vertex 11.3693 -10.2671 17
      vertex 11.4 -10.5 17
    endloop
  endfacet
  facet normal 0 0 1
    outer loop
      vertex 10.95 -9.72058 17
      vertex 11.5565 -8.23423 17
      vertex 11.3551 -8.15077 17
    endloop
  endfacet
  facet normal 0 0 1
    outer loop
      vertex 12.7658 -9.44345 17
      vertex 11.2794 -10.05 17
      vertex 11.3693 -10.2671 17
    endloop
  endfacet
  facet normal 0 0 1
    outer loop
      vertex 10.7329 -9.63067 17
      vertex 11.3551 -8.15077 17
      vertex 11.147 -8.08519 17
    endloop
  endfacet
  facet normal 0 0 1
    outer loop
      vertex 12.4151 -8.89303 17
      vertex 11.1364 -9.8636 17
      vertex 11.2794 -10.05 17
    endloop
  endfacet
  facet normal 0 0 1
    outer loop
      vertex 11.9339 -8.45212 17
      vertex 10.95 -9.72058 17
      vertex 11.1364 -9.8636 17
    endloop
  endfacet
  facet normal 0 0 1
    outer loop
      vertex 10.7329 -9.63067 17
      vertex 11.147 -8.08519 17
      vertex 10.9341 -8.03798 17
    endloop
  endfacet
  facet normal 0 0 1
    outer loop
      vertex 11.3551 -8.15077 17
      vertex 10.7329 -9.63067 17
      vertex 10.95 -9.72058 17
    endloop
  endfacet
  facet normal 0 0 1
    outer loop
      vertex 10.7179 -8.00951 17
      vertex 10.7329 -9.63067 17
      vertex 10.9341 -8.03798 17
    endloop
  endfacet
  facet normal 0 0 1
    outer loop
      vertex 10.5 -9.6 17
      vertex 10.7179 -8.00951 17
      vertex 10.5 -8 17
    endloop
  endfacet
  facet normal 0 0 1
    outer loop
      vertex 10.7179 -8.00951 17
      vertex 10.5 -9.6 17
      vertex 10.7329 -9.63067 17
    endloop
  endfacet
  facet normal -0 0 1
    outer loop
      vertex 10.2821 -8.00951 17
      vertex 10.5 -9.6 17
      vertex 10.5 -8 17
    endloop
  endfacet
  facet normal 0 0 1
    outer loop
      vertex 10.2821 -8.00951 17
      vertex 10.2671 -9.63067 17
      vertex 10.5 -9.6 17
    endloop
  endfacet
  facet normal -0 0 1
    outer loop
      vertex 10.0659 -8.03798 17
      vertex 10.2671 -9.63067 17
      vertex 10.2821 -8.00951 17
    endloop
  endfacet
  facet normal -0 0 1
    outer loop
      vertex 9.85295 -8.08519 17
      vertex 10.2671 -9.63067 17
      vertex 10.0659 -8.03798 17
    endloop
  endfacet
  facet normal -0 0 1
    outer loop
      vertex 9.64495 -8.15077 17
      vertex 10.2671 -9.63067 17
      vertex 9.85295 -8.08519 17
    endloop
  endfacet
  facet normal 0 0 1
    outer loop
      vertex 10.2671 -9.63067 17
      vertex 9.64495 -8.15077 17
      vertex 10.05 -9.72058 17
    endloop
  endfacet
  facet normal -0 0 1
    outer loop
      vertex 9.44345 -8.23423 17
      vertex 10.05 -9.72058 17
      vertex 9.64495 -8.15077 17
    endloop
  endfacet
  facet normal -0 0 1
    outer loop
      vertex 9.25 -8.33494 17
      vertex 10.05 -9.72058 17
      vertex 9.44345 -8.23423 17
    endloop
  endfacet
  facet normal -0 0 1
    outer loop
      vertex 9.06606 -8.45212 17
      vertex 10.05 -9.72058 17
      vertex 9.25 -8.33494 17
    endloop
  endfacet
  facet normal 0 0 1
    outer loop
      vertex 10.05 -9.72058 17
      vertex 9.06606 -8.45212 17
      vertex 9.8636 -9.8636 17
    endloop
  endfacet
  facet normal -0 0 1
    outer loop
      vertex 8.89303 -8.58489 17
      vertex 9.8636 -9.8636 17
      vertex 9.06606 -8.45212 17
    endloop
  endfacet
  facet normal 0 0 1
    outer loop
      vertex 12.107 -12.4151 17
      vertex 11.1364 -11.1364 17
      vertex 11.9339 -12.5479 17
    endloop
  endfacet
  facet normal -0 0 1
    outer loop
      vertex 10.95 -11.2794 17
      vertex 11.9339 -12.5479 17
      vertex 11.1364 -11.1364 17
    endloop
  endfacet
  facet normal 0 0 1
    outer loop
      vertex 11.9339 -12.5479 17
      vertex 10.95 -11.2794 17
      vertex 11.75 -12.6651 17
    endloop
  endfacet
  facet normal 0 0 1
    outer loop
      vertex 11.75 -12.6651 17
      vertex 10.95 -11.2794 17
      vertex 11.5565 -12.7658 17
    endloop
  endfacet
  facet normal 0 0 1
    outer loop
      vertex 11.5565 -12.7658 17
      vertex 10.95 -11.2794 17
      vertex 11.3551 -12.8492 17
    endloop
  endfacet
  facet normal -0 0 1
    outer loop
      vertex 10.7329 -11.3693 17
      vertex 11.3551 -12.8492 17
      vertex 10.95 -11.2794 17
    endloop
  endfacet
  facet normal 0 0 1
    outer loop
      vertex 11.3551 -12.8492 17
      vertex 10.7329 -11.3693 17
      vertex 11.147 -12.9148 17
    endloop
  endfacet
  facet normal 0 0 1
    outer loop
      vertex 11.147 -12.9148 17
      vertex 10.7329 -11.3693 17
      vertex 10.9341 -12.962 17
    endloop
  endfacet
  facet normal 0 0 1
    outer loop
      vertex 10.7329 -11.3693 17
      vertex 10.7179 -12.9905 17
      vertex 10.9341 -12.962 17
    endloop
  endfacet
  facet normal -0 0 1
    outer loop
      vertex 10.5 -11.4 17
      vertex 10.7179 -12.9905 17
      vertex 10.7329 -11.3693 17
    endloop
  endfacet
  facet normal 0 0 1
    outer loop
      vertex 10.5 -11.4 17
      vertex 10.5 -13 17
      vertex 10.7179 -12.9905 17
    endloop
  endfacet
  facet normal 0 0 1
    outer loop
      vertex 10.5 -11.4 17
      vertex 10.2821 -12.9905 17
      vertex 10.5 -13 17
    endloop
  endfacet
  facet normal 0 0 1
    outer loop
      vertex 10.2671 -11.3693 17
      vertex 10.2821 -12.9905 17
      vertex 10.5 -11.4 17
    endloop
  endfacet
  facet normal 0 0 1
    outer loop
      vertex 10.2671 -11.3693 17
      vertex 10.0659 -12.962 17
      vertex 10.2821 -12.9905 17
    endloop
  endfacet
  facet normal 0 0 1
    outer loop
      vertex 9.64495 -12.8492 17
      vertex 10.2671 -11.3693 17
      vertex 10.05 -11.2794 17
    endloop
  endfacet
  facet normal 0 0 1
    outer loop
      vertex 9.06606 -12.5479 17
      vertex 10.05 -11.2794 17
      vertex 9.8636 -11.1364 17
    endloop
  endfacet
  facet normal 0 0 1
    outer loop
      vertex 10.2671 -11.3693 17
      vertex 9.85295 -12.9148 17
      vertex 10.0659 -12.962 17
    endloop
  endfacet
  facet normal 0 0 1
    outer loop
      vertex 8.58489 -12.107 17
      vertex 9.8636 -11.1364 17
      vertex 9.72058 -10.95 17
    endloop
  endfacet
  facet normal 0 0 1
    outer loop
      vertex 10.2671 -11.3693 17
      vertex 9.64495 -12.8492 17
      vertex 9.85295 -12.9148 17
    endloop
  endfacet
  facet normal 0 0 1
    outer loop
      vertex 8.23423 -11.5565 17
      vertex 9.72058 -10.95 17
      vertex 9.63067 -10.7329 17
    endloop
  endfacet
  facet normal 0 0 1
    outer loop
      vertex 8.03798 -10.9341 17
      vertex 9.63067 -10.7329 17
      vertex 9.6 -10.5 17
    endloop
  endfacet
  facet normal -0 0 1
    outer loop
      vertex 8.73223 -8.73223 17
      vertex 9.8636 -9.8636 17
      vertex 8.89303 -8.58489 17
    endloop
  endfacet
  facet normal 0 0 1
    outer loop
      vertex 10.05 -11.2794 17
      vertex 9.44345 -12.7658 17
      vertex 9.64495 -12.8492 17
    endloop
  endfacet
  facet normal -0 0 1
    outer loop
      vertex 8.58489 -8.89303 17
      vertex 9.8636 -9.8636 17
      vertex 8.73223 -8.73223 17
    endloop
  endfacet
  facet normal 0 0 1
    outer loop
      vertex 10.05 -11.2794 17
      vertex 9.25 -12.6651 17
      vertex 9.44345 -12.7658 17
    endloop
  endfacet
  facet normal 0 0 1
    outer loop
      vertex 9.8636 -9.8636 17
      vertex 8.58489 -8.89303 17
      vertex 9.72058 -10.05 17
    endloop
  endfacet
  facet normal 0 0 1
    outer loop
      vertex 10.05 -11.2794 17
      vertex 9.06606 -12.5479 17
      vertex 9.25 -12.6651 17
    endloop
  endfacet
  facet normal -0 0 1
    outer loop
      vertex 8.45212 -9.06606 17
      vertex 9.72058 -10.05 17
      vertex 8.58489 -8.89303 17
    endloop
  endfacet
  facet normal 0 0 1
    outer loop
      vertex 9.8636 -11.1364 17
      vertex 8.89303 -12.4151 17
      vertex 9.06606 -12.5479 17
    endloop
  endfacet
  facet normal -0 0 1
    outer loop
      vertex 8.33494 -9.25 17
      vertex 9.72058 -10.05 17
      vertex 8.45212 -9.06606 17
    endloop
  endfacet
  facet normal 0 0 1
    outer loop
      vertex 9.8636 -11.1364 17
      vertex 8.73223 -12.2678 17
      vertex 8.89303 -12.4151 17
    endloop
  endfacet
  facet normal -0 0 1
    outer loop
      vertex 8.23423 -9.44345 17
      vertex 9.72058 -10.05 17
      vertex 8.33494 -9.25 17
    endloop
  endfacet
  facet normal 0 0 1
    outer loop
      vertex 9.8636 -11.1364 17
      vertex 8.58489 -12.107 17
      vertex 8.73223 -12.2678 17
    endloop
  endfacet
  facet normal 0 0 1
    outer loop
      vertex 9.72058 -10.05 17
      vertex 8.23423 -9.44345 17
      vertex 9.63067 -10.2671 17
    endloop
  endfacet
  facet normal 0 0 1
    outer loop
      vertex 9.72058 -10.95 17
      vertex 8.45212 -11.9339 17
      vertex 8.58489 -12.107 17
    endloop
  endfacet
  facet normal -0 0 1
    outer loop
      vertex 8.15077 -9.64495 17
      vertex 9.63067 -10.2671 17
      vertex 8.23423 -9.44345 17
    endloop
  endfacet
  facet normal 0 0 1
    outer loop
      vertex 9.72058 -10.95 17
      vertex 8.33494 -11.75 17
      vertex 8.45212 -11.9339 17
    endloop
  endfacet
  facet normal -0 0 1
    outer loop
      vertex 8.08519 -9.85295 17
      vertex 9.63067 -10.2671 17
      vertex 8.15077 -9.64495 17
    endloop
  endfacet
  facet normal 0 0 1
    outer loop
      vertex 9.72058 -10.95 17
      vertex 8.23423 -11.5565 17
      vertex 8.33494 -11.75 17
    endloop
  endfacet
  facet normal -0 0 1
    outer loop
      vertex 8.03798 -10.0659 17
      vertex 9.63067 -10.2671 17
      vertex 8.08519 -9.85295 17
    endloop
  endfacet
  facet normal 0 0 1
    outer loop
      vertex 9.63067 -10.7329 17
      vertex 8.15077 -11.3551 17
      vertex 8.23423 -11.5565 17
    endloop
  endfacet
  facet normal 0 0 1
    outer loop
      vertex 9.63067 -10.2671 17
      vertex 8.03798 -10.0659 17
      vertex 9.6 -10.5 17
    endloop
  endfacet
  facet normal 0 0 1
    outer loop
      vertex 9.63067 -10.7329 17
      vertex 8.08519 -11.147 17
      vertex 8.15077 -11.3551 17
    endloop
  endfacet
  facet normal -0 0 1
    outer loop
      vertex 8.00951 -10.2821 17
      vertex 9.6 -10.5 17
      vertex 8.03798 -10.0659 17
    endloop
  endfacet
  facet normal 0 0 1
    outer loop
      vertex 9.63067 -10.7329 17
      vertex 8.03798 -10.9341 17
      vertex 8.08519 -11.147 17
    endloop
  endfacet
  facet normal 0 0 1
    outer loop
      vertex 8 -10.5 17
      vertex 9.6 -10.5 17
      vertex 8.00951 -10.2821 17
    endloop
  endfacet
  facet normal 0 0 1
    outer loop
      vertex 9.6 -10.5 17
      vertex 8.00951 -10.7179 17
      vertex 8.03798 -10.9341 17
    endloop
  endfacet
  facet normal 0 0 1
    outer loop
      vertex 9.6 -10.5 17
      vertex 8 -10.5 17
      vertex 8.00951 -10.7179 17
    endloop
  endfacet
  facet normal -0.608846 -0.793288 0
    outer loop
      vertex 8.89303 -12.4151 13
      vertex 9.06606 -12.5479 17
      vertex 8.89303 -12.4151 17
    endloop
  endfacet
  facet normal -0.608846 -0.793288 -0
    outer loop
      vertex 9.06606 -12.5479 17
      vertex 8.89303 -12.4151 13
      vertex 9.06606 -12.5479 13
    endloop
  endfacet
  facet normal 0.843356 0.537356 0
    outer loop
      vertex 12.6651 -9.25 17
      vertex 12.5479 -9.06606 13
      vertex 12.5479 -9.06606 17
    endloop
  endfacet
  facet normal 0.843356 0.537356 0
    outer loop
      vertex 12.5479 -9.06606 13
      vertex 12.6651 -9.25 17
      vertex 12.6651 -9.25 13
    endloop
  endfacet
  facet normal 0.300565 0.953761 -0
    outer loop
      vertex 11.3551 -8.15077 13
      vertex 11.147 -8.08519 17
      vertex 11.3551 -8.15077 17
    endloop
  endfacet
  facet normal 0.300565 0.953761 0
    outer loop
      vertex 11.147 -8.08519 17
      vertex 11.3551 -8.15077 13
      vertex 11.147 -8.08519 13
    endloop
  endfacet
  facet normal -0.130692 -0.991423 0
    outer loop
      vertex 10.0659 -12.962 13
      vertex 10.2821 -12.9905 17
      vertex 10.0659 -12.962 17
    endloop
  endfacet
  facet normal -0.130692 -0.991423 -0
    outer loop
      vertex 10.2821 -12.9905 17
      vertex 10.0659 -12.962 13
      vertex 10.2821 -12.9905 13
    endloop
  endfacet
  facet normal -0.999049 0.0436024 0
    outer loop
      vertex 8 -10.5 13
      vertex 8.00951 -10.2821 17
      vertex 8.00951 -10.2821 13
    endloop
  endfacet
  facet normal -0.999049 0.0436024 0
    outer loop
      vertex 8.00951 -10.2821 17
      vertex 8 -10.5 13
      vertex 8 -10.5 17
    endloop
  endfacet
  facet normal -0.737291 -0.675575 0
    outer loop
      vertex 8.73223 -12.2678 13
      vertex 8.58489 -12.107 17
      vertex 8.58489 -12.107 13
    endloop
  endfacet
  facet normal -0.737291 -0.675575 0
    outer loop
      vertex 8.58489 -12.107 17
      vertex 8.73223 -12.2678 13
      vertex 8.73223 -12.2678 17
    endloop
  endfacet
  facet normal -0.976285 -0.216489 0
    outer loop
      vertex 8.08519 -11.147 13
      vertex 8.03798 -10.9341 17
      vertex 8.03798 -10.9341 13
    endloop
  endfacet
  facet normal -0.976285 -0.216489 0
    outer loop
      vertex 8.03798 -10.9341 17
      vertex 8.08519 -11.147 13
      vertex 8.08519 -11.147 17
    endloop
  endfacet
  facet normal 0.130557 0.991441 -0
    outer loop
      vertex 10.9341 -8.03798 13
      vertex 10.7179 -8.00951 17
      vertex 10.9341 -8.03798 17
    endloop
  endfacet
  facet normal 0.130557 0.991441 0
    outer loop
      vertex 10.7179 -8.00951 17
      vertex 10.9341 -8.03798 13
      vertex 10.7179 -8.00951 13
    endloop
  endfacet
  facet normal 0.216489 0.976285 -0
    outer loop
      vertex 11.147 -8.08519 13
      vertex 10.9341 -8.03798 17
      vertex 11.147 -8.08519 17
    endloop
  endfacet
  facet normal 0.216489 0.976285 0
    outer loop
      vertex 10.9341 -8.03798 17
      vertex 11.147 -8.08519 13
      vertex 10.9341 -8.03798 13
    endloop
  endfacet
  facet normal -0.537356 -0.843356 0
    outer loop
      vertex 9.06606 -12.5479 13
      vertex 9.25 -12.6651 17
      vertex 9.06606 -12.5479 17
    endloop
  endfacet
  facet normal -0.537356 -0.843356 -0
    outer loop
      vertex 9.25 -12.6651 17
      vertex 9.06606 -12.5479 13
      vertex 9.25 -12.6651 13
    endloop
  endfacet
  facet normal 0.130692 -0.991423 0
    outer loop
      vertex 23.2179 -12.9905 13
      vertex 23.4341 -12.962 17
      vertex 23.2179 -12.9905 17
    endloop
  endfacet
  facet normal 0.130692 -0.991423 0
    outer loop
      vertex 23.4341 -12.962 17
      vertex 23.2179 -12.9905 13
      vertex 23.4341 -12.962 13
    endloop
  endfacet
  facet normal 0.976306 0.216396 0
    outer loop
      vertex 25.462 -10.0659 17
      vertex 25.4148 -9.85295 13
      vertex 25.4148 -9.85295 17
    endloop
  endfacet
  facet normal 0.976306 0.216396 0
    outer loop
      vertex 25.4148 -9.85295 13
      vertex 25.462 -10.0659 17
      vertex 25.462 -10.0659 13
    endloop
  endfacet
  facet normal 0.953735 -0.300649 0
    outer loop
      vertex 25.3492 -11.3551 17
      vertex 25.4148 -11.147 13
      vertex 25.4148 -11.147 17
    endloop
  endfacet
  facet normal 0.953735 -0.300649 0
    outer loop
      vertex 25.4148 -11.147 13
      vertex 25.3492 -11.3551 17
      vertex 25.3492 -11.3551 13
    endloop
  endfacet
  facet normal -0.793288 0.608846 0
    outer loop
      vertex 20.9521 -9.06606 13
      vertex 21.0849 -8.89303 17
      vertex 21.0849 -8.89303 13
    endloop
  endfacet
  facet normal -0.793288 0.608846 0
    outer loop
      vertex 21.0849 -8.89303 17
      vertex 20.9521 -9.06606 13
      vertex 20.9521 -9.06606 17
    endloop
  endfacet
  facet normal -0.216489 0.976285 0
    outer loop
      vertex 22.5659 -8.03798 13
      vertex 22.353 -8.08519 17
      vertex 22.5659 -8.03798 17
    endloop
  endfacet
  facet normal -0.216489 0.976285 0
    outer loop
      vertex 22.353 -8.08519 17
      vertex 22.5659 -8.03798 13
      vertex 22.353 -8.08519 13
    endloop
  endfacet
  facet normal -0.130557 0.991441 0
    outer loop
      vertex 22.7821 -8.00951 13
      vertex 22.5659 -8.03798 17
      vertex 22.7821 -8.00951 17
    endloop
  endfacet
  facet normal -0.130557 0.991441 0
    outer loop
      vertex 22.5659 -8.03798 17
      vertex 22.7821 -8.00951 13
      vertex 22.5659 -8.03798 13
    endloop
  endfacet
  facet normal 0.737383 -0.675475 0
    outer loop
      vertex 24.7678 -12.2678 17
      vertex 24.9151 -12.107 13
      vertex 24.9151 -12.107 17
    endloop
  endfacet
  facet normal 0.737383 -0.675475 0
    outer loop
      vertex 24.9151 -12.107 13
      vertex 24.7678 -12.2678 17
      vertex 24.7678 -12.2678 13
    endloop
  endfacet
  facet normal 0.999051 -0.0435566 0
    outer loop
      vertex 25.4905 -10.7179 17
      vertex 25.5 -10.5 13
      vertex 25.5 -10.5 17
    endloop
  endfacet
  facet normal 0.999051 -0.0435566 0
    outer loop
      vertex 25.5 -10.5 13
      vertex 25.4905 -10.7179 17
      vertex 25.4905 -10.7179 13
    endloop
  endfacet
  facet normal 0.887067 -0.461641 0
    outer loop
      vertex 25.1651 -11.75 17
      vertex 25.2658 -11.5565 13
      vertex 25.2658 -11.5565 17
    endloop
  endfacet
  facet normal 0.887067 -0.461641 0
    outer loop
      vertex 25.2658 -11.5565 13
      vertex 25.1651 -11.75 17
      vertex 25.1651 -11.75 13
    endloop
  endfacet
  facet normal -0.843303 -0.537439 0
    outer loop
      vertex 20.9521 -11.9339 13
      vertex 20.8349 -11.75 17
      vertex 20.8349 -11.75 13
    endloop
  endfacet
  facet normal -0.843303 -0.537439 0
    outer loop
      vertex 20.8349 -11.75 17
      vertex 20.9521 -11.9339 13
      vertex 20.9521 -11.9339 17
    endloop
  endfacet
  facet normal -0.843356 0.537356 0
    outer loop
      vertex 20.8349 -9.25 13
      vertex 20.9521 -9.06606 17
      vertex 20.9521 -9.06606 13
    endloop
  endfacet
  facet normal -0.843356 0.537356 0
    outer loop
      vertex 20.9521 -9.06606 17
      vertex 20.8349 -9.25 13
      vertex 20.8349 -9.25 17
    endloop
  endfacet
  facet normal 0.793407 -0.608691 0
    outer loop
      vertex 24.9151 -12.107 17
      vertex 25.0479 -11.9339 13
      vertex 25.0479 -11.9339 17
    endloop
  endfacet
  facet normal 0.793407 -0.608691 0
    outer loop
      vertex 25.0479 -11.9339 13
      vertex 24.9151 -12.107 17
      vertex 24.9151 -12.107 13
    endloop
  endfacet
  facet normal 0.999051 0.0435566 0
    outer loop
      vertex 25.5 -10.5 17
      vertex 25.4905 -10.2821 13
      vertex 25.4905 -10.2821 17
    endloop
  endfacet
  facet normal 0.999051 0.0435566 0
    outer loop
      vertex 25.4905 -10.2821 13
      vertex 25.5 -10.5 17
      vertex 25.5 -10.5 13
    endloop
  endfacet
  facet normal -0.976306 0.216396 0
    outer loop
      vertex 20.538 -10.0659 13
      vertex 20.5852 -9.85295 17
      vertex 20.5852 -9.85295 13
    endloop
  endfacet
  facet normal -0.976306 0.216396 0
    outer loop
      vertex 20.5852 -9.85295 17
      vertex 20.538 -10.0659 13
      vertex 20.538 -10.0659 17
    endloop
  endfacet
  facet normal 0.793288 0.608846 0
    outer loop
      vertex 25.0479 -9.06606 17
      vertex 24.9151 -8.89303 13
      vertex 24.9151 -8.89303 17
    endloop
  endfacet
  facet normal 0.793288 0.608846 0
    outer loop
      vertex 24.9151 -8.89303 13
      vertex 25.0479 -9.06606 17
      vertex 25.0479 -9.06606 13
    endloop
  endfacet
  facet normal 0.461641 -0.887067 0
    outer loop
      vertex 24.0565 -12.7658 13
      vertex 24.25 -12.6651 17
      vertex 24.0565 -12.7658 17
    endloop
  endfacet
  facet normal 0.461641 -0.887067 0
    outer loop
      vertex 24.25 -12.6651 17
      vertex 24.0565 -12.7658 13
      vertex 24.25 -12.6651 13
    endloop
  endfacet
  facet normal 0.537374 0.843344 -0
    outer loop
      vertex 24.4339 -8.45212 13
      vertex 24.25 -8.33494 17
      vertex 24.4339 -8.45212 17
    endloop
  endfacet
  facet normal 0.537374 0.843344 0
    outer loop
      vertex 24.25 -8.33494 17
      vertex 24.4339 -8.45212 13
      vertex 24.25 -8.33494 13
    endloop
  endfacet
  facet normal -0.887067 -0.461641 0
    outer loop
      vertex 20.8349 -11.75 13
      vertex 20.7342 -11.5565 17
      vertex 20.7342 -11.5565 13
    endloop
  endfacet
  facet normal -0.887067 -0.461641 0
    outer loop
      vertex 20.7342 -11.5565 17
      vertex 20.8349 -11.75 13
      vertex 20.8349 -11.75 17
    endloop
  endfacet
  facet normal -0.300649 -0.953735 0
    outer loop
      vertex 22.1449 -12.8492 13
      vertex 22.353 -12.9148 17
      vertex 22.1449 -12.8492 17
    endloop
  endfacet
  facet normal -0.300649 -0.953735 -0
    outer loop
      vertex 22.353 -12.9148 17
      vertex 22.1449 -12.8492 13
      vertex 22.353 -12.9148 13
    endloop
  endfacet
  facet normal -0.0436024 0.999049 0
    outer loop
      vertex 23 -8 13
      vertex 22.7821 -8.00951 17
      vertex 23 -8 17
    endloop
  endfacet
  facet normal -0.0436024 0.999049 0
    outer loop
      vertex 22.7821 -8.00951 17
      vertex 23 -8 13
      vertex 22.7821 -8.00951 13
    endloop
  endfacet
  facet normal -0.991423 0.130692 0
    outer loop
      vertex 20.5095 -10.2821 13
      vertex 20.538 -10.0659 17
      vertex 20.538 -10.0659 13
    endloop
  endfacet
  facet normal -0.991423 0.130692 0
    outer loop
      vertex 20.538 -10.0659 17
      vertex 20.5095 -10.2821 13
      vertex 20.5095 -10.2821 17
    endloop
  endfacet
  facet normal 0.382668 0.923886 -0
    outer loop
      vertex 24.0565 -8.23423 13
      vertex 23.855 -8.15077 17
      vertex 24.0565 -8.23423 17
    endloop
  endfacet
  facet normal 0.382668 0.923886 0
    outer loop
      vertex 23.855 -8.15077 17
      vertex 24.0565 -8.23423 13
      vertex 23.855 -8.15077 13
    endloop
  endfacet
  facet normal -0.461677 0.887048 0
    outer loop
      vertex 21.9435 -8.23423 13
      vertex 21.75 -8.33494 17
      vertex 21.9435 -8.23423 17
    endloop
  endfacet
  facet normal -0.461677 0.887048 0
    outer loop
      vertex 21.75 -8.33494 17
      vertex 21.9435 -8.23423 13
      vertex 21.75 -8.33494 13
    endloop
  endfacet
  facet normal 0.923916 -0.382595 0
    outer loop
      vertex 25.2658 -11.5565 17
      vertex 25.3492 -11.3551 13
      vertex 25.3492 -11.3551 17
    endloop
  endfacet
  facet normal 0.923916 -0.382595 0
    outer loop
      vertex 25.3492 -11.3551 13
      vertex 25.2658 -11.5565 17
      vertex 25.2658 -11.5565 13
    endloop
  endfacet
  facet normal -0.608605 0.793474 0
    outer loop
      vertex 21.5661 -8.45212 13
      vertex 21.393 -8.58489 17
      vertex 21.5661 -8.45212 17
    endloop
  endfacet
  facet normal -0.608605 0.793474 0
    outer loop
      vertex 21.393 -8.58489 17
      vertex 21.5661 -8.45212 13
      vertex 21.393 -8.58489 13
    endloop
  endfacet
  facet normal 0.923983 0.382433 0
    outer loop
      vertex 25.3492 -9.64495 17
      vertex 25.2658 -9.44345 13
      vertex 25.2658 -9.44345 17
    endloop
  endfacet
  facet normal 0.923983 0.382433 0
    outer loop
      vertex 25.2658 -9.44345 13
      vertex 25.3492 -9.64495 17
      vertex 25.3492 -9.64495 13
    endloop
  endfacet
  facet normal -0.300565 0.953761 0
    outer loop
      vertex 22.353 -8.08519 13
      vertex 22.1449 -8.15077 17
      vertex 22.353 -8.08519 17
    endloop
  endfacet
  facet normal -0.300565 0.953761 0
    outer loop
      vertex 22.1449 -8.15077 17
      vertex 22.353 -8.08519 13
      vertex 22.1449 -8.15077 13
    endloop
  endfacet
  facet normal 0.461677 0.887048 -0
    outer loop
      vertex 24.25 -8.33494 13
      vertex 24.0565 -8.23423 17
      vertex 24.25 -8.33494 17
    endloop
  endfacet
  facet normal 0.461677 0.887048 0
    outer loop
      vertex 24.0565 -8.23423 17
      vertex 24.25 -8.33494 13
      vertex 24.0565 -8.23423 13
    endloop
  endfacet
  facet normal 0.887018 0.461735 0
    outer loop
      vertex 25.2658 -9.44345 17
      vertex 25.1651 -9.25 13
      vertex 25.1651 -9.25 17
    endloop
  endfacet
  facet normal 0.887018 0.461735 0
    outer loop
      vertex 25.1651 -9.25 13
      vertex 25.2658 -9.44345 17
      vertex 25.2658 -9.44345 13
    endloop
  endfacet
  facet normal -0.675475 -0.737383 0
    outer loop
      vertex 21.2322 -12.2678 13
      vertex 21.393 -12.4151 17
      vertex 21.2322 -12.2678 17
    endloop
  endfacet
  facet normal -0.675475 -0.737383 -0
    outer loop
      vertex 21.393 -12.4151 17
      vertex 21.2322 -12.2678 13
      vertex 21.393 -12.4151 13
    endloop
  endfacet
  facet normal 0.991423 0.130692 0
    outer loop
      vertex 25.4905 -10.2821 17
      vertex 25.462 -10.0659 13
      vertex 25.462 -10.0659 17
    endloop
  endfacet
  facet normal 0.991423 0.130692 0
    outer loop
      vertex 25.462 -10.0659 13
      vertex 25.4905 -10.2821 17
      vertex 25.4905 -10.2821 13
    endloop
  endfacet
  facet normal -0.537374 0.843344 0
    outer loop
      vertex 21.75 -8.33494 13
      vertex 21.5661 -8.45212 17
      vertex 21.75 -8.33494 17
    endloop
  endfacet
  facet normal -0.537374 0.843344 0
    outer loop
      vertex 21.5661 -8.45212 17
      vertex 21.75 -8.33494 13
      vertex 21.5661 -8.45212 13
    endloop
  endfacet
  facet normal -0.923916 -0.382595 0
    outer loop
      vertex 20.7342 -11.5565 13
      vertex 20.6508 -11.3551 17
      vertex 20.6508 -11.3551 13
    endloop
  endfacet
  facet normal -0.923916 -0.382595 0
    outer loop
      vertex 20.6508 -11.3551 17
      vertex 20.7342 -11.5565 13
      vertex 20.7342 -11.5565 17
    endloop
  endfacet
  facet normal -0.991423 -0.130692 0
    outer loop
      vertex 20.538 -10.9341 13
      vertex 20.5095 -10.7179 17
      vertex 20.5095 -10.7179 13
    endloop
  endfacet
  facet normal -0.991423 -0.130692 0
    outer loop
      vertex 20.5095 -10.7179 17
      vertex 20.538 -10.9341 13
      vertex 20.538 -10.9341 17
    endloop
  endfacet
  facet normal -0.382595 -0.923916 0
    outer loop
      vertex 21.9435 -12.7658 13
      vertex 22.1449 -12.8492 17
      vertex 21.9435 -12.7658 17
    endloop
  endfacet
  facet normal -0.382595 -0.923916 -0
    outer loop
      vertex 22.1449 -12.8492 17
      vertex 21.9435 -12.7658 13
      vertex 22.1449 -12.8492 13
    endloop
  endfacet
  facet normal -0.999051 -0.0435566 0
    outer loop
      vertex 20.5095 -10.7179 13
      vertex 20.5 -10.5 17
      vertex 20.5 -10.5 13
    endloop
  endfacet
  facet normal -0.999051 -0.0435566 0
    outer loop
      vertex 20.5 -10.5 17
      vertex 20.5095 -10.7179 13
      vertex 20.5095 -10.7179 17
    endloop
  endfacet
  facet normal 0.675475 -0.737383 0
    outer loop
      vertex 24.607 -12.4151 13
      vertex 24.7678 -12.2678 17
      vertex 24.607 -12.4151 17
    endloop
  endfacet
  facet normal 0.675475 -0.737383 0
    outer loop
      vertex 24.7678 -12.2678 17
      vertex 24.607 -12.4151 13
      vertex 24.7678 -12.2678 13
    endloop
  endfacet
  facet normal -0.461641 -0.887067 0
    outer loop
      vertex 21.75 -12.6651 13
      vertex 21.9435 -12.7658 17
      vertex 21.75 -12.6651 17
    endloop
  endfacet
  facet normal -0.461641 -0.887067 -0
    outer loop
      vertex 21.9435 -12.7658 17
      vertex 21.75 -12.6651 13
      vertex 21.9435 -12.7658 13
    endloop
  endfacet
  facet normal 0.608691 -0.793407 0
    outer loop
      vertex 24.4339 -12.5479 13
      vertex 24.607 -12.4151 17
      vertex 24.4339 -12.5479 17
    endloop
  endfacet
  facet normal 0.608691 -0.793407 0
    outer loop
      vertex 24.607 -12.4151 17
      vertex 24.4339 -12.5479 13
      vertex 24.607 -12.4151 13
    endloop
  endfacet
  facet normal 0.953693 0.30078 0
    outer loop
      vertex 25.4148 -9.85295 17
      vertex 25.3492 -9.64495 13
      vertex 25.3492 -9.64495 17
    endloop
  endfacet
  facet normal 0.953693 0.30078 0
    outer loop
      vertex 25.3492 -9.64495 13
      vertex 25.4148 -9.85295 17
      vertex 25.4148 -9.85295 13
    endloop
  endfacet
  facet normal -0.38283 0.923819 0
    outer loop
      vertex 22.1449 -8.15077 13
      vertex 21.9435 -8.23423 17
      vertex 22.1449 -8.15077 17
    endloop
  endfacet
  facet normal -0.38283 0.923819 0
    outer loop
      vertex 21.9435 -8.23423 17
      vertex 22.1449 -8.15077 13
      vertex 21.9435 -8.23423 13
    endloop
  endfacet
  facet normal 0.608605 0.793474 -0
    outer loop
      vertex 24.607 -8.58489 13
      vertex 24.4339 -8.45212 17
      vertex 24.607 -8.58489 17
    endloop
  endfacet
  facet normal 0.608605 0.793474 0
    outer loop
      vertex 24.4339 -8.45212 17
      vertex 24.607 -8.58489 13
      vertex 24.4339 -8.45212 13
    endloop
  endfacet
  facet normal -0.793407 -0.608691 0
    outer loop
      vertex 21.0849 -12.107 13
      vertex 20.9521 -11.9339 17
      vertex 20.9521 -11.9339 13
    endloop
  endfacet
  facet normal -0.793407 -0.608691 0
    outer loop
      vertex 20.9521 -11.9339 17
      vertex 21.0849 -12.107 13
      vertex 21.0849 -12.107 17
    endloop
  endfacet
  facet normal 0.382433 -0.923983 0
    outer loop
      vertex 23.855 -12.8492 13
      vertex 24.0565 -12.7658 17
      vertex 23.855 -12.8492 17
    endloop
  endfacet
  facet normal 0.382433 -0.923983 0
    outer loop
      vertex 24.0565 -12.7658 17
      vertex 23.855 -12.8492 13
      vertex 24.0565 -12.7658 13
    endloop
  endfacet
  facet normal 0.30078 -0.953693 0
    outer loop
      vertex 23.647 -12.9148 13
      vertex 23.855 -12.8492 17
      vertex 23.647 -12.9148 17
    endloop
  endfacet
  facet normal 0.30078 -0.953693 0
    outer loop
      vertex 23.855 -12.8492 17
      vertex 23.647 -12.9148 13
      vertex 23.855 -12.8492 13
    endloop
  endfacet
  facet normal 0.991423 -0.130692 0
    outer loop
      vertex 25.462 -10.9341 17
      vertex 25.4905 -10.7179 13
      vertex 25.4905 -10.7179 17
    endloop
  endfacet
  facet normal 0.991423 -0.130692 0
    outer loop
      vertex 25.4905 -10.7179 13
      vertex 25.462 -10.9341 17
      vertex 25.462 -10.9341 13
    endloop
  endfacet
  facet normal -0.953735 -0.300649 0
    outer loop
      vertex 20.6508 -11.3551 13
      vertex 20.5852 -11.147 17
      vertex 20.5852 -11.147 13
    endloop
  endfacet
  facet normal -0.953735 -0.300649 0
    outer loop
      vertex 20.5852 -11.147 17
      vertex 20.6508 -11.3551 13
      vertex 20.6508 -11.3551 17
    endloop
  endfacet
  facet normal 0.976295 -0.216445 0
    outer loop
      vertex 25.4148 -11.147 17
      vertex 25.462 -10.9341 13
      vertex 25.462 -10.9341 17
    endloop
  endfacet
  facet normal 0.976295 -0.216445 0
    outer loop
      vertex 25.462 -10.9341 13
      vertex 25.4148 -11.147 17
      vertex 25.4148 -11.147 13
    endloop
  endfacet
  facet normal 0.216445 -0.976295 0
    outer loop
      vertex 23.4341 -12.962 13
      vertex 23.647 -12.9148 17
      vertex 23.4341 -12.962 17
    endloop
  endfacet
  facet normal 0.216445 -0.976295 0
    outer loop
      vertex 23.647 -12.9148 17
      vertex 23.4341 -12.962 13
      vertex 23.647 -12.9148 13
    endloop
  endfacet
  facet normal 0.0436024 0.999049 -0
    outer loop
      vertex 23.2179 -8.00951 13
      vertex 23 -8 17
      vertex 23.2179 -8.00951 17
    endloop
  endfacet
  facet normal 0.0436024 0.999049 0
    outer loop
      vertex 23 -8 17
      vertex 23.2179 -8.00951 13
      vertex 23 -8 13
    endloop
  endfacet
  facet normal -0.923983 0.382433 0
    outer loop
      vertex 20.6508 -9.64495 13
      vertex 20.7342 -9.44345 17
      vertex 20.7342 -9.44345 13
    endloop
  endfacet
  facet normal -0.923983 0.382433 0
    outer loop
      vertex 20.7342 -9.44345 17
      vertex 20.6508 -9.64495 13
      vertex 20.6508 -9.64495 17
    endloop
  endfacet
  facet normal 0.843303 -0.537439 0
    outer loop
      vertex 25.0479 -11.9339 17
      vertex 25.1651 -11.75 13
      vertex 25.1651 -11.75 17
    endloop
  endfacet
  facet normal 0.843303 -0.537439 0
    outer loop
      vertex 25.1651 -11.75 13
      vertex 25.0479 -11.9339 17
      vertex 25.0479 -11.9339 13
    endloop
  endfacet
  facet normal -0.675575 0.737291 0
    outer loop
      vertex 21.393 -8.58489 13
      vertex 21.2322 -8.73223 17
      vertex 21.393 -8.58489 17
    endloop
  endfacet
  facet normal -0.675575 0.737291 0
    outer loop
      vertex 21.2322 -8.73223 17
      vertex 21.393 -8.58489 13
      vertex 21.2322 -8.73223 13
    endloop
  endfacet
  facet normal -0.0435566 -0.999051 0
    outer loop
      vertex 22.7821 -12.9905 13
      vertex 23 -13 17
      vertex 22.7821 -12.9905 17
    endloop
  endfacet
  facet normal -0.0435566 -0.999051 -0
    outer loop
      vertex 23 -13 17
      vertex 22.7821 -12.9905 13
      vertex 23 -13 13
    endloop
  endfacet
  facet normal 0.0435566 -0.999051 0
    outer loop
      vertex 23 -13 13
      vertex 23.2179 -12.9905 17
      vertex 23 -13 17
    endloop
  endfacet
  facet normal 0.0435566 -0.999051 0
    outer loop
      vertex 23.2179 -12.9905 17
      vertex 23 -13 13
      vertex 23.2179 -12.9905 13
    endloop
  endfacet
  facet normal -0.887018 0.461735 0
    outer loop
      vertex 20.7342 -9.44345 13
      vertex 20.8349 -9.25 17
      vertex 20.8349 -9.25 13
    endloop
  endfacet
  facet normal -0.887018 0.461735 0
    outer loop
      vertex 20.8349 -9.25 17
      vertex 20.7342 -9.44345 13
      vertex 20.7342 -9.44345 17
    endloop
  endfacet
  facet normal -0.737383 0.675475 0
    outer loop
      vertex 21.0849 -8.89303 13
      vertex 21.2322 -8.73223 17
      vertex 21.2322 -8.73223 13
    endloop
  endfacet
  facet normal -0.737383 0.675475 0
    outer loop
      vertex 21.2322 -8.73223 17
      vertex 21.0849 -8.89303 13
      vertex 21.0849 -8.89303 17
    endloop
  endfacet
  facet normal -0.216445 -0.976295 0
    outer loop
      vertex 22.353 -12.9148 13
      vertex 22.5659 -12.962 17
      vertex 22.353 -12.9148 17
    endloop
  endfacet
  facet normal -0.216445 -0.976295 -0
    outer loop
      vertex 22.5659 -12.962 17
      vertex 22.353 -12.9148 13
      vertex 22.5659 -12.962 13
    endloop
  endfacet
  facet normal 0.675575 0.737291 -0
    outer loop
      vertex 24.7678 -8.73223 13
      vertex 24.607 -8.58489 17
      vertex 24.7678 -8.73223 17
    endloop
  endfacet
  facet normal 0.675575 0.737291 0
    outer loop
      vertex 24.607 -8.58489 17
      vertex 24.7678 -8.73223 13
      vertex 24.607 -8.58489 13
    endloop
  endfacet
  facet normal 0.737383 0.675475 0
    outer loop
      vertex 24.9151 -8.89303 17
      vertex 24.7678 -8.73223 13
      vertex 24.7678 -8.73223 17
    endloop
  endfacet
  facet normal 0.737383 0.675475 0
    outer loop
      vertex 24.7678 -8.73223 13
      vertex 24.9151 -8.89303 17
      vertex 24.9151 -8.89303 13
    endloop
  endfacet
  facet normal 0.537439 -0.843303 0
    outer loop
      vertex 24.25 -12.6651 13
      vertex 24.4339 -12.5479 17
      vertex 24.25 -12.6651 17
    endloop
  endfacet
  facet normal 0.537439 -0.843303 0
    outer loop
      vertex 24.4339 -12.5479 17
      vertex 24.25 -12.6651 13
      vertex 24.4339 -12.5479 13
    endloop
  endfacet
  facet normal -0.608691 -0.793407 0
    outer loop
      vertex 21.393 -12.4151 13
      vertex 21.5661 -12.5479 17
      vertex 21.393 -12.4151 17
    endloop
  endfacet
  facet normal -0.608691 -0.793407 -0
    outer loop
      vertex 21.5661 -12.5479 17
      vertex 21.393 -12.4151 13
      vertex 21.5661 -12.5479 13
    endloop
  endfacet
  facet normal 0.843356 0.537356 0
    outer loop
      vertex 25.1651 -9.25 17
      vertex 25.0479 -9.06606 13
      vertex 25.0479 -9.06606 17
    endloop
  endfacet
  facet normal 0.843356 0.537356 0
    outer loop
      vertex 25.0479 -9.06606 13
      vertex 25.1651 -9.25 17
      vertex 25.1651 -9.25 13
    endloop
  endfacet
  facet normal 0.300697 0.95372 -0
    outer loop
      vertex 23.855 -8.15077 13
      vertex 23.647 -8.08519 17
      vertex 23.855 -8.15077 17
    endloop
  endfacet
  facet normal 0.300697 0.95372 0
    outer loop
      vertex 23.647 -8.08519 17
      vertex 23.855 -8.15077 13
      vertex 23.647 -8.08519 13
    endloop
  endfacet
  facet normal -0.130692 -0.991423 0
    outer loop
      vertex 22.5659 -12.962 13
      vertex 22.7821 -12.9905 17
      vertex 22.5659 -12.962 17
    endloop
  endfacet
  facet normal -0.130692 -0.991423 -0
    outer loop
      vertex 22.7821 -12.9905 17
      vertex 22.5659 -12.962 13
      vertex 22.7821 -12.9905 13
    endloop
  endfacet
  facet normal -0.999051 0.0435566 0
    outer loop
      vertex 20.5 -10.5 13
      vertex 20.5095 -10.2821 17
      vertex 20.5095 -10.2821 13
    endloop
  endfacet
  facet normal -0.999051 0.0435566 0
    outer loop
      vertex 20.5095 -10.2821 17
      vertex 20.5 -10.5 13
      vertex 20.5 -10.5 17
    endloop
  endfacet
  facet normal -0.737383 -0.675475 0
    outer loop
      vertex 21.2322 -12.2678 13
      vertex 21.0849 -12.107 17
      vertex 21.0849 -12.107 13
    endloop
  endfacet
  facet normal -0.737383 -0.675475 0
    outer loop
      vertex 21.0849 -12.107 17
      vertex 21.2322 -12.2678 13
      vertex 21.2322 -12.2678 17
    endloop
  endfacet
  facet normal -0.976295 -0.216445 0
    outer loop
      vertex 20.5852 -11.147 13
      vertex 20.538 -10.9341 17
      vertex 20.538 -10.9341 13
    endloop
  endfacet
  facet normal -0.976295 -0.216445 0
    outer loop
      vertex 20.538 -10.9341 17
      vertex 20.5852 -11.147 13
      vertex 20.5852 -11.147 17
    endloop
  endfacet
  facet normal 0.130557 0.991441 -0
    outer loop
      vertex 23.4341 -8.03798 13
      vertex 23.2179 -8.00951 17
      vertex 23.4341 -8.03798 17
    endloop
  endfacet
  facet normal 0.130557 0.991441 0
    outer loop
      vertex 23.2179 -8.00951 17
      vertex 23.4341 -8.03798 13
      vertex 23.2179 -8.00951 13
    endloop
  endfacet
  facet normal 0.216489 0.976285 -0
    outer loop
      vertex 23.647 -8.08519 13
      vertex 23.4341 -8.03798 17
      vertex 23.647 -8.08519 17
    endloop
  endfacet
  facet normal 0.216489 0.976285 0
    outer loop
      vertex 23.4341 -8.03798 17
      vertex 23.647 -8.08519 13
      vertex 23.4341 -8.03798 13
    endloop
  endfacet
  facet normal -0.537439 -0.843303 0
    outer loop
      vertex 21.5661 -12.5479 13
      vertex 21.75 -12.6651 17
      vertex 21.5661 -12.5479 17
    endloop
  endfacet
  facet normal -0.537439 -0.843303 -0
    outer loop
      vertex 21.75 -12.6651 17
      vertex 21.5661 -12.5479 13
      vertex 21.75 -12.6651 13
    endloop
  endfacet
  facet normal 0 0 1
    outer loop
      vertex 23.9 -10.5 17
      vertex 25.5 -10.5 17
      vertex 25.4905 -10.2821 17
    endloop
  endfacet
  facet normal 0 0 1
    outer loop
      vertex 23.9 -10.5 17
      vertex 25.4905 -10.2821 17
      vertex 25.462 -10.0659 17
    endloop
  endfacet
  facet normal 0 0 1
    outer loop
      vertex 25.5 -10.5 17
      vertex 23.9 -10.5 17
      vertex 25.4905 -10.7179 17
    endloop
  endfacet
  facet normal 0 0 1
    outer loop
      vertex 23.8693 -10.2671 17
      vertex 25.462 -10.0659 17
      vertex 25.4148 -9.85295 17
    endloop
  endfacet
  facet normal 0 0 1
    outer loop
      vertex 25.4905 -10.7179 17
      vertex 23.9 -10.5 17
      vertex 25.462 -10.9341 17
    endloop
  endfacet
  facet normal 0 0 1
    outer loop
      vertex 23.8693 -10.2671 17
      vertex 25.4148 -9.85295 17
      vertex 25.3492 -9.64495 17
    endloop
  endfacet
  facet normal -0 0 1
    outer loop
      vertex 23.8693 -10.7329 17
      vertex 25.462 -10.9341 17
      vertex 23.9 -10.5 17
    endloop
  endfacet
  facet normal 0 0 1
    outer loop
      vertex 23.8693 -10.2671 17
      vertex 25.3492 -9.64495 17
      vertex 25.2658 -9.44345 17
    endloop
  endfacet
  facet normal 0 0 1
    outer loop
      vertex 25.462 -10.9341 17
      vertex 23.8693 -10.7329 17
      vertex 25.4148 -11.147 17
    endloop
  endfacet
  facet normal 0 0 1
    outer loop
      vertex 23.7794 -10.05 17
      vertex 25.2658 -9.44345 17
      vertex 25.1651 -9.25 17
    endloop
  endfacet
  facet normal 0 0 1
    outer loop
      vertex 25.4148 -11.147 17
      vertex 23.8693 -10.7329 17
      vertex 25.3492 -11.3551 17
    endloop
  endfacet
  facet normal 0 0 1
    outer loop
      vertex 23.7794 -10.05 17
      vertex 25.1651 -9.25 17
      vertex 25.0479 -9.06606 17
    endloop
  endfacet
  facet normal 0 0 1
    outer loop
      vertex 25.3492 -11.3551 17
      vertex 23.8693 -10.7329 17
      vertex 25.2658 -11.5565 17
    endloop
  endfacet
  facet normal 0 0 1
    outer loop
      vertex 23.7794 -10.05 17
      vertex 25.0479 -9.06606 17
      vertex 24.9151 -8.89303 17
    endloop
  endfacet
  facet normal -0 0 1
    outer loop
      vertex 23.7794 -10.95 17
      vertex 25.2658 -11.5565 17
      vertex 23.8693 -10.7329 17
    endloop
  endfacet
  facet normal 0 0 1
    outer loop
      vertex 23.6364 -9.8636 17
      vertex 24.9151 -8.89303 17
      vertex 24.7678 -8.73223 17
    endloop
  endfacet
  facet normal 0 0 1
    outer loop
      vertex 25.2658 -11.5565 17
      vertex 23.7794 -10.95 17
      vertex 25.1651 -11.75 17
    endloop
  endfacet
  facet normal 0 0 1
    outer loop
      vertex 23.6364 -9.8636 17
      vertex 24.7678 -8.73223 17
      vertex 24.607 -8.58489 17
    endloop
  endfacet
  facet normal 0 0 1
    outer loop
      vertex 25.1651 -11.75 17
      vertex 23.7794 -10.95 17
      vertex 25.0479 -11.9339 17
    endloop
  endfacet
  facet normal 0 0 1
    outer loop
      vertex 23.6364 -9.8636 17
      vertex 24.607 -8.58489 17
      vertex 24.4339 -8.45212 17
    endloop
  endfacet
  facet normal 0 0 1
    outer loop
      vertex 25.0479 -11.9339 17
      vertex 23.7794 -10.95 17
      vertex 24.9151 -12.107 17
    endloop
  endfacet
  facet normal 0 0 1
    outer loop
      vertex 23.45 -9.72058 17
      vertex 24.4339 -8.45212 17
      vertex 24.25 -8.33494 17
    endloop
  endfacet
  facet normal -0 0 1
    outer loop
      vertex 23.6364 -11.1364 17
      vertex 24.9151 -12.107 17
      vertex 23.7794 -10.95 17
    endloop
  endfacet
  facet normal 0 0 1
    outer loop
      vertex 23.45 -9.72058 17
      vertex 24.25 -8.33494 17
      vertex 24.0565 -8.23423 17
    endloop
  endfacet
  facet normal 0 0 1
    outer loop
      vertex 24.9151 -12.107 17
      vertex 23.6364 -11.1364 17
      vertex 24.7678 -12.2678 17
    endloop
  endfacet
  facet normal 0 0 1
    outer loop
      vertex 24.7678 -12.2678 17
      vertex 23.6364 -11.1364 17
      vertex 24.607 -12.4151 17
    endloop
  endfacet
  facet normal 0 0 1
    outer loop
      vertex 25.462 -10.0659 17
      vertex 23.8693 -10.2671 17
      vertex 23.9 -10.5 17
    endloop
  endfacet
  facet normal 0 0 1
    outer loop
      vertex 23.45 -9.72058 17
      vertex 24.0565 -8.23423 17
      vertex 23.855 -8.15077 17
    endloop
  endfacet
  facet normal 0 0 1
    outer loop
      vertex 25.2658 -9.44345 17
      vertex 23.7794 -10.05 17
      vertex 23.8693 -10.2671 17
    endloop
  endfacet
  facet normal 0 0 1
    outer loop
      vertex 23.2329 -9.63067 17
      vertex 23.855 -8.15077 17
      vertex 23.647 -8.08519 17
    endloop
  endfacet
  facet normal 0 0 1
    outer loop
      vertex 24.9151 -8.89303 17
      vertex 23.6364 -9.8636 17
      vertex 23.7794 -10.05 17
    endloop
  endfacet
  facet normal 0 0 1
    outer loop
      vertex 24.4339 -8.45212 17
      vertex 23.45 -9.72058 17
      vertex 23.6364 -9.8636 17
    endloop
  endfacet
  facet normal 0 0 1
    outer loop
      vertex 23.2329 -9.63067 17
      vertex 23.647 -8.08519 17
      vertex 23.4341 -8.03798 17
    endloop
  endfacet
  facet normal 0 0 1
    outer loop
      vertex 23.855 -8.15077 17
      vertex 23.2329 -9.63067 17
      vertex 23.45 -9.72058 17
    endloop
  endfacet
  facet normal 0 0 1
    outer loop
      vertex 23.2179 -8.00951 17
      vertex 23.2329 -9.63067 17
      vertex 23.4341 -8.03798 17
    endloop
  endfacet
  facet normal 0 0 1
    outer loop
      vertex 23 -9.6 17
      vertex 23.2179 -8.00951 17
      vertex 23 -8 17
    endloop
  endfacet
  facet normal 0 0 1
    outer loop
      vertex 23.2179 -8.00951 17
      vertex 23 -9.6 17
      vertex 23.2329 -9.63067 17
    endloop
  endfacet
  facet normal -0 0 1
    outer loop
      vertex 22.7821 -8.00951 17
      vertex 23 -9.6 17
      vertex 23 -8 17
    endloop
  endfacet
  facet normal 0 0 1
    outer loop
      vertex 22.7821 -8.00951 17
      vertex 22.7671 -9.63067 17
      vertex 23 -9.6 17
    endloop
  endfacet
  facet normal -0 0 1
    outer loop
      vertex 22.5659 -8.03798 17
      vertex 22.7671 -9.63067 17
      vertex 22.7821 -8.00951 17
    endloop
  endfacet
  facet normal -0 0 1
    outer loop
      vertex 22.353 -8.08519 17
      vertex 22.7671 -9.63067 17
      vertex 22.5659 -8.03798 17
    endloop
  endfacet
  facet normal -0 0 1
    outer loop
      vertex 22.1449 -8.15077 17
      vertex 22.7671 -9.63067 17
      vertex 22.353 -8.08519 17
    endloop
  endfacet
  facet normal 0 0 1
    outer loop
      vertex 22.7671 -9.63067 17
      vertex 22.1449 -8.15077 17
      vertex 22.55 -9.72058 17
    endloop
  endfacet
  facet normal -0 0 1
    outer loop
      vertex 21.9435 -8.23423 17
      vertex 22.55 -9.72058 17
      vertex 22.1449 -8.15077 17
    endloop
  endfacet
  facet normal -0 0 1
    outer loop
      vertex 21.75 -8.33494 17
      vertex 22.55 -9.72058 17
      vertex 21.9435 -8.23423 17
    endloop
  endfacet
  facet normal -0 0 1
    outer loop
      vertex 21.5661 -8.45212 17
      vertex 22.55 -9.72058 17
      vertex 21.75 -8.33494 17
    endloop
  endfacet
  facet normal 0 0 1
    outer loop
      vertex 22.55 -9.72058 17
      vertex 21.5661 -8.45212 17
      vertex 22.3636 -9.8636 17
    endloop
  endfacet
  facet normal -0 0 1
    outer loop
      vertex 21.393 -8.58489 17
      vertex 22.3636 -9.8636 17
      vertex 21.5661 -8.45212 17
    endloop
  endfacet
  facet normal 0 0 1
    outer loop
      vertex 24.607 -12.4151 17
      vertex 23.6364 -11.1364 17
      vertex 24.4339 -12.5479 17
    endloop
  endfacet
  facet normal -0 0 1
    outer loop
      vertex 23.45 -11.2794 17
      vertex 24.4339 -12.5479 17
      vertex 23.6364 -11.1364 17
    endloop
  endfacet
  facet normal 0 0 1
    outer loop
      vertex 24.4339 -12.5479 17
      vertex 23.45 -11.2794 17
      vertex 24.25 -12.6651 17
    endloop
  endfacet
  facet normal 0 0 1
    outer loop
      vertex 24.25 -12.6651 17
      vertex 23.45 -11.2794 17
      vertex 24.0565 -12.7658 17
    endloop
  endfacet
  facet normal 0 0 1
    outer loop
      vertex 24.0565 -12.7658 17
      vertex 23.45 -11.2794 17
      vertex 23.855 -12.8492 17
    endloop
  endfacet
  facet normal -0 0 1
    outer loop
      vertex 23.2329 -11.3693 17
      vertex 23.855 -12.8492 17
      vertex 23.45 -11.2794 17
    endloop
  endfacet
  facet normal 0 0 1
    outer loop
      vertex 23.855 -12.8492 17
      vertex 23.2329 -11.3693 17
      vertex 23.647 -12.9148 17
    endloop
  endfacet
  facet normal 0 0 1
    outer loop
      vertex 23.647 -12.9148 17
      vertex 23.2329 -11.3693 17
      vertex 23.4341 -12.962 17
    endloop
  endfacet
  facet normal 0 0 1
    outer loop
      vertex 23.2329 -11.3693 17
      vertex 23.2179 -12.9905 17
      vertex 23.4341 -12.962 17
    endloop
  endfacet
  facet normal -0 0 1
    outer loop
      vertex 23 -11.4 17
      vertex 23.2179 -12.9905 17
      vertex 23.2329 -11.3693 17
    endloop
  endfacet
  facet normal 0 0 1
    outer loop
      vertex 23 -11.4 17
      vertex 23 -13 17
      vertex 23.2179 -12.9905 17
    endloop
  endfacet
  facet normal 0 0 1
    outer loop
      vertex 23 -11.4 17
      vertex 22.7821 -12.9905 17
      vertex 23 -13 17
    endloop
  endfacet
  facet normal 0 0 1
    outer loop
      vertex 22.7671 -11.3693 17
      vertex 22.7821 -12.9905 17
      vertex 23 -11.4 17
    endloop
  endfacet
  facet normal 0 0 1
    outer loop
      vertex 22.7671 -11.3693 17
      vertex 22.5659 -12.962 17
      vertex 22.7821 -12.9905 17
    endloop
  endfacet
  facet normal 0 0 1
    outer loop
      vertex 22.1449 -12.8492 17
      vertex 22.7671 -11.3693 17
      vertex 22.55 -11.2794 17
    endloop
  endfacet
  facet normal 0 0 1
    outer loop
      vertex 21.5661 -12.5479 17
      vertex 22.55 -11.2794 17
      vertex 22.3636 -11.1364 17
    endloop
  endfacet
  facet normal 0 0 1
    outer loop
      vertex 22.7671 -11.3693 17
      vertex 22.353 -12.9148 17
      vertex 22.5659 -12.962 17
    endloop
  endfacet
  facet normal 0 0 1
    outer loop
      vertex 21.0849 -12.107 17
      vertex 22.3636 -11.1364 17
      vertex 22.2206 -10.95 17
    endloop
  endfacet
  facet normal 0 0 1
    outer loop
      vertex 22.7671 -11.3693 17
      vertex 22.1449 -12.8492 17
      vertex 22.353 -12.9148 17
    endloop
  endfacet
  facet normal 0 0 1
    outer loop
      vertex 20.7342 -11.5565 17
      vertex 22.2206 -10.95 17
      vertex 22.1307 -10.7329 17
    endloop
  endfacet
  facet normal 0 0 1
    outer loop
      vertex 20.538 -10.9341 17
      vertex 22.1307 -10.7329 17
      vertex 22.1 -10.5 17
    endloop
  endfacet
  facet normal -0 0 1
    outer loop
      vertex 21.2322 -8.73223 17
      vertex 22.3636 -9.8636 17
      vertex 21.393 -8.58489 17
    endloop
  endfacet
  facet normal 0 0 1
    outer loop
      vertex 22.55 -11.2794 17
      vertex 21.9435 -12.7658 17
      vertex 22.1449 -12.8492 17
    endloop
  endfacet
  facet normal -0 0 1
    outer loop
      vertex 21.0849 -8.89303 17
      vertex 22.3636 -9.8636 17
      vertex 21.2322 -8.73223 17
    endloop
  endfacet
  facet normal 0 0 1
    outer loop
      vertex 22.55 -11.2794 17
      vertex 21.75 -12.6651 17
      vertex 21.9435 -12.7658 17
    endloop
  endfacet
  facet normal 0 0 1
    outer loop
      vertex 22.3636 -9.8636 17
      vertex 21.0849 -8.89303 17
      vertex 22.2206 -10.05 17
    endloop
  endfacet
  facet normal 0 0 1
    outer loop
      vertex 22.55 -11.2794 17
      vertex 21.5661 -12.5479 17
      vertex 21.75 -12.6651 17
    endloop
  endfacet
  facet normal -0 0 1
    outer loop
      vertex 20.9521 -9.06606 17
      vertex 22.2206 -10.05 17
      vertex 21.0849 -8.89303 17
    endloop
  endfacet
  facet normal 0 0 1
    outer loop
      vertex 22.3636 -11.1364 17
      vertex 21.393 -12.4151 17
      vertex 21.5661 -12.5479 17
    endloop
  endfacet
  facet normal -0 0 1
    outer loop
      vertex 20.8349 -9.25 17
      vertex 22.2206 -10.05 17
      vertex 20.9521 -9.06606 17
    endloop
  endfacet
  facet normal 0 0 1
    outer loop
      vertex 22.3636 -11.1364 17
      vertex 21.2322 -12.2678 17
      vertex 21.393 -12.4151 17
    endloop
  endfacet
  facet normal -0 0 1
    outer loop
      vertex 20.7342 -9.44345 17
      vertex 22.2206 -10.05 17
      vertex 20.8349 -9.25 17
    endloop
  endfacet
  facet normal 0 0 1
    outer loop
      vertex 22.3636 -11.1364 17
      vertex 21.0849 -12.107 17
      vertex 21.2322 -12.2678 17
    endloop
  endfacet
  facet normal 0 0 1
    outer loop
      vertex 22.2206 -10.05 17
      vertex 20.7342 -9.44345 17
      vertex 22.1307 -10.2671 17
    endloop
  endfacet
  facet normal 0 0 1
    outer loop
      vertex 22.2206 -10.95 17
      vertex 20.9521 -11.9339 17
      vertex 21.0849 -12.107 17
    endloop
  endfacet
  facet normal -0 0 1
    outer loop
      vertex 20.6508 -9.64495 17
      vertex 22.1307 -10.2671 17
      vertex 20.7342 -9.44345 17
    endloop
  endfacet
  facet normal 0 0 1
    outer loop
      vertex 22.2206 -10.95 17
      vertex 20.8349 -11.75 17
      vertex 20.9521 -11.9339 17
    endloop
  endfacet
  facet normal -0 0 1
    outer loop
      vertex 20.5852 -9.85295 17
      vertex 22.1307 -10.2671 17
      vertex 20.6508 -9.64495 17
    endloop
  endfacet
  facet normal 0 0 1
    outer loop
      vertex 22.2206 -10.95 17
      vertex 20.7342 -11.5565 17
      vertex 20.8349 -11.75 17
    endloop
  endfacet
  facet normal -0 0 1
    outer loop
      vertex 20.538 -10.0659 17
      vertex 22.1307 -10.2671 17
      vertex 20.5852 -9.85295 17
    endloop
  endfacet
  facet normal 0 0 1
    outer loop
      vertex 22.1307 -10.7329 17
      vertex 20.6508 -11.3551 17
      vertex 20.7342 -11.5565 17
    endloop
  endfacet
  facet normal 0 0 1
    outer loop
      vertex 22.1307 -10.2671 17
      vertex 20.538 -10.0659 17
      vertex 22.1 -10.5 17
    endloop
  endfacet
  facet normal 0 0 1
    outer loop
      vertex 22.1307 -10.7329 17
      vertex 20.5852 -11.147 17
      vertex 20.6508 -11.3551 17
    endloop
  endfacet
  facet normal -0 0 1
    outer loop
      vertex 20.5095 -10.2821 17
      vertex 22.1 -10.5 17
      vertex 20.538 -10.0659 17
    endloop
  endfacet
  facet normal 0 0 1
    outer loop
      vertex 22.1307 -10.7329 17
      vertex 20.538 -10.9341 17
      vertex 20.5852 -11.147 17
    endloop
  endfacet
  facet normal 0 0 1
    outer loop
      vertex 20.5 -10.5 17
      vertex 22.1 -10.5 17
      vertex 20.5095 -10.2821 17
    endloop
  endfacet
  facet normal 0 0 1
    outer loop
      vertex 22.1 -10.5 17
      vertex 20.5095 -10.7179 17
      vertex 20.538 -10.9341 17
    endloop
  endfacet
  facet normal 0 0 1
    outer loop
      vertex 22.1 -10.5 17
      vertex 20.5 -10.5 17
      vertex 20.5095 -10.7179 17
    endloop
  endfacet
  facet normal -0.953693 0.30078 0
    outer loop
      vertex 20.5852 -9.85295 13
      vertex 20.6508 -9.64495 17
      vertex 20.6508 -9.64495 13
    endloop
  endfacet
  facet normal -0.953693 0.30078 0
    outer loop
      vertex 20.6508 -9.64495 17
      vertex 20.5852 -9.85295 13
      vertex 20.5852 -9.85295 17
    endloop
  endfacet
  facet normal -0.300697 -0.95372 0
    outer loop
      vertex 9.64495 8.15077 13
      vertex 9.85295 8.08519 17
      vertex 9.64495 8.15077 17
    endloop
  endfacet
  facet normal -0.300697 -0.95372 -0
    outer loop
      vertex 9.85295 8.08519 17
      vertex 9.64495 8.15077 13
      vertex 9.85295 8.08519 13
    endloop
  endfacet
  facet normal 0.976295 0.216445 0
    outer loop
      vertex 12.962 10.9341 17
      vertex 12.9148 11.147 13
      vertex 12.9148 11.147 17
    endloop
  endfacet
  facet normal 0.976295 0.216445 0
    outer loop
      vertex 12.9148 11.147 13
      vertex 12.962 10.9341 17
      vertex 12.962 10.9341 13
    endloop
  endfacet
  facet normal -0.130557 -0.991441 0
    outer loop
      vertex 10.0659 8.03798 13
      vertex 10.2821 8.00951 17
      vertex 10.0659 8.03798 17
    endloop
  endfacet
  facet normal -0.130557 -0.991441 -0
    outer loop
      vertex 10.2821 8.00951 17
      vertex 10.0659 8.03798 13
      vertex 10.2821 8.00951 13
    endloop
  endfacet
  facet normal 0.999051 0.0435566 0
    outer loop
      vertex 13 10.5 17
      vertex 12.9905 10.7179 13
      vertex 12.9905 10.7179 17
    endloop
  endfacet
  facet normal 0.999051 0.0435566 0
    outer loop
      vertex 12.9905 10.7179 13
      vertex 13 10.5 17
      vertex 13 10.5 13
    endloop
  endfacet
  facet normal 0.608605 -0.793474 0
    outer loop
      vertex 11.9339 8.45212 13
      vertex 12.107 8.58489 17
      vertex 11.9339 8.45212 17
    endloop
  endfacet
  facet normal 0.608605 -0.793474 0
    outer loop
      vertex 12.107 8.58489 17
      vertex 11.9339 8.45212 13
      vertex 12.107 8.58489 13
    endloop
  endfacet
  facet normal -0.216396 0.976306 0
    outer loop
      vertex 10.0659 12.962 13
      vertex 9.85295 12.9148 17
      vertex 10.0659 12.962 17
    endloop
  endfacet
  facet normal -0.216396 0.976306 0
    outer loop
      vertex 9.85295 12.9148 17
      vertex 10.0659 12.962 13
      vertex 9.85295 12.9148 13
    endloop
  endfacet
  facet normal 0.923916 0.382595 0
    outer loop
      vertex 12.8492 11.3551 17
      vertex 12.7658 11.5565 13
      vertex 12.7658 11.5565 17
    endloop
  endfacet
  facet normal 0.923916 0.382595 0
    outer loop
      vertex 12.7658 11.5565 13
      vertex 12.8492 11.3551 17
      vertex 12.8492 11.3551 13
    endloop
  endfacet
  facet normal -0.382433 0.923983 0
    outer loop
      vertex 9.64495 12.8492 13
      vertex 9.44345 12.7658 17
      vertex 9.64495 12.8492 17
    endloop
  endfacet
  facet normal -0.382433 0.923983 0
    outer loop
      vertex 9.44345 12.7658 17
      vertex 9.64495 12.8492 13
      vertex 9.44345 12.7658 13
    endloop
  endfacet
  facet normal 0.843356 -0.537356 0
    outer loop
      vertex 12.5479 9.06606 17
      vertex 12.6651 9.25 13
      vertex 12.6651 9.25 17
    endloop
  endfacet
  facet normal 0.843356 -0.537356 0
    outer loop
      vertex 12.6651 9.25 13
      vertex 12.5479 9.06606 17
      vertex 12.5479 9.06606 13
    endloop
  endfacet
  facet normal -0.887048 0.461677 0
    outer loop
      vertex 8.23423 11.5565 13
      vertex 8.33494 11.75 17
      vertex 8.33494 11.75 13
    endloop
  endfacet
  facet normal -0.887048 0.461677 0
    outer loop
      vertex 8.33494 11.75 17
      vertex 8.23423 11.5565 13
      vertex 8.23423 11.5565 17
    endloop
  endfacet
  facet normal -0.737291 -0.675575 0
    outer loop
      vertex 8.73223 8.73223 13
      vertex 8.58489 8.89303 17
      vertex 8.58489 8.89303 13
    endloop
  endfacet
  facet normal -0.737291 -0.675575 0
    outer loop
      vertex 8.58489 8.89303 17
      vertex 8.73223 8.73223 13
      vertex 8.73223 8.73223 17
    endloop
  endfacet
  facet normal 0.38283 -0.923819 0
    outer loop
      vertex 11.3551 8.15077 13
      vertex 11.5565 8.23423 17
      vertex 11.3551 8.15077 17
    endloop
  endfacet
  facet normal 0.38283 -0.923819 0
    outer loop
      vertex 11.5565 8.23423 17
      vertex 11.3551 8.15077 13
      vertex 11.5565 8.23423 13
    endloop
  endfacet
  facet normal 0.300565 -0.953761 0
    outer loop
      vertex 11.147 8.08519 13
      vertex 11.3551 8.15077 17
      vertex 11.147 8.08519 17
    endloop
  endfacet
  facet normal 0.300565 -0.953761 0
    outer loop
      vertex 11.3551 8.15077 17
      vertex 11.147 8.08519 13
      vertex 11.3551 8.15077 13
    endloop
  endfacet
  facet normal 0.537374 -0.843344 0
    outer loop
      vertex 11.75 8.33494 13
      vertex 11.9339 8.45212 17
      vertex 11.75 8.33494 17
    endloop
  endfacet
  facet normal 0.537374 -0.843344 0
    outer loop
      vertex 11.9339 8.45212 17
      vertex 11.75 8.33494 13
      vertex 11.9339 8.45212 13
    endloop
  endfacet
  facet normal -0.793355 -0.60876 0
    outer loop
      vertex 8.58489 8.89303 13
      vertex 8.45212 9.06606 17
      vertex 8.45212 9.06606 13
    endloop
  endfacet
  facet normal -0.793355 -0.60876 0
    outer loop
      vertex 8.45212 9.06606 17
      vertex 8.58489 8.89303 13
      vertex 8.58489 8.89303 17
    endloop
  endfacet
  facet normal -0.999049 0.0436024 0
    outer loop
      vertex 8 10.5 13
      vertex 8.00951 10.7179 17
      vertex 8.00951 10.7179 13
    endloop
  endfacet
  facet normal -0.999049 0.0436024 0
    outer loop
      vertex 8.00951 10.7179 17
      vertex 8 10.5 13
      vertex 8 10.5 17
    endloop
  endfacet
  facet normal 0.382595 0.923916 -0
    outer loop
      vertex 11.5565 12.7658 13
      vertex 11.3551 12.8492 17
      vertex 11.5565 12.7658 17
    endloop
  endfacet
  facet normal 0.382595 0.923916 0
    outer loop
      vertex 11.3551 12.8492 17
      vertex 11.5565 12.7658 13
      vertex 11.3551 12.8492 13
    endloop
  endfacet
  facet normal 0.0436024 -0.999049 0
    outer loop
      vertex 10.5 8 13
      vertex 10.7179 8.00951 17
      vertex 10.5 8 17
    endloop
  endfacet
  facet normal 0.0436024 -0.999049 0
    outer loop
      vertex 10.7179 8.00951 17
      vertex 10.5 8 13
      vertex 10.7179 8.00951 13
    endloop
  endfacet
  facet normal 0.608691 0.793407 -0
    outer loop
      vertex 12.107 12.4151 13
      vertex 11.9339 12.5479 17
      vertex 12.107 12.4151 17
    endloop
  endfacet
  facet normal 0.608691 0.793407 0
    outer loop
      vertex 11.9339 12.5479 17
      vertex 12.107 12.4151 13
      vertex 11.9339 12.5479 13
    endloop
  endfacet
  facet normal 0.999051 -0.0435566 0
    outer loop
      vertex 12.9905 10.2821 17
      vertex 13 10.5 13
      vertex 13 10.5 17
    endloop
  endfacet
  facet normal 0.999051 -0.0435566 0
    outer loop
      vertex 13 10.5 13
      vertex 12.9905 10.2821 17
      vertex 12.9905 10.2821 13
    endloop
  endfacet
  facet normal 0.130557 -0.991441 0
    outer loop
      vertex 10.7179 8.00951 13
      vertex 10.9341 8.03798 17
      vertex 10.7179 8.00951 17
    endloop
  endfacet
  facet normal 0.130557 -0.991441 0
    outer loop
      vertex 10.9341 8.03798 17
      vertex 10.7179 8.00951 13
      vertex 10.9341 8.03798 13
    endloop
  endfacet
  facet normal -0.537291 -0.843397 0
    outer loop
      vertex 9.06606 8.45212 13
      vertex 9.25 8.33494 17
      vertex 9.06606 8.45212 17
    endloop
  endfacet
  facet normal -0.537291 -0.843397 -0
    outer loop
      vertex 9.25 8.33494 17
      vertex 9.06606 8.45212 13
      vertex 9.25 8.33494 13
    endloop
  endfacet
  facet normal 0.537439 0.843303 -0
    outer loop
      vertex 11.9339 12.5479 13
      vertex 11.75 12.6651 17
      vertex 11.9339 12.5479 17
    endloop
  endfacet
  facet normal 0.537439 0.843303 0
    outer loop
      vertex 11.75 12.6651 17
      vertex 11.9339 12.5479 13
      vertex 11.75 12.6651 13
    endloop
  endfacet
  facet normal -0.0435566 0.999051 0
    outer loop
      vertex 10.5 13 13
      vertex 10.2821 12.9905 17
      vertex 10.5 13 17
    endloop
  endfacet
  facet normal -0.0435566 0.999051 0
    outer loop
      vertex 10.2821 12.9905 17
      vertex 10.5 13 13
      vertex 10.2821 12.9905 13
    endloop
  endfacet
  facet normal -0.30078 0.953693 0
    outer loop
      vertex 9.85295 12.9148 13
      vertex 9.64495 12.8492 17
      vertex 9.85295 12.9148 17
    endloop
  endfacet
  facet normal -0.30078 0.953693 0
    outer loop
      vertex 9.64495 12.8492 17
      vertex 9.85295 12.9148 13
      vertex 9.64495 12.8492 13
    endloop
  endfacet
  facet normal 0.793407 0.608691 0
    outer loop
      vertex 12.5479 11.9339 17
      vertex 12.4151 12.107 13
      vertex 12.4151 12.107 17
    endloop
  endfacet
  facet normal 0.793407 0.608691 0
    outer loop
      vertex 12.4151 12.107 13
      vertex 12.5479 11.9339 17
      vertex 12.5479 11.9339 13
    endloop
  endfacet
  facet normal -0.991441 -0.130557 0
    outer loop
      vertex 8.03798 10.0659 13
      vertex 8.00951 10.2821 17
      vertex 8.00951 10.2821 13
    endloop
  endfacet
  facet normal -0.991441 -0.130557 0
    outer loop
      vertex 8.00951 10.2821 17
      vertex 8.03798 10.0659 13
      vertex 8.03798 10.0659 17
    endloop
  endfacet
  facet normal 0.216489 -0.976285 0
    outer loop
      vertex 10.9341 8.03798 13
      vertex 11.147 8.08519 17
      vertex 10.9341 8.03798 17
    endloop
  endfacet
  facet normal 0.216489 -0.976285 0
    outer loop
      vertex 11.147 8.08519 17
      vertex 10.9341 8.03798 13
      vertex 11.147 8.08519 13
    endloop
  endfacet
  facet normal 0.461677 -0.887048 0
    outer loop
      vertex 11.5565 8.23423 13
      vertex 11.75 8.33494 17
      vertex 11.5565 8.23423 17
    endloop
  endfacet
  facet normal 0.461677 -0.887048 0
    outer loop
      vertex 11.75 8.33494 17
      vertex 11.5565 8.23423 13
      vertex 11.75 8.33494 13
    endloop
  endfacet
  facet normal -0.675475 0.737383 0
    outer loop
      vertex 8.89303 12.4151 13
      vertex 8.73223 12.2678 17
      vertex 8.89303 12.4151 17
    endloop
  endfacet
  facet normal -0.675475 0.737383 0
    outer loop
      vertex 8.73223 12.2678 17
      vertex 8.89303 12.4151 13
      vertex 8.73223 12.2678 13
    endloop
  endfacet
  facet normal -0.886999 -0.461771 0
    outer loop
      vertex 8.33494 9.25 13
      vertex 8.23423 9.44345 17
      vertex 8.23423 9.44345 13
    endloop
  endfacet
  facet normal -0.886999 -0.461771 0
    outer loop
      vertex 8.23423 9.44345 17
      vertex 8.33494 9.25 13
      vertex 8.33494 9.25 17
    endloop
  endfacet
  facet normal 0 0 1
    outer loop
      vertex 11.4 10.5 17
      vertex 13 10.5 17
      vertex 12.9905 10.7179 17
    endloop
  endfacet
  facet normal 0 0 1
    outer loop
      vertex 11.4 10.5 17
      vertex 12.9905 10.7179 17
      vertex 12.962 10.9341 17
    endloop
  endfacet
  facet normal 0 0 1
    outer loop
      vertex 13 10.5 17
      vertex 11.4 10.5 17
      vertex 12.9905 10.2821 17
    endloop
  endfacet
  facet normal 0 0 1
    outer loop
      vertex 11.3693 10.7329 17
      vertex 12.962 10.9341 17
      vertex 12.9148 11.147 17
    endloop
  endfacet
  facet normal 0 0 1
    outer loop
      vertex 12.9905 10.2821 17
      vertex 11.4 10.5 17
      vertex 12.962 10.0659 17
    endloop
  endfacet
  facet normal 0 0 1
    outer loop
      vertex 11.3693 10.7329 17
      vertex 12.9148 11.147 17
      vertex 12.8492 11.3551 17
    endloop
  endfacet
  facet normal -0 0 1
    outer loop
      vertex 11.3693 10.2671 17
      vertex 12.962 10.0659 17
      vertex 11.4 10.5 17
    endloop
  endfacet
  facet normal 0 0 1
    outer loop
      vertex 11.3693 10.7329 17
      vertex 12.8492 11.3551 17
      vertex 12.7658 11.5565 17
    endloop
  endfacet
  facet normal 0 0 1
    outer loop
      vertex 12.962 10.0659 17
      vertex 11.3693 10.2671 17
      vertex 12.9148 9.85295 17
    endloop
  endfacet
  facet normal 0 0 1
    outer loop
      vertex 11.2794 10.95 17
      vertex 12.7658 11.5565 17
      vertex 12.6651 11.75 17
    endloop
  endfacet
  facet normal 0 0 1
    outer loop
      vertex 12.9148 9.85295 17
      vertex 11.3693 10.2671 17
      vertex 12.8492 9.64495 17
    endloop
  endfacet
  facet normal 0 0 1
    outer loop
      vertex 11.2794 10.95 17
      vertex 12.6651 11.75 17
      vertex 12.5479 11.9339 17
    endloop
  endfacet
  facet normal 0 0 1
    outer loop
      vertex 12.8492 9.64495 17
      vertex 11.3693 10.2671 17
      vertex 12.7658 9.44345 17
    endloop
  endfacet
  facet normal 0 0 1
    outer loop
      vertex 11.2794 10.95 17
      vertex 12.5479 11.9339 17
      vertex 12.4151 12.107 17
    endloop
  endfacet
  facet normal -0 0 1
    outer loop
      vertex 11.2794 10.05 17
      vertex 12.7658 9.44345 17
      vertex 11.3693 10.2671 17
    endloop
  endfacet
  facet normal 0 0 1
    outer loop
      vertex 11.1364 11.1364 17
      vertex 12.4151 12.107 17
      vertex 12.2678 12.2678 17
    endloop
  endfacet
  facet normal 0 0 1
    outer loop
      vertex 12.7658 9.44345 17
      vertex 11.2794 10.05 17
      vertex 12.6651 9.25 17
    endloop
  endfacet
  facet normal 0 0 1
    outer loop
      vertex 11.1364 11.1364 17
      vertex 12.2678 12.2678 17
      vertex 12.107 12.4151 17
    endloop
  endfacet
  facet normal 0 0 1
    outer loop
      vertex 12.6651 9.25 17
      vertex 11.2794 10.05 17
      vertex 12.5479 9.06606 17
    endloop
  endfacet
  facet normal 0 0 1
    outer loop
      vertex 11.1364 11.1364 17
      vertex 12.107 12.4151 17
      vertex 11.9339 12.5479 17
    endloop
  endfacet
  facet normal 0 0 1
    outer loop
      vertex 12.5479 9.06606 17
      vertex 11.2794 10.05 17
      vertex 12.4151 8.89303 17
    endloop
  endfacet
  facet normal 0 0 1
    outer loop
      vertex 10.95 11.2794 17
      vertex 11.9339 12.5479 17
      vertex 11.75 12.6651 17
    endloop
  endfacet
  facet normal -0 0 1
    outer loop
      vertex 11.1364 9.8636 17
      vertex 12.4151 8.89303 17
      vertex 11.2794 10.05 17
    endloop
  endfacet
  facet normal 0 0 1
    outer loop
      vertex 10.95 11.2794 17
      vertex 11.75 12.6651 17
      vertex 11.5565 12.7658 17
    endloop
  endfacet
  facet normal 0 0 1
    outer loop
      vertex 12.4151 8.89303 17
      vertex 11.1364 9.8636 17
      vertex 12.2678 8.73223 17
    endloop
  endfacet
  facet normal 0 0 1
    outer loop
      vertex 12.2678 8.73223 17
      vertex 11.1364 9.8636 17
      vertex 12.107 8.58489 17
    endloop
  endfacet
  facet normal 0 0 1
    outer loop
      vertex 12.962 10.9341 17
      vertex 11.3693 10.7329 17
      vertex 11.4 10.5 17
    endloop
  endfacet
  facet normal 0 0 1
    outer loop
      vertex 10.95 11.2794 17
      vertex 11.5565 12.7658 17
      vertex 11.3551 12.8492 17
    endloop
  endfacet
  facet normal 0 0 1
    outer loop
      vertex 12.7658 11.5565 17
      vertex 11.2794 10.95 17
      vertex 11.3693 10.7329 17
    endloop
  endfacet
  facet normal 0 0 1
    outer loop
      vertex 10.7329 11.3693 17
      vertex 11.3551 12.8492 17
      vertex 11.147 12.9148 17
    endloop
  endfacet
  facet normal 0 0 1
    outer loop
      vertex 12.4151 12.107 17
      vertex 11.1364 11.1364 17
      vertex 11.2794 10.95 17
    endloop
  endfacet
  facet normal 0 0 1
    outer loop
      vertex 11.9339 12.5479 17
      vertex 10.95 11.2794 17
      vertex 11.1364 11.1364 17
    endloop
  endfacet
  facet normal 0 0 1
    outer loop
      vertex 10.7329 11.3693 17
      vertex 11.147 12.9148 17
      vertex 10.9341 12.962 17
    endloop
  endfacet
  facet normal 0 0 1
    outer loop
      vertex 11.3551 12.8492 17
      vertex 10.7329 11.3693 17
      vertex 10.95 11.2794 17
    endloop
  endfacet
  facet normal 0 0 1
    outer loop
      vertex 10.7179 12.9905 17
      vertex 10.7329 11.3693 17
      vertex 10.9341 12.962 17
    endloop
  endfacet
  facet normal 0 0 1
    outer loop
      vertex 10.5 11.4 17
      vertex 10.7179 12.9905 17
      vertex 10.5 13 17
    endloop
  endfacet
  facet normal 0 0 1
    outer loop
      vertex 10.7179 12.9905 17
      vertex 10.5 11.4 17
      vertex 10.7329 11.3693 17
    endloop
  endfacet
  facet normal -0 0 1
    outer loop
      vertex 10.2821 12.9905 17
      vertex 10.5 11.4 17
      vertex 10.5 13 17
    endloop
  endfacet
  facet normal 0 0 1
    outer loop
      vertex 10.2821 12.9905 17
      vertex 10.2671 11.3693 17
      vertex 10.5 11.4 17
    endloop
  endfacet
  facet normal -0 0 1
    outer loop
      vertex 10.0659 12.962 17
      vertex 10.2671 11.3693 17
      vertex 10.2821 12.9905 17
    endloop
  endfacet
  facet normal -0 0 1
    outer loop
      vertex 9.85295 12.9148 17
      vertex 10.2671 11.3693 17
      vertex 10.0659 12.962 17
    endloop
  endfacet
  facet normal -0 0 1
    outer loop
      vertex 9.64495 12.8492 17
      vertex 10.2671 11.3693 17
      vertex 9.85295 12.9148 17
    endloop
  endfacet
  facet normal 0 0 1
    outer loop
      vertex 10.2671 11.3693 17
      vertex 9.64495 12.8492 17
      vertex 10.05 11.2794 17
    endloop
  endfacet
  facet normal -0 0 1
    outer loop
      vertex 9.44345 12.7658 17
      vertex 10.05 11.2794 17
      vertex 9.64495 12.8492 17
    endloop
  endfacet
  facet normal -0 0 1
    outer loop
      vertex 9.25 12.6651 17
      vertex 10.05 11.2794 17
      vertex 9.44345 12.7658 17
    endloop
  endfacet
  facet normal -0 0 1
    outer loop
      vertex 9.06606 12.5479 17
      vertex 10.05 11.2794 17
      vertex 9.25 12.6651 17
    endloop
  endfacet
  facet normal 0 0 1
    outer loop
      vertex 10.05 11.2794 17
      vertex 9.06606 12.5479 17
      vertex 9.8636 11.1364 17
    endloop
  endfacet
  facet normal -0 0 1
    outer loop
      vertex 8.89303 12.4151 17
      vertex 9.8636 11.1364 17
      vertex 9.06606 12.5479 17
    endloop
  endfacet
  facet normal 0 0 1
    outer loop
      vertex 12.107 8.58489 17
      vertex 11.1364 9.8636 17
      vertex 11.9339 8.45212 17
    endloop
  endfacet
  facet normal -0 0 1
    outer loop
      vertex 10.95 9.72058 17
      vertex 11.9339 8.45212 17
      vertex 11.1364 9.8636 17
    endloop
  endfacet
  facet normal 0 0 1
    outer loop
      vertex 11.9339 8.45212 17
      vertex 10.95 9.72058 17
      vertex 11.75 8.33494 17
    endloop
  endfacet
  facet normal 0 0 1
    outer loop
      vertex 11.75 8.33494 17
      vertex 10.95 9.72058 17
      vertex 11.5565 8.23423 17
    endloop
  endfacet
  facet normal 0 0 1
    outer loop
      vertex 11.5565 8.23423 17
      vertex 10.95 9.72058 17
      vertex 11.3551 8.15077 17
    endloop
  endfacet
  facet normal -0 0 1
    outer loop
      vertex 10.7329 9.63067 17
      vertex 11.3551 8.15077 17
      vertex 10.95 9.72058 17
    endloop
  endfacet
  facet normal 0 0 1
    outer loop
      vertex 11.3551 8.15077 17
      vertex 10.7329 9.63067 17
      vertex 11.147 8.08519 17
    endloop
  endfacet
  facet normal 0 0 1
    outer loop
      vertex 11.147 8.08519 17
      vertex 10.7329 9.63067 17
      vertex 10.9341 8.03798 17
    endloop
  endfacet
  facet normal 0 0 1
    outer loop
      vertex 10.7329 9.63067 17
      vertex 10.7179 8.00951 17
      vertex 10.9341 8.03798 17
    endloop
  endfacet
  facet normal -0 0 1
    outer loop
      vertex 10.5 9.6 17
      vertex 10.7179 8.00951 17
      vertex 10.7329 9.63067 17
    endloop
  endfacet
  facet normal 0 0 1
    outer loop
      vertex 10.5 9.6 17
      vertex 10.5 8 17
      vertex 10.7179 8.00951 17
    endloop
  endfacet
  facet normal 0 0 1
    outer loop
      vertex 10.5 9.6 17
      vertex 10.2821 8.00951 17
      vertex 10.5 8 17
    endloop
  endfacet
  facet normal 0 0 1
    outer loop
      vertex 10.2671 9.63067 17
      vertex 10.2821 8.00951 17
      vertex 10.5 9.6 17
    endloop
  endfacet
  facet normal 0 0 1
    outer loop
      vertex 10.2671 9.63067 17
      vertex 10.0659 8.03798 17
      vertex 10.2821 8.00951 17
    endloop
  endfacet
  facet normal 0 0 1
    outer loop
      vertex 9.64495 8.15077 17
      vertex 10.2671 9.63067 17
      vertex 10.05 9.72058 17
    endloop
  endfacet
  facet normal 0 0 1
    outer loop
      vertex 9.06606 8.45212 17
      vertex 10.05 9.72058 17
      vertex 9.8636 9.8636 17
    endloop
  endfacet
  facet normal 0 0 1
    outer loop
      vertex 10.2671 9.63067 17
      vertex 9.85295 8.08519 17
      vertex 10.0659 8.03798 17
    endloop
  endfacet
  facet normal 0 0 1
    outer loop
      vertex 8.58489 8.89303 17
      vertex 9.8636 9.8636 17
      vertex 9.72058 10.05 17
    endloop
  endfacet
  facet normal 0 0 1
    outer loop
      vertex 10.2671 9.63067 17
      vertex 9.64495 8.15077 17
      vertex 9.85295 8.08519 17
    endloop
  endfacet
  facet normal 0 0 1
    outer loop
      vertex 8.23423 9.44345 17
      vertex 9.72058 10.05 17
      vertex 9.63067 10.2671 17
    endloop
  endfacet
  facet normal 0 0 1
    outer loop
      vertex 8.03798 10.0659 17
      vertex 9.63067 10.2671 17
      vertex 9.6 10.5 17
    endloop
  endfacet
  facet normal -0 0 1
    outer loop
      vertex 8.73223 12.2678 17
      vertex 9.8636 11.1364 17
      vertex 8.89303 12.4151 17
    endloop
  endfacet
  facet normal 0 0 1
    outer loop
      vertex 10.05 9.72058 17
      vertex 9.44345 8.23423 17
      vertex 9.64495 8.15077 17
    endloop
  endfacet
  facet normal -0 0 1
    outer loop
      vertex 8.58489 12.107 17
      vertex 9.8636 11.1364 17
      vertex 8.73223 12.2678 17
    endloop
  endfacet
  facet normal 0 0 1
    outer loop
      vertex 10.05 9.72058 17
      vertex 9.25 8.33494 17
      vertex 9.44345 8.23423 17
    endloop
  endfacet
  facet normal 0 0 1
    outer loop
      vertex 9.8636 11.1364 17
      vertex 8.58489 12.107 17
      vertex 9.72058 10.95 17
    endloop
  endfacet
  facet normal 0 0 1
    outer loop
      vertex 10.05 9.72058 17
      vertex 9.06606 8.45212 17
      vertex 9.25 8.33494 17
    endloop
  endfacet
  facet normal -0 0 1
    outer loop
      vertex 8.45212 11.9339 17
      vertex 9.72058 10.95 17
      vertex 8.58489 12.107 17
    endloop
  endfacet
  facet normal 0 0 1
    outer loop
      vertex 9.8636 9.8636 17
      vertex 8.89303 8.58489 17
      vertex 9.06606 8.45212 17
    endloop
  endfacet
  facet normal -0 0 1
    outer loop
      vertex 8.33494 11.75 17
      vertex 9.72058 10.95 17
      vertex 8.45212 11.9339 17
    endloop
  endfacet
  facet normal 0 0 1
    outer loop
      vertex 9.8636 9.8636 17
      vertex 8.73223 8.73223 17
      vertex 8.89303 8.58489 17
    endloop
  endfacet
  facet normal -0 0 1
    outer loop
      vertex 8.23423 11.5565 17
      vertex 9.72058 10.95 17
      vertex 8.33494 11.75 17
    endloop
  endfacet
  facet normal 0 0 1
    outer loop
      vertex 9.8636 9.8636 17
      vertex 8.58489 8.89303 17
      vertex 8.73223 8.73223 17
    endloop
  endfacet
  facet normal 0 0 1
    outer loop
      vertex 9.72058 10.95 17
      vertex 8.23423 11.5565 17
      vertex 9.63067 10.7329 17
    endloop
  endfacet
  facet normal 0 0 1
    outer loop
      vertex 9.72058 10.05 17
      vertex 8.45212 9.06606 17
      vertex 8.58489 8.89303 17
    endloop
  endfacet
  facet normal -0 0 1
    outer loop
      vertex 8.15077 11.3551 17
      vertex 9.63067 10.7329 17
      vertex 8.23423 11.5565 17
    endloop
  endfacet
  facet normal 0 0 1
    outer loop
      vertex 9.72058 10.05 17
      vertex 8.33494 9.25 17
      vertex 8.45212 9.06606 17
    endloop
  endfacet
  facet normal -0 0 1
    outer loop
      vertex 8.08519 11.147 17
      vertex 9.63067 10.7329 17
      vertex 8.15077 11.3551 17
    endloop
  endfacet
  facet normal 0 0 1
    outer loop
      vertex 9.72058 10.05 17
      vertex 8.23423 9.44345 17
      vertex 8.33494 9.25 17
    endloop
  endfacet
  facet normal -0 0 1
    outer loop
      vertex 8.03798 10.9341 17
      vertex 9.63067 10.7329 17
      vertex 8.08519 11.147 17
    endloop
  endfacet
  facet normal 0 0 1
    outer loop
      vertex 9.63067 10.2671 17
      vertex 8.15077 9.64495 17
      vertex 8.23423 9.44345 17
    endloop
  endfacet
  facet normal 0 0 1
    outer loop
      vertex 9.63067 10.7329 17
      vertex 8.03798 10.9341 17
      vertex 9.6 10.5 17
    endloop
  endfacet
  facet normal 0 0 1
    outer loop
      vertex 9.63067 10.2671 17
      vertex 8.08519 9.85295 17
      vertex 8.15077 9.64495 17
    endloop
  endfacet
  facet normal -0 0 1
    outer loop
      vertex 8.00951 10.7179 17
      vertex 9.6 10.5 17
      vertex 8.03798 10.9341 17
    endloop
  endfacet
  facet normal 0 0 1
    outer loop
      vertex 9.63067 10.2671 17
      vertex 8.03798 10.0659 17
      vertex 8.08519 9.85295 17
    endloop
  endfacet
  facet normal 0 0 1
    outer loop
      vertex 8 10.5 17
      vertex 9.6 10.5 17
      vertex 8.00951 10.7179 17
    endloop
  endfacet
  facet normal 0 0 1
    outer loop
      vertex 9.6 10.5 17
      vertex 8.00951 10.2821 17
      vertex 8.03798 10.0659 17
    endloop
  endfacet
  facet normal 0 0 1
    outer loop
      vertex 9.6 10.5 17
      vertex 8 10.5 17
      vertex 8.00951 10.2821 17
    endloop
  endfacet
  facet normal 0.887067 0.461641 0
    outer loop
      vertex 12.7658 11.5565 17
      vertex 12.6651 11.75 13
      vertex 12.6651 11.75 17
    endloop
  endfacet
  facet normal 0.887067 0.461641 0
    outer loop
      vertex 12.6651 11.75 13
      vertex 12.7658 11.5565 17
      vertex 12.7658 11.5565 13
    endloop
  endfacet
  facet normal -0.976296 -0.21644 0
    outer loop
      vertex 8.08519 9.85295 13
      vertex 8.03798 10.0659 17
      vertex 8.03798 10.0659 13
    endloop
  endfacet
  facet normal -0.976296 -0.21644 0
    outer loop
      vertex 8.03798 10.0659 17
      vertex 8.08519 9.85295 13
      vertex 8.08519 9.85295 17
    endloop
  endfacet
  facet normal 0.991423 0.130692 0
    outer loop
      vertex 12.9905 10.7179 17
      vertex 12.962 10.9341 13
      vertex 12.962 10.9341 17
    endloop
  endfacet
  facet normal 0.991423 0.130692 0
    outer loop
      vertex 12.962 10.9341 13
      vertex 12.9905 10.7179 17
      vertex 12.9905 10.7179 13
    endloop
  endfacet
  facet normal 0.953693 -0.30078 0
    outer loop
      vertex 12.8492 9.64495 17
      vertex 12.9148 9.85295 13
      vertex 12.9148 9.85295 17
    endloop
  endfacet
  facet normal 0.953693 -0.30078 0
    outer loop
      vertex 12.9148 9.85295 13
      vertex 12.8492 9.64495 17
      vertex 12.8492 9.64495 13
    endloop
  endfacet
  facet normal -0.793474 0.608605 0
    outer loop
      vertex 8.45212 11.9339 13
      vertex 8.58489 12.107 17
      vertex 8.58489 12.107 13
    endloop
  endfacet
  facet normal -0.793474 0.608605 0
    outer loop
      vertex 8.58489 12.107 17
      vertex 8.45212 11.9339 13
      vertex 8.45212 11.9339 17
    endloop
  endfacet
  facet normal -0.95372 -0.300697 0
    outer loop
      vertex 8.15077 9.64495 13
      vertex 8.08519 9.85295 17
      vertex 8.08519 9.85295 13
    endloop
  endfacet
  facet normal -0.95372 -0.300697 0
    outer loop
      vertex 8.08519 9.85295 17
      vertex 8.15077 9.64495 13
      vertex 8.15077 9.64495 17
    endloop
  endfacet
  facet normal 0.793288 -0.608846 0
    outer loop
      vertex 12.4151 8.89303 17
      vertex 12.5479 9.06606 13
      vertex 12.5479 9.06606 17
    endloop
  endfacet
  facet normal 0.793288 -0.608846 0
    outer loop
      vertex 12.5479 9.06606 13
      vertex 12.4151 8.89303 17
      vertex 12.4151 8.89303 13
    endloop
  endfacet
  facet normal -0.991441 0.130557 0
    outer loop
      vertex 8.00951 10.7179 13
      vertex 8.03798 10.9341 17
      vertex 8.03798 10.9341 13
    endloop
  endfacet
  facet normal -0.991441 0.130557 0
    outer loop
      vertex 8.03798 10.9341 17
      vertex 8.00951 10.7179 13
      vertex 8.00951 10.7179 17
    endloop
  endfacet
  facet normal 0.953735 0.300649 0
    outer loop
      vertex 12.9148 11.147 17
      vertex 12.8492 11.3551 13
      vertex 12.8492 11.3551 17
    endloop
  endfacet
  facet normal 0.953735 0.300649 0
    outer loop
      vertex 12.8492 11.3551 13
      vertex 12.9148 11.147 17
      vertex 12.9148 11.147 13
    endloop
  endfacet
  facet normal 0.0435566 0.999051 -0
    outer loop
      vertex 10.7179 12.9905 13
      vertex 10.5 13 17
      vertex 10.7179 12.9905 17
    endloop
  endfacet
  facet normal 0.0435566 0.999051 0
    outer loop
      vertex 10.5 13 17
      vertex 10.7179 12.9905 13
      vertex 10.5 13 13
    endloop
  endfacet
  facet normal -0.843397 -0.537291 0
    outer loop
      vertex 8.45212 9.06606 13
      vertex 8.33494 9.25 17
      vertex 8.33494 9.25 13
    endloop
  endfacet
  facet normal -0.843397 -0.537291 0
    outer loop
      vertex 8.33494 9.25 17
      vertex 8.45212 9.06606 13
      vertex 8.45212 9.06606 17
    endloop
  endfacet
  facet normal 0.887018 -0.461735 0
    outer loop
      vertex 12.6651 9.25 17
      vertex 12.7658 9.44345 13
      vertex 12.7658 9.44345 17
    endloop
  endfacet
  facet normal 0.887018 -0.461735 0
    outer loop
      vertex 12.7658 9.44345 13
      vertex 12.6651 9.25 17
      vertex 12.6651 9.25 13
    endloop
  endfacet
  facet normal 0.461641 0.887067 -0
    outer loop
      vertex 11.75 12.6651 13
      vertex 11.5565 12.7658 17
      vertex 11.75 12.6651 17
    endloop
  endfacet
  facet normal 0.461641 0.887067 0
    outer loop
      vertex 11.5565 12.7658 17
      vertex 11.75 12.6651 13
      vertex 11.5565 12.7658 13
    endloop
  endfacet
  facet normal 0.675575 -0.737291 0
    outer loop
      vertex 12.107 8.58489 13
      vertex 12.2678 8.73223 17
      vertex 12.107 8.58489 17
    endloop
  endfacet
  facet normal 0.675575 -0.737291 0
    outer loop
      vertex 12.2678 8.73223 17
      vertex 12.107 8.58489 13
      vertex 12.2678 8.73223 13
    endloop
  endfacet
  facet normal -0.976285 0.216489 0
    outer loop
      vertex 8.03798 10.9341 13
      vertex 8.08519 11.147 17
      vertex 8.08519 11.147 13
    endloop
  endfacet
  facet normal -0.976285 0.216489 0
    outer loop
      vertex 8.08519 11.147 17
      vertex 8.03798 10.9341 13
      vertex 8.03798 10.9341 17
    endloop
  endfacet
  facet normal 0.843303 0.537439 0
    outer loop
      vertex 12.6651 11.75 17
      vertex 12.5479 11.9339 13
      vertex 12.5479 11.9339 17
    endloop
  endfacet
  facet normal 0.843303 0.537439 0
    outer loop
      vertex 12.5479 11.9339 13
      vertex 12.6651 11.75 17
      vertex 12.6651 11.75 13
    endloop
  endfacet
  facet normal -0.608846 0.793288 0
    outer loop
      vertex 9.06606 12.5479 13
      vertex 8.89303 12.4151 17
      vertex 9.06606 12.5479 17
    endloop
  endfacet
  facet normal -0.608846 0.793288 0
    outer loop
      vertex 8.89303 12.4151 17
      vertex 9.06606 12.5479 13
      vertex 8.89303 12.4151 13
    endloop
  endfacet
  facet normal -0.737291 0.675575 0
    outer loop
      vertex 8.58489 12.107 13
      vertex 8.73223 12.2678 17
      vertex 8.73223 12.2678 13
    endloop
  endfacet
  facet normal -0.737291 0.675575 0
    outer loop
      vertex 8.73223 12.2678 17
      vertex 8.58489 12.107 13
      vertex 8.58489 12.107 17
    endloop
  endfacet
  facet normal -0.130692 0.991423 0
    outer loop
      vertex 10.2821 12.9905 13
      vertex 10.0659 12.962 17
      vertex 10.2821 12.9905 17
    endloop
  endfacet
  facet normal -0.130692 0.991423 0
    outer loop
      vertex 10.0659 12.962 17
      vertex 10.2821 12.9905 13
      vertex 10.0659 12.962 13
    endloop
  endfacet
  facet normal -0.999049 -0.0436024 0
    outer loop
      vertex 8.00951 10.2821 13
      vertex 8 10.5 17
      vertex 8 10.5 13
    endloop
  endfacet
  facet normal -0.999049 -0.0436024 0
    outer loop
      vertex 8 10.5 17
      vertex 8.00951 10.2821 13
      vertex 8.00951 10.2821 17
    endloop
  endfacet
  facet normal -0.461735 0.887018 0
    outer loop
      vertex 9.44345 12.7658 13
      vertex 9.25 12.6651 17
      vertex 9.44345 12.7658 17
    endloop
  endfacet
  facet normal -0.461735 0.887018 0
    outer loop
      vertex 9.25 12.6651 17
      vertex 9.44345 12.7658 13
      vertex 9.25 12.6651 13
    endloop
  endfacet
  facet normal 0.991423 -0.130692 0
    outer loop
      vertex 12.962 10.0659 17
      vertex 12.9905 10.2821 13
      vertex 12.9905 10.2821 17
    endloop
  endfacet
  facet normal 0.991423 -0.130692 0
    outer loop
      vertex 12.9905 10.2821 13
      vertex 12.962 10.0659 17
      vertex 12.962 10.0659 13
    endloop
  endfacet
  facet normal -0.60876 -0.793355 0
    outer loop
      vertex 8.89303 8.58489 13
      vertex 9.06606 8.45212 17
      vertex 8.89303 8.58489 17
    endloop
  endfacet
  facet normal -0.60876 -0.793355 -0
    outer loop
      vertex 9.06606 8.45212 17
      vertex 8.89303 8.58489 13
      vertex 9.06606 8.45212 13
    endloop
  endfacet
  facet normal -0.675575 -0.737291 0
    outer loop
      vertex 8.73223 8.73223 13
      vertex 8.89303 8.58489 17
      vertex 8.73223 8.73223 17
    endloop
  endfacet
  facet normal -0.675575 -0.737291 -0
    outer loop
      vertex 8.89303 8.58489 17
      vertex 8.73223 8.73223 13
      vertex 8.89303 8.58489 13
    endloop
  endfacet
  facet normal 0.675475 0.737383 -0
    outer loop
      vertex 12.2678 12.2678 13
      vertex 12.107 12.4151 17
      vertex 12.2678 12.2678 17
    endloop
  endfacet
  facet normal 0.675475 0.737383 0
    outer loop
      vertex 12.107 12.4151 17
      vertex 12.2678 12.2678 13
      vertex 12.107 12.4151 13
    endloop
  endfacet
  facet normal -0.923886 -0.382668 0
    outer loop
      vertex 8.23423 9.44345 13
      vertex 8.15077 9.64495 17
      vertex 8.15077 9.64495 13
    endloop
  endfacet
  facet normal -0.923886 -0.382668 0
    outer loop
      vertex 8.15077 9.64495 17
      vertex 8.23423 9.44345 13
      vertex 8.23423 9.44345 17
    endloop
  endfacet
  facet normal 0.737383 0.675475 0
    outer loop
      vertex 12.4151 12.107 17
      vertex 12.2678 12.2678 13
      vertex 12.2678 12.2678 17
    endloop
  endfacet
  facet normal 0.737383 0.675475 0
    outer loop
      vertex 12.2678 12.2678 13
      vertex 12.4151 12.107 17
      vertex 12.4151 12.107 13
    endloop
  endfacet
  facet normal -0.21644 -0.976296 0
    outer loop
      vertex 9.85295 8.08519 13
      vertex 10.0659 8.03798 17
      vertex 9.85295 8.08519 17
    endloop
  endfacet
  facet normal -0.21644 -0.976296 -0
    outer loop
      vertex 10.0659 8.03798 17
      vertex 9.85295 8.08519 13
      vertex 10.0659 8.03798 13
    endloop
  endfacet
  facet normal 0.216445 0.976295 -0
    outer loop
      vertex 11.147 12.9148 13
      vertex 10.9341 12.962 17
      vertex 11.147 12.9148 17
    endloop
  endfacet
  facet normal 0.216445 0.976295 0
    outer loop
      vertex 10.9341 12.962 17
      vertex 11.147 12.9148 13
      vertex 10.9341 12.962 13
    endloop
  endfacet
  facet normal 0.300649 0.953735 -0
    outer loop
      vertex 11.3551 12.8492 13
      vertex 11.147 12.9148 17
      vertex 11.3551 12.8492 17
    endloop
  endfacet
  facet normal 0.300649 0.953735 0
    outer loop
      vertex 11.147 12.9148 17
      vertex 11.3551 12.8492 13
      vertex 11.147 12.9148 13
    endloop
  endfacet
  facet normal 0.923983 -0.382433 0
    outer loop
      vertex 12.7658 9.44345 17
      vertex 12.8492 9.64495 13
      vertex 12.8492 9.64495 17
    endloop
  endfacet
  facet normal 0.923983 -0.382433 0
    outer loop
      vertex 12.8492 9.64495 13
      vertex 12.7658 9.44345 17
      vertex 12.7658 9.44345 13
    endloop
  endfacet
  facet normal 0.130692 0.991423 -0
    outer loop
      vertex 10.9341 12.962 13
      vertex 10.7179 12.9905 17
      vertex 10.9341 12.962 17
    endloop
  endfacet
  facet normal 0.130692 0.991423 0
    outer loop
      vertex 10.7179 12.9905 17
      vertex 10.9341 12.962 13
      vertex 10.7179 12.9905 13
    endloop
  endfacet
  facet normal -0.0436024 -0.999049 0
    outer loop
      vertex 10.2821 8.00951 13
      vertex 10.5 8 17
      vertex 10.2821 8.00951 17
    endloop
  endfacet
  facet normal -0.0436024 -0.999049 -0
    outer loop
      vertex 10.5 8 17
      vertex 10.2821 8.00951 13
      vertex 10.5 8 13
    endloop
  endfacet
  facet normal -0.843344 0.537374 0
    outer loop
      vertex 8.33494 11.75 13
      vertex 8.45212 11.9339 17
      vertex 8.45212 11.9339 13
    endloop
  endfacet
  facet normal -0.843344 0.537374 0
    outer loop
      vertex 8.45212 11.9339 17
      vertex 8.33494 11.75 13
      vertex 8.33494 11.75 17
    endloop
  endfacet
  facet normal -0.382668 -0.923886 0
    outer loop
      vertex 9.44345 8.23423 13
      vertex 9.64495 8.15077 17
      vertex 9.44345 8.23423 17
    endloop
  endfacet
  facet normal -0.382668 -0.923886 -0
    outer loop
      vertex 9.64495 8.15077 17
      vertex 9.44345 8.23423 13
      vertex 9.64495 8.15077 13
    endloop
  endfacet
  facet normal 0.976306 -0.216396 0
    outer loop
      vertex 12.9148 9.85295 17
      vertex 12.962 10.0659 13
      vertex 12.962 10.0659 17
    endloop
  endfacet
  facet normal 0.976306 -0.216396 0
    outer loop
      vertex 12.962 10.0659 13
      vertex 12.9148 9.85295 17
      vertex 12.9148 9.85295 13
    endloop
  endfacet
  facet normal 0.737383 -0.675475 0
    outer loop
      vertex 12.2678 8.73223 17
      vertex 12.4151 8.89303 13
      vertex 12.4151 8.89303 17
    endloop
  endfacet
  facet normal 0.737383 -0.675475 0
    outer loop
      vertex 12.4151 8.89303 13
      vertex 12.2678 8.73223 17
      vertex 12.2678 8.73223 13
    endloop
  endfacet
  facet normal -0.461771 -0.886999 0
    outer loop
      vertex 9.25 8.33494 13
      vertex 9.44345 8.23423 17
      vertex 9.25 8.33494 17
    endloop
  endfacet
  facet normal -0.461771 -0.886999 -0
    outer loop
      vertex 9.44345 8.23423 17
      vertex 9.25 8.33494 13
      vertex 9.44345 8.23423 13
    endloop
  endfacet
  facet normal -0.537356 0.843356 0
    outer loop
      vertex 9.25 12.6651 13
      vertex 9.06606 12.5479 17
      vertex 9.25 12.6651 17
    endloop
  endfacet
  facet normal -0.537356 0.843356 0
    outer loop
      vertex 9.06606 12.5479 17
      vertex 9.25 12.6651 13
      vertex 9.06606 12.5479 13
    endloop
  endfacet
  facet normal -0.923819 0.38283 0
    outer loop
      vertex 8.15077 11.3551 13
      vertex 8.23423 11.5565 17
      vertex 8.23423 11.5565 13
    endloop
  endfacet
  facet normal -0.923819 0.38283 0
    outer loop
      vertex 8.23423 11.5565 17
      vertex 8.15077 11.3551 13
      vertex 8.15077 11.3551 17
    endloop
  endfacet
  facet normal -0.953761 0.300565 0
    outer loop
      vertex 8.08519 11.147 13
      vertex 8.15077 11.3551 17
      vertex 8.15077 11.3551 13
    endloop
  endfacet
  facet normal -0.953761 0.300565 0
    outer loop
      vertex 8.15077 11.3551 17
      vertex 8.08519 11.147 13
      vertex 8.08519 11.147 17
    endloop
  endfacet
  facet normal 0.991423 -0.130692 0
    outer loop
      vertex 25.462 10.0659 17
      vertex 25.4905 10.2821 13
      vertex 25.4905 10.2821 17
    endloop
  endfacet
  facet normal 0.991423 -0.130692 0
    outer loop
      vertex 25.4905 10.2821 13
      vertex 25.462 10.0659 17
      vertex 25.462 10.0659 13
    endloop
  endfacet
  facet normal 0.976295 0.216445 0
    outer loop
      vertex 25.462 10.9341 17
      vertex 25.4148 11.147 13
      vertex 25.4148 11.147 17
    endloop
  endfacet
  facet normal 0.976295 0.216445 0
    outer loop
      vertex 25.4148 11.147 13
      vertex 25.462 10.9341 17
      vertex 25.462 10.9341 13
    endloop
  endfacet
  facet normal -0.461641 0.887067 0
    outer loop
      vertex 21.9435 12.7658 13
      vertex 21.75 12.6651 17
      vertex 21.9435 12.7658 17
    endloop
  endfacet
  facet normal -0.461641 0.887067 0
    outer loop
      vertex 21.75 12.6651 17
      vertex 21.9435 12.7658 13
      vertex 21.75 12.6651 13
    endloop
  endfacet
  facet normal 0.0436024 -0.999049 0
    outer loop
      vertex 23 8 13
      vertex 23.2179 8.00951 17
      vertex 23 8 17
    endloop
  endfacet
  facet normal 0.0436024 -0.999049 0
    outer loop
      vertex 23.2179 8.00951 17
      vertex 23 8 13
      vertex 23.2179 8.00951 13
    endloop
  endfacet
  facet normal 0.999051 0.0435566 0
    outer loop
      vertex 25.5 10.5 17
      vertex 25.4905 10.7179 13
      vertex 25.4905 10.7179 17
    endloop
  endfacet
  facet normal 0.999051 0.0435566 0
    outer loop
      vertex 25.4905 10.7179 13
      vertex 25.5 10.5 17
      vertex 25.5 10.5 13
    endloop
  endfacet
  facet normal -0.843303 0.537439 0
    outer loop
      vertex 20.8349 11.75 13
      vertex 20.9521 11.9339 17
      vertex 20.9521 11.9339 13
    endloop
  endfacet
  facet normal -0.843303 0.537439 0
    outer loop
      vertex 20.9521 11.9339 17
      vertex 20.8349 11.75 13
      vertex 20.8349 11.75 17
    endloop
  endfacet
  facet normal 0.923916 0.382595 0
    outer loop
      vertex 25.3492 11.3551 17
      vertex 25.2658 11.5565 13
      vertex 25.2658 11.5565 17
    endloop
  endfacet
  facet normal 0.923916 0.382595 0
    outer loop
      vertex 25.2658 11.5565 13
      vertex 25.3492 11.3551 17
      vertex 25.3492 11.3551 13
    endloop
  endfacet
  facet normal -0.216445 0.976295 0
    outer loop
      vertex 22.5659 12.962 13
      vertex 22.353 12.9148 17
      vertex 22.5659 12.962 17
    endloop
  endfacet
  facet normal -0.216445 0.976295 0
    outer loop
      vertex 22.353 12.9148 17
      vertex 22.5659 12.962 13
      vertex 22.353 12.9148 13
    endloop
  endfacet
  facet normal -0.923916 0.382595 0
    outer loop
      vertex 20.6508 11.3551 13
      vertex 20.7342 11.5565 17
      vertex 20.7342 11.5565 13
    endloop
  endfacet
  facet normal -0.923916 0.382595 0
    outer loop
      vertex 20.7342 11.5565 17
      vertex 20.6508 11.3551 13
      vertex 20.6508 11.3551 17
    endloop
  endfacet
  facet normal -0.793288 -0.608846 0
    outer loop
      vertex 21.0849 8.89303 13
      vertex 20.9521 9.06606 17
      vertex 20.9521 9.06606 13
    endloop
  endfacet
  facet normal -0.793288 -0.608846 0
    outer loop
      vertex 20.9521 9.06606 17
      vertex 21.0849 8.89303 13
      vertex 21.0849 8.89303 17
    endloop
  endfacet
  facet normal 0.30078 0.953693 -0
    outer loop
      vertex 23.855 12.8492 13
      vertex 23.647 12.9148 17
      vertex 23.855 12.8492 17
    endloop
  endfacet
  facet normal 0.30078 0.953693 0
    outer loop
      vertex 23.647 12.9148 17
      vertex 23.855 12.8492 13
      vertex 23.647 12.9148 13
    endloop
  endfacet
  facet normal 0.887018 -0.461735 0
    outer loop
      vertex 25.1651 9.25 17
      vertex 25.2658 9.44345 13
      vertex 25.2658 9.44345 17
    endloop
  endfacet
  facet normal 0.887018 -0.461735 0
    outer loop
      vertex 25.2658 9.44345 13
      vertex 25.1651 9.25 17
      vertex 25.1651 9.25 13
    endloop
  endfacet
  facet normal -0.300649 0.953735 0
    outer loop
      vertex 22.353 12.9148 13
      vertex 22.1449 12.8492 17
      vertex 22.353 12.9148 17
    endloop
  endfacet
  facet normal -0.300649 0.953735 0
    outer loop
      vertex 22.1449 12.8492 17
      vertex 22.353 12.9148 13
      vertex 22.1449 12.8492 13
    endloop
  endfacet
  facet normal 0.300697 -0.95372 0
    outer loop
      vertex 23.647 8.08519 13
      vertex 23.855 8.15077 17
      vertex 23.647 8.08519 17
    endloop
  endfacet
  facet normal 0.300697 -0.95372 0
    outer loop
      vertex 23.855 8.15077 17
      vertex 23.647 8.08519 13
      vertex 23.855 8.15077 13
    endloop
  endfacet
  facet normal 0.382433 0.923983 -0
    outer loop
      vertex 24.0565 12.7658 13
      vertex 23.855 12.8492 17
      vertex 24.0565 12.7658 17
    endloop
  endfacet
  facet normal 0.382433 0.923983 0
    outer loop
      vertex 23.855 12.8492 17
      vertex 24.0565 12.7658 13
      vertex 23.855 12.8492 13
    endloop
  endfacet
  facet normal 0.461677 -0.887048 0
    outer loop
      vertex 24.0565 8.23423 13
      vertex 24.25 8.33494 17
      vertex 24.0565 8.23423 17
    endloop
  endfacet
  facet normal 0.461677 -0.887048 0
    outer loop
      vertex 24.25 8.33494 17
      vertex 24.0565 8.23423 13
      vertex 24.25 8.33494 13
    endloop
  endfacet
  facet normal 0.843356 -0.537356 0
    outer loop
      vertex 25.0479 9.06606 17
      vertex 25.1651 9.25 13
      vertex 25.1651 9.25 17
    endloop
  endfacet
  facet normal 0.843356 -0.537356 0
    outer loop
      vertex 25.1651 9.25 13
      vertex 25.0479 9.06606 17
      vertex 25.0479 9.06606 13
    endloop
  endfacet
  facet normal -0.537374 -0.843344 0
    outer loop
      vertex 21.5661 8.45212 13
      vertex 21.75 8.33494 17
      vertex 21.5661 8.45212 17
    endloop
  endfacet
  facet normal -0.537374 -0.843344 -0
    outer loop
      vertex 21.75 8.33494 17
      vertex 21.5661 8.45212 13
      vertex 21.75 8.33494 13
    endloop
  endfacet
  facet normal -0.675575 -0.737291 0
    outer loop
      vertex 21.2322 8.73223 13
      vertex 21.393 8.58489 17
      vertex 21.2322 8.73223 17
    endloop
  endfacet
  facet normal -0.675575 -0.737291 -0
    outer loop
      vertex 21.393 8.58489 17
      vertex 21.2322 8.73223 13
      vertex 21.393 8.58489 13
    endloop
  endfacet
  facet normal 0.608691 0.793407 -0
    outer loop
      vertex 24.607 12.4151 13
      vertex 24.4339 12.5479 17
      vertex 24.607 12.4151 17
    endloop
  endfacet
  facet normal 0.608691 0.793407 0
    outer loop
      vertex 24.4339 12.5479 17
      vertex 24.607 12.4151 13
      vertex 24.4339 12.5479 13
    endloop
  endfacet
  facet normal 0.999051 -0.0435566 0
    outer loop
      vertex 25.4905 10.2821 17
      vertex 25.5 10.5 13
      vertex 25.5 10.5 17
    endloop
  endfacet
  facet normal 0.999051 -0.0435566 0
    outer loop
      vertex 25.5 10.5 13
      vertex 25.4905 10.2821 17
      vertex 25.4905 10.2821 13
    endloop
  endfacet
  facet normal -0.999051 -0.0435566 0
    outer loop
      vertex 20.5095 10.2821 13
      vertex 20.5 10.5 17
      vertex 20.5 10.5 13
    endloop
  endfacet
  facet normal -0.999051 -0.0435566 0
    outer loop
      vertex 20.5 10.5 17
      vertex 20.5095 10.2821 13
      vertex 20.5095 10.2821 17
    endloop
  endfacet
  facet normal 0.923983 -0.382433 0
    outer loop
      vertex 25.2658 9.44345 17
      vertex 25.3492 9.64495 13
      vertex 25.3492 9.64495 17
    endloop
  endfacet
  facet normal 0.923983 -0.382433 0
    outer loop
      vertex 25.3492 9.64495 13
      vertex 25.2658 9.44345 17
      vertex 25.2658 9.44345 13
    endloop
  endfacet
  facet normal 0.130557 -0.991441 0
    outer loop
      vertex 23.2179 8.00951 13
      vertex 23.4341 8.03798 17
      vertex 23.2179 8.00951 17
    endloop
  endfacet
  facet normal 0.130557 -0.991441 0
    outer loop
      vertex 23.4341 8.03798 17
      vertex 23.2179 8.00951 13
      vertex 23.4341 8.03798 13
    endloop
  endfacet
  facet normal -0.130692 0.991423 0
    outer loop
      vertex 22.7821 12.9905 13
      vertex 22.5659 12.962 17
      vertex 22.7821 12.9905 17
    endloop
  endfacet
  facet normal -0.130692 0.991423 0
    outer loop
      vertex 22.5659 12.962 17
      vertex 22.7821 12.9905 13
      vertex 22.5659 12.962 13
    endloop
  endfacet
  facet normal 0.537439 0.843303 -0
    outer loop
      vertex 24.4339 12.5479 13
      vertex 24.25 12.6651 17
      vertex 24.4339 12.5479 17
    endloop
  endfacet
  facet normal 0.537439 0.843303 0
    outer loop
      vertex 24.25 12.6651 17
      vertex 24.4339 12.5479 13
      vertex 24.25 12.6651 13
    endloop
  endfacet
  facet normal 0.793407 0.608691 0
    outer loop
      vertex 25.0479 11.9339 17
      vertex 24.9151 12.107 13
      vertex 24.9151 12.107 17
    endloop
  endfacet
  facet normal 0.793407 0.608691 0
    outer loop
      vertex 24.9151 12.107 13
      vertex 25.0479 11.9339 17
      vertex 25.0479 11.9339 13
    endloop
  endfacet
  facet normal -0.953693 -0.30078 0
    outer loop
      vertex 20.6508 9.64495 13
      vertex 20.5852 9.85295 17
      vertex 20.5852 9.85295 13
    endloop
  endfacet
  facet normal -0.953693 -0.30078 0
    outer loop
      vertex 20.5852 9.85295 17
      vertex 20.6508 9.64495 13
      vertex 20.6508 9.64495 17
    endloop
  endfacet
  facet normal 0.216489 -0.976285 0
    outer loop
      vertex 23.4341 8.03798 13
      vertex 23.647 8.08519 17
      vertex 23.4341 8.03798 17
    endloop
  endfacet
  facet normal 0.216489 -0.976285 0
    outer loop
      vertex 23.647 8.08519 17
      vertex 23.4341 8.03798 13
      vertex 23.647 8.08519 13
    endloop
  endfacet
  facet normal -0.382595 0.923916 0
    outer loop
      vertex 22.1449 12.8492 13
      vertex 21.9435 12.7658 17
      vertex 22.1449 12.8492 17
    endloop
  endfacet
  facet normal -0.382595 0.923916 0
    outer loop
      vertex 21.9435 12.7658 17
      vertex 22.1449 12.8492 13
      vertex 21.9435 12.7658 13
    endloop
  endfacet
  facet normal -0.675475 0.737383 0
    outer loop
      vertex 21.393 12.4151 13
      vertex 21.2322 12.2678 17
      vertex 21.393 12.4151 17
    endloop
  endfacet
  facet normal -0.675475 0.737383 0
    outer loop
      vertex 21.2322 12.2678 17
      vertex 21.393 12.4151 13
      vertex 21.2322 12.2678 13
    endloop
  endfacet
  facet normal 0.953735 0.300649 0
    outer loop
      vertex 25.4148 11.147 17
      vertex 25.3492 11.3551 13
      vertex 25.3492 11.3551 17
    endloop
  endfacet
  facet normal 0.953735 0.300649 0
    outer loop
      vertex 25.3492 11.3551 13
      vertex 25.4148 11.147 17
      vertex 25.4148 11.147 13
    endloop
  endfacet
  facet normal 0.887067 0.461641 0
    outer loop
      vertex 25.2658 11.5565 17
      vertex 25.1651 11.75 13
      vertex 25.1651 11.75 17
    endloop
  endfacet
  facet normal 0.887067 0.461641 0
    outer loop
      vertex 25.1651 11.75 13
      vertex 25.2658 11.5565 17
      vertex 25.2658 11.5565 13
    endloop
  endfacet
  facet normal -0.923983 -0.382433 0
    outer loop
      vertex 20.7342 9.44345 13
      vertex 20.6508 9.64495 17
      vertex 20.6508 9.64495 13
    endloop
  endfacet
  facet normal -0.923983 -0.382433 0
    outer loop
      vertex 20.6508 9.64495 17
      vertex 20.7342 9.44345 13
      vertex 20.7342 9.44345 17
    endloop
  endfacet
  facet normal 0.991423 0.130692 0
    outer loop
      vertex 25.4905 10.7179 17
      vertex 25.462 10.9341 13
      vertex 25.462 10.9341 17
    endloop
  endfacet
  facet normal 0.991423 0.130692 0
    outer loop
      vertex 25.462 10.9341 13
      vertex 25.4905 10.7179 17
      vertex 25.4905 10.7179 13
    endloop
  endfacet
  facet normal 0.537374 -0.843344 0
    outer loop
      vertex 24.25 8.33494 13
      vertex 24.4339 8.45212 17
      vertex 24.25 8.33494 17
    endloop
  endfacet
  facet normal 0.537374 -0.843344 0
    outer loop
      vertex 24.4339 8.45212 17
      vertex 24.25 8.33494 13
      vertex 24.4339 8.45212 13
    endloop
  endfacet
  facet normal 0.737383 0.675475 0
    outer loop
      vertex 24.9151 12.107 17
      vertex 24.7678 12.2678 13
      vertex 24.7678 12.2678 17
    endloop
  endfacet
  facet normal 0.737383 0.675475 0
    outer loop
      vertex 24.7678 12.2678 13
      vertex 24.9151 12.107 17
      vertex 24.9151 12.107 13
    endloop
  endfacet
  facet normal 0.675475 0.737383 -0
    outer loop
      vertex 24.7678 12.2678 13
      vertex 24.607 12.4151 17
      vertex 24.7678 12.2678 17
    endloop
  endfacet
  facet normal 0.675475 0.737383 0
    outer loop
      vertex 24.607 12.4151 17
      vertex 24.7678 12.2678 13
      vertex 24.607 12.4151 13
    endloop
  endfacet
  facet normal 0.130692 0.991423 -0
    outer loop
      vertex 23.4341 12.962 13
      vertex 23.2179 12.9905 17
      vertex 23.4341 12.962 17
    endloop
  endfacet
  facet normal 0.130692 0.991423 0
    outer loop
      vertex 23.2179 12.9905 17
      vertex 23.4341 12.962 13
      vertex 23.2179 12.9905 13
    endloop
  endfacet
  facet normal 0.793288 -0.608846 0
    outer loop
      vertex 24.9151 8.89303 17
      vertex 25.0479 9.06606 13
      vertex 25.0479 9.06606 17
    endloop
  endfacet
  facet normal 0.793288 -0.608846 0
    outer loop
      vertex 25.0479 9.06606 13
      vertex 24.9151 8.89303 17
      vertex 24.9151 8.89303 13
    endloop
  endfacet
  facet normal 0.953693 -0.30078 0
    outer loop
      vertex 25.3492 9.64495 17
      vertex 25.4148 9.85295 13
      vertex 25.4148 9.85295 17
    endloop
  endfacet
  facet normal 0.953693 -0.30078 0
    outer loop
      vertex 25.4148 9.85295 13
      vertex 25.3492 9.64495 17
      vertex 25.3492 9.64495 13
    endloop
  endfacet
  facet normal 0.976306 -0.216396 0
    outer loop
      vertex 25.4148 9.85295 17
      vertex 25.462 10.0659 13
      vertex 25.462 10.0659 17
    endloop
  endfacet
  facet normal 0.976306 -0.216396 0
    outer loop
      vertex 25.462 10.0659 13
      vertex 25.4148 9.85295 17
      vertex 25.4148 9.85295 13
    endloop
  endfacet
  facet normal 0.461641 0.887067 -0
    outer loop
      vertex 24.25 12.6651 13
      vertex 24.0565 12.7658 17
      vertex 24.25 12.6651 17
    endloop
  endfacet
  facet normal 0.461641 0.887067 0
    outer loop
      vertex 24.0565 12.7658 17
      vertex 24.25 12.6651 13
      vertex 24.0565 12.7658 13
    endloop
  endfacet
  facet normal -0.130557 -0.991441 0
    outer loop
      vertex 22.5659 8.03798 13
      vertex 22.7821 8.00951 17
      vertex 22.5659 8.03798 17
    endloop
  endfacet
  facet normal -0.130557 -0.991441 -0
    outer loop
      vertex 22.7821 8.00951 17
      vertex 22.5659 8.03798 13
      vertex 22.7821 8.00951 13
    endloop
  endfacet
  facet normal 0.843303 0.537439 0
    outer loop
      vertex 25.1651 11.75 17
      vertex 25.0479 11.9339 13
      vertex 25.0479 11.9339 17
    endloop
  endfacet
  facet normal 0.843303 0.537439 0
    outer loop
      vertex 25.0479 11.9339 13
      vertex 25.1651 11.75 17
      vertex 25.1651 11.75 13
    endloop
  endfacet
  facet normal 0.675575 -0.737291 0
    outer loop
      vertex 24.607 8.58489 13
      vertex 24.7678 8.73223 17
      vertex 24.607 8.58489 17
    endloop
  endfacet
  facet normal 0.675575 -0.737291 0
    outer loop
      vertex 24.7678 8.73223 17
      vertex 24.607 8.58489 13
      vertex 24.7678 8.73223 13
    endloop
  endfacet
  facet normal -0.38283 -0.923819 0
    outer loop
      vertex 21.9435 8.23423 13
      vertex 22.1449 8.15077 17
      vertex 21.9435 8.23423 17
    endloop
  endfacet
  facet normal -0.38283 -0.923819 -0
    outer loop
      vertex 22.1449 8.15077 17
      vertex 21.9435 8.23423 13
      vertex 22.1449 8.15077 13
    endloop
  endfacet
  facet normal -0.737383 0.675475 0
    outer loop
      vertex 21.0849 12.107 13
      vertex 21.2322 12.2678 17
      vertex 21.2322 12.2678 13
    endloop
  endfacet
  facet normal -0.737383 0.675475 0
    outer loop
      vertex 21.2322 12.2678 17
      vertex 21.0849 12.107 13
      vertex 21.0849 12.107 17
    endloop
  endfacet
  facet normal -0.793407 0.608691 0
    outer loop
      vertex 20.9521 11.9339 13
      vertex 21.0849 12.107 17
      vertex 21.0849 12.107 13
    endloop
  endfacet
  facet normal -0.793407 0.608691 0
    outer loop
      vertex 21.0849 12.107 17
      vertex 20.9521 11.9339 13
      vertex 20.9521 11.9339 17
    endloop
  endfacet
  facet normal -0.461677 -0.887048 0
    outer loop
      vertex 21.75 8.33494 13
      vertex 21.9435 8.23423 17
      vertex 21.75 8.33494 17
    endloop
  endfacet
  facet normal -0.461677 -0.887048 -0
    outer loop
      vertex 21.9435 8.23423 17
      vertex 21.75 8.33494 13
      vertex 21.9435 8.23423 13
    endloop
  endfacet
  facet normal -0.976306 -0.216396 0
    outer loop
      vertex 20.5852 9.85295 13
      vertex 20.538 10.0659 17
      vertex 20.538 10.0659 13
    endloop
  endfacet
  facet normal -0.976306 -0.216396 0
    outer loop
      vertex 20.538 10.0659 17
      vertex 20.5852 9.85295 13
      vertex 20.5852 9.85295 17
    endloop
  endfacet
  facet normal -0.0435566 0.999051 0
    outer loop
      vertex 23 13 13
      vertex 22.7821 12.9905 17
      vertex 23 13 17
    endloop
  endfacet
  facet normal -0.0435566 0.999051 0
    outer loop
      vertex 22.7821 12.9905 17
      vertex 23 13 13
      vertex 22.7821 12.9905 13
    endloop
  endfacet
  facet normal 0.0435566 0.999051 -0
    outer loop
      vertex 23.2179 12.9905 13
      vertex 23 13 17
      vertex 23.2179 12.9905 17
    endloop
  endfacet
  facet normal 0.0435566 0.999051 0
    outer loop
      vertex 23 13 17
      vertex 23.2179 12.9905 13
      vertex 23 13 13
    endloop
  endfacet
  facet normal -0.737383 -0.675475 0
    outer loop
      vertex 21.2322 8.73223 13
      vertex 21.0849 8.89303 17
      vertex 21.0849 8.89303 13
    endloop
  endfacet
  facet normal -0.737383 -0.675475 0
    outer loop
      vertex 21.0849 8.89303 17
      vertex 21.2322 8.73223 13
      vertex 21.2322 8.73223 17
    endloop
  endfacet
  facet normal -0.991423 -0.130692 0
    outer loop
      vertex 20.538 10.0659 13
      vertex 20.5095 10.2821 17
      vertex 20.5095 10.2821 13
    endloop
  endfacet
  facet normal -0.991423 -0.130692 0
    outer loop
      vertex 20.5095 10.2821 17
      vertex 20.538 10.0659 13
      vertex 20.538 10.0659 17
    endloop
  endfacet
  facet normal 0.608605 -0.793474 0
    outer loop
      vertex 24.4339 8.45212 13
      vertex 24.607 8.58489 17
      vertex 24.4339 8.45212 17
    endloop
  endfacet
  facet normal 0.608605 -0.793474 0
    outer loop
      vertex 24.607 8.58489 17
      vertex 24.4339 8.45212 13
      vertex 24.607 8.58489 13
    endloop
  endfacet
  facet normal -0.999051 0.0435566 0
    outer loop
      vertex 20.5 10.5 13
      vertex 20.5095 10.7179 17
      vertex 20.5095 10.7179 13
    endloop
  endfacet
  facet normal -0.999051 0.0435566 0
    outer loop
      vertex 20.5095 10.7179 17
      vertex 20.5 10.5 13
      vertex 20.5 10.5 17
    endloop
  endfacet
  facet normal 0.216445 0.976295 -0
    outer loop
      vertex 23.647 12.9148 13
      vertex 23.4341 12.962 17
      vertex 23.647 12.9148 17
    endloop
  endfacet
  facet normal 0.216445 0.976295 0
    outer loop
      vertex 23.4341 12.962 17
      vertex 23.647 12.9148 13
      vertex 23.4341 12.962 13
    endloop
  endfacet
  facet normal 0.382668 -0.923886 0
    outer loop
      vertex 23.855 8.15077 13
      vertex 24.0565 8.23423 17
      vertex 23.855 8.15077 17
    endloop
  endfacet
  facet normal 0.382668 -0.923886 0
    outer loop
      vertex 24.0565 8.23423 17
      vertex 23.855 8.15077 13
      vertex 24.0565 8.23423 13
    endloop
  endfacet
  facet normal -0.887018 -0.461735 0
    outer loop
      vertex 20.8349 9.25 13
      vertex 20.7342 9.44345 17
      vertex 20.7342 9.44345 13
    endloop
  endfacet
  facet normal -0.887018 -0.461735 0
    outer loop
      vertex 20.7342 9.44345 17
      vertex 20.8349 9.25 13
      vertex 20.8349 9.25 17
    endloop
  endfacet
  facet normal -0.887067 0.461641 0
    outer loop
      vertex 20.7342 11.5565 13
      vertex 20.8349 11.75 17
      vertex 20.8349 11.75 13
    endloop
  endfacet
  facet normal -0.887067 0.461641 0
    outer loop
      vertex 20.8349 11.75 17
      vertex 20.7342 11.5565 13
      vertex 20.7342 11.5565 17
    endloop
  endfacet
  facet normal -0.608691 0.793407 0
    outer loop
      vertex 21.5661 12.5479 13
      vertex 21.393 12.4151 17
      vertex 21.5661 12.5479 17
    endloop
  endfacet
  facet normal -0.608691 0.793407 0
    outer loop
      vertex 21.393 12.4151 17
      vertex 21.5661 12.5479 13
      vertex 21.393 12.4151 13
    endloop
  endfacet
  facet normal -0.976295 0.216445 0
    outer loop
      vertex 20.538 10.9341 13
      vertex 20.5852 11.147 17
      vertex 20.5852 11.147 13
    endloop
  endfacet
  facet normal -0.976295 0.216445 0
    outer loop
      vertex 20.5852 11.147 17
      vertex 20.538 10.9341 13
      vertex 20.538 10.9341 17
    endloop
  endfacet
  facet normal -0.991423 0.130692 0
    outer loop
      vertex 20.5095 10.7179 13
      vertex 20.538 10.9341 17
      vertex 20.538 10.9341 13
    endloop
  endfacet
  facet normal -0.991423 0.130692 0
    outer loop
      vertex 20.538 10.9341 17
      vertex 20.5095 10.7179 13
      vertex 20.5095 10.7179 17
    endloop
  endfacet
  facet normal -0.537439 0.843303 0
    outer loop
      vertex 21.75 12.6651 13
      vertex 21.5661 12.5479 17
      vertex 21.75 12.6651 17
    endloop
  endfacet
  facet normal -0.537439 0.843303 0
    outer loop
      vertex 21.5661 12.5479 17
      vertex 21.75 12.6651 13
      vertex 21.5661 12.5479 13
    endloop
  endfacet
  facet normal -0.0436024 -0.999049 0
    outer loop
      vertex 22.7821 8.00951 13
      vertex 23 8 17
      vertex 22.7821 8.00951 17
    endloop
  endfacet
  facet normal -0.0436024 -0.999049 -0
    outer loop
      vertex 23 8 17
      vertex 22.7821 8.00951 13
      vertex 23 8 13
    endloop
  endfacet
  facet normal -0.216489 -0.976285 0
    outer loop
      vertex 22.353 8.08519 13
      vertex 22.5659 8.03798 17
      vertex 22.353 8.08519 17
    endloop
  endfacet
  facet normal -0.216489 -0.976285 -0
    outer loop
      vertex 22.5659 8.03798 17
      vertex 22.353 8.08519 13
      vertex 22.5659 8.03798 13
    endloop
  endfacet
  facet normal 0 0 1
    outer loop
      vertex 23.9 10.5 17
      vertex 25.5 10.5 17
      vertex 25.4905 10.7179 17
    endloop
  endfacet
  facet normal 0 0 1
    outer loop
      vertex 23.9 10.5 17
      vertex 25.4905 10.7179 17
      vertex 25.462 10.9341 17
    endloop
  endfacet
  facet normal 0 0 1
    outer loop
      vertex 25.5 10.5 17
      vertex 23.9 10.5 17
      vertex 25.4905 10.2821 17
    endloop
  endfacet
  facet normal 0 0 1
    outer loop
      vertex 23.8693 10.7329 17
      vertex 25.462 10.9341 17
      vertex 25.4148 11.147 17
    endloop
  endfacet
  facet normal 0 0 1
    outer loop
      vertex 25.4905 10.2821 17
      vertex 23.9 10.5 17
      vertex 25.462 10.0659 17
    endloop
  endfacet
  facet normal 0 0 1
    outer loop
      vertex 23.8693 10.7329 17
      vertex 25.4148 11.147 17
      vertex 25.3492 11.3551 17
    endloop
  endfacet
  facet normal -0 0 1
    outer loop
      vertex 23.8693 10.2671 17
      vertex 25.462 10.0659 17
      vertex 23.9 10.5 17
    endloop
  endfacet
  facet normal 0 0 1
    outer loop
      vertex 23.8693 10.7329 17
      vertex 25.3492 11.3551 17
      vertex 25.2658 11.5565 17
    endloop
  endfacet
  facet normal 0 0 1
    outer loop
      vertex 25.462 10.0659 17
      vertex 23.8693 10.2671 17
      vertex 25.4148 9.85295 17
    endloop
  endfacet
  facet normal 0 0 1
    outer loop
      vertex 23.7794 10.95 17
      vertex 25.2658 11.5565 17
      vertex 25.1651 11.75 17
    endloop
  endfacet
  facet normal 0 0 1
    outer loop
      vertex 25.4148 9.85295 17
      vertex 23.8693 10.2671 17
      vertex 25.3492 9.64495 17
    endloop
  endfacet
  facet normal 0 0 1
    outer loop
      vertex 23.7794 10.95 17
      vertex 25.1651 11.75 17
      vertex 25.0479 11.9339 17
    endloop
  endfacet
  facet normal 0 0 1
    outer loop
      vertex 25.3492 9.64495 17
      vertex 23.8693 10.2671 17
      vertex 25.2658 9.44345 17
    endloop
  endfacet
  facet normal 0 0 1
    outer loop
      vertex 23.7794 10.95 17
      vertex 25.0479 11.9339 17
      vertex 24.9151 12.107 17
    endloop
  endfacet
  facet normal -0 0 1
    outer loop
      vertex 23.7794 10.05 17
      vertex 25.2658 9.44345 17
      vertex 23.8693 10.2671 17
    endloop
  endfacet
  facet normal 0 0 1
    outer loop
      vertex 23.6364 11.1364 17
      vertex 24.9151 12.107 17
      vertex 24.7678 12.2678 17
    endloop
  endfacet
  facet normal 0 0 1
    outer loop
      vertex 25.2658 9.44345 17
      vertex 23.7794 10.05 17
      vertex 25.1651 9.25 17
    endloop
  endfacet
  facet normal 0 0 1
    outer loop
      vertex 23.6364 11.1364 17
      vertex 24.7678 12.2678 17
      vertex 24.607 12.4151 17
    endloop
  endfacet
  facet normal 0 0 1
    outer loop
      vertex 25.1651 9.25 17
      vertex 23.7794 10.05 17
      vertex 25.0479 9.06606 17
    endloop
  endfacet
  facet normal 0 0 1
    outer loop
      vertex 23.6364 11.1364 17
      vertex 24.607 12.4151 17
      vertex 24.4339 12.5479 17
    endloop
  endfacet
  facet normal 0 0 1
    outer loop
      vertex 25.0479 9.06606 17
      vertex 23.7794 10.05 17
      vertex 24.9151 8.89303 17
    endloop
  endfacet
  facet normal 0 0 1
    outer loop
      vertex 23.45 11.2794 17
      vertex 24.4339 12.5479 17
      vertex 24.25 12.6651 17
    endloop
  endfacet
  facet normal -0 0 1
    outer loop
      vertex 23.6364 9.8636 17
      vertex 24.9151 8.89303 17
      vertex 23.7794 10.05 17
    endloop
  endfacet
  facet normal 0 0 1
    outer loop
      vertex 23.45 11.2794 17
      vertex 24.25 12.6651 17
      vertex 24.0565 12.7658 17
    endloop
  endfacet
  facet normal 0 0 1
    outer loop
      vertex 24.9151 8.89303 17
      vertex 23.6364 9.8636 17
      vertex 24.7678 8.73223 17
    endloop
  endfacet
  facet normal 0 0 1
    outer loop
      vertex 24.7678 8.73223 17
      vertex 23.6364 9.8636 17
      vertex 24.607 8.58489 17
    endloop
  endfacet
  facet normal 0 0 1
    outer loop
      vertex 25.462 10.9341 17
      vertex 23.8693 10.7329 17
      vertex 23.9 10.5 17
    endloop
  endfacet
  facet normal 0 0 1
    outer loop
      vertex 23.45 11.2794 17
      vertex 24.0565 12.7658 17
      vertex 23.855 12.8492 17
    endloop
  endfacet
  facet normal 0 0 1
    outer loop
      vertex 25.2658 11.5565 17
      vertex 23.7794 10.95 17
      vertex 23.8693 10.7329 17
    endloop
  endfacet
  facet normal 0 0 1
    outer loop
      vertex 23.2329 11.3693 17
      vertex 23.855 12.8492 17
      vertex 23.647 12.9148 17
    endloop
  endfacet
  facet normal 0 0 1
    outer loop
      vertex 24.9151 12.107 17
      vertex 23.6364 11.1364 17
      vertex 23.7794 10.95 17
    endloop
  endfacet
  facet normal 0 0 1
    outer loop
      vertex 24.4339 12.5479 17
      vertex 23.45 11.2794 17
      vertex 23.6364 11.1364 17
    endloop
  endfacet
  facet normal 0 0 1
    outer loop
      vertex 23.2329 11.3693 17
      vertex 23.647 12.9148 17
      vertex 23.4341 12.962 17
    endloop
  endfacet
  facet normal 0 0 1
    outer loop
      vertex 23.855 12.8492 17
      vertex 23.2329 11.3693 17
      vertex 23.45 11.2794 17
    endloop
  endfacet
  facet normal 0 0 1
    outer loop
      vertex 23.2179 12.9905 17
      vertex 23.2329 11.3693 17
      vertex 23.4341 12.962 17
    endloop
  endfacet
  facet normal 0 0 1
    outer loop
      vertex 23 11.4 17
      vertex 23.2179 12.9905 17
      vertex 23 13 17
    endloop
  endfacet
  facet normal 0 0 1
    outer loop
      vertex 23.2179 12.9905 17
      vertex 23 11.4 17
      vertex 23.2329 11.3693 17
    endloop
  endfacet
  facet normal -0 0 1
    outer loop
      vertex 22.7821 12.9905 17
      vertex 23 11.4 17
      vertex 23 13 17
    endloop
  endfacet
  facet normal 0 0 1
    outer loop
      vertex 22.7821 12.9905 17
      vertex 22.7671 11.3693 17
      vertex 23 11.4 17
    endloop
  endfacet
  facet normal -0 0 1
    outer loop
      vertex 22.5659 12.962 17
      vertex 22.7671 11.3693 17
      vertex 22.7821 12.9905 17
    endloop
  endfacet
  facet normal -0 0 1
    outer loop
      vertex 22.353 12.9148 17
      vertex 22.7671 11.3693 17
      vertex 22.5659 12.962 17
    endloop
  endfacet
  facet normal -0 0 1
    outer loop
      vertex 22.1449 12.8492 17
      vertex 22.7671 11.3693 17
      vertex 22.353 12.9148 17
    endloop
  endfacet
  facet normal 0 0 1
    outer loop
      vertex 22.7671 11.3693 17
      vertex 22.1449 12.8492 17
      vertex 22.55 11.2794 17
    endloop
  endfacet
  facet normal -0 0 1
    outer loop
      vertex 21.9435 12.7658 17
      vertex 22.55 11.2794 17
      vertex 22.1449 12.8492 17
    endloop
  endfacet
  facet normal -0 0 1
    outer loop
      vertex 21.75 12.6651 17
      vertex 22.55 11.2794 17
      vertex 21.9435 12.7658 17
    endloop
  endfacet
  facet normal -0 0 1
    outer loop
      vertex 21.5661 12.5479 17
      vertex 22.55 11.2794 17
      vertex 21.75 12.6651 17
    endloop
  endfacet
  facet normal 0 0 1
    outer loop
      vertex 22.55 11.2794 17
      vertex 21.5661 12.5479 17
      vertex 22.3636 11.1364 17
    endloop
  endfacet
  facet normal -0 0 1
    outer loop
      vertex 21.393 12.4151 17
      vertex 22.3636 11.1364 17
      vertex 21.5661 12.5479 17
    endloop
  endfacet
  facet normal 0 0 1
    outer loop
      vertex 24.607 8.58489 17
      vertex 23.6364 9.8636 17
      vertex 24.4339 8.45212 17
    endloop
  endfacet
  facet normal -0 0 1
    outer loop
      vertex 23.45 9.72058 17
      vertex 24.4339 8.45212 17
      vertex 23.6364 9.8636 17
    endloop
  endfacet
  facet normal 0 0 1
    outer loop
      vertex 24.4339 8.45212 17
      vertex 23.45 9.72058 17
      vertex 24.25 8.33494 17
    endloop
  endfacet
  facet normal 0 0 1
    outer loop
      vertex 24.25 8.33494 17
      vertex 23.45 9.72058 17
      vertex 24.0565 8.23423 17
    endloop
  endfacet
  facet normal 0 0 1
    outer loop
      vertex 24.0565 8.23423 17
      vertex 23.45 9.72058 17
      vertex 23.855 8.15077 17
    endloop
  endfacet
  facet normal -0 0 1
    outer loop
      vertex 23.2329 9.63067 17
      vertex 23.855 8.15077 17
      vertex 23.45 9.72058 17
    endloop
  endfacet
  facet normal 0 0 1
    outer loop
      vertex 23.855 8.15077 17
      vertex 23.2329 9.63067 17
      vertex 23.647 8.08519 17
    endloop
  endfacet
  facet normal 0 0 1
    outer loop
      vertex 23.647 8.08519 17
      vertex 23.2329 9.63067 17
      vertex 23.4341 8.03798 17
    endloop
  endfacet
  facet normal 0 0 1
    outer loop
      vertex 23.2329 9.63067 17
      vertex 23.2179 8.00951 17
      vertex 23.4341 8.03798 17
    endloop
  endfacet
  facet normal -0 0 1
    outer loop
      vertex 23 9.6 17
      vertex 23.2179 8.00951 17
      vertex 23.2329 9.63067 17
    endloop
  endfacet
  facet normal 0 0 1
    outer loop
      vertex 23 9.6 17
      vertex 23 8 17
      vertex 23.2179 8.00951 17
    endloop
  endfacet
  facet normal 0 0 1
    outer loop
      vertex 23 9.6 17
      vertex 22.7821 8.00951 17
      vertex 23 8 17
    endloop
  endfacet
  facet normal 0 0 1
    outer loop
      vertex 22.7671 9.63067 17
      vertex 22.7821 8.00951 17
      vertex 23 9.6 17
    endloop
  endfacet
  facet normal 0 0 1
    outer loop
      vertex 22.7671 9.63067 17
      vertex 22.5659 8.03798 17
      vertex 22.7821 8.00951 17
    endloop
  endfacet
  facet normal 0 0 1
    outer loop
      vertex 22.1449 8.15077 17
      vertex 22.7671 9.63067 17
      vertex 22.55 9.72058 17
    endloop
  endfacet
  facet normal 0 0 1
    outer loop
      vertex 21.5661 8.45212 17
      vertex 22.55 9.72058 17
      vertex 22.3636 9.8636 17
    endloop
  endfacet
  facet normal 0 0 1
    outer loop
      vertex 22.7671 9.63067 17
      vertex 22.353 8.08519 17
      vertex 22.5659 8.03798 17
    endloop
  endfacet
  facet normal 0 0 1
    outer loop
      vertex 21.0849 8.89303 17
      vertex 22.3636 9.8636 17
      vertex 22.2206 10.05 17
    endloop
  endfacet
  facet normal 0 0 1
    outer loop
      vertex 22.7671 9.63067 17
      vertex 22.1449 8.15077 17
      vertex 22.353 8.08519 17
    endloop
  endfacet
  facet normal 0 0 1
    outer loop
      vertex 20.7342 9.44345 17
      vertex 22.2206 10.05 17
      vertex 22.1307 10.2671 17
    endloop
  endfacet
  facet normal 0 0 1
    outer loop
      vertex 20.538 10.0659 17
      vertex 22.1307 10.2671 17
      vertex 22.1 10.5 17
    endloop
  endfacet
  facet normal -0 0 1
    outer loop
      vertex 21.2322 12.2678 17
      vertex 22.3636 11.1364 17
      vertex 21.393 12.4151 17
    endloop
  endfacet
  facet normal 0 0 1
    outer loop
      vertex 22.55 9.72058 17
      vertex 21.9435 8.23423 17
      vertex 22.1449 8.15077 17
    endloop
  endfacet
  facet normal -0 0 1
    outer loop
      vertex 21.0849 12.107 17
      vertex 22.3636 11.1364 17
      vertex 21.2322 12.2678 17
    endloop
  endfacet
  facet normal 0 0 1
    outer loop
      vertex 22.55 9.72058 17
      vertex 21.75 8.33494 17
      vertex 21.9435 8.23423 17
    endloop
  endfacet
  facet normal 0 0 1
    outer loop
      vertex 22.3636 11.1364 17
      vertex 21.0849 12.107 17
      vertex 22.2206 10.95 17
    endloop
  endfacet
  facet normal 0 0 1
    outer loop
      vertex 22.55 9.72058 17
      vertex 21.5661 8.45212 17
      vertex 21.75 8.33494 17
    endloop
  endfacet
  facet normal -0 0 1
    outer loop
      vertex 20.9521 11.9339 17
      vertex 22.2206 10.95 17
      vertex 21.0849 12.107 17
    endloop
  endfacet
  facet normal 0 0 1
    outer loop
      vertex 22.3636 9.8636 17
      vertex 21.393 8.58489 17
      vertex 21.5661 8.45212 17
    endloop
  endfacet
  facet normal -0 0 1
    outer loop
      vertex 20.8349 11.75 17
      vertex 22.2206 10.95 17
      vertex 20.9521 11.9339 17
    endloop
  endfacet
  facet normal 0 0 1
    outer loop
      vertex 22.3636 9.8636 17
      vertex 21.2322 8.73223 17
      vertex 21.393 8.58489 17
    endloop
  endfacet
  facet normal -0 0 1
    outer loop
      vertex 20.7342 11.5565 17
      vertex 22.2206 10.95 17
      vertex 20.8349 11.75 17
    endloop
  endfacet
  facet normal 0 0 1
    outer loop
      vertex 22.3636 9.8636 17
      vertex 21.0849 8.89303 17
      vertex 21.2322 8.73223 17
    endloop
  endfacet
  facet normal 0 0 1
    outer loop
      vertex 22.2206 10.95 17
      vertex 20.7342 11.5565 17
      vertex 22.1307 10.7329 17
    endloop
  endfacet
  facet normal 0 0 1
    outer loop
      vertex 22.2206 10.05 17
      vertex 20.9521 9.06606 17
      vertex 21.0849 8.89303 17
    endloop
  endfacet
  facet normal -0 0 1
    outer loop
      vertex 20.6508 11.3551 17
      vertex 22.1307 10.7329 17
      vertex 20.7342 11.5565 17
    endloop
  endfacet
  facet normal 0 0 1
    outer loop
      vertex 22.2206 10.05 17
      vertex 20.8349 9.25 17
      vertex 20.9521 9.06606 17
    endloop
  endfacet
  facet normal -0 0 1
    outer loop
      vertex 20.5852 11.147 17
      vertex 22.1307 10.7329 17
      vertex 20.6508 11.3551 17
    endloop
  endfacet
  facet normal 0 0 1
    outer loop
      vertex 22.2206 10.05 17
      vertex 20.7342 9.44345 17
      vertex 20.8349 9.25 17
    endloop
  endfacet
  facet normal -0 0 1
    outer loop
      vertex 20.538 10.9341 17
      vertex 22.1307 10.7329 17
      vertex 20.5852 11.147 17
    endloop
  endfacet
  facet normal 0 0 1
    outer loop
      vertex 22.1307 10.2671 17
      vertex 20.6508 9.64495 17
      vertex 20.7342 9.44345 17
    endloop
  endfacet
  facet normal 0 0 1
    outer loop
      vertex 22.1307 10.7329 17
      vertex 20.538 10.9341 17
      vertex 22.1 10.5 17
    endloop
  endfacet
  facet normal 0 0 1
    outer loop
      vertex 22.1307 10.2671 17
      vertex 20.5852 9.85295 17
      vertex 20.6508 9.64495 17
    endloop
  endfacet
  facet normal -0 0 1
    outer loop
      vertex 20.5095 10.7179 17
      vertex 22.1 10.5 17
      vertex 20.538 10.9341 17
    endloop
  endfacet
  facet normal 0 0 1
    outer loop
      vertex 22.1307 10.2671 17
      vertex 20.538 10.0659 17
      vertex 20.5852 9.85295 17
    endloop
  endfacet
  facet normal 0 0 1
    outer loop
      vertex 20.5 10.5 17
      vertex 22.1 10.5 17
      vertex 20.5095 10.7179 17
    endloop
  endfacet
  facet normal 0 0 1
    outer loop
      vertex 22.1 10.5 17
      vertex 20.5095 10.2821 17
      vertex 20.538 10.0659 17
    endloop
  endfacet
  facet normal 0 0 1
    outer loop
      vertex 22.1 10.5 17
      vertex 20.5 10.5 17
      vertex 20.5095 10.2821 17
    endloop
  endfacet
  facet normal 0.737383 -0.675475 0
    outer loop
      vertex 24.7678 8.73223 17
      vertex 24.9151 8.89303 13
      vertex 24.9151 8.89303 17
    endloop
  endfacet
  facet normal 0.737383 -0.675475 0
    outer loop
      vertex 24.9151 8.89303 13
      vertex 24.7678 8.73223 17
      vertex 24.7678 8.73223 13
    endloop
  endfacet
  facet normal -0.953735 0.300649 0
    outer loop
      vertex 20.5852 11.147 13
      vertex 20.6508 11.3551 17
      vertex 20.6508 11.3551 13
    endloop
  endfacet
  facet normal -0.953735 0.300649 0
    outer loop
      vertex 20.6508 11.3551 17
      vertex 20.5852 11.147 13
      vertex 20.5852 11.147 17
    endloop
  endfacet
  facet normal -0.608605 -0.793474 0
    outer loop
      vertex 21.393 8.58489 13
      vertex 21.5661 8.45212 17
      vertex 21.393 8.58489 17
    endloop
  endfacet
  facet normal -0.608605 -0.793474 -0
    outer loop
      vertex 21.5661 8.45212 17
      vertex 21.393 8.58489 13
      vertex 21.5661 8.45212 13
    endloop
  endfacet
  facet normal -0.300565 -0.953761 0
    outer loop
      vertex 22.1449 8.15077 13
      vertex 22.353 8.08519 17
      vertex 22.1449 8.15077 17
    endloop
  endfacet
  facet normal -0.300565 -0.953761 -0
    outer loop
      vertex 22.353 8.08519 17
      vertex 22.1449 8.15077 13
      vertex 22.353 8.08519 13
    endloop
  endfacet
  facet normal -0.843356 -0.537356 0
    outer loop
      vertex 20.9521 9.06606 13
      vertex 20.8349 9.25 17
      vertex 20.8349 9.25 13
    endloop
  endfacet
  facet normal -0.843356 -0.537356 0
    outer loop
      vertex 20.8349 9.25 17
      vertex 20.9521 9.06606 13
      vertex 20.9521 9.06606 17
    endloop
  endfacet
  facet normal -0 0 1
    outer loop
      vertex 5.5 47.3 10
      vertex 26 15.5 10
      vertex 26 47.3 10
    endloop
  endfacet
  facet normal 0 0 1
    outer loop
      vertex 26 15.5 10
      vertex 5.5 47.3 10
      vertex 5.5 15.5 10
    endloop
  endfacet
  facet normal -0 0 1
    outer loop
      vertex 5.5 -15.5 10
      vertex 26 -47.3 10
      vertex 26 -15.5 10
    endloop
  endfacet
  facet normal 0 0 1
    outer loop
      vertex 26 -47.3 10
      vertex 5.5 -15.5 10
      vertex 5.5 -47.3 10
    endloop
  endfacet
  facet normal -1 0 0
    outer loop
      vertex 5.5 47.3 3.8147e-07
      vertex 5.5 15.5 10
      vertex 5.5 47.3 10
    endloop
  endfacet
  facet normal -1 0 0
    outer loop
      vertex 5.5 15.5 10
      vertex 5.5 -15.5 10
      vertex 5.5 15.5 13
    endloop
  endfacet
  facet normal -1 0 0
    outer loop
      vertex 5.5 47.3 3.8147e-07
      vertex 5.5 -15.5 10
      vertex 5.5 15.5 10
    endloop
  endfacet
  facet normal -1 0 0
    outer loop
      vertex 5.5 -47.3 3.8147e-07
      vertex 5.5 -15.5 10
      vertex 5.5 47.3 3.8147e-07
    endloop
  endfacet
  facet normal -1 -0 0
    outer loop
      vertex 5.5 -15.5 10
      vertex 5.5 -47.3 3.8147e-07
      vertex 5.5 -47.3 10
    endloop
  endfacet
  facet normal -1 -0 0
    outer loop
      vertex 5.5 15.5 13
      vertex 5.5 -15.5 10
      vertex 5.5 -15.5 13
    endloop
  endfacet
  facet normal 1 0 0
    outer loop
      vertex 26 15.5 13
      vertex 26 -15.5 13
      vertex 26 15.5 10
    endloop
  endfacet
  facet normal 1 -0 0
    outer loop
      vertex 26 15.5 10
      vertex 26 47.3 3.8147e-07
      vertex 26 47.3 10
    endloop
  endfacet
  facet normal 1 0 0
    outer loop
      vertex 26 -15.5 10
      vertex 26 15.5 10
      vertex 26 -15.5 13
    endloop
  endfacet
  facet normal 1 0 0
    outer loop
      vertex 26 15.5 10
      vertex 26 -15.5 10
      vertex 26 47.3 3.8147e-07
    endloop
  endfacet
  facet normal 1 0 0
    outer loop
      vertex 26 -47.3 3.8147e-07
      vertex 26 -15.5 10
      vertex 26 -47.3 10
    endloop
  endfacet
  facet normal 1 0 0
    outer loop
      vertex 26 -15.5 10
      vertex 26 -47.3 3.8147e-07
      vertex 26 47.3 3.8147e-07
    endloop
  endfacet
  facet normal 0 0 -1
    outer loop
      vertex 5.5 -47.3 3.8147e-07
      vertex 26 47.3 3.8147e-07
      vertex 26 -47.3 3.8147e-07
    endloop
  endfacet
  facet normal -0 0 -1
    outer loop
      vertex 26 47.3 3.8147e-07
      vertex 5.5 -47.3 3.8147e-07
      vertex 5.5 47.3 3.8147e-07
    endloop
  endfacet
  facet normal 0 1 0
    outer loop
      vertex 20.4006 47.3 6.304
      vertex 26 47.3 10
      vertex 20.5156 47.3 6.32949
    endloop
  endfacet
  facet normal 0 1 0
    outer loop
      vertex 5.5 47.3 10
      vertex 10.8677 47.3 6.34486
      vertex 10.75 47.3 6.35
    endloop
  endfacet
  facet normal 0 1 0
    outer loop
      vertex 20.2883 47.3 6.26859
      vertex 26 47.3 10
      vertex 20.4006 47.3 6.304
    endloop
  endfacet
  facet normal 0 1 0
    outer loop
      vertex 5.5 47.3 10
      vertex 10.9844 47.3 6.32949
      vertex 10.8677 47.3 6.34486
    endloop
  endfacet
  facet normal 0 1 0
    outer loop
      vertex 26 47.3 10
      vertex 20.2883 47.3 6.26859
      vertex 5.5 47.3 10
    endloop
  endfacet
  facet normal 0 1 0
    outer loop
      vertex 5.5 47.3 10
      vertex 11.0994 47.3 6.304
      vertex 10.9844 47.3 6.32949
    endloop
  endfacet
  facet normal 0 1 -0
    outer loop
      vertex 11.2117 47.3 6.26859
      vertex 5.5 47.3 10
      vertex 20.2883 47.3 6.26859
    endloop
  endfacet
  facet normal 0 1 0
    outer loop
      vertex 5.5 47.3 10
      vertex 11.2117 47.3 6.26859
      vertex 11.0994 47.3 6.304
    endloop
  endfacet
  facet normal 0 1 -0
    outer loop
      vertex 20.1795 47.3 6.22352
      vertex 11.2117 47.3 6.26859
      vertex 20.2883 47.3 6.26859
    endloop
  endfacet
  facet normal 0 1 0
    outer loop
      vertex 20.1795 47.3 6.22352
      vertex 11.3205 47.3 6.22352
      vertex 11.2117 47.3 6.26859
    endloop
  endfacet
  facet normal 0 1 -0
    outer loop
      vertex 20.075 47.3 6.16913
      vertex 11.3205 47.3 6.22352
      vertex 20.1795 47.3 6.22352
    endloop
  endfacet
  facet normal 0 1 0
    outer loop
      vertex 20.075 47.3 6.16913
      vertex 11.425 47.3 6.16913
      vertex 11.3205 47.3 6.22352
    endloop
  endfacet
  facet normal 0 1 -0
    outer loop
      vertex 19.9757 47.3 6.10586
      vertex 11.425 47.3 6.16913
      vertex 20.075 47.3 6.16913
    endloop
  endfacet
  facet normal 0 1 0
    outer loop
      vertex 19.9757 47.3 6.10586
      vertex 11.5243 47.3 6.10586
      vertex 11.425 47.3 6.16913
    endloop
  endfacet
  facet normal 0 1 -0
    outer loop
      vertex 19.8822 47.3 6.03416
      vertex 11.5243 47.3 6.10586
      vertex 19.9757 47.3 6.10586
    endloop
  endfacet
  facet normal 0 1 0
    outer loop
      vertex 19.8822 47.3 6.03416
      vertex 11.6178 47.3 6.03416
      vertex 11.5243 47.3 6.10586
    endloop
  endfacet
  facet normal 0 1 -0
    outer loop
      vertex 19.7954 47.3 5.9546
      vertex 11.6178 47.3 6.03416
      vertex 19.8822 47.3 6.03416
    endloop
  endfacet
  facet normal 0 1 0
    outer loop
      vertex 19.7954 47.3 5.9546
      vertex 11.7046 47.3 5.9546
      vertex 11.6178 47.3 6.03416
    endloop
  endfacet
  facet normal 0 1 -0
    outer loop
      vertex 19.7158 47.3 5.86776
      vertex 11.7046 47.3 5.9546
      vertex 19.7954 47.3 5.9546
    endloop
  endfacet
  facet normal 0 1 0
    outer loop
      vertex 19.7158 47.3 5.86776
      vertex 11.7842 47.3 5.86776
      vertex 11.7046 47.3 5.9546
    endloop
  endfacet
  facet normal 0 1 -0
    outer loop
      vertex 19.6441 47.3 5.77433
      vertex 11.7842 47.3 5.86776
      vertex 19.7158 47.3 5.86776
    endloop
  endfacet
  facet normal 0 1 0
    outer loop
      vertex 19.6441 47.3 5.77433
      vertex 11.8559 47.3 5.77433
      vertex 11.7842 47.3 5.86776
    endloop
  endfacet
  facet normal 0 1 -0
    outer loop
      vertex 19.5809 47.3 5.675
      vertex 11.8559 47.3 5.77433
      vertex 19.6441 47.3 5.77433
    endloop
  endfacet
  facet normal 0 1 0
    outer loop
      vertex 19.5809 47.3 5.675
      vertex 11.9191 47.3 5.675
      vertex 11.8559 47.3 5.77433
    endloop
  endfacet
  facet normal 0 1 -0
    outer loop
      vertex 19.5265 47.3 5.57054
      vertex 11.9191 47.3 5.675
      vertex 19.5809 47.3 5.675
    endloop
  endfacet
  facet normal 0 1 0
    outer loop
      vertex 19.5265 47.3 5.57054
      vertex 11.9735 47.3 5.57054
      vertex 11.9191 47.3 5.675
    endloop
  endfacet
  facet normal 0 1 -0
    outer loop
      vertex 19.4814 47.3 5.46173
      vertex 11.9735 47.3 5.57054
      vertex 19.5265 47.3 5.57054
    endloop
  endfacet
  facet normal 0 1 0
    outer loop
      vertex 19.4814 47.3 5.46173
      vertex 12.0186 47.3 5.46173
      vertex 11.9735 47.3 5.57054
    endloop
  endfacet
  facet normal 0 1 -0
    outer loop
      vertex 19.446 47.3 5.34941
      vertex 12.0186 47.3 5.46173
      vertex 19.4814 47.3 5.46173
    endloop
  endfacet
  facet normal 0 1 0
    outer loop
      vertex 19.446 47.3 5.34941
      vertex 12.054 47.3 5.34941
      vertex 12.0186 47.3 5.46173
    endloop
  endfacet
  facet normal 0 1 -0
    outer loop
      vertex 19.4205 47.3 5.23443
      vertex 12.054 47.3 5.34941
      vertex 19.446 47.3 5.34941
    endloop
  endfacet
  facet normal 0 1 0
    outer loop
      vertex 19.4205 47.3 5.23443
      vertex 12.0795 47.3 5.23443
      vertex 12.054 47.3 5.34941
    endloop
  endfacet
  facet normal 0 1 -0
    outer loop
      vertex 19.4051 47.3 5.11766
      vertex 12.0795 47.3 5.23443
      vertex 19.4205 47.3 5.23443
    endloop
  endfacet
  facet normal 0 1 0
    outer loop
      vertex 19.4051 47.3 5.11766
      vertex 12.0949 47.3 5.11766
      vertex 12.0795 47.3 5.23443
    endloop
  endfacet
  facet normal 0 1 -0
    outer loop
      vertex 19.4 47.3 5
      vertex 12.0949 47.3 5.11766
      vertex 19.4051 47.3 5.11766
    endloop
  endfacet
  facet normal 0 1 0
    outer loop
      vertex 19.4 47.3 5
      vertex 12.1 47.3 5
      vertex 12.0949 47.3 5.11766
    endloop
  endfacet
  facet normal 0 1 0
    outer loop
      vertex 19.4051 47.3 4.88234
      vertex 12.1 47.3 5
      vertex 19.4 47.3 5
    endloop
  endfacet
  facet normal 0 1 0
    outer loop
      vertex 19.4051 47.3 4.88234
      vertex 12.0949 47.3 4.88234
      vertex 12.1 47.3 5
    endloop
  endfacet
  facet normal 0 1 0
    outer loop
      vertex 19.4205 47.3 4.76558
      vertex 12.0949 47.3 4.88234
      vertex 19.4051 47.3 4.88234
    endloop
  endfacet
  facet normal 0 1 0
    outer loop
      vertex 19.4205 47.3 4.76558
      vertex 12.0795 47.3 4.76558
      vertex 12.0949 47.3 4.88234
    endloop
  endfacet
  facet normal 0 1 0
    outer loop
      vertex 19.446 47.3 4.6506
      vertex 12.0795 47.3 4.76558
      vertex 19.4205 47.3 4.76558
    endloop
  endfacet
  facet normal 0 1 0
    outer loop
      vertex 19.446 47.3 4.6506
      vertex 12.054 47.3 4.6506
      vertex 12.0795 47.3 4.76558
    endloop
  endfacet
  facet normal 0 1 0
    outer loop
      vertex 19.4814 47.3 4.53827
      vertex 12.054 47.3 4.6506
      vertex 19.446 47.3 4.6506
    endloop
  endfacet
  facet normal 0 1 0
    outer loop
      vertex 19.4814 47.3 4.53827
      vertex 12.0186 47.3 4.53827
      vertex 12.054 47.3 4.6506
    endloop
  endfacet
  facet normal 0 1 0
    outer loop
      vertex 19.5265 47.3 4.42947
      vertex 12.0186 47.3 4.53827
      vertex 19.4814 47.3 4.53827
    endloop
  endfacet
  facet normal 0 1 0
    outer loop
      vertex 19.5265 47.3 4.42947
      vertex 11.9735 47.3 4.42947
      vertex 12.0186 47.3 4.53827
    endloop
  endfacet
  facet normal 0 1 0
    outer loop
      vertex 19.5809 47.3 4.325
      vertex 11.9735 47.3 4.42947
      vertex 19.5265 47.3 4.42947
    endloop
  endfacet
  facet normal 0 1 0
    outer loop
      vertex 19.5809 47.3 4.325
      vertex 11.9191 47.3 4.325
      vertex 11.9735 47.3 4.42947
    endloop
  endfacet
  facet normal 0 1 0
    outer loop
      vertex 19.6441 47.3 4.22567
      vertex 11.9191 47.3 4.325
      vertex 19.5809 47.3 4.325
    endloop
  endfacet
  facet normal 0 1 0
    outer loop
      vertex 19.6441 47.3 4.22567
      vertex 11.8559 47.3 4.22567
      vertex 11.9191 47.3 4.325
    endloop
  endfacet
  facet normal 0 1 0
    outer loop
      vertex 19.7158 47.3 4.13224
      vertex 11.8559 47.3 4.22567
      vertex 19.6441 47.3 4.22567
    endloop
  endfacet
  facet normal 0 1 0
    outer loop
      vertex 19.7158 47.3 4.13224
      vertex 11.7842 47.3 4.13224
      vertex 11.8559 47.3 4.22567
    endloop
  endfacet
  facet normal 0 1 0
    outer loop
      vertex 19.7954 47.3 4.04541
      vertex 11.7842 47.3 4.13224
      vertex 19.7158 47.3 4.13224
    endloop
  endfacet
  facet normal 0 1 0
    outer loop
      vertex 19.7954 47.3 4.04541
      vertex 11.7046 47.3 4.04541
      vertex 11.7842 47.3 4.13224
    endloop
  endfacet
  facet normal 0 1 0
    outer loop
      vertex 19.8822 47.3 3.96584
      vertex 11.7046 47.3 4.04541
      vertex 19.7954 47.3 4.04541
    endloop
  endfacet
  facet normal 0 1 0
    outer loop
      vertex 19.8822 47.3 3.96584
      vertex 11.6178 47.3 3.96584
      vertex 11.7046 47.3 4.04541
    endloop
  endfacet
  facet normal 0 1 0
    outer loop
      vertex 19.9757 47.3 3.89415
      vertex 11.6178 47.3 3.96584
      vertex 19.8822 47.3 3.96584
    endloop
  endfacet
  facet normal 0 1 0
    outer loop
      vertex 19.9757 47.3 3.89415
      vertex 11.5243 47.3 3.89415
      vertex 11.6178 47.3 3.96584
    endloop
  endfacet
  facet normal 0 1 0
    outer loop
      vertex 20.075 47.3 3.83087
      vertex 11.5243 47.3 3.89415
      vertex 19.9757 47.3 3.89415
    endloop
  endfacet
  facet normal 0 1 0
    outer loop
      vertex 20.075 47.3 3.83087
      vertex 11.425 47.3 3.83087
      vertex 11.5243 47.3 3.89415
    endloop
  endfacet
  facet normal 0 1 0
    outer loop
      vertex 20.1795 47.3 3.77648
      vertex 11.425 47.3 3.83087
      vertex 20.075 47.3 3.83087
    endloop
  endfacet
  facet normal 0 1 0
    outer loop
      vertex 20.1795 47.3 3.77648
      vertex 11.3205 47.3 3.77648
      vertex 11.425 47.3 3.83087
    endloop
  endfacet
  facet normal 0 1 0
    outer loop
      vertex 20.2883 47.3 3.73142
      vertex 11.3205 47.3 3.77648
      vertex 20.1795 47.3 3.77648
    endloop
  endfacet
  facet normal 0 1 0
    outer loop
      vertex 20.2883 47.3 3.73142
      vertex 11.2117 47.3 3.73142
      vertex 11.3205 47.3 3.77648
    endloop
  endfacet
  facet normal 0 1 0
    outer loop
      vertex 26 47.3 3.8147e-07
      vertex 20.2883 47.3 3.73142
      vertex 20.4006 47.3 3.696
    endloop
  endfacet
  facet normal 0 1 0
    outer loop
      vertex 20.2883 47.3 3.73142
      vertex 26 47.3 3.8147e-07
      vertex 11.2117 47.3 3.73142
    endloop
  endfacet
  facet normal 0 1 0
    outer loop
      vertex 26 47.3 3.8147e-07
      vertex 20.4006 47.3 3.696
      vertex 20.5156 47.3 3.67051
    endloop
  endfacet
  facet normal 0 1 0
    outer loop
      vertex 5.5 47.3 3.8147e-07
      vertex 11.2117 47.3 3.73142
      vertex 26 47.3 3.8147e-07
    endloop
  endfacet
  facet normal 0 1 0
    outer loop
      vertex 26 47.3 3.8147e-07
      vertex 20.5156 47.3 3.67051
      vertex 20.6323 47.3 3.65514
    endloop
  endfacet
  facet normal 0 1 0
    outer loop
      vertex 11.2117 47.3 3.73142
      vertex 5.5 47.3 3.8147e-07
      vertex 11.0994 47.3 3.696
    endloop
  endfacet
  facet normal 0 1 0
    outer loop
      vertex 26 47.3 3.8147e-07
      vertex 20.6323 47.3 3.65514
      vertex 20.75 47.3 3.65
    endloop
  endfacet
  facet normal 0 1 0
    outer loop
      vertex 11.0994 47.3 3.696
      vertex 5.5 47.3 3.8147e-07
      vertex 10.9844 47.3 3.67051
    endloop
  endfacet
  facet normal 0 1 0
    outer loop
      vertex 20.6323 47.3 6.34486
      vertex 26 47.3 10
      vertex 20.75 47.3 6.35
    endloop
  endfacet
  facet normal 0 1 0
    outer loop
      vertex 26 47.3 10
      vertex 20.8677 47.3 6.34486
      vertex 20.75 47.3 6.35
    endloop
  endfacet
  facet normal 0 1 0
    outer loop
      vertex 26 47.3 10
      vertex 20.9844 47.3 6.32949
      vertex 20.8677 47.3 6.34486
    endloop
  endfacet
  facet normal 0 1 0
    outer loop
      vertex 26 47.3 10
      vertex 21.0994 47.3 6.304
      vertex 20.9844 47.3 6.32949
    endloop
  endfacet
  facet normal 0 1 0
    outer loop
      vertex 26 47.3 10
      vertex 21.2117 47.3 6.26859
      vertex 21.0994 47.3 6.304
    endloop
  endfacet
  facet normal 0 1 0
    outer loop
      vertex 26 47.3 10
      vertex 21.3205 47.3 6.22352
      vertex 21.2117 47.3 6.26859
    endloop
  endfacet
  facet normal 0 1 0
    outer loop
      vertex 26 47.3 10
      vertex 21.425 47.3 6.16913
      vertex 21.3205 47.3 6.22352
    endloop
  endfacet
  facet normal 0 1 0
    outer loop
      vertex 26 47.3 10
      vertex 21.5243 47.3 6.10586
      vertex 21.425 47.3 6.16913
    endloop
  endfacet
  facet normal 0 1 0
    outer loop
      vertex 26 47.3 10
      vertex 21.6178 47.3 6.03416
      vertex 21.5243 47.3 6.10586
    endloop
  endfacet
  facet normal 0 1 0
    outer loop
      vertex 26 47.3 10
      vertex 21.7046 47.3 5.9546
      vertex 21.6178 47.3 6.03416
    endloop
  endfacet
  facet normal 0 1 0
    outer loop
      vertex 26 47.3 10
      vertex 21.7842 47.3 5.86776
      vertex 21.7046 47.3 5.9546
    endloop
  endfacet
  facet normal 0 1 0
    outer loop
      vertex 26 47.3 10
      vertex 21.8559 47.3 5.77433
      vertex 21.7842 47.3 5.86776
    endloop
  endfacet
  facet normal 0 1 0
    outer loop
      vertex 26 47.3 10
      vertex 21.9191 47.3 5.675
      vertex 21.8559 47.3 5.77433
    endloop
  endfacet
  facet normal 0 1 0
    outer loop
      vertex 26 47.3 10
      vertex 21.9735 47.3 5.57054
      vertex 21.9191 47.3 5.675
    endloop
  endfacet
  facet normal 0 1 0
    outer loop
      vertex 26 47.3 10
      vertex 22.0186 47.3 5.46173
      vertex 21.9735 47.3 5.57054
    endloop
  endfacet
  facet normal 0 1 0
    outer loop
      vertex 26 47.3 10
      vertex 22.054 47.3 5.34941
      vertex 22.0186 47.3 5.46173
    endloop
  endfacet
  facet normal 0 1 0
    outer loop
      vertex 26 47.3 10
      vertex 22.0795 47.3 5.23443
      vertex 22.054 47.3 5.34941
    endloop
  endfacet
  facet normal 0 1 0
    outer loop
      vertex 26 47.3 10
      vertex 22.0949 47.3 5.11766
      vertex 22.0795 47.3 5.23443
    endloop
  endfacet
  facet normal 0 1 0
    outer loop
      vertex 26 47.3 10
      vertex 22.1 47.3 5
      vertex 22.0949 47.3 5.11766
    endloop
  endfacet
  facet normal 0 1 -0
    outer loop
      vertex 26 47.3 3.8147e-07
      vertex 22.1 47.3 5
      vertex 26 47.3 10
    endloop
  endfacet
  facet normal 0 1 0
    outer loop
      vertex 22.1 47.3 5
      vertex 26 47.3 3.8147e-07
      vertex 22.0949 47.3 4.88234
    endloop
  endfacet
  facet normal 0 1 0
    outer loop
      vertex 22.0949 47.3 4.88234
      vertex 26 47.3 3.8147e-07
      vertex 22.0795 47.3 4.76558
    endloop
  endfacet
  facet normal 0 1 0
    outer loop
      vertex 22.0795 47.3 4.76558
      vertex 26 47.3 3.8147e-07
      vertex 22.054 47.3 4.6506
    endloop
  endfacet
  facet normal 0 1 0
    outer loop
      vertex 22.054 47.3 4.6506
      vertex 26 47.3 3.8147e-07
      vertex 22.0186 47.3 4.53827
    endloop
  endfacet
  facet normal 0 1 0
    outer loop
      vertex 22.0186 47.3 4.53827
      vertex 26 47.3 3.8147e-07
      vertex 21.9735 47.3 4.42947
    endloop
  endfacet
  facet normal 0 1 0
    outer loop
      vertex 21.9735 47.3 4.42947
      vertex 26 47.3 3.8147e-07
      vertex 21.9191 47.3 4.325
    endloop
  endfacet
  facet normal 0 1 0
    outer loop
      vertex 10.9844 47.3 3.67051
      vertex 5.5 47.3 3.8147e-07
      vertex 10.8677 47.3 3.65514
    endloop
  endfacet
  facet normal 0 1 0
    outer loop
      vertex 20.8677 47.3 3.65514
      vertex 26 47.3 3.8147e-07
      vertex 20.75 47.3 3.65
    endloop
  endfacet
  facet normal 0 1 0
    outer loop
      vertex 20.9844 47.3 3.67051
      vertex 26 47.3 3.8147e-07
      vertex 20.8677 47.3 3.65514
    endloop
  endfacet
  facet normal 0 1 0
    outer loop
      vertex 21.0994 47.3 3.696
      vertex 26 47.3 3.8147e-07
      vertex 20.9844 47.3 3.67051
    endloop
  endfacet
  facet normal 0 1 0
    outer loop
      vertex 21.2117 47.3 3.73142
      vertex 26 47.3 3.8147e-07
      vertex 21.0994 47.3 3.696
    endloop
  endfacet
  facet normal 0 1 0
    outer loop
      vertex 21.3205 47.3 3.77648
      vertex 26 47.3 3.8147e-07
      vertex 21.2117 47.3 3.73142
    endloop
  endfacet
  facet normal 0 1 0
    outer loop
      vertex 21.425 47.3 3.83087
      vertex 26 47.3 3.8147e-07
      vertex 21.3205 47.3 3.77648
    endloop
  endfacet
  facet normal 0 1 0
    outer loop
      vertex 21.5243 47.3 3.89415
      vertex 26 47.3 3.8147e-07
      vertex 21.425 47.3 3.83087
    endloop
  endfacet
  facet normal 0 1 0
    outer loop
      vertex 21.6178 47.3 3.96584
      vertex 26 47.3 3.8147e-07
      vertex 21.5243 47.3 3.89415
    endloop
  endfacet
  facet normal 0 1 0
    outer loop
      vertex 21.7046 47.3 4.04541
      vertex 26 47.3 3.8147e-07
      vertex 21.6178 47.3 3.96584
    endloop
  endfacet
  facet normal 0 1 0
    outer loop
      vertex 21.7842 47.3 4.13224
      vertex 26 47.3 3.8147e-07
      vertex 21.7046 47.3 4.04541
    endloop
  endfacet
  facet normal 0 1 0
    outer loop
      vertex 21.8559 47.3 4.22567
      vertex 26 47.3 3.8147e-07
      vertex 21.7842 47.3 4.13224
    endloop
  endfacet
  facet normal 0 1 0
    outer loop
      vertex 21.9191 47.3 4.325
      vertex 26 47.3 3.8147e-07
      vertex 21.8559 47.3 4.22567
    endloop
  endfacet
  facet normal 0 1 0
    outer loop
      vertex 20.5156 47.3 6.32949
      vertex 26 47.3 10
      vertex 20.6323 47.3 6.34486
    endloop
  endfacet
  facet normal 0 1 -0
    outer loop
      vertex 10.6323 47.3 6.34486
      vertex 5.5 47.3 10
      vertex 10.75 47.3 6.35
    endloop
  endfacet
  facet normal 0 1 -0
    outer loop
      vertex 10.5156 47.3 6.32949
      vertex 5.5 47.3 10
      vertex 10.6323 47.3 6.34486
    endloop
  endfacet
  facet normal 0 1 -0
    outer loop
      vertex 10.4006 47.3 6.304
      vertex 5.5 47.3 10
      vertex 10.5156 47.3 6.32949
    endloop
  endfacet
  facet normal 0 1 -0
    outer loop
      vertex 10.2883 47.3 6.26859
      vertex 5.5 47.3 10
      vertex 10.4006 47.3 6.304
    endloop
  endfacet
  facet normal 0 1 -0
    outer loop
      vertex 10.1795 47.3 6.22352
      vertex 5.5 47.3 10
      vertex 10.2883 47.3 6.26859
    endloop
  endfacet
  facet normal 0 1 -0
    outer loop
      vertex 10.075 47.3 6.16913
      vertex 5.5 47.3 10
      vertex 10.1795 47.3 6.22352
    endloop
  endfacet
  facet normal 0 1 -0
    outer loop
      vertex 9.97567 47.3 6.10586
      vertex 5.5 47.3 10
      vertex 10.075 47.3 6.16913
    endloop
  endfacet
  facet normal 0 1 -0
    outer loop
      vertex 9.88224 47.3 6.03416
      vertex 5.5 47.3 10
      vertex 9.97567 47.3 6.10586
    endloop
  endfacet
  facet normal 0 1 -0
    outer loop
      vertex 9.79541 47.3 5.9546
      vertex 5.5 47.3 10
      vertex 9.88224 47.3 6.03416
    endloop
  endfacet
  facet normal 0 1 -0
    outer loop
      vertex 9.71584 47.3 5.86776
      vertex 5.5 47.3 10
      vertex 9.79541 47.3 5.9546
    endloop
  endfacet
  facet normal 0 1 -0
    outer loop
      vertex 9.64414 47.3 5.77433
      vertex 5.5 47.3 10
      vertex 9.71584 47.3 5.86776
    endloop
  endfacet
  facet normal 0 1 -0
    outer loop
      vertex 9.58086 47.3 5.675
      vertex 5.5 47.3 10
      vertex 9.64414 47.3 5.77433
    endloop
  endfacet
  facet normal 0 1 -0
    outer loop
      vertex 9.52648 47.3 5.57054
      vertex 5.5 47.3 10
      vertex 9.58086 47.3 5.675
    endloop
  endfacet
  facet normal 0 1 -0
    outer loop
      vertex 9.48141 47.3 5.46173
      vertex 5.5 47.3 10
      vertex 9.52648 47.3 5.57054
    endloop
  endfacet
  facet normal 0 1 -0
    outer loop
      vertex 9.446 47.3 5.34941
      vertex 5.5 47.3 10
      vertex 9.48141 47.3 5.46173
    endloop
  endfacet
  facet normal 0 1 -0
    outer loop
      vertex 9.42051 47.3 5.23443
      vertex 5.5 47.3 10
      vertex 9.446 47.3 5.34941
    endloop
  endfacet
  facet normal 0 1 -0
    outer loop
      vertex 9.40514 47.3 5.11766
      vertex 5.5 47.3 10
      vertex 9.42051 47.3 5.23443
    endloop
  endfacet
  facet normal 0 1 -0
    outer loop
      vertex 9.4 47.3 5
      vertex 5.5 47.3 10
      vertex 9.40514 47.3 5.11766
    endloop
  endfacet
  facet normal 0 1 0
    outer loop
      vertex 5.5 47.3 3.8147e-07
      vertex 9.4 47.3 5
      vertex 9.40514 47.3 4.88234
    endloop
  endfacet
  facet normal 0 1 0
    outer loop
      vertex 5.5 47.3 3.8147e-07
      vertex 9.40514 47.3 4.88234
      vertex 9.42051 47.3 4.76558
    endloop
  endfacet
  facet normal 0 1 0
    outer loop
      vertex 5.5 47.3 3.8147e-07
      vertex 9.42051 47.3 4.76558
      vertex 9.446 47.3 4.6506
    endloop
  endfacet
  facet normal 0 1 0
    outer loop
      vertex 5.5 47.3 3.8147e-07
      vertex 9.446 47.3 4.6506
      vertex 9.48141 47.3 4.53827
    endloop
  endfacet
  facet normal 0 1 0
    outer loop
      vertex 5.5 47.3 3.8147e-07
      vertex 9.48141 47.3 4.53827
      vertex 9.52648 47.3 4.42947
    endloop
  endfacet
  facet normal 0 1 0
    outer loop
      vertex 5.5 47.3 3.8147e-07
      vertex 9.52648 47.3 4.42947
      vertex 9.58086 47.3 4.325
    endloop
  endfacet
  facet normal 0 1 0
    outer loop
      vertex 5.5 47.3 3.8147e-07
      vertex 9.58086 47.3 4.325
      vertex 9.64414 47.3 4.22567
    endloop
  endfacet
  facet normal 0 1 0
    outer loop
      vertex 10.8677 47.3 3.65514
      vertex 5.5 47.3 3.8147e-07
      vertex 10.75 47.3 3.65
    endloop
  endfacet
  facet normal 0 1 0
    outer loop
      vertex 10.75 47.3 3.65
      vertex 5.5 47.3 3.8147e-07
      vertex 10.6323 47.3 3.65514
    endloop
  endfacet
  facet normal 0 1 0
    outer loop
      vertex 10.6323 47.3 3.65514
      vertex 5.5 47.3 3.8147e-07
      vertex 10.5156 47.3 3.67051
    endloop
  endfacet
  facet normal 0 1 0
    outer loop
      vertex 9.4 47.3 5
      vertex 5.5 47.3 3.8147e-07
      vertex 5.5 47.3 10
    endloop
  endfacet
  facet normal 0 1 0
    outer loop
      vertex 9.71584 47.3 4.13224
      vertex 5.5 47.3 3.8147e-07
      vertex 9.64414 47.3 4.22567
    endloop
  endfacet
  facet normal 0 1 0
    outer loop
      vertex 9.79541 47.3 4.04541
      vertex 5.5 47.3 3.8147e-07
      vertex 9.71584 47.3 4.13224
    endloop
  endfacet
  facet normal 0 1 0
    outer loop
      vertex 9.88224 47.3 3.96584
      vertex 5.5 47.3 3.8147e-07
      vertex 9.79541 47.3 4.04541
    endloop
  endfacet
  facet normal 0 1 0
    outer loop
      vertex 9.97567 47.3 3.89415
      vertex 5.5 47.3 3.8147e-07
      vertex 9.88224 47.3 3.96584
    endloop
  endfacet
  facet normal 0 1 0
    outer loop
      vertex 10.075 47.3 3.83087
      vertex 5.5 47.3 3.8147e-07
      vertex 9.97567 47.3 3.89415
    endloop
  endfacet
  facet normal 0 1 0
    outer loop
      vertex 10.1795 47.3 3.77648
      vertex 5.5 47.3 3.8147e-07
      vertex 10.075 47.3 3.83087
    endloop
  endfacet
  facet normal 0 1 0
    outer loop
      vertex 10.2883 47.3 3.73142
      vertex 5.5 47.3 3.8147e-07
      vertex 10.1795 47.3 3.77648
    endloop
  endfacet
  facet normal 0 1 0
    outer loop
      vertex 10.4006 47.3 3.696
      vertex 5.5 47.3 3.8147e-07
      vertex 10.2883 47.3 3.73142
    endloop
  endfacet
  facet normal 0 1 0
    outer loop
      vertex 10.5156 47.3 3.67051
      vertex 5.5 47.3 3.8147e-07
      vertex 10.4006 47.3 3.696
    endloop
  endfacet
  facet normal 0 -1 0
    outer loop
      vertex 11.0994 -47.3 6.304
      vertex 5.5 -47.3 10
      vertex 10.9844 -47.3 6.32949
    endloop
  endfacet
  facet normal 0 -1 0
    outer loop
      vertex 26 -47.3 10
      vertex 20.6323 -47.3 6.34486
      vertex 20.75 -47.3 6.35
    endloop
  endfacet
  facet normal 0 -1 0
    outer loop
      vertex 11.2117 -47.3 6.26859
      vertex 5.5 -47.3 10
      vertex 11.0994 -47.3 6.304
    endloop
  endfacet
  facet normal 0 -1 0
    outer loop
      vertex 26 -47.3 10
      vertex 20.5156 -47.3 6.32949
      vertex 20.6323 -47.3 6.34486
    endloop
  endfacet
  facet normal 0 -1 0
    outer loop
      vertex 5.5 -47.3 10
      vertex 11.2117 -47.3 6.26859
      vertex 26 -47.3 10
    endloop
  endfacet
  facet normal 0 -1 0
    outer loop
      vertex 26 -47.3 10
      vertex 20.4006 -47.3 6.304
      vertex 20.5156 -47.3 6.32949
    endloop
  endfacet
  facet normal 0 -1 0
    outer loop
      vertex 20.2883 -47.3 6.26859
      vertex 26 -47.3 10
      vertex 11.2117 -47.3 6.26859
    endloop
  endfacet
  facet normal 0 -1 0
    outer loop
      vertex 26 -47.3 10
      vertex 20.2883 -47.3 6.26859
      vertex 20.4006 -47.3 6.304
    endloop
  endfacet
  facet normal 0 -1 0
    outer loop
      vertex 11.3205 -47.3 6.22352
      vertex 20.2883 -47.3 6.26859
      vertex 11.2117 -47.3 6.26859
    endloop
  endfacet
  facet normal 0 -1 0
    outer loop
      vertex 11.3205 -47.3 6.22352
      vertex 20.1795 -47.3 6.22352
      vertex 20.2883 -47.3 6.26859
    endloop
  endfacet
  facet normal 0 -1 0
    outer loop
      vertex 11.425 -47.3 6.16913
      vertex 20.1795 -47.3 6.22352
      vertex 11.3205 -47.3 6.22352
    endloop
  endfacet
  facet normal 0 -1 0
    outer loop
      vertex 11.425 -47.3 6.16913
      vertex 20.075 -47.3 6.16913
      vertex 20.1795 -47.3 6.22352
    endloop
  endfacet
  facet normal 0 -1 0
    outer loop
      vertex 11.5243 -47.3 6.10586
      vertex 20.075 -47.3 6.16913
      vertex 11.425 -47.3 6.16913
    endloop
  endfacet
  facet normal 0 -1 0
    outer loop
      vertex 11.5243 -47.3 6.10586
      vertex 19.9757 -47.3 6.10586
      vertex 20.075 -47.3 6.16913
    endloop
  endfacet
  facet normal 0 -1 0
    outer loop
      vertex 11.6178 -47.3 6.03416
      vertex 19.9757 -47.3 6.10586
      vertex 11.5243 -47.3 6.10586
    endloop
  endfacet
  facet normal 0 -1 0
    outer loop
      vertex 11.6178 -47.3 6.03416
      vertex 19.8822 -47.3 6.03416
      vertex 19.9757 -47.3 6.10586
    endloop
  endfacet
  facet normal 0 -1 0
    outer loop
      vertex 11.7046 -47.3 5.9546
      vertex 19.8822 -47.3 6.03416
      vertex 11.6178 -47.3 6.03416
    endloop
  endfacet
  facet normal 0 -1 0
    outer loop
      vertex 11.7046 -47.3 5.9546
      vertex 19.7954 -47.3 5.9546
      vertex 19.8822 -47.3 6.03416
    endloop
  endfacet
  facet normal 0 -1 0
    outer loop
      vertex 11.7842 -47.3 5.86776
      vertex 19.7954 -47.3 5.9546
      vertex 11.7046 -47.3 5.9546
    endloop
  endfacet
  facet normal 0 -1 0
    outer loop
      vertex 11.7842 -47.3 5.86776
      vertex 19.7158 -47.3 5.86776
      vertex 19.7954 -47.3 5.9546
    endloop
  endfacet
  facet normal 0 -1 0
    outer loop
      vertex 11.8559 -47.3 5.77433
      vertex 19.7158 -47.3 5.86776
      vertex 11.7842 -47.3 5.86776
    endloop
  endfacet
  facet normal 0 -1 0
    outer loop
      vertex 11.8559 -47.3 5.77433
      vertex 19.6441 -47.3 5.77433
      vertex 19.7158 -47.3 5.86776
    endloop
  endfacet
  facet normal 0 -1 0
    outer loop
      vertex 11.9191 -47.3 5.675
      vertex 19.6441 -47.3 5.77433
      vertex 11.8559 -47.3 5.77433
    endloop
  endfacet
  facet normal 0 -1 0
    outer loop
      vertex 11.9191 -47.3 5.675
      vertex 19.5809 -47.3 5.675
      vertex 19.6441 -47.3 5.77433
    endloop
  endfacet
  facet normal 0 -1 0
    outer loop
      vertex 11.9735 -47.3 5.57054
      vertex 19.5809 -47.3 5.675
      vertex 11.9191 -47.3 5.675
    endloop
  endfacet
  facet normal 0 -1 0
    outer loop
      vertex 11.9735 -47.3 5.57054
      vertex 19.5265 -47.3 5.57054
      vertex 19.5809 -47.3 5.675
    endloop
  endfacet
  facet normal 0 -1 0
    outer loop
      vertex 12.0186 -47.3 5.46173
      vertex 19.5265 -47.3 5.57054
      vertex 11.9735 -47.3 5.57054
    endloop
  endfacet
  facet normal 0 -1 0
    outer loop
      vertex 12.0186 -47.3 5.46173
      vertex 19.4814 -47.3 5.46173
      vertex 19.5265 -47.3 5.57054
    endloop
  endfacet
  facet normal 0 -1 0
    outer loop
      vertex 12.054 -47.3 5.34941
      vertex 19.4814 -47.3 5.46173
      vertex 12.0186 -47.3 5.46173
    endloop
  endfacet
  facet normal 0 -1 0
    outer loop
      vertex 12.054 -47.3 5.34941
      vertex 19.446 -47.3 5.34941
      vertex 19.4814 -47.3 5.46173
    endloop
  endfacet
  facet normal 0 -1 0
    outer loop
      vertex 12.0795 -47.3 5.23443
      vertex 19.446 -47.3 5.34941
      vertex 12.054 -47.3 5.34941
    endloop
  endfacet
  facet normal 0 -1 0
    outer loop
      vertex 12.0795 -47.3 5.23443
      vertex 19.4205 -47.3 5.23443
      vertex 19.446 -47.3 5.34941
    endloop
  endfacet
  facet normal 0 -1 0
    outer loop
      vertex 12.0949 -47.3 5.11766
      vertex 19.4205 -47.3 5.23443
      vertex 12.0795 -47.3 5.23443
    endloop
  endfacet
  facet normal 0 -1 0
    outer loop
      vertex 12.0949 -47.3 5.11766
      vertex 19.4051 -47.3 5.11766
      vertex 19.4205 -47.3 5.23443
    endloop
  endfacet
  facet normal 0 -1 0
    outer loop
      vertex 12.1 -47.3 5
      vertex 19.4051 -47.3 5.11766
      vertex 12.0949 -47.3 5.11766
    endloop
  endfacet
  facet normal 0 -1 0
    outer loop
      vertex 12.1 -47.3 5
      vertex 19.4 -47.3 5
      vertex 19.4051 -47.3 5.11766
    endloop
  endfacet
  facet normal 0 -1 0
    outer loop
      vertex 12.0949 -47.3 4.88234
      vertex 19.4 -47.3 5
      vertex 12.1 -47.3 5
    endloop
  endfacet
  facet normal 0 -1 0
    outer loop
      vertex 12.0949 -47.3 4.88234
      vertex 19.4051 -47.3 4.88234
      vertex 19.4 -47.3 5
    endloop
  endfacet
  facet normal 0 -1 0
    outer loop
      vertex 12.0795 -47.3 4.76558
      vertex 19.4051 -47.3 4.88234
      vertex 12.0949 -47.3 4.88234
    endloop
  endfacet
  facet normal 0 -1 0
    outer loop
      vertex 12.0795 -47.3 4.76558
      vertex 19.4205 -47.3 4.76558
      vertex 19.4051 -47.3 4.88234
    endloop
  endfacet
  facet normal 0 -1 0
    outer loop
      vertex 12.054 -47.3 4.6506
      vertex 19.4205 -47.3 4.76558
      vertex 12.0795 -47.3 4.76558
    endloop
  endfacet
  facet normal 0 -1 0
    outer loop
      vertex 12.054 -47.3 4.6506
      vertex 19.446 -47.3 4.6506
      vertex 19.4205 -47.3 4.76558
    endloop
  endfacet
  facet normal 0 -1 0
    outer loop
      vertex 12.0186 -47.3 4.53827
      vertex 19.446 -47.3 4.6506
      vertex 12.054 -47.3 4.6506
    endloop
  endfacet
  facet normal 0 -1 0
    outer loop
      vertex 12.0186 -47.3 4.53827
      vertex 19.4814 -47.3 4.53827
      vertex 19.446 -47.3 4.6506
    endloop
  endfacet
  facet normal 0 -1 0
    outer loop
      vertex 11.9735 -47.3 4.42947
      vertex 19.4814 -47.3 4.53827
      vertex 12.0186 -47.3 4.53827
    endloop
  endfacet
  facet normal 0 -1 0
    outer loop
      vertex 11.9735 -47.3 4.42947
      vertex 19.5265 -47.3 4.42947
      vertex 19.4814 -47.3 4.53827
    endloop
  endfacet
  facet normal 0 -1 0
    outer loop
      vertex 11.9191 -47.3 4.325
      vertex 19.5265 -47.3 4.42947
      vertex 11.9735 -47.3 4.42947
    endloop
  endfacet
  facet normal 0 -1 0
    outer loop
      vertex 11.9191 -47.3 4.325
      vertex 19.5809 -47.3 4.325
      vertex 19.5265 -47.3 4.42947
    endloop
  endfacet
  facet normal 0 -1 0
    outer loop
      vertex 11.8559 -47.3 4.22567
      vertex 19.5809 -47.3 4.325
      vertex 11.9191 -47.3 4.325
    endloop
  endfacet
  facet normal 0 -1 0
    outer loop
      vertex 11.8559 -47.3 4.22567
      vertex 19.6441 -47.3 4.22567
      vertex 19.5809 -47.3 4.325
    endloop
  endfacet
  facet normal 0 -1 0
    outer loop
      vertex 11.7842 -47.3 4.13224
      vertex 19.6441 -47.3 4.22567
      vertex 11.8559 -47.3 4.22567
    endloop
  endfacet
  facet normal 0 -1 0
    outer loop
      vertex 11.7842 -47.3 4.13224
      vertex 19.7158 -47.3 4.13224
      vertex 19.6441 -47.3 4.22567
    endloop
  endfacet
  facet normal 0 -1 0
    outer loop
      vertex 11.7046 -47.3 4.04541
      vertex 19.7158 -47.3 4.13224
      vertex 11.7842 -47.3 4.13224
    endloop
  endfacet
  facet normal 0 -1 0
    outer loop
      vertex 11.7046 -47.3 4.04541
      vertex 19.7954 -47.3 4.04541
      vertex 19.7158 -47.3 4.13224
    endloop
  endfacet
  facet normal 0 -1 0
    outer loop
      vertex 11.6178 -47.3 3.96584
      vertex 19.7954 -47.3 4.04541
      vertex 11.7046 -47.3 4.04541
    endloop
  endfacet
  facet normal 0 -1 0
    outer loop
      vertex 11.6178 -47.3 3.96584
      vertex 19.8822 -47.3 3.96584
      vertex 19.7954 -47.3 4.04541
    endloop
  endfacet
  facet normal 0 -1 0
    outer loop
      vertex 11.5243 -47.3 3.89415
      vertex 19.8822 -47.3 3.96584
      vertex 11.6178 -47.3 3.96584
    endloop
  endfacet
  facet normal 0 -1 0
    outer loop
      vertex 11.5243 -47.3 3.89415
      vertex 19.9757 -47.3 3.89415
      vertex 19.8822 -47.3 3.96584
    endloop
  endfacet
  facet normal 0 -1 0
    outer loop
      vertex 11.425 -47.3 3.83087
      vertex 19.9757 -47.3 3.89415
      vertex 11.5243 -47.3 3.89415
    endloop
  endfacet
  facet normal 0 -1 0
    outer loop
      vertex 11.425 -47.3 3.83087
      vertex 20.075 -47.3 3.83087
      vertex 19.9757 -47.3 3.89415
    endloop
  endfacet
  facet normal 0 -1 0
    outer loop
      vertex 11.3205 -47.3 3.77648
      vertex 20.075 -47.3 3.83087
      vertex 11.425 -47.3 3.83087
    endloop
  endfacet
  facet normal 0 -1 0
    outer loop
      vertex 11.3205 -47.3 3.77648
      vertex 20.1795 -47.3 3.77648
      vertex 20.075 -47.3 3.83087
    endloop
  endfacet
  facet normal 0 -1 0
    outer loop
      vertex 11.2117 -47.3 3.73142
      vertex 20.1795 -47.3 3.77648
      vertex 11.3205 -47.3 3.77648
    endloop
  endfacet
  facet normal 0 -1 0
    outer loop
      vertex 11.2117 -47.3 3.73142
      vertex 20.2883 -47.3 3.73142
      vertex 20.1795 -47.3 3.77648
    endloop
  endfacet
  facet normal 0 -1 0
    outer loop
      vertex 5.5 -47.3 3.8147e-07
      vertex 11.2117 -47.3 3.73142
      vertex 11.0994 -47.3 3.696
    endloop
  endfacet
  facet normal 0 -1 -0
    outer loop
      vertex 11.2117 -47.3 3.73142
      vertex 5.5 -47.3 3.8147e-07
      vertex 20.2883 -47.3 3.73142
    endloop
  endfacet
  facet normal 0 -1 0
    outer loop
      vertex 5.5 -47.3 3.8147e-07
      vertex 11.0994 -47.3 3.696
      vertex 10.9844 -47.3 3.67051
    endloop
  endfacet
  facet normal 0 -1 0
    outer loop
      vertex 26 -47.3 3.8147e-07
      vertex 20.2883 -47.3 3.73142
      vertex 5.5 -47.3 3.8147e-07
    endloop
  endfacet
  facet normal 0 -1 0
    outer loop
      vertex 5.5 -47.3 3.8147e-07
      vertex 10.9844 -47.3 3.67051
      vertex 10.8677 -47.3 3.65514
    endloop
  endfacet
  facet normal 0 -1 0
    outer loop
      vertex 20.2883 -47.3 3.73142
      vertex 26 -47.3 3.8147e-07
      vertex 20.4006 -47.3 3.696
    endloop
  endfacet
  facet normal 0 -1 0
    outer loop
      vertex 5.5 -47.3 3.8147e-07
      vertex 10.8677 -47.3 3.65514
      vertex 10.75 -47.3 3.65
    endloop
  endfacet
  facet normal 0 -1 0
    outer loop
      vertex 20.4006 -47.3 3.696
      vertex 26 -47.3 3.8147e-07
      vertex 20.5156 -47.3 3.67051
    endloop
  endfacet
  facet normal 0 -1 0
    outer loop
      vertex 10.8677 -47.3 6.34486
      vertex 5.5 -47.3 10
      vertex 10.75 -47.3 6.35
    endloop
  endfacet
  facet normal 0 -1 0
    outer loop
      vertex 5.5 -47.3 10
      vertex 10.6323 -47.3 6.34486
      vertex 10.75 -47.3 6.35
    endloop
  endfacet
  facet normal 0 -1 0
    outer loop
      vertex 5.5 -47.3 10
      vertex 10.5156 -47.3 6.32949
      vertex 10.6323 -47.3 6.34486
    endloop
  endfacet
  facet normal 0 -1 0
    outer loop
      vertex 5.5 -47.3 10
      vertex 10.4006 -47.3 6.304
      vertex 10.5156 -47.3 6.32949
    endloop
  endfacet
  facet normal 0 -1 0
    outer loop
      vertex 5.5 -47.3 10
      vertex 10.2883 -47.3 6.26859
      vertex 10.4006 -47.3 6.304
    endloop
  endfacet
  facet normal 0 -1 0
    outer loop
      vertex 5.5 -47.3 10
      vertex 10.1795 -47.3 6.22352
      vertex 10.2883 -47.3 6.26859
    endloop
  endfacet
  facet normal 0 -1 0
    outer loop
      vertex 5.5 -47.3 10
      vertex 10.075 -47.3 6.16913
      vertex 10.1795 -47.3 6.22352
    endloop
  endfacet
  facet normal 0 -1 0
    outer loop
      vertex 5.5 -47.3 10
      vertex 9.97567 -47.3 6.10586
      vertex 10.075 -47.3 6.16913
    endloop
  endfacet
  facet normal 0 -1 0
    outer loop
      vertex 5.5 -47.3 10
      vertex 9.88224 -47.3 6.03416
      vertex 9.97567 -47.3 6.10586
    endloop
  endfacet
  facet normal 0 -1 0
    outer loop
      vertex 5.5 -47.3 10
      vertex 9.79541 -47.3 5.9546
      vertex 9.88224 -47.3 6.03416
    endloop
  endfacet
  facet normal 0 -1 0
    outer loop
      vertex 5.5 -47.3 10
      vertex 9.71584 -47.3 5.86776
      vertex 9.79541 -47.3 5.9546
    endloop
  endfacet
  facet normal 0 -1 0
    outer loop
      vertex 5.5 -47.3 10
      vertex 9.64414 -47.3 5.77433
      vertex 9.71584 -47.3 5.86776
    endloop
  endfacet
  facet normal 0 -1 0
    outer loop
      vertex 5.5 -47.3 10
      vertex 9.58086 -47.3 5.675
      vertex 9.64414 -47.3 5.77433
    endloop
  endfacet
  facet normal 0 -1 0
    outer loop
      vertex 5.5 -47.3 10
      vertex 9.52648 -47.3 5.57054
      vertex 9.58086 -47.3 5.675
    endloop
  endfacet
  facet normal 0 -1 0
    outer loop
      vertex 5.5 -47.3 10
      vertex 9.48141 -47.3 5.46173
      vertex 9.52648 -47.3 5.57054
    endloop
  endfacet
  facet normal 0 -1 0
    outer loop
      vertex 5.5 -47.3 10
      vertex 9.446 -47.3 5.34941
      vertex 9.48141 -47.3 5.46173
    endloop
  endfacet
  facet normal 0 -1 0
    outer loop
      vertex 5.5 -47.3 10
      vertex 9.42051 -47.3 5.23443
      vertex 9.446 -47.3 5.34941
    endloop
  endfacet
  facet normal 0 -1 0
    outer loop
      vertex 5.5 -47.3 10
      vertex 9.40514 -47.3 5.11766
      vertex 9.42051 -47.3 5.23443
    endloop
  endfacet
  facet normal 0 -1 0
    outer loop
      vertex 5.5 -47.3 10
      vertex 9.4 -47.3 5
      vertex 9.40514 -47.3 5.11766
    endloop
  endfacet
  facet normal 0 -1 0
    outer loop
      vertex 5.5 -47.3 3.8147e-07
      vertex 9.4 -47.3 5
      vertex 5.5 -47.3 10
    endloop
  endfacet
  facet normal 0 -1 -0
    outer loop
      vertex 9.4 -47.3 5
      vertex 5.5 -47.3 3.8147e-07
      vertex 9.40514 -47.3 4.88234
    endloop
  endfacet
  facet normal 0 -1 -0
    outer loop
      vertex 9.40514 -47.3 4.88234
      vertex 5.5 -47.3 3.8147e-07
      vertex 9.42051 -47.3 4.76558
    endloop
  endfacet
  facet normal 0 -1 -0
    outer loop
      vertex 9.42051 -47.3 4.76558
      vertex 5.5 -47.3 3.8147e-07
      vertex 9.446 -47.3 4.6506
    endloop
  endfacet
  facet normal 0 -1 -0
    outer loop
      vertex 9.446 -47.3 4.6506
      vertex 5.5 -47.3 3.8147e-07
      vertex 9.48141 -47.3 4.53827
    endloop
  endfacet
  facet normal 0 -1 -0
    outer loop
      vertex 9.48141 -47.3 4.53827
      vertex 5.5 -47.3 3.8147e-07
      vertex 9.52648 -47.3 4.42947
    endloop
  endfacet
  facet normal 0 -1 -0
    outer loop
      vertex 9.52648 -47.3 4.42947
      vertex 5.5 -47.3 3.8147e-07
      vertex 9.58086 -47.3 4.325
    endloop
  endfacet
  facet normal 0 -1 0
    outer loop
      vertex 20.5156 -47.3 3.67051
      vertex 26 -47.3 3.8147e-07
      vertex 20.6323 -47.3 3.65514
    endloop
  endfacet
  facet normal 0 -1 -0
    outer loop
      vertex 10.6323 -47.3 3.65514
      vertex 5.5 -47.3 3.8147e-07
      vertex 10.75 -47.3 3.65
    endloop
  endfacet
  facet normal 0 -1 -0
    outer loop
      vertex 10.5156 -47.3 3.67051
      vertex 5.5 -47.3 3.8147e-07
      vertex 10.6323 -47.3 3.65514
    endloop
  endfacet
  facet normal 0 -1 -0
    outer loop
      vertex 10.4006 -47.3 3.696
      vertex 5.5 -47.3 3.8147e-07
      vertex 10.5156 -47.3 3.67051
    endloop
  endfacet
  facet normal 0 -1 -0
    outer loop
      vertex 10.2883 -47.3 3.73142
      vertex 5.5 -47.3 3.8147e-07
      vertex 10.4006 -47.3 3.696
    endloop
  endfacet
  facet normal 0 -1 -0
    outer loop
      vertex 10.1795 -47.3 3.77648
      vertex 5.5 -47.3 3.8147e-07
      vertex 10.2883 -47.3 3.73142
    endloop
  endfacet
  facet normal 0 -1 -0
    outer loop
      vertex 10.075 -47.3 3.83087
      vertex 5.5 -47.3 3.8147e-07
      vertex 10.1795 -47.3 3.77648
    endloop
  endfacet
  facet normal 0 -1 -0
    outer loop
      vertex 9.97567 -47.3 3.89415
      vertex 5.5 -47.3 3.8147e-07
      vertex 10.075 -47.3 3.83087
    endloop
  endfacet
  facet normal 0 -1 -0
    outer loop
      vertex 9.88224 -47.3 3.96584
      vertex 5.5 -47.3 3.8147e-07
      vertex 9.97567 -47.3 3.89415
    endloop
  endfacet
  facet normal 0 -1 -0
    outer loop
      vertex 9.79541 -47.3 4.04541
      vertex 5.5 -47.3 3.8147e-07
      vertex 9.88224 -47.3 3.96584
    endloop
  endfacet
  facet normal 0 -1 -0
    outer loop
      vertex 9.71584 -47.3 4.13224
      vertex 5.5 -47.3 3.8147e-07
      vertex 9.79541 -47.3 4.04541
    endloop
  endfacet
  facet normal 0 -1 -0
    outer loop
      vertex 9.64414 -47.3 4.22567
      vertex 5.5 -47.3 3.8147e-07
      vertex 9.71584 -47.3 4.13224
    endloop
  endfacet
  facet normal 0 -1 -0
    outer loop
      vertex 9.58086 -47.3 4.325
      vertex 5.5 -47.3 3.8147e-07
      vertex 9.64414 -47.3 4.22567
    endloop
  endfacet
  facet normal 0 -1 0
    outer loop
      vertex 10.9844 -47.3 6.32949
      vertex 5.5 -47.3 10
      vertex 10.8677 -47.3 6.34486
    endloop
  endfacet
  facet normal 0 -1 0
    outer loop
      vertex 20.8677 -47.3 6.34486
      vertex 26 -47.3 10
      vertex 20.75 -47.3 6.35
    endloop
  endfacet
  facet normal 0 -1 0
    outer loop
      vertex 20.9844 -47.3 6.32949
      vertex 26 -47.3 10
      vertex 20.8677 -47.3 6.34486
    endloop
  endfacet
  facet normal 0 -1 0
    outer loop
      vertex 21.0994 -47.3 6.304
      vertex 26 -47.3 10
      vertex 20.9844 -47.3 6.32949
    endloop
  endfacet
  facet normal 0 -1 0
    outer loop
      vertex 21.2117 -47.3 6.26859
      vertex 26 -47.3 10
      vertex 21.0994 -47.3 6.304
    endloop
  endfacet
  facet normal 0 -1 0
    outer loop
      vertex 21.3205 -47.3 6.22352
      vertex 26 -47.3 10
      vertex 21.2117 -47.3 6.26859
    endloop
  endfacet
  facet normal 0 -1 0
    outer loop
      vertex 21.425 -47.3 6.16913
      vertex 26 -47.3 10
      vertex 21.3205 -47.3 6.22352
    endloop
  endfacet
  facet normal 0 -1 0
    outer loop
      vertex 21.5243 -47.3 6.10586
      vertex 26 -47.3 10
      vertex 21.425 -47.3 6.16913
    endloop
  endfacet
  facet normal 0 -1 0
    outer loop
      vertex 21.6178 -47.3 6.03416
      vertex 26 -47.3 10
      vertex 21.5243 -47.3 6.10586
    endloop
  endfacet
  facet normal 0 -1 0
    outer loop
      vertex 21.7046 -47.3 5.9546
      vertex 26 -47.3 10
      vertex 21.6178 -47.3 6.03416
    endloop
  endfacet
  facet normal 0 -1 0
    outer loop
      vertex 21.7842 -47.3 5.86776
      vertex 26 -47.3 10
      vertex 21.7046 -47.3 5.9546
    endloop
  endfacet
  facet normal 0 -1 0
    outer loop
      vertex 21.8559 -47.3 5.77433
      vertex 26 -47.3 10
      vertex 21.7842 -47.3 5.86776
    endloop
  endfacet
  facet normal 0 -1 0
    outer loop
      vertex 21.9191 -47.3 5.675
      vertex 26 -47.3 10
      vertex 21.8559 -47.3 5.77433
    endloop
  endfacet
  facet normal 0 -1 0
    outer loop
      vertex 21.9735 -47.3 5.57054
      vertex 26 -47.3 10
      vertex 21.9191 -47.3 5.675
    endloop
  endfacet
  facet normal 0 -1 0
    outer loop
      vertex 22.0186 -47.3 5.46173
      vertex 26 -47.3 10
      vertex 21.9735 -47.3 5.57054
    endloop
  endfacet
  facet normal 0 -1 0
    outer loop
      vertex 22.054 -47.3 5.34941
      vertex 26 -47.3 10
      vertex 22.0186 -47.3 5.46173
    endloop
  endfacet
  facet normal 0 -1 0
    outer loop
      vertex 22.0795 -47.3 5.23443
      vertex 26 -47.3 10
      vertex 22.054 -47.3 5.34941
    endloop
  endfacet
  facet normal 0 -1 0
    outer loop
      vertex 22.0949 -47.3 5.11766
      vertex 26 -47.3 10
      vertex 22.0795 -47.3 5.23443
    endloop
  endfacet
  facet normal 0 -1 0
    outer loop
      vertex 22.1 -47.3 5
      vertex 26 -47.3 10
      vertex 22.0949 -47.3 5.11766
    endloop
  endfacet
  facet normal 0 -1 0
    outer loop
      vertex 26 -47.3 3.8147e-07
      vertex 22.1 -47.3 5
      vertex 22.0949 -47.3 4.88234
    endloop
  endfacet
  facet normal 0 -1 0
    outer loop
      vertex 26 -47.3 3.8147e-07
      vertex 22.0949 -47.3 4.88234
      vertex 22.0795 -47.3 4.76558
    endloop
  endfacet
  facet normal 0 -1 0
    outer loop
      vertex 26 -47.3 3.8147e-07
      vertex 22.0795 -47.3 4.76558
      vertex 22.054 -47.3 4.6506
    endloop
  endfacet
  facet normal 0 -1 0
    outer loop
      vertex 26 -47.3 3.8147e-07
      vertex 22.054 -47.3 4.6506
      vertex 22.0186 -47.3 4.53827
    endloop
  endfacet
  facet normal 0 -1 0
    outer loop
      vertex 26 -47.3 3.8147e-07
      vertex 22.0186 -47.3 4.53827
      vertex 21.9735 -47.3 4.42947
    endloop
  endfacet
  facet normal 0 -1 0
    outer loop
      vertex 26 -47.3 3.8147e-07
      vertex 21.9735 -47.3 4.42947
      vertex 21.9191 -47.3 4.325
    endloop
  endfacet
  facet normal 0 -1 0
    outer loop
      vertex 26 -47.3 3.8147e-07
      vertex 21.9191 -47.3 4.325
      vertex 21.8559 -47.3 4.22567
    endloop
  endfacet
  facet normal 0 -1 0
    outer loop
      vertex 20.6323 -47.3 3.65514
      vertex 26 -47.3 3.8147e-07
      vertex 20.75 -47.3 3.65
    endloop
  endfacet
  facet normal 0 -1 0
    outer loop
      vertex 20.75 -47.3 3.65
      vertex 26 -47.3 3.8147e-07
      vertex 20.8677 -47.3 3.65514
    endloop
  endfacet
  facet normal 0 -1 0
    outer loop
      vertex 20.8677 -47.3 3.65514
      vertex 26 -47.3 3.8147e-07
      vertex 20.9844 -47.3 3.67051
    endloop
  endfacet
  facet normal 0 -1 0
    outer loop
      vertex 22.1 -47.3 5
      vertex 26 -47.3 3.8147e-07
      vertex 26 -47.3 10
    endloop
  endfacet
  facet normal 0 -1 0
    outer loop
      vertex 21.7842 -47.3 4.13224
      vertex 26 -47.3 3.8147e-07
      vertex 21.8559 -47.3 4.22567
    endloop
  endfacet
  facet normal 0 -1 0
    outer loop
      vertex 21.7046 -47.3 4.04541
      vertex 26 -47.3 3.8147e-07
      vertex 21.7842 -47.3 4.13224
    endloop
  endfacet
  facet normal 0 -1 0
    outer loop
      vertex 21.6178 -47.3 3.96584
      vertex 26 -47.3 3.8147e-07
      vertex 21.7046 -47.3 4.04541
    endloop
  endfacet
  facet normal 0 -1 0
    outer loop
      vertex 21.5243 -47.3 3.89415
      vertex 26 -47.3 3.8147e-07
      vertex 21.6178 -47.3 3.96584
    endloop
  endfacet
  facet normal 0 -1 0
    outer loop
      vertex 21.425 -47.3 3.83087
      vertex 26 -47.3 3.8147e-07
      vertex 21.5243 -47.3 3.89415
    endloop
  endfacet
  facet normal 0 -1 0
    outer loop
      vertex 21.3205 -47.3 3.77648
      vertex 26 -47.3 3.8147e-07
      vertex 21.425 -47.3 3.83087
    endloop
  endfacet
  facet normal 0 -1 0
    outer loop
      vertex 21.2117 -47.3 3.73142
      vertex 26 -47.3 3.8147e-07
      vertex 21.3205 -47.3 3.77648
    endloop
  endfacet
  facet normal 0 -1 0
    outer loop
      vertex 21.0994 -47.3 3.696
      vertex 26 -47.3 3.8147e-07
      vertex 21.2117 -47.3 3.73142
    endloop
  endfacet
  facet normal 0 -1 0
    outer loop
      vertex 20.9844 -47.3 3.67051
      vertex 26 -47.3 3.8147e-07
      vertex 21.0994 -47.3 3.696
    endloop
  endfacet
  facet normal 0 0 1
    outer loop
      vertex 20.9521 9.06606 13
      vertex 12.5479 9.06606 13
      vertex 21.0849 8.89303 13
    endloop
  endfacet
  facet normal 0 0 1
    outer loop
      vertex 21.393 -8.58489 13
      vertex 12.9905 -10.2821 13
      vertex 13 -10.5 13
    endloop
  endfacet
  facet normal 0 0 1
    outer loop
      vertex 12.4151 8.89303 13
      vertex 21.0849 8.89303 13
      vertex 12.5479 9.06606 13
    endloop
  endfacet
  facet normal 0 0 1
    outer loop
      vertex 21.393 -8.58489 13
      vertex 12.962 -10.0659 13
      vertex 12.9905 -10.2821 13
    endloop
  endfacet
  facet normal 0 0 1
    outer loop
      vertex 21.0849 8.89303 13
      vertex 12.4151 8.89303 13
      vertex 21.2322 8.73223 13
    endloop
  endfacet
  facet normal 0 0 1
    outer loop
      vertex 21.393 -8.58489 13
      vertex 12.9148 -9.85295 13
      vertex 12.962 -10.0659 13
    endloop
  endfacet
  facet normal 0 0 1
    outer loop
      vertex 12.2678 8.73223 13
      vertex 21.2322 8.73223 13
      vertex 12.4151 8.89303 13
    endloop
  endfacet
  facet normal 0 0 1
    outer loop
      vertex 21.393 -8.58489 13
      vertex 12.8492 -9.64495 13
      vertex 12.9148 -9.85295 13
    endloop
  endfacet
  facet normal 0 0 1
    outer loop
      vertex 21.2322 8.73223 13
      vertex 12.2678 8.73223 13
      vertex 21.393 8.58489 13
    endloop
  endfacet
  facet normal 0 0 1
    outer loop
      vertex 21.393 -8.58489 13
      vertex 12.7658 -9.44345 13
      vertex 12.8492 -9.64495 13
    endloop
  endfacet
  facet normal 0 0 1
    outer loop
      vertex 12.107 8.58489 13
      vertex 21.393 8.58489 13
      vertex 12.2678 8.73223 13
    endloop
  endfacet
  facet normal 0 0 1
    outer loop
      vertex 21.393 -8.58489 13
      vertex 12.6651 -9.25 13
      vertex 12.7658 -9.44345 13
    endloop
  endfacet
  facet normal 0 0 1
    outer loop
      vertex 21.393 8.58489 13
      vertex 12.107 8.58489 13
      vertex 21.5661 8.45212 13
    endloop
  endfacet
  facet normal 0 0 1
    outer loop
      vertex 21.393 -8.58489 13
      vertex 12.5479 -9.06606 13
      vertex 12.6651 -9.25 13
    endloop
  endfacet
  facet normal 0 0 1
    outer loop
      vertex 11.9339 8.45212 13
      vertex 21.5661 8.45212 13
      vertex 12.107 8.58489 13
    endloop
  endfacet
  facet normal 0 0 1
    outer loop
      vertex 21.393 -8.58489 13
      vertex 12.4151 -8.89303 13
      vertex 12.5479 -9.06606 13
    endloop
  endfacet
  facet normal 0 0 1
    outer loop
      vertex 11.75 8.33494 13
      vertex 21.5661 8.45212 13
      vertex 11.9339 8.45212 13
    endloop
  endfacet
  facet normal 0 0 1
    outer loop
      vertex 21.393 -8.58489 13
      vertex 12.2678 -8.73223 13
      vertex 12.4151 -8.89303 13
    endloop
  endfacet
  facet normal 0 0 1
    outer loop
      vertex 21.5661 8.45212 13
      vertex 11.75 8.33494 13
      vertex 21.5661 -8.45212 13
    endloop
  endfacet
  facet normal 0 0 1
    outer loop
      vertex 21.393 -8.58489 13
      vertex 12.107 -8.58489 13
      vertex 12.2678 -8.73223 13
    endloop
  endfacet
  facet normal -0 0 1
    outer loop
      vertex 11.75 -8.33494 13
      vertex 21.5661 -8.45212 13
      vertex 11.75 8.33494 13
    endloop
  endfacet
  facet normal 0 0 1
    outer loop
      vertex 21.393 -8.58489 13
      vertex 11.9339 -8.45212 13
      vertex 12.107 -8.58489 13
    endloop
  endfacet
  facet normal 0 -0 1
    outer loop
      vertex 11.9339 -8.45212 13
      vertex 21.5661 -8.45212 13
      vertex 11.75 -8.33494 13
    endloop
  endfacet
  facet normal 0 0 1
    outer loop
      vertex 21.5661 -8.45212 13
      vertex 11.9339 -8.45212 13
      vertex 21.393 -8.58489 13
    endloop
  endfacet
  facet normal -0 0 1
    outer loop
      vertex 11.5565 8.23423 13
      vertex 11.75 -8.33494 13
      vertex 11.75 8.33494 13
    endloop
  endfacet
  facet normal 0 0 1
    outer loop
      vertex 11.5565 8.23423 13
      vertex 11.5565 -8.23423 13
      vertex 11.75 -8.33494 13
    endloop
  endfacet
  facet normal -0 0 1
    outer loop
      vertex 11.3551 8.15077 13
      vertex 11.5565 -8.23423 13
      vertex 11.5565 8.23423 13
    endloop
  endfacet
  facet normal 0 0 1
    outer loop
      vertex 11.3551 8.15077 13
      vertex 11.3551 -8.15077 13
      vertex 11.5565 -8.23423 13
    endloop
  endfacet
  facet normal -0 0 1
    outer loop
      vertex 11.147 8.08519 13
      vertex 11.3551 -8.15077 13
      vertex 11.3551 8.15077 13
    endloop
  endfacet
  facet normal 0 0 1
    outer loop
      vertex 11.147 8.08519 13
      vertex 11.147 -8.08519 13
      vertex 11.3551 -8.15077 13
    endloop
  endfacet
  facet normal -0 0 1
    outer loop
      vertex 10.9341 8.03798 13
      vertex 11.147 -8.08519 13
      vertex 11.147 8.08519 13
    endloop
  endfacet
  facet normal 0 0 1
    outer loop
      vertex 10.9341 8.03798 13
      vertex 10.9341 -8.03798 13
      vertex 11.147 -8.08519 13
    endloop
  endfacet
  facet normal -0 0 1
    outer loop
      vertex 10.7179 8.00951 13
      vertex 10.9341 -8.03798 13
      vertex 10.9341 8.03798 13
    endloop
  endfacet
  facet normal 0 0 1
    outer loop
      vertex 10.7179 8.00951 13
      vertex 10.7179 -8.00951 13
      vertex 10.9341 -8.03798 13
    endloop
  endfacet
  facet normal -0 0 1
    outer loop
      vertex 10.5 8 13
      vertex 10.7179 -8.00951 13
      vertex 10.7179 8.00951 13
    endloop
  endfacet
  facet normal 0 0 1
    outer loop
      vertex 10.5 8 13
      vertex 10.5 -8 13
      vertex 10.7179 -8.00951 13
    endloop
  endfacet
  facet normal 0 0 1
    outer loop
      vertex 10.2821 8.00951 13
      vertex 10.5 -8 13
      vertex 10.5 8 13
    endloop
  endfacet
  facet normal 0 0 1
    outer loop
      vertex 10.2821 8.00951 13
      vertex 10.2821 -8.00951 13
      vertex 10.5 -8 13
    endloop
  endfacet
  facet normal 0 0 1
    outer loop
      vertex 10.0659 8.03798 13
      vertex 10.2821 -8.00951 13
      vertex 10.2821 8.00951 13
    endloop
  endfacet
  facet normal 0 0 1
    outer loop
      vertex 10.0659 8.03798 13
      vertex 10.0659 -8.03798 13
      vertex 10.2821 -8.00951 13
    endloop
  endfacet
  facet normal 0 0 1
    outer loop
      vertex 9.85295 8.08519 13
      vertex 10.0659 -8.03798 13
      vertex 10.0659 8.03798 13
    endloop
  endfacet
  facet normal 0 0 1
    outer loop
      vertex 9.85295 8.08519 13
      vertex 9.85295 -8.08519 13
      vertex 10.0659 -8.03798 13
    endloop
  endfacet
  facet normal 0 0 1
    outer loop
      vertex 9.64495 8.15077 13
      vertex 9.85295 -8.08519 13
      vertex 9.85295 8.08519 13
    endloop
  endfacet
  facet normal 0 0 1
    outer loop
      vertex 9.64495 8.15077 13
      vertex 9.64495 -8.15077 13
      vertex 9.85295 -8.08519 13
    endloop
  endfacet
  facet normal 0 0 1
    outer loop
      vertex 9.44345 8.23423 13
      vertex 9.64495 -8.15077 13
      vertex 9.64495 8.15077 13
    endloop
  endfacet
  facet normal 0 0 1
    outer loop
      vertex 9.44345 8.23423 13
      vertex 9.44345 -8.23423 13
      vertex 9.64495 -8.15077 13
    endloop
  endfacet
  facet normal 0 0 1
    outer loop
      vertex 9.25 8.33494 13
      vertex 9.44345 -8.23423 13
      vertex 9.44345 8.23423 13
    endloop
  endfacet
  facet normal 0 0 1
    outer loop
      vertex 9.25 8.33494 13
      vertex 9.25 -8.33494 13
      vertex 9.44345 -8.23423 13
    endloop
  endfacet
  facet normal 0 0 1
    outer loop
      vertex 9.06606 8.45212 13
      vertex 9.25 -8.33494 13
      vertex 9.25 8.33494 13
    endloop
  endfacet
  facet normal 0 0 1
    outer loop
      vertex 9.06606 8.45212 13
      vertex 9.06606 -8.45212 13
      vertex 9.25 -8.33494 13
    endloop
  endfacet
  facet normal 0 0 1
    outer loop
      vertex 8.89303 8.58489 13
      vertex 9.06606 -8.45212 13
      vertex 9.06606 8.45212 13
    endloop
  endfacet
  facet normal 0 0 1
    outer loop
      vertex 8.89303 8.58489 13
      vertex 8.89303 -8.58489 13
      vertex 9.06606 -8.45212 13
    endloop
  endfacet
  facet normal 0 0 1
    outer loop
      vertex 8.73223 8.73223 13
      vertex 8.89303 -8.58489 13
      vertex 8.89303 8.58489 13
    endloop
  endfacet
  facet normal 0 0 1
    outer loop
      vertex 8.73223 8.73223 13
      vertex 8.73223 -8.73223 13
      vertex 8.89303 -8.58489 13
    endloop
  endfacet
  facet normal 0 0 1
    outer loop
      vertex 8.58489 8.89303 13
      vertex 8.73223 -8.73223 13
      vertex 8.73223 8.73223 13
    endloop
  endfacet
  facet normal 0 0 1
    outer loop
      vertex 8.58489 8.89303 13
      vertex 8.58489 -8.89303 13
      vertex 8.73223 -8.73223 13
    endloop
  endfacet
  facet normal 0 0 1
    outer loop
      vertex 8.45212 9.06606 13
      vertex 8.58489 -8.89303 13
      vertex 8.58489 8.89303 13
    endloop
  endfacet
  facet normal 0 0 1
    outer loop
      vertex 8.45212 9.06606 13
      vertex 8.45212 -9.06606 13
      vertex 8.58489 -8.89303 13
    endloop
  endfacet
  facet normal 0 0 1
    outer loop
      vertex 8.33494 9.25 13
      vertex 8.45212 -9.06606 13
      vertex 8.45212 9.06606 13
    endloop
  endfacet
  facet normal 0 0 1
    outer loop
      vertex 8.33494 9.25 13
      vertex 8.33494 -9.25 13
      vertex 8.45212 -9.06606 13
    endloop
  endfacet
  facet normal 0 0 1
    outer loop
      vertex 8.23423 9.44345 13
      vertex 8.33494 -9.25 13
      vertex 8.33494 9.25 13
    endloop
  endfacet
  facet normal 0 0 1
    outer loop
      vertex 8.23423 9.44345 13
      vertex 8.23423 -9.44345 13
      vertex 8.33494 -9.25 13
    endloop
  endfacet
  facet normal 0 0 1
    outer loop
      vertex 8.15077 9.64495 13
      vertex 8.23423 -9.44345 13
      vertex 8.23423 9.44345 13
    endloop
  endfacet
  facet normal 0 0 1
    outer loop
      vertex 8.15077 9.64495 13
      vertex 8.15077 -9.64495 13
      vertex 8.23423 -9.44345 13
    endloop
  endfacet
  facet normal 0 0 1
    outer loop
      vertex 5.5 15.5 13
      vertex 8.15077 9.64495 13
      vertex 8.08519 9.85295 13
    endloop
  endfacet
  facet normal 0 0 1
    outer loop
      vertex 8.15077 9.64495 13
      vertex 5.5 15.5 13
      vertex 8.15077 -9.64495 13
    endloop
  endfacet
  facet normal 0 0 1
    outer loop
      vertex 5.5 15.5 13
      vertex 8.08519 9.85295 13
      vertex 8.03798 10.0659 13
    endloop
  endfacet
  facet normal 0 0 1
    outer loop
      vertex 5.5 -15.5 13
      vertex 8.15077 -9.64495 13
      vertex 5.5 15.5 13
    endloop
  endfacet
  facet normal 0 0 1
    outer loop
      vertex 5.5 15.5 13
      vertex 8.03798 10.0659 13
      vertex 8.00951 10.2821 13
    endloop
  endfacet
  facet normal 0 0 1
    outer loop
      vertex 8.15077 -9.64495 13
      vertex 5.5 -15.5 13
      vertex 8.08519 -9.85295 13
    endloop
  endfacet
  facet normal 0 0 1
    outer loop
      vertex 5.5 15.5 13
      vertex 8.00951 10.2821 13
      vertex 8 10.5 13
    endloop
  endfacet
  facet normal 0 0 1
    outer loop
      vertex 8.08519 -9.85295 13
      vertex 5.5 -15.5 13
      vertex 8.03798 -10.0659 13
    endloop
  endfacet
  facet normal -0 0 1
    outer loop
      vertex 25.4905 -10.2821 13
      vertex 26 -15.5 13
      vertex 25.4905 10.2821 13
    endloop
  endfacet
  facet normal 0 0 1
    outer loop
      vertex 26 -15.5 13
      vertex 25.4905 -10.2821 13
      vertex 25.5 -10.5 13
    endloop
  endfacet
  facet normal -0 0 1
    outer loop
      vertex 25.462 10.0659 13
      vertex 25.4905 -10.2821 13
      vertex 25.4905 10.2821 13
    endloop
  endfacet
  facet normal 0 0 1
    outer loop
      vertex 25.462 10.0659 13
      vertex 25.462 -10.0659 13
      vertex 25.4905 -10.2821 13
    endloop
  endfacet
  facet normal -0 0 1
    outer loop
      vertex 25.4148 9.85295 13
      vertex 25.462 -10.0659 13
      vertex 25.462 10.0659 13
    endloop
  endfacet
  facet normal 0 0 1
    outer loop
      vertex 25.4148 9.85295 13
      vertex 25.4148 -9.85295 13
      vertex 25.462 -10.0659 13
    endloop
  endfacet
  facet normal -0 0 1
    outer loop
      vertex 25.3492 9.64495 13
      vertex 25.4148 -9.85295 13
      vertex 25.4148 9.85295 13
    endloop
  endfacet
  facet normal 0 0 1
    outer loop
      vertex 25.3492 9.64495 13
      vertex 25.3492 -9.64495 13
      vertex 25.4148 -9.85295 13
    endloop
  endfacet
  facet normal -0 0 1
    outer loop
      vertex 25.2658 9.44345 13
      vertex 25.3492 -9.64495 13
      vertex 25.3492 9.64495 13
    endloop
  endfacet
  facet normal 0 0 1
    outer loop
      vertex 25.2658 9.44345 13
      vertex 25.2658 -9.44345 13
      vertex 25.3492 -9.64495 13
    endloop
  endfacet
  facet normal -0 0 1
    outer loop
      vertex 25.1651 9.25 13
      vertex 25.2658 -9.44345 13
      vertex 25.2658 9.44345 13
    endloop
  endfacet
  facet normal 0 0 1
    outer loop
      vertex 25.1651 9.25 13
      vertex 25.1651 -9.25 13
      vertex 25.2658 -9.44345 13
    endloop
  endfacet
  facet normal -0 0 1
    outer loop
      vertex 25.0479 9.06606 13
      vertex 25.1651 -9.25 13
      vertex 25.1651 9.25 13
    endloop
  endfacet
  facet normal 0 0 1
    outer loop
      vertex 25.0479 9.06606 13
      vertex 25.0479 -9.06606 13
      vertex 25.1651 -9.25 13
    endloop
  endfacet
  facet normal -0 0 1
    outer loop
      vertex 24.9151 8.89303 13
      vertex 25.0479 -9.06606 13
      vertex 25.0479 9.06606 13
    endloop
  endfacet
  facet normal 0 0 1
    outer loop
      vertex 24.9151 8.89303 13
      vertex 24.9151 -8.89303 13
      vertex 25.0479 -9.06606 13
    endloop
  endfacet
  facet normal -0 0 1
    outer loop
      vertex 24.7678 8.73223 13
      vertex 24.9151 -8.89303 13
      vertex 24.9151 8.89303 13
    endloop
  endfacet
  facet normal 0 0 1
    outer loop
      vertex 24.7678 8.73223 13
      vertex 24.7678 -8.73223 13
      vertex 24.9151 -8.89303 13
    endloop
  endfacet
  facet normal -0 0 1
    outer loop
      vertex 24.607 8.58489 13
      vertex 24.7678 -8.73223 13
      vertex 24.7678 8.73223 13
    endloop
  endfacet
  facet normal 0 0 1
    outer loop
      vertex 24.607 8.58489 13
      vertex 24.607 -8.58489 13
      vertex 24.7678 -8.73223 13
    endloop
  endfacet
  facet normal -0 0 1
    outer loop
      vertex 24.4339 8.45212 13
      vertex 24.607 -8.58489 13
      vertex 24.607 8.58489 13
    endloop
  endfacet
  facet normal 0 0 1
    outer loop
      vertex 24.4339 8.45212 13
      vertex 24.4339 -8.45212 13
      vertex 24.607 -8.58489 13
    endloop
  endfacet
  facet normal -0 0 1
    outer loop
      vertex 24.25 8.33494 13
      vertex 24.4339 -8.45212 13
      vertex 24.4339 8.45212 13
    endloop
  endfacet
  facet normal 0 0 1
    outer loop
      vertex 24.25 8.33494 13
      vertex 24.25 -8.33494 13
      vertex 24.4339 -8.45212 13
    endloop
  endfacet
  facet normal -0 0 1
    outer loop
      vertex 24.0565 8.23423 13
      vertex 24.25 -8.33494 13
      vertex 24.25 8.33494 13
    endloop
  endfacet
  facet normal 0 0 1
    outer loop
      vertex 24.0565 8.23423 13
      vertex 24.0565 -8.23423 13
      vertex 24.25 -8.33494 13
    endloop
  endfacet
  facet normal -0 0 1
    outer loop
      vertex 23.855 8.15077 13
      vertex 24.0565 -8.23423 13
      vertex 24.0565 8.23423 13
    endloop
  endfacet
  facet normal 0 0 1
    outer loop
      vertex 23.855 8.15077 13
      vertex 23.855 -8.15077 13
      vertex 24.0565 -8.23423 13
    endloop
  endfacet
  facet normal -0 0 1
    outer loop
      vertex 23.647 8.08519 13
      vertex 23.855 -8.15077 13
      vertex 23.855 8.15077 13
    endloop
  endfacet
  facet normal 0 0 1
    outer loop
      vertex 23.647 8.08519 13
      vertex 23.647 -8.08519 13
      vertex 23.855 -8.15077 13
    endloop
  endfacet
  facet normal -0 0 1
    outer loop
      vertex 23.4341 8.03798 13
      vertex 23.647 -8.08519 13
      vertex 23.647 8.08519 13
    endloop
  endfacet
  facet normal 0 0 1
    outer loop
      vertex 23.4341 8.03798 13
      vertex 23.4341 -8.03798 13
      vertex 23.647 -8.08519 13
    endloop
  endfacet
  facet normal -0 0 1
    outer loop
      vertex 23.2179 8.00951 13
      vertex 23.4341 -8.03798 13
      vertex 23.4341 8.03798 13
    endloop
  endfacet
  facet normal 0 0 1
    outer loop
      vertex 23.2179 8.00951 13
      vertex 23.2179 -8.00951 13
      vertex 23.4341 -8.03798 13
    endloop
  endfacet
  facet normal -0 0 1
    outer loop
      vertex 23 8 13
      vertex 23.2179 -8.00951 13
      vertex 23.2179 8.00951 13
    endloop
  endfacet
  facet normal 0 0 1
    outer loop
      vertex 23 8 13
      vertex 23 -8 13
      vertex 23.2179 -8.00951 13
    endloop
  endfacet
  facet normal 0 0 1
    outer loop
      vertex 22.7821 8.00951 13
      vertex 23 -8 13
      vertex 23 8 13
    endloop
  endfacet
  facet normal 0 0 1
    outer loop
      vertex 22.7821 8.00951 13
      vertex 22.7821 -8.00951 13
      vertex 23 -8 13
    endloop
  endfacet
  facet normal 0 0 1
    outer loop
      vertex 22.5659 8.03798 13
      vertex 22.7821 -8.00951 13
      vertex 22.7821 8.00951 13
    endloop
  endfacet
  facet normal 0 0 1
    outer loop
      vertex 22.5659 8.03798 13
      vertex 22.5659 -8.03798 13
      vertex 22.7821 -8.00951 13
    endloop
  endfacet
  facet normal 0 0 1
    outer loop
      vertex 22.353 8.08519 13
      vertex 22.5659 -8.03798 13
      vertex 22.5659 8.03798 13
    endloop
  endfacet
  facet normal 0 0 1
    outer loop
      vertex 22.353 8.08519 13
      vertex 22.353 -8.08519 13
      vertex 22.5659 -8.03798 13
    endloop
  endfacet
  facet normal 0 0 1
    outer loop
      vertex 22.1449 8.15077 13
      vertex 22.353 -8.08519 13
      vertex 22.353 8.08519 13
    endloop
  endfacet
  facet normal 0 0 1
    outer loop
      vertex 22.1449 8.15077 13
      vertex 22.1449 -8.15077 13
      vertex 22.353 -8.08519 13
    endloop
  endfacet
  facet normal 0 0 1
    outer loop
      vertex 21.9435 8.23423 13
      vertex 22.1449 -8.15077 13
      vertex 22.1449 8.15077 13
    endloop
  endfacet
  facet normal 0 0 1
    outer loop
      vertex 21.9435 8.23423 13
      vertex 21.9435 -8.23423 13
      vertex 22.1449 -8.15077 13
    endloop
  endfacet
  facet normal 0 0 1
    outer loop
      vertex 21.75 8.33494 13
      vertex 21.9435 -8.23423 13
      vertex 21.9435 8.23423 13
    endloop
  endfacet
  facet normal 0 0 1
    outer loop
      vertex 21.75 8.33494 13
      vertex 21.75 -8.33494 13
      vertex 21.9435 -8.23423 13
    endloop
  endfacet
  facet normal 0 0 1
    outer loop
      vertex 21.5661 8.45212 13
      vertex 21.75 -8.33494 13
      vertex 21.75 8.33494 13
    endloop
  endfacet
  facet normal 0 0 1
    outer loop
      vertex 21.5661 8.45212 13
      vertex 21.5661 -8.45212 13
      vertex 21.75 -8.33494 13
    endloop
  endfacet
  facet normal 0 0 1
    outer loop
      vertex 12.6651 9.25 13
      vertex 20.8349 9.25 13
      vertex 12.7658 9.44345 13
    endloop
  endfacet
  facet normal 0 0 1
    outer loop
      vertex 20.8349 9.25 13
      vertex 12.6651 9.25 13
      vertex 20.9521 9.06606 13
    endloop
  endfacet
  facet normal 0 0 1
    outer loop
      vertex 12.7658 9.44345 13
      vertex 20.7342 9.44345 13
      vertex 12.8492 9.64495 13
    endloop
  endfacet
  facet normal 0 0 1
    outer loop
      vertex 20.7342 9.44345 13
      vertex 12.7658 9.44345 13
      vertex 20.8349 9.25 13
    endloop
  endfacet
  facet normal 0 0 1
    outer loop
      vertex 20.6508 9.64495 13
      vertex 12.8492 9.64495 13
      vertex 20.7342 9.44345 13
    endloop
  endfacet
  facet normal 0 0 1
    outer loop
      vertex 12.5479 9.06606 13
      vertex 20.9521 9.06606 13
      vertex 12.6651 9.25 13
    endloop
  endfacet
  facet normal 0 0 1
    outer loop
      vertex 12.8492 9.64495 13
      vertex 20.6508 9.64495 13
      vertex 12.9148 9.85295 13
    endloop
  endfacet
  facet normal 0 0 1
    outer loop
      vertex 21.393 -8.58489 13
      vertex 13 -10.5 13
      vertex 21.2322 -8.73223 13
    endloop
  endfacet
  facet normal 0 0 1
    outer loop
      vertex 20.5852 9.85295 13
      vertex 12.9148 9.85295 13
      vertex 20.6508 9.64495 13
    endloop
  endfacet
  facet normal 0 0 1
    outer loop
      vertex 21.2322 -8.73223 13
      vertex 13 -10.5 13
      vertex 21.0849 -8.89303 13
    endloop
  endfacet
  facet normal 0 0 1
    outer loop
      vertex 12.9148 9.85295 13
      vertex 20.5852 9.85295 13
      vertex 12.962 10.0659 13
    endloop
  endfacet
  facet normal 0 0 1
    outer loop
      vertex 21.0849 -8.89303 13
      vertex 13 -10.5 13
      vertex 20.9521 -9.06606 13
    endloop
  endfacet
  facet normal 0 0 1
    outer loop
      vertex 20.538 10.0659 13
      vertex 12.962 10.0659 13
      vertex 20.5852 9.85295 13
    endloop
  endfacet
  facet normal 0 0 1
    outer loop
      vertex 20.9521 -9.06606 13
      vertex 13 -10.5 13
      vertex 20.8349 -9.25 13
    endloop
  endfacet
  facet normal 0 0 1
    outer loop
      vertex 12.962 10.0659 13
      vertex 20.538 10.0659 13
      vertex 12.9905 10.2821 13
    endloop
  endfacet
  facet normal 0 0 1
    outer loop
      vertex 20.8349 -9.25 13
      vertex 13 -10.5 13
      vertex 20.7342 -9.44345 13
    endloop
  endfacet
  facet normal 0 0 1
    outer loop
      vertex 20.5095 10.2821 13
      vertex 12.9905 10.2821 13
      vertex 20.538 10.0659 13
    endloop
  endfacet
  facet normal 0 0 1
    outer loop
      vertex 20.7342 -9.44345 13
      vertex 13 -10.5 13
      vertex 20.6508 -9.64495 13
    endloop
  endfacet
  facet normal 0 0 1
    outer loop
      vertex 12.9905 10.2821 13
      vertex 20.5095 10.2821 13
      vertex 13 10.5 13
    endloop
  endfacet
  facet normal 0 0 1
    outer loop
      vertex 20.6508 -9.64495 13
      vertex 13 -10.5 13
      vertex 20.5852 -9.85295 13
    endloop
  endfacet
  facet normal -0 0 1
    outer loop
      vertex 13 10.5 13
      vertex 20.5095 10.2821 13
      vertex 20.5 10.5 13
    endloop
  endfacet
  facet normal 0 0 1
    outer loop
      vertex 20.5852 -9.85295 13
      vertex 13 -10.5 13
      vertex 20.538 -10.0659 13
    endloop
  endfacet
  facet normal 0 0 1
    outer loop
      vertex 25.4905 10.2821 13
      vertex 26 15.5 13
      vertex 25.5 10.5 13
    endloop
  endfacet
  facet normal 0 0 1
    outer loop
      vertex 26 15.5 13
      vertex 25.4905 10.7179 13
      vertex 25.5 10.5 13
    endloop
  endfacet
  facet normal 0 0 1
    outer loop
      vertex 26 15.5 13
      vertex 25.462 10.9341 13
      vertex 25.4905 10.7179 13
    endloop
  endfacet
  facet normal 0 0 1
    outer loop
      vertex 26 15.5 13
      vertex 25.4148 11.147 13
      vertex 25.462 10.9341 13
    endloop
  endfacet
  facet normal 0 0 1
    outer loop
      vertex 26 15.5 13
      vertex 25.3492 11.3551 13
      vertex 25.4148 11.147 13
    endloop
  endfacet
  facet normal 0 0 1
    outer loop
      vertex 26 15.5 13
      vertex 25.2658 11.5565 13
      vertex 25.3492 11.3551 13
    endloop
  endfacet
  facet normal 0 0 1
    outer loop
      vertex 26 15.5 13
      vertex 25.1651 11.75 13
      vertex 25.2658 11.5565 13
    endloop
  endfacet
  facet normal 0 0 1
    outer loop
      vertex 26 15.5 13
      vertex 25.0479 11.9339 13
      vertex 25.1651 11.75 13
    endloop
  endfacet
  facet normal 0 0 1
    outer loop
      vertex 26 15.5 13
      vertex 24.9151 12.107 13
      vertex 25.0479 11.9339 13
    endloop
  endfacet
  facet normal 0 0 1
    outer loop
      vertex 26 15.5 13
      vertex 24.7678 12.2678 13
      vertex 24.9151 12.107 13
    endloop
  endfacet
  facet normal 0 0 1
    outer loop
      vertex 26 15.5 13
      vertex 24.607 12.4151 13
      vertex 24.7678 12.2678 13
    endloop
  endfacet
  facet normal 0 0 1
    outer loop
      vertex 26 15.5 13
      vertex 24.4339 12.5479 13
      vertex 24.607 12.4151 13
    endloop
  endfacet
  facet normal 0 0 1
    outer loop
      vertex 26 15.5 13
      vertex 24.25 12.6651 13
      vertex 24.4339 12.5479 13
    endloop
  endfacet
  facet normal 0 0 1
    outer loop
      vertex 26 15.5 13
      vertex 24.0565 12.7658 13
      vertex 24.25 12.6651 13
    endloop
  endfacet
  facet normal 0 0 1
    outer loop
      vertex 26 15.5 13
      vertex 23.855 12.8492 13
      vertex 24.0565 12.7658 13
    endloop
  endfacet
  facet normal 0 0 1
    outer loop
      vertex 26 15.5 13
      vertex 23.647 12.9148 13
      vertex 23.855 12.8492 13
    endloop
  endfacet
  facet normal 0 0 1
    outer loop
      vertex 26 15.5 13
      vertex 23.4341 12.962 13
      vertex 23.647 12.9148 13
    endloop
  endfacet
  facet normal 0 0 1
    outer loop
      vertex 26 15.5 13
      vertex 23.2179 12.9905 13
      vertex 23.4341 12.962 13
    endloop
  endfacet
  facet normal 0 0 1
    outer loop
      vertex 26 15.5 13
      vertex 23 13 13
      vertex 23.2179 12.9905 13
    endloop
  endfacet
  facet normal 0 0 1
    outer loop
      vertex 26 15.5 13
      vertex 22.7821 12.9905 13
      vertex 23 13 13
    endloop
  endfacet
  facet normal 0 0 1
    outer loop
      vertex 26 15.5 13
      vertex 22.5659 12.962 13
      vertex 22.7821 12.9905 13
    endloop
  endfacet
  facet normal 0 0 1
    outer loop
      vertex 26 15.5 13
      vertex 22.353 12.9148 13
      vertex 22.5659 12.962 13
    endloop
  endfacet
  facet normal 0 0 1
    outer loop
      vertex 26 15.5 13
      vertex 22.1449 12.8492 13
      vertex 22.353 12.9148 13
    endloop
  endfacet
  facet normal 0 0 1
    outer loop
      vertex 26 15.5 13
      vertex 21.9435 12.7658 13
      vertex 22.1449 12.8492 13
    endloop
  endfacet
  facet normal 0 0 1
    outer loop
      vertex 11.5565 12.7658 13
      vertex 21.9435 12.7658 13
      vertex 26 15.5 13
    endloop
  endfacet
  facet normal 0 0 1
    outer loop
      vertex 21.9435 12.7658 13
      vertex 11.5565 12.7658 13
      vertex 21.75 12.6651 13
    endloop
  endfacet
  facet normal 0 0 1
    outer loop
      vertex 20.538 -10.0659 13
      vertex 13 -10.5 13
      vertex 20.5095 -10.2821 13
    endloop
  endfacet
  facet normal 0 0 1
    outer loop
      vertex 20.5095 10.7179 13
      vertex 13 10.5 13
      vertex 20.5 10.5 13
    endloop
  endfacet
  facet normal 0 0 1
    outer loop
      vertex 12.9905 10.7179 13
      vertex 20.5095 10.7179 13
      vertex 20.538 10.9341 13
    endloop
  endfacet
  facet normal 0 0 1
    outer loop
      vertex 12.962 10.9341 13
      vertex 20.538 10.9341 13
      vertex 20.5852 11.147 13
    endloop
  endfacet
  facet normal 0 0 1
    outer loop
      vertex 12.9148 11.147 13
      vertex 20.5852 11.147 13
      vertex 20.6508 11.3551 13
    endloop
  endfacet
  facet normal 0 0 1
    outer loop
      vertex 12.8492 11.3551 13
      vertex 20.6508 11.3551 13
      vertex 20.7342 11.5565 13
    endloop
  endfacet
  facet normal 0 0 1
    outer loop
      vertex 12.7658 11.5565 13
      vertex 20.7342 11.5565 13
      vertex 20.8349 11.75 13
    endloop
  endfacet
  facet normal 0 0 1
    outer loop
      vertex 12.6651 11.75 13
      vertex 20.8349 11.75 13
      vertex 20.9521 11.9339 13
    endloop
  endfacet
  facet normal 0 0 1
    outer loop
      vertex 12.5479 11.9339 13
      vertex 20.9521 11.9339 13
      vertex 21.0849 12.107 13
    endloop
  endfacet
  facet normal 0 0 1
    outer loop
      vertex 12.4151 12.107 13
      vertex 21.0849 12.107 13
      vertex 21.2322 12.2678 13
    endloop
  endfacet
  facet normal 0 0 1
    outer loop
      vertex 12.2678 12.2678 13
      vertex 21.2322 12.2678 13
      vertex 21.393 12.4151 13
    endloop
  endfacet
  facet normal 0 0 1
    outer loop
      vertex 12.107 12.4151 13
      vertex 21.393 12.4151 13
      vertex 21.5661 12.5479 13
    endloop
  endfacet
  facet normal 0 -0 1
    outer loop
      vertex 11.75 12.6651 13
      vertex 21.75 12.6651 13
      vertex 11.5565 12.7658 13
    endloop
  endfacet
  facet normal 0 0 1
    outer loop
      vertex 20.5095 10.7179 13
      vertex 12.9905 10.7179 13
      vertex 13 10.5 13
    endloop
  endfacet
  facet normal 0 0 1
    outer loop
      vertex 20.538 10.9341 13
      vertex 12.962 10.9341 13
      vertex 12.9905 10.7179 13
    endloop
  endfacet
  facet normal 0 0 1
    outer loop
      vertex 20.5852 11.147 13
      vertex 12.9148 11.147 13
      vertex 12.962 10.9341 13
    endloop
  endfacet
  facet normal 0 0 1
    outer loop
      vertex 20.6508 11.3551 13
      vertex 12.8492 11.3551 13
      vertex 12.9148 11.147 13
    endloop
  endfacet
  facet normal 0 0 1
    outer loop
      vertex 20.7342 11.5565 13
      vertex 12.7658 11.5565 13
      vertex 12.8492 11.3551 13
    endloop
  endfacet
  facet normal 0 0 1
    outer loop
      vertex 20.8349 11.75 13
      vertex 12.6651 11.75 13
      vertex 12.7658 11.5565 13
    endloop
  endfacet
  facet normal 0 0 1
    outer loop
      vertex 20.9521 11.9339 13
      vertex 12.5479 11.9339 13
      vertex 12.6651 11.75 13
    endloop
  endfacet
  facet normal 0 0 1
    outer loop
      vertex 21.0849 12.107 13
      vertex 12.4151 12.107 13
      vertex 12.5479 11.9339 13
    endloop
  endfacet
  facet normal 0 0 1
    outer loop
      vertex 21.2322 12.2678 13
      vertex 12.2678 12.2678 13
      vertex 12.4151 12.107 13
    endloop
  endfacet
  facet normal 0 0 1
    outer loop
      vertex 21.393 12.4151 13
      vertex 12.107 12.4151 13
      vertex 12.2678 12.2678 13
    endloop
  endfacet
  facet normal 0 0 1
    outer loop
      vertex 21.5661 12.5479 13
      vertex 11.9339 12.5479 13
      vertex 12.107 12.4151 13
    endloop
  endfacet
  facet normal 0 0 1
    outer loop
      vertex 21.5661 12.5479 13
      vertex 11.75 12.6651 13
      vertex 11.9339 12.5479 13
    endloop
  endfacet
  facet normal 0 0 1
    outer loop
      vertex 21.75 12.6651 13
      vertex 11.75 12.6651 13
      vertex 21.5661 12.5479 13
    endloop
  endfacet
  facet normal 0 0 1
    outer loop
      vertex 26 15.5 13
      vertex 11.3551 12.8492 13
      vertex 11.5565 12.7658 13
    endloop
  endfacet
  facet normal 0 0 1
    outer loop
      vertex 26 15.5 13
      vertex 11.147 12.9148 13
      vertex 11.3551 12.8492 13
    endloop
  endfacet
  facet normal -0 0 1
    outer loop
      vertex 5.5 15.5 13
      vertex 11.147 12.9148 13
      vertex 26 15.5 13
    endloop
  endfacet
  facet normal 0 0 1
    outer loop
      vertex 11.147 12.9148 13
      vertex 5.5 15.5 13
      vertex 10.9341 12.962 13
    endloop
  endfacet
  facet normal 0 0 1
    outer loop
      vertex 10.9341 12.962 13
      vertex 5.5 15.5 13
      vertex 10.7179 12.9905 13
    endloop
  endfacet
  facet normal 0 0 1
    outer loop
      vertex 10.7179 12.9905 13
      vertex 5.5 15.5 13
      vertex 10.5 13 13
    endloop
  endfacet
  facet normal 0 0 1
    outer loop
      vertex 10.5 13 13
      vertex 5.5 15.5 13
      vertex 10.2821 12.9905 13
    endloop
  endfacet
  facet normal 0 0 1
    outer loop
      vertex 8.03798 -10.0659 13
      vertex 5.5 -15.5 13
      vertex 8.00951 -10.2821 13
    endloop
  endfacet
  facet normal 0 0 1
    outer loop
      vertex 8.00951 10.7179 13
      vertex 5.5 15.5 13
      vertex 8 10.5 13
    endloop
  endfacet
  facet normal 0 0 1
    outer loop
      vertex 8.03798 10.9341 13
      vertex 5.5 15.5 13
      vertex 8.00951 10.7179 13
    endloop
  endfacet
  facet normal 0 0 1
    outer loop
      vertex 8.08519 11.147 13
      vertex 5.5 15.5 13
      vertex 8.03798 10.9341 13
    endloop
  endfacet
  facet normal 0 0 1
    outer loop
      vertex 8.15077 11.3551 13
      vertex 5.5 15.5 13
      vertex 8.08519 11.147 13
    endloop
  endfacet
  facet normal 0 0 1
    outer loop
      vertex 8.23423 11.5565 13
      vertex 5.5 15.5 13
      vertex 8.15077 11.3551 13
    endloop
  endfacet
  facet normal 0 0 1
    outer loop
      vertex 8.33494 11.75 13
      vertex 5.5 15.5 13
      vertex 8.23423 11.5565 13
    endloop
  endfacet
  facet normal 0 0 1
    outer loop
      vertex 8.45212 11.9339 13
      vertex 5.5 15.5 13
      vertex 8.33494 11.75 13
    endloop
  endfacet
  facet normal 0 0 1
    outer loop
      vertex 8.58489 12.107 13
      vertex 5.5 15.5 13
      vertex 8.45212 11.9339 13
    endloop
  endfacet
  facet normal 0 0 1
    outer loop
      vertex 8.73223 12.2678 13
      vertex 5.5 15.5 13
      vertex 8.58489 12.107 13
    endloop
  endfacet
  facet normal 0 0 1
    outer loop
      vertex 8.89303 12.4151 13
      vertex 5.5 15.5 13
      vertex 8.73223 12.2678 13
    endloop
  endfacet
  facet normal 0 0 1
    outer loop
      vertex 9.06606 12.5479 13
      vertex 5.5 15.5 13
      vertex 8.89303 12.4151 13
    endloop
  endfacet
  facet normal 0 0 1
    outer loop
      vertex 9.25 12.6651 13
      vertex 5.5 15.5 13
      vertex 9.06606 12.5479 13
    endloop
  endfacet
  facet normal 0 0 1
    outer loop
      vertex 9.44345 12.7658 13
      vertex 5.5 15.5 13
      vertex 9.25 12.6651 13
    endloop
  endfacet
  facet normal 0 0 1
    outer loop
      vertex 9.64495 12.8492 13
      vertex 5.5 15.5 13
      vertex 9.44345 12.7658 13
    endloop
  endfacet
  facet normal 0 0 1
    outer loop
      vertex 9.85295 12.9148 13
      vertex 5.5 15.5 13
      vertex 9.64495 12.8492 13
    endloop
  endfacet
  facet normal 0 0 1
    outer loop
      vertex 10.0659 12.962 13
      vertex 5.5 15.5 13
      vertex 9.85295 12.9148 13
    endloop
  endfacet
  facet normal 0 0 1
    outer loop
      vertex 10.2821 12.9905 13
      vertex 5.5 15.5 13
      vertex 10.0659 12.962 13
    endloop
  endfacet
  facet normal 0 0 1
    outer loop
      vertex 26 15.5 13
      vertex 25.4905 10.2821 13
      vertex 26 -15.5 13
    endloop
  endfacet
  facet normal -0 0 1
    outer loop
      vertex 25.4905 -10.7179 13
      vertex 26 -15.5 13
      vertex 25.5 -10.5 13
    endloop
  endfacet
  facet normal -0 0 1
    outer loop
      vertex 25.462 -10.9341 13
      vertex 26 -15.5 13
      vertex 25.4905 -10.7179 13
    endloop
  endfacet
  facet normal -0 0 1
    outer loop
      vertex 25.4148 -11.147 13
      vertex 26 -15.5 13
      vertex 25.462 -10.9341 13
    endloop
  endfacet
  facet normal -0 0 1
    outer loop
      vertex 25.3492 -11.3551 13
      vertex 26 -15.5 13
      vertex 25.4148 -11.147 13
    endloop
  endfacet
  facet normal -0 0 1
    outer loop
      vertex 25.2658 -11.5565 13
      vertex 26 -15.5 13
      vertex 25.3492 -11.3551 13
    endloop
  endfacet
  facet normal -0 0 1
    outer loop
      vertex 25.1651 -11.75 13
      vertex 26 -15.5 13
      vertex 25.2658 -11.5565 13
    endloop
  endfacet
  facet normal -0 0 1
    outer loop
      vertex 25.0479 -11.9339 13
      vertex 26 -15.5 13
      vertex 25.1651 -11.75 13
    endloop
  endfacet
  facet normal -0 0 1
    outer loop
      vertex 24.9151 -12.107 13
      vertex 26 -15.5 13
      vertex 25.0479 -11.9339 13
    endloop
  endfacet
  facet normal -0 0 1
    outer loop
      vertex 24.7678 -12.2678 13
      vertex 26 -15.5 13
      vertex 24.9151 -12.107 13
    endloop
  endfacet
  facet normal -0 0 1
    outer loop
      vertex 24.607 -12.4151 13
      vertex 26 -15.5 13
      vertex 24.7678 -12.2678 13
    endloop
  endfacet
  facet normal -0 0 1
    outer loop
      vertex 24.4339 -12.5479 13
      vertex 26 -15.5 13
      vertex 24.607 -12.4151 13
    endloop
  endfacet
  facet normal -0 0 1
    outer loop
      vertex 24.25 -12.6651 13
      vertex 26 -15.5 13
      vertex 24.4339 -12.5479 13
    endloop
  endfacet
  facet normal -0 0 1
    outer loop
      vertex 24.0565 -12.7658 13
      vertex 26 -15.5 13
      vertex 24.25 -12.6651 13
    endloop
  endfacet
  facet normal -0 0 1
    outer loop
      vertex 23.855 -12.8492 13
      vertex 26 -15.5 13
      vertex 24.0565 -12.7658 13
    endloop
  endfacet
  facet normal -0 0 1
    outer loop
      vertex 23.647 -12.9148 13
      vertex 26 -15.5 13
      vertex 23.855 -12.8492 13
    endloop
  endfacet
  facet normal -0 0 1
    outer loop
      vertex 23.4341 -12.962 13
      vertex 26 -15.5 13
      vertex 23.647 -12.9148 13
    endloop
  endfacet
  facet normal -0 0 1
    outer loop
      vertex 23.2179 -12.9905 13
      vertex 26 -15.5 13
      vertex 23.4341 -12.962 13
    endloop
  endfacet
  facet normal -0 0 1
    outer loop
      vertex 23 -13 13
      vertex 26 -15.5 13
      vertex 23.2179 -12.9905 13
    endloop
  endfacet
  facet normal 0 0 1
    outer loop
      vertex 22.7821 -12.9905 13
      vertex 26 -15.5 13
      vertex 23 -13 13
    endloop
  endfacet
  facet normal 0 0 1
    outer loop
      vertex 22.5659 -12.962 13
      vertex 26 -15.5 13
      vertex 22.7821 -12.9905 13
    endloop
  endfacet
  facet normal 0 0 1
    outer loop
      vertex 22.353 -12.9148 13
      vertex 26 -15.5 13
      vertex 22.5659 -12.962 13
    endloop
  endfacet
  facet normal 0 0 1
    outer loop
      vertex 22.1449 -12.8492 13
      vertex 26 -15.5 13
      vertex 22.353 -12.9148 13
    endloop
  endfacet
  facet normal 0 0 1
    outer loop
      vertex 21.9435 -12.7658 13
      vertex 26 -15.5 13
      vertex 22.1449 -12.8492 13
    endloop
  endfacet
  facet normal 0 0 1
    outer loop
      vertex 11.5565 -12.7658 13
      vertex 21.9435 -12.7658 13
      vertex 21.75 -12.6651 13
    endloop
  endfacet
  facet normal 0 0 1
    outer loop
      vertex 11.75 -12.6651 13
      vertex 21.75 -12.6651 13
      vertex 21.5661 -12.5479 13
    endloop
  endfacet
  facet normal 0 0 1
    outer loop
      vertex 20.5095 -10.2821 13
      vertex 13 -10.5 13
      vertex 20.5 -10.5 13
    endloop
  endfacet
  facet normal 0 0 1
    outer loop
      vertex 20.5 -10.5 13
      vertex 13 -10.5 13
      vertex 20.5095 -10.7179 13
    endloop
  endfacet
  facet normal 0 0 1
    outer loop
      vertex 12.9905 -10.7179 13
      vertex 20.5095 -10.7179 13
      vertex 13 -10.5 13
    endloop
  endfacet
  facet normal 0 0 1
    outer loop
      vertex 20.5095 -10.7179 13
      vertex 12.9905 -10.7179 13
      vertex 20.538 -10.9341 13
    endloop
  endfacet
  facet normal 0 0 1
    outer loop
      vertex 12.962 -10.9341 13
      vertex 20.538 -10.9341 13
      vertex 12.9905 -10.7179 13
    endloop
  endfacet
  facet normal 0 0 1
    outer loop
      vertex 20.538 -10.9341 13
      vertex 12.962 -10.9341 13
      vertex 20.5852 -11.147 13
    endloop
  endfacet
  facet normal 0 0 1
    outer loop
      vertex 12.9148 -11.147 13
      vertex 20.5852 -11.147 13
      vertex 12.962 -10.9341 13
    endloop
  endfacet
  facet normal 0 0 1
    outer loop
      vertex 20.5852 -11.147 13
      vertex 12.9148 -11.147 13
      vertex 20.6508 -11.3551 13
    endloop
  endfacet
  facet normal 0 0 1
    outer loop
      vertex 12.8492 -11.3551 13
      vertex 20.6508 -11.3551 13
      vertex 12.9148 -11.147 13
    endloop
  endfacet
  facet normal 0 0 1
    outer loop
      vertex 20.6508 -11.3551 13
      vertex 12.8492 -11.3551 13
      vertex 20.7342 -11.5565 13
    endloop
  endfacet
  facet normal 0 0 1
    outer loop
      vertex 12.7658 -11.5565 13
      vertex 20.7342 -11.5565 13
      vertex 12.8492 -11.3551 13
    endloop
  endfacet
  facet normal 0 0 1
    outer loop
      vertex 20.7342 -11.5565 13
      vertex 12.7658 -11.5565 13
      vertex 20.8349 -11.75 13
    endloop
  endfacet
  facet normal 0 0 1
    outer loop
      vertex 12.6651 -11.75 13
      vertex 20.8349 -11.75 13
      vertex 12.7658 -11.5565 13
    endloop
  endfacet
  facet normal 0 0 1
    outer loop
      vertex 20.8349 -11.75 13
      vertex 12.6651 -11.75 13
      vertex 20.9521 -11.9339 13
    endloop
  endfacet
  facet normal 0 0 1
    outer loop
      vertex 12.5479 -11.9339 13
      vertex 20.9521 -11.9339 13
      vertex 12.6651 -11.75 13
    endloop
  endfacet
  facet normal 0 0 1
    outer loop
      vertex 20.9521 -11.9339 13
      vertex 12.5479 -11.9339 13
      vertex 21.0849 -12.107 13
    endloop
  endfacet
  facet normal 0 0 1
    outer loop
      vertex 12.4151 -12.107 13
      vertex 21.0849 -12.107 13
      vertex 12.5479 -11.9339 13
    endloop
  endfacet
  facet normal 0 0 1
    outer loop
      vertex 21.0849 -12.107 13
      vertex 12.4151 -12.107 13
      vertex 21.2322 -12.2678 13
    endloop
  endfacet
  facet normal 0 0 1
    outer loop
      vertex 12.2678 -12.2678 13
      vertex 21.2322 -12.2678 13
      vertex 12.4151 -12.107 13
    endloop
  endfacet
  facet normal 0 0 1
    outer loop
      vertex 21.2322 -12.2678 13
      vertex 12.2678 -12.2678 13
      vertex 21.393 -12.4151 13
    endloop
  endfacet
  facet normal 0 0 1
    outer loop
      vertex 12.107 -12.4151 13
      vertex 21.393 -12.4151 13
      vertex 12.2678 -12.2678 13
    endloop
  endfacet
  facet normal 0 0 1
    outer loop
      vertex 21.393 -12.4151 13
      vertex 12.107 -12.4151 13
      vertex 21.5661 -12.5479 13
    endloop
  endfacet
  facet normal 0 0 1
    outer loop
      vertex 11.9339 -12.5479 13
      vertex 21.5661 -12.5479 13
      vertex 12.107 -12.4151 13
    endloop
  endfacet
  facet normal 0 0 1
    outer loop
      vertex 11.75 -12.6651 13
      vertex 21.5661 -12.5479 13
      vertex 11.9339 -12.5479 13
    endloop
  endfacet
  facet normal 0 0 1
    outer loop
      vertex 21.75 -12.6651 13
      vertex 11.75 -12.6651 13
      vertex 11.5565 -12.7658 13
    endloop
  endfacet
  facet normal 0 0 1
    outer loop
      vertex 21.9435 -12.7658 13
      vertex 11.5565 -12.7658 13
      vertex 26 -15.5 13
    endloop
  endfacet
  facet normal -0 0 1
    outer loop
      vertex 11.3551 -12.8492 13
      vertex 26 -15.5 13
      vertex 11.5565 -12.7658 13
    endloop
  endfacet
  facet normal -0 0 1
    outer loop
      vertex 11.147 -12.9148 13
      vertex 26 -15.5 13
      vertex 11.3551 -12.8492 13
    endloop
  endfacet
  facet normal 0 0 1
    outer loop
      vertex 5.5 -15.5 13
      vertex 11.147 -12.9148 13
      vertex 10.9341 -12.962 13
    endloop
  endfacet
  facet normal 0 0 1
    outer loop
      vertex 5.5 -15.5 13
      vertex 10.9341 -12.962 13
      vertex 10.7179 -12.9905 13
    endloop
  endfacet
  facet normal 0 0 1
    outer loop
      vertex 5.5 -15.5 13
      vertex 10.7179 -12.9905 13
      vertex 10.5 -13 13
    endloop
  endfacet
  facet normal 0 0 1
    outer loop
      vertex 5.5 -15.5 13
      vertex 10.5 -13 13
      vertex 10.2821 -12.9905 13
    endloop
  endfacet
  facet normal 0 0 1
    outer loop
      vertex 5.5 -15.5 13
      vertex 10.2821 -12.9905 13
      vertex 10.0659 -12.962 13
    endloop
  endfacet
  facet normal 0 0 1
    outer loop
      vertex 8.00951 -10.2821 13
      vertex 5.5 -15.5 13
      vertex 8 -10.5 13
    endloop
  endfacet
  facet normal 0 0 1
    outer loop
      vertex 11.147 -12.9148 13
      vertex 5.5 -15.5 13
      vertex 26 -15.5 13
    endloop
  endfacet
  facet normal 0 0 1
    outer loop
      vertex 9.85295 -12.9148 13
      vertex 5.5 -15.5 13
      vertex 10.0659 -12.962 13
    endloop
  endfacet
  facet normal 0 0 1
    outer loop
      vertex 9.64495 -12.8492 13
      vertex 5.5 -15.5 13
      vertex 9.85295 -12.9148 13
    endloop
  endfacet
  facet normal 0 0 1
    outer loop
      vertex 9.44345 -12.7658 13
      vertex 5.5 -15.5 13
      vertex 9.64495 -12.8492 13
    endloop
  endfacet
  facet normal 0 0 1
    outer loop
      vertex 9.25 -12.6651 13
      vertex 5.5 -15.5 13
      vertex 9.44345 -12.7658 13
    endloop
  endfacet
  facet normal 0 0 1
    outer loop
      vertex 9.06606 -12.5479 13
      vertex 5.5 -15.5 13
      vertex 9.25 -12.6651 13
    endloop
  endfacet
  facet normal 0 0 1
    outer loop
      vertex 8.89303 -12.4151 13
      vertex 5.5 -15.5 13
      vertex 9.06606 -12.5479 13
    endloop
  endfacet
  facet normal 0 0 1
    outer loop
      vertex 8.73223 -12.2678 13
      vertex 5.5 -15.5 13
      vertex 8.89303 -12.4151 13
    endloop
  endfacet
  facet normal 0 0 1
    outer loop
      vertex 8.58489 -12.107 13
      vertex 5.5 -15.5 13
      vertex 8.73223 -12.2678 13
    endloop
  endfacet
  facet normal 0 0 1
    outer loop
      vertex 8.45212 -11.9339 13
      vertex 5.5 -15.5 13
      vertex 8.58489 -12.107 13
    endloop
  endfacet
  facet normal 0 0 1
    outer loop
      vertex 8.33494 -11.75 13
      vertex 5.5 -15.5 13
      vertex 8.45212 -11.9339 13
    endloop
  endfacet
  facet normal 0 0 1
    outer loop
      vertex 8.23423 -11.5565 13
      vertex 5.5 -15.5 13
      vertex 8.33494 -11.75 13
    endloop
  endfacet
  facet normal 0 0 1
    outer loop
      vertex 8.15077 -11.3551 13
      vertex 5.5 -15.5 13
      vertex 8.23423 -11.5565 13
    endloop
  endfacet
  facet normal 0 0 1
    outer loop
      vertex 8.08519 -11.147 13
      vertex 5.5 -15.5 13
      vertex 8.15077 -11.3551 13
    endloop
  endfacet
  facet normal 0 0 1
    outer loop
      vertex 8.03798 -10.9341 13
      vertex 5.5 -15.5 13
      vertex 8.08519 -11.147 13
    endloop
  endfacet
  facet normal 0 0 1
    outer loop
      vertex 8.00951 -10.7179 13
      vertex 5.5 -15.5 13
      vertex 8.03798 -10.9341 13
    endloop
  endfacet
  facet normal 0 0 1
    outer loop
      vertex 8 -10.5 13
      vertex 5.5 -15.5 13
      vertex 8.00951 -10.7179 13
    endloop
  endfacet
  facet normal 0 1 -0
    outer loop
      vertex 26 15.5 10
      vertex 5.5 15.5 13
      vertex 26 15.5 13
    endloop
  endfacet
  facet normal 0 1 0
    outer loop
      vertex 5.5 15.5 13
      vertex 26 15.5 10
      vertex 5.5 15.5 10
    endloop
  endfacet
  facet normal 0 -1 0
    outer loop
      vertex 5.5 -15.5 10
      vertex 26 -15.5 13
      vertex 5.5 -15.5 13
    endloop
  endfacet
  facet normal 0 -1 -0
    outer loop
      vertex 26 -15.5 13
      vertex 5.5 -15.5 10
      vertex 26 -15.5 10
    endloop
  endfacet
  facet normal 0 0 1
    outer loop
      vertex 11.3693 -10.2671 9
      vertex 11.3693 -10.7329 9
      vertex 11.4 -10.5 9
    endloop
  endfacet
  facet normal 0 0 1
    outer loop
      vertex 11.2794 -10.05 9
      vertex 11.3693 -10.7329 9
      vertex 11.3693 -10.2671 9
    endloop
  endfacet
  facet normal 0 0 1
    outer loop
      vertex 11.2794 -10.05 9
      vertex 11.2794 -10.95 9
      vertex 11.3693 -10.7329 9
    endloop
  endfacet
  facet normal 0 0 1
    outer loop
      vertex 11.1364 -9.8636 9
      vertex 11.2794 -10.95 9
      vertex 11.2794 -10.05 9
    endloop
  endfacet
  facet normal 0 0 1
    outer loop
      vertex 11.1364 -9.8636 9
      vertex 11.1364 -11.1364 9
      vertex 11.2794 -10.95 9
    endloop
  endfacet
  facet normal 0 0 1
    outer loop
      vertex 10.95 -9.72058 9
      vertex 11.1364 -11.1364 9
      vertex 11.1364 -9.8636 9
    endloop
  endfacet
  facet normal 0 0 1
    outer loop
      vertex 10.95 -9.72058 9
      vertex 10.95 -11.2794 9
      vertex 11.1364 -11.1364 9
    endloop
  endfacet
  facet normal 0 0 1
    outer loop
      vertex 10.7329 -9.63067 9
      vertex 10.95 -11.2794 9
      vertex 10.95 -9.72058 9
    endloop
  endfacet
  facet normal 0 0 1
    outer loop
      vertex 10.7329 -9.63067 9
      vertex 10.7329 -11.3693 9
      vertex 10.95 -11.2794 9
    endloop
  endfacet
  facet normal 0 0 1
    outer loop
      vertex 10.5 -9.6 9
      vertex 10.7329 -11.3693 9
      vertex 10.7329 -9.63067 9
    endloop
  endfacet
  facet normal 0 0 1
    outer loop
      vertex 10.5 -9.6 9
      vertex 10.5 -11.4 9
      vertex 10.7329 -11.3693 9
    endloop
  endfacet
  facet normal -0 0 1
    outer loop
      vertex 10.2671 -9.63067 9
      vertex 10.5 -11.4 9
      vertex 10.5 -9.6 9
    endloop
  endfacet
  facet normal 0 0 1
    outer loop
      vertex 10.2671 -9.63067 9
      vertex 10.2671 -11.3693 9
      vertex 10.5 -11.4 9
    endloop
  endfacet
  facet normal -0 0 1
    outer loop
      vertex 10.05 -9.72058 9
      vertex 10.2671 -11.3693 9
      vertex 10.2671 -9.63067 9
    endloop
  endfacet
  facet normal 0 0 1
    outer loop
      vertex 10.05 -9.72058 9
      vertex 10.05 -11.2794 9
      vertex 10.2671 -11.3693 9
    endloop
  endfacet
  facet normal -0 0 1
    outer loop
      vertex 9.8636 -9.8636 9
      vertex 10.05 -11.2794 9
      vertex 10.05 -9.72058 9
    endloop
  endfacet
  facet normal 0 0 1
    outer loop
      vertex 9.8636 -9.8636 9
      vertex 9.8636 -11.1364 9
      vertex 10.05 -11.2794 9
    endloop
  endfacet
  facet normal -0 0 1
    outer loop
      vertex 9.72058 -10.05 9
      vertex 9.8636 -11.1364 9
      vertex 9.8636 -9.8636 9
    endloop
  endfacet
  facet normal 0 0 1
    outer loop
      vertex 9.72058 -10.05 9
      vertex 9.72058 -10.95 9
      vertex 9.8636 -11.1364 9
    endloop
  endfacet
  facet normal -0 0 1
    outer loop
      vertex 9.63067 -10.2671 9
      vertex 9.72058 -10.95 9
      vertex 9.72058 -10.05 9
    endloop
  endfacet
  facet normal 0 0 1
    outer loop
      vertex 9.63067 -10.2671 9
      vertex 9.63067 -10.7329 9
      vertex 9.72058 -10.95 9
    endloop
  endfacet
  facet normal 0 -0 1
    outer loop
      vertex 9.63067 -10.7329 9
      vertex 9.63067 -10.2671 9
      vertex 9.6 -10.5 9
    endloop
  endfacet
  facet normal 0.608735 -0.793373 0
    outer loop
      vertex 9.8636 -9.8636 9
      vertex 10.05 -9.72058 17
      vertex 9.8636 -9.8636 17
    endloop
  endfacet
  facet normal 0.608735 -0.793373 0
    outer loop
      vertex 10.05 -9.72058 17
      vertex 9.8636 -9.8636 9
      vertex 10.05 -9.72058 9
    endloop
  endfacet
  facet normal 0.382626 -0.923903 0
    outer loop
      vertex 10.05 -9.72058 9
      vertex 10.2671 -9.63067 17
      vertex 10.05 -9.72058 17
    endloop
  endfacet
  facet normal 0.382626 -0.923903 0
    outer loop
      vertex 10.2671 -9.63067 17
      vertex 10.05 -9.72058 9
      vertex 10.2671 -9.63067 9
    endloop
  endfacet
  facet normal 0.38259 0.923918 -0
    outer loop
      vertex 10.2671 -11.3693 9
      vertex 10.05 -11.2794 17
      vertex 10.2671 -11.3693 17
    endloop
  endfacet
  facet normal 0.38259 0.923918 0
    outer loop
      vertex 10.05 -11.2794 17
      vertex 10.2671 -11.3693 9
      vertex 10.05 -11.2794 9
    endloop
  endfacet
  facet normal -0.991424 -0.130686 0
    outer loop
      vertex 11.4 -10.5 9
      vertex 11.3693 -10.2671 17
      vertex 11.3693 -10.2671 9
    endloop
  endfacet
  facet normal -0.991424 -0.130686 0
    outer loop
      vertex 11.3693 -10.2671 17
      vertex 11.4 -10.5 9
      vertex 11.4 -10.5 17
    endloop
  endfacet
  facet normal -0.608682 0.793414 0
    outer loop
      vertex 11.1364 -11.1364 9
      vertex 10.95 -11.2794 17
      vertex 11.1364 -11.1364 17
    endloop
  endfacet
  facet normal -0.608682 0.793414 0
    outer loop
      vertex 10.95 -11.2794 17
      vertex 11.1364 -11.1364 9
      vertex 10.95 -11.2794 9
    endloop
  endfacet
  facet normal 0.130686 0.991424 -0
    outer loop
      vertex 10.5 -11.4 9
      vertex 10.2671 -11.3693 17
      vertex 10.5 -11.4 17
    endloop
  endfacet
  facet normal 0.130686 0.991424 0
    outer loop
      vertex 10.2671 -11.3693 17
      vertex 10.5 -11.4 9
      vertex 10.2671 -11.3693 9
    endloop
  endfacet
  facet normal 0.608682 0.793414 -0
    outer loop
      vertex 10.05 -11.2794 9
      vertex 9.8636 -11.1364 17
      vertex 10.05 -11.2794 17
    endloop
  endfacet
  facet normal 0.608682 0.793414 0
    outer loop
      vertex 9.8636 -11.1364 17
      vertex 10.05 -11.2794 9
      vertex 9.8636 -11.1364 9
    endloop
  endfacet
  facet normal -0.382626 -0.923903 0
    outer loop
      vertex 10.7329 -9.63067 9
      vertex 10.95 -9.72058 17
      vertex 10.7329 -9.63067 17
    endloop
  endfacet
  facet normal -0.382626 -0.923903 -0
    outer loop
      vertex 10.95 -9.72058 17
      vertex 10.7329 -9.63067 9
      vertex 10.95 -9.72058 9
    endloop
  endfacet
  facet normal -0.923918 -0.38259 0
    outer loop
      vertex 11.3693 -10.2671 9
      vertex 11.2794 -10.05 17
      vertex 11.2794 -10.05 9
    endloop
  endfacet
  facet normal -0.923918 -0.38259 0
    outer loop
      vertex 11.2794 -10.05 17
      vertex 11.3693 -10.2671 9
      vertex 11.3693 -10.2671 17
    endloop
  endfacet
  facet normal -0.793414 0.608682 0
    outer loop
      vertex 11.1364 -11.1364 9
      vertex 11.2794 -10.95 17
      vertex 11.2794 -10.95 9
    endloop
  endfacet
  facet normal -0.793414 0.608682 0
    outer loop
      vertex 11.2794 -10.95 17
      vertex 11.1364 -11.1364 9
      vertex 11.1364 -11.1364 17
    endloop
  endfacet
  facet normal -0.38259 0.923918 0
    outer loop
      vertex 10.95 -11.2794 9
      vertex 10.7329 -11.3693 17
      vertex 10.95 -11.2794 17
    endloop
  endfacet
  facet normal -0.38259 0.923918 0
    outer loop
      vertex 10.7329 -11.3693 17
      vertex 10.95 -11.2794 9
      vertex 10.7329 -11.3693 9
    endloop
  endfacet
  facet normal 0.793373 -0.608735 0
    outer loop
      vertex 9.72058 -10.05 17
      vertex 9.8636 -9.8636 9
      vertex 9.8636 -9.8636 17
    endloop
  endfacet
  facet normal 0.793373 -0.608735 0
    outer loop
      vertex 9.8636 -9.8636 9
      vertex 9.72058 -10.05 17
      vertex 9.72058 -10.05 9
    endloop
  endfacet
  facet normal -0.13056 -0.99144 0
    outer loop
      vertex 10.5 -9.6 9
      vertex 10.7329 -9.63067 17
      vertex 10.5 -9.6 17
    endloop
  endfacet
  facet normal -0.13056 -0.99144 -0
    outer loop
      vertex 10.7329 -9.63067 17
      vertex 10.5 -9.6 9
      vertex 10.7329 -9.63067 9
    endloop
  endfacet
  facet normal -0.991424 0.130686 0
    outer loop
      vertex 11.3693 -10.7329 9
      vertex 11.4 -10.5 17
      vertex 11.4 -10.5 9
    endloop
  endfacet
  facet normal -0.991424 0.130686 0
    outer loop
      vertex 11.4 -10.5 17
      vertex 11.3693 -10.7329 9
      vertex 11.3693 -10.7329 17
    endloop
  endfacet
  facet normal 0.793373 0.608735 0
    outer loop
      vertex 9.8636 -11.1364 17
      vertex 9.72058 -10.95 9
      vertex 9.72058 -10.95 17
    endloop
  endfacet
  facet normal 0.793373 0.608735 0
    outer loop
      vertex 9.72058 -10.95 9
      vertex 9.8636 -11.1364 17
      vertex 9.8636 -11.1364 9
    endloop
  endfacet
  facet normal 0.13056 -0.99144 0
    outer loop
      vertex 10.2671 -9.63067 9
      vertex 10.5 -9.6 17
      vertex 10.2671 -9.63067 17
    endloop
  endfacet
  facet normal 0.13056 -0.99144 0
    outer loop
      vertex 10.5 -9.6 17
      vertex 10.2671 -9.63067 9
      vertex 10.5 -9.6 9
    endloop
  endfacet
  facet normal -0.608735 -0.793373 0
    outer loop
      vertex 10.95 -9.72058 9
      vertex 11.1364 -9.8636 17
      vertex 10.95 -9.72058 17
    endloop
  endfacet
  facet normal -0.608735 -0.793373 -0
    outer loop
      vertex 11.1364 -9.8636 17
      vertex 10.95 -9.72058 9
      vertex 11.1364 -9.8636 9
    endloop
  endfacet
  facet normal 0.99144 0.13056 0
    outer loop
      vertex 9.63067 -10.7329 17
      vertex 9.6 -10.5 9
      vertex 9.6 -10.5 17
    endloop
  endfacet
  facet normal 0.99144 0.13056 0
    outer loop
      vertex 9.6 -10.5 9
      vertex 9.63067 -10.7329 17
      vertex 9.63067 -10.7329 9
    endloop
  endfacet
  facet normal -0.923918 0.38259 0
    outer loop
      vertex 11.2794 -10.95 9
      vertex 11.3693 -10.7329 17
      vertex 11.3693 -10.7329 9
    endloop
  endfacet
  facet normal -0.923918 0.38259 0
    outer loop
      vertex 11.3693 -10.7329 17
      vertex 11.2794 -10.95 9
      vertex 11.2794 -10.95 17
    endloop
  endfacet
  facet normal -0.130686 0.991424 0
    outer loop
      vertex 10.7329 -11.3693 9
      vertex 10.5 -11.4 17
      vertex 10.7329 -11.3693 17
    endloop
  endfacet
  facet normal -0.130686 0.991424 0
    outer loop
      vertex 10.5 -11.4 17
      vertex 10.7329 -11.3693 9
      vertex 10.5 -11.4 9
    endloop
  endfacet
  facet normal -0.793414 -0.608682 0
    outer loop
      vertex 11.2794 -10.05 9
      vertex 11.1364 -9.8636 17
      vertex 11.1364 -9.8636 9
    endloop
  endfacet
  facet normal -0.793414 -0.608682 0
    outer loop
      vertex 11.1364 -9.8636 17
      vertex 11.2794 -10.05 9
      vertex 11.2794 -10.05 17
    endloop
  endfacet
  facet normal 0.923903 0.382626 0
    outer loop
      vertex 9.72058 -10.95 17
      vertex 9.63067 -10.7329 9
      vertex 9.63067 -10.7329 17
    endloop
  endfacet
  facet normal 0.923903 0.382626 0
    outer loop
      vertex 9.63067 -10.7329 9
      vertex 9.72058 -10.95 17
      vertex 9.72058 -10.95 9
    endloop
  endfacet
  facet normal 0.923903 -0.382626 0
    outer loop
      vertex 9.63067 -10.2671 17
      vertex 9.72058 -10.05 9
      vertex 9.72058 -10.05 17
    endloop
  endfacet
  facet normal 0.923903 -0.382626 0
    outer loop
      vertex 9.72058 -10.05 9
      vertex 9.63067 -10.2671 17
      vertex 9.63067 -10.2671 9
    endloop
  endfacet
  facet normal 0.99144 -0.13056 0
    outer loop
      vertex 9.6 -10.5 17
      vertex 9.63067 -10.2671 9
      vertex 9.63067 -10.2671 17
    endloop
  endfacet
  facet normal 0.99144 -0.13056 0
    outer loop
      vertex 9.63067 -10.2671 9
      vertex 9.6 -10.5 17
      vertex 9.6 -10.5 9
    endloop
  endfacet
  facet normal 0.923918 -0.38259 0
    outer loop
      vertex 22.1307 -10.2671 17
      vertex 22.2206 -10.05 9
      vertex 22.2206 -10.05 17
    endloop
  endfacet
  facet normal 0.923918 -0.38259 0
    outer loop
      vertex 22.2206 -10.05 9
      vertex 22.1307 -10.2671 17
      vertex 22.1307 -10.2671 9
    endloop
  endfacet
  facet normal -0.793414 -0.608682 0
    outer loop
      vertex 23.7794 -10.05 9
      vertex 23.6364 -9.8636 17
      vertex 23.6364 -9.8636 9
    endloop
  endfacet
  facet normal -0.793414 -0.608682 0
    outer loop
      vertex 23.6364 -9.8636 17
      vertex 23.7794 -10.05 9
      vertex 23.7794 -10.05 17
    endloop
  endfacet
  facet normal -0.130686 0.991424 0
    outer loop
      vertex 23.2329 -11.3693 9
      vertex 23 -11.4 17
      vertex 23.2329 -11.3693 17
    endloop
  endfacet
  facet normal -0.130686 0.991424 0
    outer loop
      vertex 23 -11.4 17
      vertex 23.2329 -11.3693 9
      vertex 23 -11.4 9
    endloop
  endfacet
  facet normal -0.923918 0.38259 0
    outer loop
      vertex 23.7794 -10.95 9
      vertex 23.8693 -10.7329 17
      vertex 23.8693 -10.7329 9
    endloop
  endfacet
  facet normal -0.923918 0.38259 0
    outer loop
      vertex 23.8693 -10.7329 17
      vertex 23.7794 -10.95 9
      vertex 23.7794 -10.95 17
    endloop
  endfacet
  facet normal -0.991424 -0.130686 0
    outer loop
      vertex 23.9 -10.5 9
      vertex 23.8693 -10.2671 17
      vertex 23.8693 -10.2671 9
    endloop
  endfacet
  facet normal -0.991424 -0.130686 0
    outer loop
      vertex 23.8693 -10.2671 17
      vertex 23.9 -10.5 9
      vertex 23.9 -10.5 17
    endloop
  endfacet
  facet normal -0.13056 -0.99144 0
    outer loop
      vertex 23 -9.6 9
      vertex 23.2329 -9.63067 17
      vertex 23 -9.6 17
    endloop
  endfacet
  facet normal -0.13056 -0.99144 -0
    outer loop
      vertex 23.2329 -9.63067 17
      vertex 23 -9.6 9
      vertex 23.2329 -9.63067 9
    endloop
  endfacet
  facet normal -0.793414 0.608682 0
    outer loop
      vertex 23.6364 -11.1364 9
      vertex 23.7794 -10.95 17
      vertex 23.7794 -10.95 9
    endloop
  endfacet
  facet normal -0.793414 0.608682 0
    outer loop
      vertex 23.7794 -10.95 17
      vertex 23.6364 -11.1364 9
      vertex 23.6364 -11.1364 17
    endloop
  endfacet
  facet normal -0.923918 -0.38259 0
    outer loop
      vertex 23.8693 -10.2671 9
      vertex 23.7794 -10.05 17
      vertex 23.7794 -10.05 9
    endloop
  endfacet
  facet normal -0.923918 -0.38259 0
    outer loop
      vertex 23.7794 -10.05 17
      vertex 23.8693 -10.2671 9
      vertex 23.8693 -10.2671 17
    endloop
  endfacet
  facet normal 0.38259 0.923918 -0
    outer loop
      vertex 22.7671 -11.3693 9
      vertex 22.55 -11.2794 17
      vertex 22.7671 -11.3693 17
    endloop
  endfacet
  facet normal 0.38259 0.923918 0
    outer loop
      vertex 22.55 -11.2794 17
      vertex 22.7671 -11.3693 9
      vertex 22.55 -11.2794 9
    endloop
  endfacet
  facet normal 0.608735 -0.793373 0
    outer loop
      vertex 22.3636 -9.8636 9
      vertex 22.55 -9.72058 17
      vertex 22.3636 -9.8636 17
    endloop
  endfacet
  facet normal 0.608735 -0.793373 0
    outer loop
      vertex 22.55 -9.72058 17
      vertex 22.3636 -9.8636 9
      vertex 22.55 -9.72058 9
    endloop
  endfacet
  facet normal -0.608682 0.793414 0
    outer loop
      vertex 23.6364 -11.1364 9
      vertex 23.45 -11.2794 17
      vertex 23.6364 -11.1364 17
    endloop
  endfacet
  facet normal -0.608682 0.793414 0
    outer loop
      vertex 23.45 -11.2794 17
      vertex 23.6364 -11.1364 9
      vertex 23.45 -11.2794 9
    endloop
  endfacet
  facet normal 0.793414 -0.608682 0
    outer loop
      vertex 22.2206 -10.05 17
      vertex 22.3636 -9.8636 9
      vertex 22.3636 -9.8636 17
    endloop
  endfacet
  facet normal 0.793414 -0.608682 0
    outer loop
      vertex 22.3636 -9.8636 9
      vertex 22.2206 -10.05 17
      vertex 22.2206 -10.05 9
    endloop
  endfacet
  facet normal -0.608735 -0.793373 0
    outer loop
      vertex 23.45 -9.72058 9
      vertex 23.6364 -9.8636 17
      vertex 23.45 -9.72058 17
    endloop
  endfacet
  facet normal -0.608735 -0.793373 -0
    outer loop
      vertex 23.6364 -9.8636 17
      vertex 23.45 -9.72058 9
      vertex 23.6364 -9.8636 9
    endloop
  endfacet
  facet normal -0.382626 -0.923903 0
    outer loop
      vertex 23.2329 -9.63067 9
      vertex 23.45 -9.72058 17
      vertex 23.2329 -9.63067 17
    endloop
  endfacet
  facet normal -0.382626 -0.923903 -0
    outer loop
      vertex 23.45 -9.72058 17
      vertex 23.2329 -9.63067 9
      vertex 23.45 -9.72058 9
    endloop
  endfacet
  facet normal 0.13056 -0.99144 0
    outer loop
      vertex 22.7671 -9.63067 9
      vertex 23 -9.6 17
      vertex 22.7671 -9.63067 17
    endloop
  endfacet
  facet normal 0.13056 -0.99144 0
    outer loop
      vertex 23 -9.6 17
      vertex 22.7671 -9.63067 9
      vertex 23 -9.6 9
    endloop
  endfacet
  facet normal 0 0 1
    outer loop
      vertex 23.8693 -10.2671 9
      vertex 23.8693 -10.7329 9
      vertex 23.9 -10.5 9
    endloop
  endfacet
  facet normal 0 0 1
    outer loop
      vertex 23.7794 -10.05 9
      vertex 23.8693 -10.7329 9
      vertex 23.8693 -10.2671 9
    endloop
  endfacet
  facet normal 0 0 1
    outer loop
      vertex 23.7794 -10.05 9
      vertex 23.7794 -10.95 9
      vertex 23.8693 -10.7329 9
    endloop
  endfacet
  facet normal 0 0 1
    outer loop
      vertex 23.6364 -9.8636 9
      vertex 23.7794 -10.95 9
      vertex 23.7794 -10.05 9
    endloop
  endfacet
  facet normal 0 0 1
    outer loop
      vertex 23.6364 -9.8636 9
      vertex 23.6364 -11.1364 9
      vertex 23.7794 -10.95 9
    endloop
  endfacet
  facet normal 0 0 1
    outer loop
      vertex 23.45 -9.72058 9
      vertex 23.6364 -11.1364 9
      vertex 23.6364 -9.8636 9
    endloop
  endfacet
  facet normal 0 0 1
    outer loop
      vertex 23.45 -9.72058 9
      vertex 23.45 -11.2794 9
      vertex 23.6364 -11.1364 9
    endloop
  endfacet
  facet normal 0 0 1
    outer loop
      vertex 23.2329 -9.63067 9
      vertex 23.45 -11.2794 9
      vertex 23.45 -9.72058 9
    endloop
  endfacet
  facet normal 0 0 1
    outer loop
      vertex 23.2329 -9.63067 9
      vertex 23.2329 -11.3693 9
      vertex 23.45 -11.2794 9
    endloop
  endfacet
  facet normal 0 0 1
    outer loop
      vertex 23 -9.6 9
      vertex 23.2329 -11.3693 9
      vertex 23.2329 -9.63067 9
    endloop
  endfacet
  facet normal 0 0 1
    outer loop
      vertex 23 -9.6 9
      vertex 23 -11.4 9
      vertex 23.2329 -11.3693 9
    endloop
  endfacet
  facet normal -0 0 1
    outer loop
      vertex 22.7671 -9.63067 9
      vertex 23 -11.4 9
      vertex 23 -9.6 9
    endloop
  endfacet
  facet normal 0 0 1
    outer loop
      vertex 22.7671 -9.63067 9
      vertex 22.7671 -11.3693 9
      vertex 23 -11.4 9
    endloop
  endfacet
  facet normal -0 0 1
    outer loop
      vertex 22.55 -9.72058 9
      vertex 22.7671 -11.3693 9
      vertex 22.7671 -9.63067 9
    endloop
  endfacet
  facet normal 0 0 1
    outer loop
      vertex 22.55 -9.72058 9
      vertex 22.55 -11.2794 9
      vertex 22.7671 -11.3693 9
    endloop
  endfacet
  facet normal -0 0 1
    outer loop
      vertex 22.3636 -9.8636 9
      vertex 22.55 -11.2794 9
      vertex 22.55 -9.72058 9
    endloop
  endfacet
  facet normal 0 0 1
    outer loop
      vertex 22.3636 -9.8636 9
      vertex 22.3636 -11.1364 9
      vertex 22.55 -11.2794 9
    endloop
  endfacet
  facet normal -0 0 1
    outer loop
      vertex 22.2206 -10.05 9
      vertex 22.3636 -11.1364 9
      vertex 22.3636 -9.8636 9
    endloop
  endfacet
  facet normal 0 0 1
    outer loop
      vertex 22.2206 -10.05 9
      vertex 22.2206 -10.95 9
      vertex 22.3636 -11.1364 9
    endloop
  endfacet
  facet normal -0 0 1
    outer loop
      vertex 22.1307 -10.2671 9
      vertex 22.2206 -10.95 9
      vertex 22.2206 -10.05 9
    endloop
  endfacet
  facet normal 0 0 1
    outer loop
      vertex 22.1307 -10.2671 9
      vertex 22.1307 -10.7329 9
      vertex 22.2206 -10.95 9
    endloop
  endfacet
  facet normal 0 -0 1
    outer loop
      vertex 22.1307 -10.7329 9
      vertex 22.1307 -10.2671 9
      vertex 22.1 -10.5 9
    endloop
  endfacet
  facet normal 0.382626 -0.923903 0
    outer loop
      vertex 22.55 -9.72058 9
      vertex 22.7671 -9.63067 17
      vertex 22.55 -9.72058 17
    endloop
  endfacet
  facet normal 0.382626 -0.923903 0
    outer loop
      vertex 22.7671 -9.63067 17
      vertex 22.55 -9.72058 9
      vertex 22.7671 -9.63067 9
    endloop
  endfacet
  facet normal 0.991424 -0.130686 0
    outer loop
      vertex 22.1 -10.5 17
      vertex 22.1307 -10.2671 9
      vertex 22.1307 -10.2671 17
    endloop
  endfacet
  facet normal 0.991424 -0.130686 0
    outer loop
      vertex 22.1307 -10.2671 9
      vertex 22.1 -10.5 17
      vertex 22.1 -10.5 9
    endloop
  endfacet
  facet normal 0.608682 0.793414 -0
    outer loop
      vertex 22.55 -11.2794 9
      vertex 22.3636 -11.1364 17
      vertex 22.55 -11.2794 17
    endloop
  endfacet
  facet normal 0.608682 0.793414 0
    outer loop
      vertex 22.3636 -11.1364 17
      vertex 22.55 -11.2794 9
      vertex 22.3636 -11.1364 9
    endloop
  endfacet
  facet normal 0.793414 0.608682 0
    outer loop
      vertex 22.3636 -11.1364 17
      vertex 22.2206 -10.95 9
      vertex 22.2206 -10.95 17
    endloop
  endfacet
  facet normal 0.793414 0.608682 0
    outer loop
      vertex 22.2206 -10.95 9
      vertex 22.3636 -11.1364 17
      vertex 22.3636 -11.1364 9
    endloop
  endfacet
  facet normal 0.991424 0.130686 0
    outer loop
      vertex 22.1307 -10.7329 17
      vertex 22.1 -10.5 9
      vertex 22.1 -10.5 17
    endloop
  endfacet
  facet normal 0.991424 0.130686 0
    outer loop
      vertex 22.1 -10.5 9
      vertex 22.1307 -10.7329 17
      vertex 22.1307 -10.7329 9
    endloop
  endfacet
  facet normal 0.130686 0.991424 -0
    outer loop
      vertex 23 -11.4 9
      vertex 22.7671 -11.3693 17
      vertex 23 -11.4 17
    endloop
  endfacet
  facet normal 0.130686 0.991424 0
    outer loop
      vertex 22.7671 -11.3693 17
      vertex 23 -11.4 9
      vertex 22.7671 -11.3693 9
    endloop
  endfacet
  facet normal -0.38259 0.923918 0
    outer loop
      vertex 23.45 -11.2794 9
      vertex 23.2329 -11.3693 17
      vertex 23.45 -11.2794 17
    endloop
  endfacet
  facet normal -0.38259 0.923918 0
    outer loop
      vertex 23.2329 -11.3693 17
      vertex 23.45 -11.2794 9
      vertex 23.2329 -11.3693 9
    endloop
  endfacet
  facet normal 0.923918 0.38259 0
    outer loop
      vertex 22.2206 -10.95 17
      vertex 22.1307 -10.7329 9
      vertex 22.1307 -10.7329 17
    endloop
  endfacet
  facet normal 0.923918 0.38259 0
    outer loop
      vertex 22.1307 -10.7329 9
      vertex 22.2206 -10.95 17
      vertex 22.2206 -10.95 9
    endloop
  endfacet
  facet normal -0.991424 0.130686 0
    outer loop
      vertex 23.8693 -10.7329 9
      vertex 23.9 -10.5 17
      vertex 23.9 -10.5 9
    endloop
  endfacet
  facet normal -0.991424 0.130686 0
    outer loop
      vertex 23.9 -10.5 17
      vertex 23.8693 -10.7329 9
      vertex 23.8693 -10.7329 17
    endloop
  endfacet
  facet normal -0.608735 0.793373 0
    outer loop
      vertex 11.1364 9.8636 9
      vertex 10.95 9.72058 17
      vertex 11.1364 9.8636 17
    endloop
  endfacet
  facet normal -0.608735 0.793373 0
    outer loop
      vertex 10.95 9.72058 17
      vertex 11.1364 9.8636 9
      vertex 10.95 9.72058 9
    endloop
  endfacet
  facet normal 0.793373 -0.608735 0
    outer loop
      vertex 9.72058 10.95 17
      vertex 9.8636 11.1364 9
      vertex 9.8636 11.1364 17
    endloop
  endfacet
  facet normal 0.793373 -0.608735 0
    outer loop
      vertex 9.8636 11.1364 9
      vertex 9.72058 10.95 17
      vertex 9.72058 10.95 9
    endloop
  endfacet
  facet normal 0.382626 0.923903 -0
    outer loop
      vertex 10.2671 9.63067 9
      vertex 10.05 9.72058 17
      vertex 10.2671 9.63067 17
    endloop
  endfacet
  facet normal 0.382626 0.923903 0
    outer loop
      vertex 10.05 9.72058 17
      vertex 10.2671 9.63067 9
      vertex 10.05 9.72058 9
    endloop
  endfacet
  facet normal 0.99144 0.13056 0
    outer loop
      vertex 9.63067 10.2671 17
      vertex 9.6 10.5 9
      vertex 9.6 10.5 17
    endloop
  endfacet
  facet normal 0.99144 0.13056 0
    outer loop
      vertex 9.6 10.5 9
      vertex 9.63067 10.2671 17
      vertex 9.63067 10.2671 9
    endloop
  endfacet
  facet normal -0.382626 0.923903 0
    outer loop
      vertex 10.95 9.72058 9
      vertex 10.7329 9.63067 17
      vertex 10.95 9.72058 17
    endloop
  endfacet
  facet normal -0.382626 0.923903 0
    outer loop
      vertex 10.7329 9.63067 17
      vertex 10.95 9.72058 9
      vertex 10.7329 9.63067 9
    endloop
  endfacet
  facet normal 0.923903 -0.382626 0
    outer loop
      vertex 9.63067 10.7329 17
      vertex 9.72058 10.95 9
      vertex 9.72058 10.95 17
    endloop
  endfacet
  facet normal 0.923903 -0.382626 0
    outer loop
      vertex 9.72058 10.95 9
      vertex 9.63067 10.7329 17
      vertex 9.63067 10.7329 9
    endloop
  endfacet
  facet normal 0 0 1
    outer loop
      vertex 11.3693 10.7329 9
      vertex 11.3693 10.2671 9
      vertex 11.4 10.5 9
    endloop
  endfacet
  facet normal 0 0 1
    outer loop
      vertex 11.2794 10.95 9
      vertex 11.3693 10.2671 9
      vertex 11.3693 10.7329 9
    endloop
  endfacet
  facet normal 0 0 1
    outer loop
      vertex 11.2794 10.95 9
      vertex 11.2794 10.05 9
      vertex 11.3693 10.2671 9
    endloop
  endfacet
  facet normal 0 0 1
    outer loop
      vertex 11.1364 11.1364 9
      vertex 11.2794 10.05 9
      vertex 11.2794 10.95 9
    endloop
  endfacet
  facet normal 0 0 1
    outer loop
      vertex 11.1364 11.1364 9
      vertex 11.1364 9.8636 9
      vertex 11.2794 10.05 9
    endloop
  endfacet
  facet normal 0 0 1
    outer loop
      vertex 10.95 11.2794 9
      vertex 11.1364 9.8636 9
      vertex 11.1364 11.1364 9
    endloop
  endfacet
  facet normal 0 0 1
    outer loop
      vertex 10.95 11.2794 9
      vertex 10.95 9.72058 9
      vertex 11.1364 9.8636 9
    endloop
  endfacet
  facet normal 0 0 1
    outer loop
      vertex 10.7329 11.3693 9
      vertex 10.95 9.72058 9
      vertex 10.95 11.2794 9
    endloop
  endfacet
  facet normal 0 0 1
    outer loop
      vertex 10.7329 11.3693 9
      vertex 10.7329 9.63067 9
      vertex 10.95 9.72058 9
    endloop
  endfacet
  facet normal 0 0 1
    outer loop
      vertex 10.5 11.4 9
      vertex 10.7329 9.63067 9
      vertex 10.7329 11.3693 9
    endloop
  endfacet
  facet normal 0 0 1
    outer loop
      vertex 10.5 11.4 9
      vertex 10.5 9.6 9
      vertex 10.7329 9.63067 9
    endloop
  endfacet
  facet normal -0 0 1
    outer loop
      vertex 10.2671 11.3693 9
      vertex 10.5 9.6 9
      vertex 10.5 11.4 9
    endloop
  endfacet
  facet normal 0 0 1
    outer loop
      vertex 10.2671 11.3693 9
      vertex 10.2671 9.63067 9
      vertex 10.5 9.6 9
    endloop
  endfacet
  facet normal -0 0 1
    outer loop
      vertex 10.05 11.2794 9
      vertex 10.2671 9.63067 9
      vertex 10.2671 11.3693 9
    endloop
  endfacet
  facet normal 0 0 1
    outer loop
      vertex 10.05 11.2794 9
      vertex 10.05 9.72058 9
      vertex 10.2671 9.63067 9
    endloop
  endfacet
  facet normal -0 0 1
    outer loop
      vertex 9.8636 11.1364 9
      vertex 10.05 9.72058 9
      vertex 10.05 11.2794 9
    endloop
  endfacet
  facet normal 0 0 1
    outer loop
      vertex 9.8636 11.1364 9
      vertex 9.8636 9.8636 9
      vertex 10.05 9.72058 9
    endloop
  endfacet
  facet normal -0 0 1
    outer loop
      vertex 9.72058 10.95 9
      vertex 9.8636 9.8636 9
      vertex 9.8636 11.1364 9
    endloop
  endfacet
  facet normal 0 0 1
    outer loop
      vertex 9.72058 10.95 9
      vertex 9.72058 10.05 9
      vertex 9.8636 9.8636 9
    endloop
  endfacet
  facet normal -0 0 1
    outer loop
      vertex 9.63067 10.7329 9
      vertex 9.72058 10.05 9
      vertex 9.72058 10.95 9
    endloop
  endfacet
  facet normal 0 0 1
    outer loop
      vertex 9.63067 10.7329 9
      vertex 9.63067 10.2671 9
      vertex 9.72058 10.05 9
    endloop
  endfacet
  facet normal 0 -0 1
    outer loop
      vertex 9.63067 10.2671 9
      vertex 9.63067 10.7329 9
      vertex 9.6 10.5 9
    endloop
  endfacet
  facet normal -0.991424 -0.130686 0
    outer loop
      vertex 11.4 10.5 9
      vertex 11.3693 10.7329 17
      vertex 11.3693 10.7329 9
    endloop
  endfacet
  facet normal -0.991424 -0.130686 0
    outer loop
      vertex 11.3693 10.7329 17
      vertex 11.4 10.5 9
      vertex 11.4 10.5 17
    endloop
  endfacet
  facet normal -0.608682 -0.793414 0
    outer loop
      vertex 10.95 11.2794 9
      vertex 11.1364 11.1364 17
      vertex 10.95 11.2794 17
    endloop
  endfacet
  facet normal -0.608682 -0.793414 -0
    outer loop
      vertex 11.1364 11.1364 17
      vertex 10.95 11.2794 9
      vertex 11.1364 11.1364 9
    endloop
  endfacet
  facet normal -0.793414 0.608682 0
    outer loop
      vertex 11.1364 9.8636 9
      vertex 11.2794 10.05 17
      vertex 11.2794 10.05 9
    endloop
  endfacet
  facet normal -0.793414 0.608682 0
    outer loop
      vertex 11.2794 10.05 17
      vertex 11.1364 9.8636 9
      vertex 11.1364 9.8636 17
    endloop
  endfacet
  facet normal -0.991424 0.130686 0
    outer loop
      vertex 11.3693 10.2671 9
      vertex 11.4 10.5 17
      vertex 11.4 10.5 9
    endloop
  endfacet
  facet normal -0.991424 0.130686 0
    outer loop
      vertex 11.4 10.5 17
      vertex 11.3693 10.2671 9
      vertex 11.3693 10.2671 17
    endloop
  endfacet
  facet normal -0.923918 -0.38259 0
    outer loop
      vertex 11.3693 10.7329 9
      vertex 11.2794 10.95 17
      vertex 11.2794 10.95 9
    endloop
  endfacet
  facet normal -0.923918 -0.38259 0
    outer loop
      vertex 11.2794 10.95 17
      vertex 11.3693 10.7329 9
      vertex 11.3693 10.7329 17
    endloop
  endfacet
  facet normal 0.13056 0.99144 -0
    outer loop
      vertex 10.5 9.6 9
      vertex 10.2671 9.63067 17
      vertex 10.5 9.6 17
    endloop
  endfacet
  facet normal 0.13056 0.99144 0
    outer loop
      vertex 10.2671 9.63067 17
      vertex 10.5 9.6 9
      vertex 10.2671 9.63067 9
    endloop
  endfacet
  facet normal 0.130686 -0.991424 0
    outer loop
      vertex 10.2671 11.3693 9
      vertex 10.5 11.4 17
      vertex 10.2671 11.3693 17
    endloop
  endfacet
  facet normal 0.130686 -0.991424 0
    outer loop
      vertex 10.5 11.4 17
      vertex 10.2671 11.3693 9
      vertex 10.5 11.4 9
    endloop
  endfacet
  facet normal 0.608682 -0.793414 0
    outer loop
      vertex 9.8636 11.1364 9
      vertex 10.05 11.2794 17
      vertex 9.8636 11.1364 17
    endloop
  endfacet
  facet normal 0.608682 -0.793414 0
    outer loop
      vertex 10.05 11.2794 17
      vertex 9.8636 11.1364 9
      vertex 10.05 11.2794 9
    endloop
  endfacet
  facet normal -0.38259 -0.923918 0
    outer loop
      vertex 10.7329 11.3693 9
      vertex 10.95 11.2794 17
      vertex 10.7329 11.3693 17
    endloop
  endfacet
  facet normal -0.38259 -0.923918 -0
    outer loop
      vertex 10.95 11.2794 17
      vertex 10.7329 11.3693 9
      vertex 10.95 11.2794 9
    endloop
  endfacet
  facet normal 0.38259 -0.923918 0
    outer loop
      vertex 10.05 11.2794 9
      vertex 10.2671 11.3693 17
      vertex 10.05 11.2794 17
    endloop
  endfacet
  facet normal 0.38259 -0.923918 0
    outer loop
      vertex 10.2671 11.3693 17
      vertex 10.05 11.2794 9
      vertex 10.2671 11.3693 9
    endloop
  endfacet
  facet normal -0.923918 0.38259 0
    outer loop
      vertex 11.2794 10.05 9
      vertex 11.3693 10.2671 17
      vertex 11.3693 10.2671 9
    endloop
  endfacet
  facet normal -0.923918 0.38259 0
    outer loop
      vertex 11.3693 10.2671 17
      vertex 11.2794 10.05 9
      vertex 11.2794 10.05 17
    endloop
  endfacet
  facet normal -0.13056 0.99144 0
    outer loop
      vertex 10.7329 9.63067 9
      vertex 10.5 9.6 17
      vertex 10.7329 9.63067 17
    endloop
  endfacet
  facet normal -0.13056 0.99144 0
    outer loop
      vertex 10.5 9.6 17
      vertex 10.7329 9.63067 9
      vertex 10.5 9.6 9
    endloop
  endfacet
  facet normal 0.923903 0.382626 0
    outer loop
      vertex 9.72058 10.05 17
      vertex 9.63067 10.2671 9
      vertex 9.63067 10.2671 17
    endloop
  endfacet
  facet normal 0.923903 0.382626 0
    outer loop
      vertex 9.63067 10.2671 9
      vertex 9.72058 10.05 17
      vertex 9.72058 10.05 9
    endloop
  endfacet
  facet normal -0.130686 -0.991424 0
    outer loop
      vertex 10.5 11.4 9
      vertex 10.7329 11.3693 17
      vertex 10.5 11.4 17
    endloop
  endfacet
  facet normal -0.130686 -0.991424 -0
    outer loop
      vertex 10.7329 11.3693 17
      vertex 10.5 11.4 9
      vertex 10.7329 11.3693 9
    endloop
  endfacet
  facet normal -0.793414 -0.608682 0
    outer loop
      vertex 11.2794 10.95 9
      vertex 11.1364 11.1364 17
      vertex 11.1364 11.1364 9
    endloop
  endfacet
  facet normal -0.793414 -0.608682 0
    outer loop
      vertex 11.1364 11.1364 17
      vertex 11.2794 10.95 9
      vertex 11.2794 10.95 17
    endloop
  endfacet
  facet normal 0.793373 0.608735 0
    outer loop
      vertex 9.8636 9.8636 17
      vertex 9.72058 10.05 9
      vertex 9.72058 10.05 17
    endloop
  endfacet
  facet normal 0.793373 0.608735 0
    outer loop
      vertex 9.72058 10.05 9
      vertex 9.8636 9.8636 17
      vertex 9.8636 9.8636 9
    endloop
  endfacet
  facet normal 0.608735 0.793373 -0
    outer loop
      vertex 10.05 9.72058 9
      vertex 9.8636 9.8636 17
      vertex 10.05 9.72058 17
    endloop
  endfacet
  facet normal 0.608735 0.793373 0
    outer loop
      vertex 9.8636 9.8636 17
      vertex 10.05 9.72058 9
      vertex 9.8636 9.8636 9
    endloop
  endfacet
  facet normal 0.99144 -0.13056 0
    outer loop
      vertex 9.6 10.5 17
      vertex 9.63067 10.7329 9
      vertex 9.63067 10.7329 17
    endloop
  endfacet
  facet normal 0.99144 -0.13056 0
    outer loop
      vertex 9.63067 10.7329 9
      vertex 9.6 10.5 17
      vertex 9.6 10.5 9
    endloop
  endfacet
  facet normal -0.608735 0.793373 0
    outer loop
      vertex 23.6364 9.8636 9
      vertex 23.45 9.72058 17
      vertex 23.6364 9.8636 17
    endloop
  endfacet
  facet normal -0.608735 0.793373 0
    outer loop
      vertex 23.45 9.72058 17
      vertex 23.6364 9.8636 9
      vertex 23.45 9.72058 9
    endloop
  endfacet
  facet normal 0.793414 -0.608682 0
    outer loop
      vertex 22.2206 10.95 17
      vertex 22.3636 11.1364 9
      vertex 22.3636 11.1364 17
    endloop
  endfacet
  facet normal 0.793414 -0.608682 0
    outer loop
      vertex 22.3636 11.1364 9
      vertex 22.2206 10.95 17
      vertex 22.2206 10.95 9
    endloop
  endfacet
  facet normal 0.382626 0.923903 -0
    outer loop
      vertex 22.7671 9.63067 9
      vertex 22.55 9.72058 17
      vertex 22.7671 9.63067 17
    endloop
  endfacet
  facet normal 0.382626 0.923903 0
    outer loop
      vertex 22.55 9.72058 17
      vertex 22.7671 9.63067 9
      vertex 22.55 9.72058 9
    endloop
  endfacet
  facet normal 0.991424 0.130686 0
    outer loop
      vertex 22.1307 10.2671 17
      vertex 22.1 10.5 9
      vertex 22.1 10.5 17
    endloop
  endfacet
  facet normal 0.991424 0.130686 0
    outer loop
      vertex 22.1 10.5 9
      vertex 22.1307 10.2671 17
      vertex 22.1307 10.2671 9
    endloop
  endfacet
  facet normal -0.382626 0.923903 0
    outer loop
      vertex 23.45 9.72058 9
      vertex 23.2329 9.63067 17
      vertex 23.45 9.72058 17
    endloop
  endfacet
  facet normal -0.382626 0.923903 0
    outer loop
      vertex 23.2329 9.63067 17
      vertex 23.45 9.72058 9
      vertex 23.2329 9.63067 9
    endloop
  endfacet
  facet normal 0.923918 -0.38259 0
    outer loop
      vertex 22.1307 10.7329 17
      vertex 22.2206 10.95 9
      vertex 22.2206 10.95 17
    endloop
  endfacet
  facet normal 0.923918 -0.38259 0
    outer loop
      vertex 22.2206 10.95 9
      vertex 22.1307 10.7329 17
      vertex 22.1307 10.7329 9
    endloop
  endfacet
  facet normal 0 0 1
    outer loop
      vertex 23.8693 10.7329 9
      vertex 23.8693 10.2671 9
      vertex 23.9 10.5 9
    endloop
  endfacet
  facet normal 0 0 1
    outer loop
      vertex 23.7794 10.95 9
      vertex 23.8693 10.2671 9
      vertex 23.8693 10.7329 9
    endloop
  endfacet
  facet normal 0 0 1
    outer loop
      vertex 23.7794 10.95 9
      vertex 23.7794 10.05 9
      vertex 23.8693 10.2671 9
    endloop
  endfacet
  facet normal 0 0 1
    outer loop
      vertex 23.6364 11.1364 9
      vertex 23.7794 10.05 9
      vertex 23.7794 10.95 9
    endloop
  endfacet
  facet normal 0 0 1
    outer loop
      vertex 23.6364 11.1364 9
      vertex 23.6364 9.8636 9
      vertex 23.7794 10.05 9
    endloop
  endfacet
  facet normal 0 0 1
    outer loop
      vertex 23.45 11.2794 9
      vertex 23.6364 9.8636 9
      vertex 23.6364 11.1364 9
    endloop
  endfacet
  facet normal 0 0 1
    outer loop
      vertex 23.45 11.2794 9
      vertex 23.45 9.72058 9
      vertex 23.6364 9.8636 9
    endloop
  endfacet
  facet normal 0 0 1
    outer loop
      vertex 23.2329 11.3693 9
      vertex 23.45 9.72058 9
      vertex 23.45 11.2794 9
    endloop
  endfacet
  facet normal 0 0 1
    outer loop
      vertex 23.2329 11.3693 9
      vertex 23.2329 9.63067 9
      vertex 23.45 9.72058 9
    endloop
  endfacet
  facet normal 0 0 1
    outer loop
      vertex 23 11.4 9
      vertex 23.2329 9.63067 9
      vertex 23.2329 11.3693 9
    endloop
  endfacet
  facet normal 0 0 1
    outer loop
      vertex 23 11.4 9
      vertex 23 9.6 9
      vertex 23.2329 9.63067 9
    endloop
  endfacet
  facet normal -0 0 1
    outer loop
      vertex 22.7671 11.3693 9
      vertex 23 9.6 9
      vertex 23 11.4 9
    endloop
  endfacet
  facet normal 0 0 1
    outer loop
      vertex 22.7671 11.3693 9
      vertex 22.7671 9.63067 9
      vertex 23 9.6 9
    endloop
  endfacet
  facet normal -0 0 1
    outer loop
      vertex 22.55 11.2794 9
      vertex 22.7671 9.63067 9
      vertex 22.7671 11.3693 9
    endloop
  endfacet
  facet normal 0 0 1
    outer loop
      vertex 22.55 11.2794 9
      vertex 22.55 9.72058 9
      vertex 22.7671 9.63067 9
    endloop
  endfacet
  facet normal -0 0 1
    outer loop
      vertex 22.3636 11.1364 9
      vertex 22.55 9.72058 9
      vertex 22.55 11.2794 9
    endloop
  endfacet
  facet normal 0 0 1
    outer loop
      vertex 22.3636 11.1364 9
      vertex 22.3636 9.8636 9
      vertex 22.55 9.72058 9
    endloop
  endfacet
  facet normal -0 0 1
    outer loop
      vertex 22.2206 10.95 9
      vertex 22.3636 9.8636 9
      vertex 22.3636 11.1364 9
    endloop
  endfacet
  facet normal 0 0 1
    outer loop
      vertex 22.2206 10.95 9
      vertex 22.2206 10.05 9
      vertex 22.3636 9.8636 9
    endloop
  endfacet
  facet normal -0 0 1
    outer loop
      vertex 22.1307 10.7329 9
      vertex 22.2206 10.05 9
      vertex 22.2206 10.95 9
    endloop
  endfacet
  facet normal 0 0 1
    outer loop
      vertex 22.1307 10.7329 9
      vertex 22.1307 10.2671 9
      vertex 22.2206 10.05 9
    endloop
  endfacet
  facet normal 0 -0 1
    outer loop
      vertex 22.1307 10.2671 9
      vertex 22.1307 10.7329 9
      vertex 22.1 10.5 9
    endloop
  endfacet
  facet normal -0.991424 -0.130686 0
    outer loop
      vertex 23.9 10.5 9
      vertex 23.8693 10.7329 17
      vertex 23.8693 10.7329 9
    endloop
  endfacet
  facet normal -0.991424 -0.130686 0
    outer loop
      vertex 23.8693 10.7329 17
      vertex 23.9 10.5 9
      vertex 23.9 10.5 17
    endloop
  endfacet
  facet normal -0.608682 -0.793414 0
    outer loop
      vertex 23.45 11.2794 9
      vertex 23.6364 11.1364 17
      vertex 23.45 11.2794 17
    endloop
  endfacet
  facet normal -0.608682 -0.793414 -0
    outer loop
      vertex 23.6364 11.1364 17
      vertex 23.45 11.2794 9
      vertex 23.6364 11.1364 9
    endloop
  endfacet
  facet normal -0.793414 0.608682 0
    outer loop
      vertex 23.6364 9.8636 9
      vertex 23.7794 10.05 17
      vertex 23.7794 10.05 9
    endloop
  endfacet
  facet normal -0.793414 0.608682 0
    outer loop
      vertex 23.7794 10.05 17
      vertex 23.6364 9.8636 9
      vertex 23.6364 9.8636 17
    endloop
  endfacet
  facet normal -0.991424 0.130686 0
    outer loop
      vertex 23.8693 10.2671 9
      vertex 23.9 10.5 17
      vertex 23.9 10.5 9
    endloop
  endfacet
  facet normal -0.991424 0.130686 0
    outer loop
      vertex 23.9 10.5 17
      vertex 23.8693 10.2671 9
      vertex 23.8693 10.2671 17
    endloop
  endfacet
  facet normal -0.923918 -0.38259 0
    outer loop
      vertex 23.8693 10.7329 9
      vertex 23.7794 10.95 17
      vertex 23.7794 10.95 9
    endloop
  endfacet
  facet normal -0.923918 -0.38259 0
    outer loop
      vertex 23.7794 10.95 17
      vertex 23.8693 10.7329 9
      vertex 23.8693 10.7329 17
    endloop
  endfacet
  facet normal 0.13056 0.99144 -0
    outer loop
      vertex 23 9.6 9
      vertex 22.7671 9.63067 17
      vertex 23 9.6 17
    endloop
  endfacet
  facet normal 0.13056 0.99144 0
    outer loop
      vertex 22.7671 9.63067 17
      vertex 23 9.6 9
      vertex 22.7671 9.63067 9
    endloop
  endfacet
  facet normal 0.130686 -0.991424 0
    outer loop
      vertex 22.7671 11.3693 9
      vertex 23 11.4 17
      vertex 22.7671 11.3693 17
    endloop
  endfacet
  facet normal 0.130686 -0.991424 0
    outer loop
      vertex 23 11.4 17
      vertex 22.7671 11.3693 9
      vertex 23 11.4 9
    endloop
  endfacet
  facet normal 0.608682 -0.793414 0
    outer loop
      vertex 22.3636 11.1364 9
      vertex 22.55 11.2794 17
      vertex 22.3636 11.1364 17
    endloop
  endfacet
  facet normal 0.608682 -0.793414 0
    outer loop
      vertex 22.55 11.2794 17
      vertex 22.3636 11.1364 9
      vertex 22.55 11.2794 9
    endloop
  endfacet
  facet normal -0.38259 -0.923918 0
    outer loop
      vertex 23.2329 11.3693 9
      vertex 23.45 11.2794 17
      vertex 23.2329 11.3693 17
    endloop
  endfacet
  facet normal -0.38259 -0.923918 -0
    outer loop
      vertex 23.45 11.2794 17
      vertex 23.2329 11.3693 9
      vertex 23.45 11.2794 9
    endloop
  endfacet
  facet normal 0.38259 -0.923918 0
    outer loop
      vertex 22.55 11.2794 9
      vertex 22.7671 11.3693 17
      vertex 22.55 11.2794 17
    endloop
  endfacet
  facet normal 0.38259 -0.923918 0
    outer loop
      vertex 22.7671 11.3693 17
      vertex 22.55 11.2794 9
      vertex 22.7671 11.3693 9
    endloop
  endfacet
  facet normal -0.923918 0.38259 0
    outer loop
      vertex 23.7794 10.05 9
      vertex 23.8693 10.2671 17
      vertex 23.8693 10.2671 9
    endloop
  endfacet
  facet normal -0.923918 0.38259 0
    outer loop
      vertex 23.8693 10.2671 17
      vertex 23.7794 10.05 9
      vertex 23.7794 10.05 17
    endloop
  endfacet
  facet normal -0.13056 0.99144 0
    outer loop
      vertex 23.2329 9.63067 9
      vertex 23 9.6 17
      vertex 23.2329 9.63067 17
    endloop
  endfacet
  facet normal -0.13056 0.99144 0
    outer loop
      vertex 23 9.6 17
      vertex 23.2329 9.63067 9
      vertex 23 9.6 9
    endloop
  endfacet
  facet normal 0.923918 0.38259 0
    outer loop
      vertex 22.2206 10.05 17
      vertex 22.1307 10.2671 9
      vertex 22.1307 10.2671 17
    endloop
  endfacet
  facet normal 0.923918 0.38259 0
    outer loop
      vertex 22.1307 10.2671 9
      vertex 22.2206 10.05 17
      vertex 22.2206 10.05 9
    endloop
  endfacet
  facet normal -0.130686 -0.991424 0
    outer loop
      vertex 23 11.4 9
      vertex 23.2329 11.3693 17
      vertex 23 11.4 17
    endloop
  endfacet
  facet normal -0.130686 -0.991424 -0
    outer loop
      vertex 23.2329 11.3693 17
      vertex 23 11.4 9
      vertex 23.2329 11.3693 9
    endloop
  endfacet
  facet normal -0.793414 -0.608682 0
    outer loop
      vertex 23.7794 10.95 9
      vertex 23.6364 11.1364 17
      vertex 23.6364 11.1364 9
    endloop
  endfacet
  facet normal -0.793414 -0.608682 0
    outer loop
      vertex 23.6364 11.1364 17
      vertex 23.7794 10.95 9
      vertex 23.7794 10.95 17
    endloop
  endfacet
  facet normal 0.793414 0.608682 0
    outer loop
      vertex 22.3636 9.8636 17
      vertex 22.2206 10.05 9
      vertex 22.2206 10.05 17
    endloop
  endfacet
  facet normal 0.793414 0.608682 0
    outer loop
      vertex 22.2206 10.05 9
      vertex 22.3636 9.8636 17
      vertex 22.3636 9.8636 9
    endloop
  endfacet
  facet normal 0.608735 0.793373 -0
    outer loop
      vertex 22.55 9.72058 9
      vertex 22.3636 9.8636 17
      vertex 22.55 9.72058 17
    endloop
  endfacet
  facet normal 0.608735 0.793373 0
    outer loop
      vertex 22.3636 9.8636 17
      vertex 22.55 9.72058 9
      vertex 22.3636 9.8636 9
    endloop
  endfacet
  facet normal 0.991424 -0.130686 0
    outer loop
      vertex 22.1 10.5 17
      vertex 22.1307 10.7329 9
      vertex 22.1307 10.7329 17
    endloop
  endfacet
  facet normal 0.991424 -0.130686 0
    outer loop
      vertex 22.1307 10.7329 9
      vertex 22.1 10.5 17
      vertex 22.1 10.5 9
    endloop
  endfacet
  facet normal 0.886954 -0 0.461858
    outer loop
      vertex 19.5265 -47.3 4.42947
      vertex 19.5809 -39.5 4.325
      vertex 19.5265 -39.5 4.42947
    endloop
  endfacet
  facet normal 0.886954 0 0.461858
    outer loop
      vertex 19.5809 -39.5 4.325
      vertex 19.5265 -47.3 4.42947
      vertex 19.5809 -47.3 4.325
    endloop
  endfacet
  facet normal 0.130578 0 -0.991438
    outer loop
      vertex 20.5156 -47.3 6.32949
      vertex 20.6323 -39.5 6.34486
      vertex 20.6323 -47.3 6.34486
    endloop
  endfacet
  facet normal 0.130578 0 -0.991438
    outer loop
      vertex 20.6323 -39.5 6.34486
      vertex 20.5156 -47.3 6.32949
      vertex 20.5156 -39.5 6.32949
    endloop
  endfacet
  facet normal 0.0436288 0 -0.999048
    outer loop
      vertex 20.6323 -47.3 6.34486
      vertex 20.75 -39.5 6.35
      vertex 20.75 -47.3 6.35
    endloop
  endfacet
  facet normal 0.0436288 0 -0.999048
    outer loop
      vertex 20.75 -39.5 6.35
      vertex 20.6323 -47.3 6.34486
      vertex 20.6323 -39.5 6.34486
    endloop
  endfacet
  facet normal 0.2164 0 -0.976305
    outer loop
      vertex 20.4006 -47.3 6.304
      vertex 20.5156 -39.5 6.32949
      vertex 20.5156 -47.3 6.32949
    endloop
  endfacet
  facet normal 0.2164 0 -0.976305
    outer loop
      vertex 20.5156 -39.5 6.32949
      vertex 20.4006 -47.3 6.304
      vertex 20.4006 -39.5 6.304
    endloop
  endfacet
  facet normal -0.886954 0 0.461858
    outer loop
      vertex 21.9191 -47.3 4.325
      vertex 21.9735 -39.5 4.42947
      vertex 21.9191 -39.5 4.325
    endloop
  endfacet
  facet normal -0.886954 0 0.461858
    outer loop
      vertex 21.9735 -39.5 4.42947
      vertex 21.9191 -47.3 4.325
      vertex 21.9735 -47.3 4.42947
    endloop
  endfacet
  facet normal 0.8437 0 -0.536815
    outer loop
      vertex 19.6441 -47.3 5.77433
      vertex 19.5809 -39.5 5.675
      vertex 19.6441 -39.5 5.77433
    endloop
  endfacet
  facet normal 0.8437 0 -0.536815
    outer loop
      vertex 19.5809 -39.5 5.675
      vertex 19.6441 -47.3 5.77433
      vertex 19.5809 -47.3 5.675
    endloop
  endfacet
  facet normal -0.2164 0 0.976305
    outer loop
      vertex 20.9844 -39.5 3.67051
      vertex 21.0994 -47.3 3.696
      vertex 21.0994 -39.5 3.696
    endloop
  endfacet
  facet normal -0.2164 0 0.976305
    outer loop
      vertex 21.0994 -47.3 3.696
      vertex 20.9844 -39.5 3.67051
      vertex 20.9844 -47.3 3.67051
    endloop
  endfacet
  facet normal -0.737129 0 0.675752
    outer loop
      vertex 21.7046 -47.3 4.04541
      vertex 21.7842 -39.5 4.13224
      vertex 21.7046 -39.5 4.04541
    endloop
  endfacet
  facet normal -0.737129 0 0.675752
    outer loop
      vertex 21.7842 -39.5 4.13224
      vertex 21.7046 -47.3 4.04541
      vertex 21.7842 -47.3 4.13224
    endloop
  endfacet
  facet normal 0.2164 0 0.976305
    outer loop
      vertex 20.4006 -39.5 3.696
      vertex 20.5156 -47.3 3.67051
      vertex 20.5156 -39.5 3.67051
    endloop
  endfacet
  facet normal 0.2164 0 0.976305
    outer loop
      vertex 20.5156 -47.3 3.67051
      vertex 20.4006 -39.5 3.696
      vertex 20.4006 -47.3 3.696
    endloop
  endfacet
  facet normal -0.999062 0 0.0433046
    outer loop
      vertex 22.0949 -47.3 4.88234
      vertex 22.1 -39.5 5
      vertex 22.0949 -39.5 4.88234
    endloop
  endfacet
  facet normal -0.999062 0 0.0433046
    outer loop
      vertex 22.1 -39.5 5
      vertex 22.0949 -47.3 4.88234
      vertex 22.1 -47.3 5
    endloop
  endfacet
  facet normal 0.737168 0 -0.675709
    outer loop
      vertex 19.7954 -47.3 5.9546
      vertex 19.7158 -39.5 5.86776
      vertex 19.7954 -39.5 5.9546
    endloop
  endfacet
  facet normal 0.737168 0 -0.675709
    outer loop
      vertex 19.7158 -39.5 5.86776
      vertex 19.7954 -47.3 5.9546
      vertex 19.7158 -47.3 5.86776
    endloop
  endfacet
  facet normal 0.793318 -0 0.608808
    outer loop
      vertex 19.6441 -47.3 4.22567
      vertex 19.7158 -39.5 4.13224
      vertex 19.6441 -39.5 4.22567
    endloop
  endfacet
  facet normal 0.793318 0 0.608808
    outer loop
      vertex 19.7158 -39.5 4.13224
      vertex 19.6441 -47.3 4.22567
      vertex 19.7158 -47.3 4.13224
    endloop
  endfacet
  facet normal 0.67574 0 0.73714
    outer loop
      vertex 19.7954 -39.5 4.04541
      vertex 19.8822 -47.3 3.96584
      vertex 19.8822 -39.5 3.96584
    endloop
  endfacet
  facet normal 0.67574 0 0.73714
    outer loop
      vertex 19.8822 -47.3 3.96584
      vertex 19.7954 -39.5 4.04541
      vertex 19.7954 -47.3 4.04541
    endloop
  endfacet
  facet normal 0.737129 -0 0.675752
    outer loop
      vertex 19.7158 -47.3 4.13224
      vertex 19.7954 -39.5 4.04541
      vertex 19.7158 -39.5 4.13224
    endloop
  endfacet
  facet normal 0.737129 0 0.675752
    outer loop
      vertex 19.7954 -39.5 4.04541
      vertex 19.7158 -47.3 4.13224
      vertex 19.7954 -47.3 4.04541
    endloop
  endfacet
  facet normal 0.923779 -0 0.382927
    outer loop
      vertex 19.4814 -47.3 4.53827
      vertex 19.5265 -39.5 4.42947
      vertex 19.4814 -39.5 4.53827
    endloop
  endfacet
  facet normal 0.923779 0 0.382927
    outer loop
      vertex 19.5265 -39.5 4.42947
      vertex 19.4814 -47.3 4.53827
      vertex 19.5265 -47.3 4.42947
    endloop
  endfacet
  facet normal 0.608467 0 0.793579
    outer loop
      vertex 19.8822 -39.5 3.96584
      vertex 19.9757 -47.3 3.89415
      vertex 19.9757 -39.5 3.89415
    endloop
  endfacet
  facet normal 0.608467 0 0.793579
    outer loop
      vertex 19.9757 -47.3 3.89415
      vertex 19.8822 -39.5 3.96584
      vertex 19.8822 -47.3 3.96584
    endloop
  endfacet
  facet normal 0.976279 -0 0.216517
    outer loop
      vertex 19.4205 -47.3 4.76558
      vertex 19.446 -39.5 4.6506
      vertex 19.4205 -39.5 4.76558
    endloop
  endfacet
  facet normal 0.976279 0 0.216517
    outer loop
      vertex 19.446 -39.5 4.6506
      vertex 19.4205 -47.3 4.76558
      vertex 19.446 -47.3 4.6506
    endloop
  endfacet
  facet normal 0.95376 -0 0.300571
    outer loop
      vertex 19.446 -47.3 4.6506
      vertex 19.4814 -39.5 4.53827
      vertex 19.446 -39.5 4.6506
    endloop
  endfacet
  facet normal 0.95376 0 0.300571
    outer loop
      vertex 19.4814 -39.5 4.53827
      vertex 19.446 -47.3 4.6506
      vertex 19.4814 -47.3 4.53827
    endloop
  endfacet
  facet normal -0.300798 0 0.953688
    outer loop
      vertex 21.0994 -39.5 3.696
      vertex 21.2117 -47.3 3.73142
      vertex 21.2117 -39.5 3.73142
    endloop
  endfacet
  facet normal -0.300798 0 0.953688
    outer loop
      vertex 21.2117 -47.3 3.73142
      vertex 21.0994 -39.5 3.696
      vertex 21.0994 -47.3 3.696
    endloop
  endfacet
  facet normal -0.991415 0 -0.130751
    outer loop
      vertex 22.0949 -47.3 5.11766
      vertex 22.0795 -39.5 5.23443
      vertex 22.0949 -39.5 5.11766
    endloop
  endfacet
  facet normal -0.991415 -0 -0.130751
    outer loop
      vertex 22.0795 -39.5 5.23443
      vertex 22.0949 -47.3 5.11766
      vertex 22.0795 -47.3 5.23443
    endloop
  endfacet
  facet normal -0.2164 0 -0.976305
    outer loop
      vertex 20.9844 -47.3 6.32949
      vertex 21.0994 -39.5 6.304
      vertex 21.0994 -47.3 6.304
    endloop
  endfacet
  facet normal -0.2164 0 -0.976305
    outer loop
      vertex 21.0994 -39.5 6.304
      vertex 20.9844 -47.3 6.32949
      vertex 20.9844 -39.5 6.32949
    endloop
  endfacet
  facet normal -0.537354 0 -0.843357
    outer loop
      vertex 21.425 -47.3 6.16913
      vertex 21.5243 -39.5 6.10586
      vertex 21.5243 -47.3 6.10586
    endloop
  endfacet
  facet normal -0.537354 0 -0.843357
    outer loop
      vertex 21.5243 -39.5 6.10586
      vertex 21.425 -47.3 6.16913
      vertex 21.425 -39.5 6.16913
    endloop
  endfacet
  facet normal -0.608521 0 -0.793538
    outer loop
      vertex 21.5243 -47.3 6.10586
      vertex 21.6178 -39.5 6.03416
      vertex 21.6178 -47.3 6.03416
    endloop
  endfacet
  facet normal -0.608521 0 -0.793538
    outer loop
      vertex 21.6178 -39.5 6.03416
      vertex 21.5243 -47.3 6.10586
      vertex 21.5243 -39.5 6.10586
    endloop
  endfacet
  facet normal -0.953752 0 -0.300595
    outer loop
      vertex 22.054 -47.3 5.34941
      vertex 22.0186 -39.5 5.46173
      vertex 22.054 -39.5 5.34941
    endloop
  endfacet
  facet normal -0.953752 -0 -0.300595
    outer loop
      vertex 22.0186 -39.5 5.46173
      vertex 22.054 -47.3 5.34941
      vertex 22.0186 -47.3 5.46173
    endloop
  endfacet
  facet normal 0.675694 0 -0.737182
    outer loop
      vertex 19.7954 -47.3 5.9546
      vertex 19.8822 -39.5 6.03416
      vertex 19.8822 -47.3 6.03416
    endloop
  endfacet
  facet normal 0.675694 0 -0.737182
    outer loop
      vertex 19.8822 -39.5 6.03416
      vertex 19.7954 -47.3 5.9546
      vertex 19.7954 -39.5 5.9546
    endloop
  endfacet
  facet normal -0.67574 0 0.73714
    outer loop
      vertex 21.6178 -39.5 3.96584
      vertex 21.7046 -47.3 4.04541
      vertex 21.7046 -39.5 4.04541
    endloop
  endfacet
  facet normal -0.67574 0 0.73714
    outer loop
      vertex 21.7046 -47.3 4.04541
      vertex 21.6178 -39.5 3.96584
      vertex 21.6178 -47.3 3.96584
    endloop
  endfacet
  facet normal -0.130578 0 0.991438
    outer loop
      vertex 20.8677 -39.5 3.65514
      vertex 20.9844 -47.3 3.67051
      vertex 20.9844 -39.5 3.67051
    endloop
  endfacet
  facet normal -0.130578 0 0.991438
    outer loop
      vertex 20.9844 -47.3 3.67051
      vertex 20.8677 -39.5 3.65514
      vertex 20.8677 -47.3 3.65514
    endloop
  endfacet
  facet normal 0.300721 0 -0.953712
    outer loop
      vertex 20.2883 -47.3 6.26859
      vertex 20.4006 -39.5 6.304
      vertex 20.4006 -47.3 6.304
    endloop
  endfacet
  facet normal 0.300721 0 -0.953712
    outer loop
      vertex 20.4006 -39.5 6.304
      vertex 20.2883 -47.3 6.26859
      vertex 20.2883 -39.5 6.26859
    endloop
  endfacet
  facet normal 0.461687 0 -0.887043
    outer loop
      vertex 20.075 -47.3 6.16913
      vertex 20.1795 -39.5 6.22352
      vertex 20.1795 -47.3 6.22352
    endloop
  endfacet
  facet normal 0.461687 0 -0.887043
    outer loop
      vertex 20.1795 -39.5 6.22352
      vertex 20.075 -47.3 6.16913
      vertex 20.075 -39.5 6.16913
    endloop
  endfacet
  facet normal 0.537354 0 -0.843357
    outer loop
      vertex 19.9757 -47.3 6.10586
      vertex 20.075 -39.5 6.16913
      vertex 20.075 -47.3 6.16913
    endloop
  endfacet
  facet normal 0.537354 0 -0.843357
    outer loop
      vertex 20.075 -39.5 6.16913
      vertex 19.9757 -47.3 6.10586
      vertex 19.9757 -39.5 6.10586
    endloop
  endfacet
  facet normal -0.976279 0 0.216517
    outer loop
      vertex 22.054 -47.3 4.6506
      vertex 22.0795 -39.5 4.76558
      vertex 22.054 -39.5 4.6506
    endloop
  endfacet
  facet normal -0.976279 0 0.216517
    outer loop
      vertex 22.0795 -39.5 4.76558
      vertex 22.054 -47.3 4.6506
      vertex 22.0795 -47.3 4.76558
    endloop
  endfacet
  facet normal -0.95376 0 0.300571
    outer loop
      vertex 22.0186 -47.3 4.53827
      vertex 22.054 -39.5 4.6506
      vertex 22.0186 -39.5 4.53827
    endloop
  endfacet
  facet normal -0.95376 0 0.300571
    outer loop
      vertex 22.054 -39.5 4.6506
      vertex 22.0186 -47.3 4.53827
      vertex 22.054 -47.3 4.6506
    endloop
  endfacet
  facet normal -0.923791 0 -0.382897
    outer loop
      vertex 22.0186 -47.3 5.46173
      vertex 21.9735 -39.5 5.57054
      vertex 22.0186 -39.5 5.46173
    endloop
  endfacet
  facet normal -0.923791 -0 -0.382897
    outer loop
      vertex 21.9735 -39.5 5.57054
      vertex 22.0186 -47.3 5.46173
      vertex 21.9735 -47.3 5.57054
    endloop
  endfacet
  facet normal -0.675694 0 -0.737182
    outer loop
      vertex 21.6178 -47.3 6.03416
      vertex 21.7046 -39.5 5.9546
      vertex 21.7046 -47.3 5.9546
    endloop
  endfacet
  facet normal -0.675694 0 -0.737182
    outer loop
      vertex 21.7046 -39.5 5.9546
      vertex 21.6178 -47.3 6.03416
      vertex 21.6178 -39.5 6.03416
    endloop
  endfacet
  facet normal -0.382637 0 0.923899
    outer loop
      vertex 21.2117 -39.5 3.73142
      vertex 21.3205 -47.3 3.77648
      vertex 21.3205 -39.5 3.77648
    endloop
  endfacet
  facet normal -0.382637 0 0.923899
    outer loop
      vertex 21.3205 -47.3 3.77648
      vertex 21.2117 -39.5 3.73142
      vertex 21.2117 -47.3 3.73142
    endloop
  endfacet
  facet normal -0.886936 0 -0.461893
    outer loop
      vertex 21.9735 -47.3 5.57054
      vertex 21.9191 -39.5 5.675
      vertex 21.9735 -39.5 5.57054
    endloop
  endfacet
  facet normal -0.886936 -0 -0.461893
    outer loop
      vertex 21.9191 -39.5 5.675
      vertex 21.9735 -47.3 5.57054
      vertex 21.9191 -47.3 5.675
    endloop
  endfacet
  facet normal 0.999062 -0 0.0433046
    outer loop
      vertex 19.4 -47.3 5
      vertex 19.4051 -39.5 4.88234
      vertex 19.4 -39.5 5
    endloop
  endfacet
  facet normal 0.999062 0 0.0433046
    outer loop
      vertex 19.4051 -39.5 4.88234
      vertex 19.4 -47.3 5
      vertex 19.4051 -47.3 4.88234
    endloop
  endfacet
  facet normal 0.886936 0 -0.461893
    outer loop
      vertex 19.5809 -47.3 5.675
      vertex 19.5265 -39.5 5.57054
      vertex 19.5809 -39.5 5.675
    endloop
  endfacet
  facet normal 0.886936 0 -0.461893
    outer loop
      vertex 19.5265 -39.5 5.57054
      vertex 19.5809 -47.3 5.675
      vertex 19.5265 -47.3 5.57054
    endloop
  endfacet
  facet normal -0.8437 0 -0.536815
    outer loop
      vertex 21.9191 -47.3 5.675
      vertex 21.8559 -39.5 5.77433
      vertex 21.9191 -39.5 5.675
    endloop
  endfacet
  facet normal -0.8437 -0 -0.536815
    outer loop
      vertex 21.8559 -39.5 5.77433
      vertex 21.9191 -47.3 5.675
      vertex 21.8559 -47.3 5.77433
    endloop
  endfacet
  facet normal 0.793318 0 -0.608808
    outer loop
      vertex 19.7158 -47.3 5.86776
      vertex 19.6441 -39.5 5.77433
      vertex 19.7158 -39.5 5.86776
    endloop
  endfacet
  facet normal 0.793318 0 -0.608808
    outer loop
      vertex 19.6441 -39.5 5.77433
      vertex 19.7158 -47.3 5.86776
      vertex 19.6441 -47.3 5.77433
    endloop
  endfacet
  facet normal -0.0436288 0 0.999048
    outer loop
      vertex 20.75 -39.5 3.65
      vertex 20.8677 -47.3 3.65514
      vertex 20.8677 -39.5 3.65514
    endloop
  endfacet
  facet normal -0.0436288 0 0.999048
    outer loop
      vertex 20.8677 -47.3 3.65514
      vertex 20.75 -39.5 3.65
      vertex 20.75 -47.3 3.65
    endloop
  endfacet
  facet normal -0.999062 0 -0.0433046
    outer loop
      vertex 22.1 -47.3 5
      vertex 22.0949 -39.5 5.11766
      vertex 22.1 -39.5 5
    endloop
  endfacet
  facet normal -0.999062 -0 -0.0433046
    outer loop
      vertex 22.0949 -39.5 5.11766
      vertex 22.1 -47.3 5
      vertex 22.0949 -47.3 5.11766
    endloop
  endfacet
  facet normal -0.300721 0 -0.953712
    outer loop
      vertex 21.0994 -47.3 6.304
      vertex 21.2117 -39.5 6.26859
      vertex 21.2117 -47.3 6.26859
    endloop
  endfacet
  facet normal -0.300721 0 -0.953712
    outer loop
      vertex 21.2117 -39.5 6.26859
      vertex 21.0994 -47.3 6.304
      vertex 21.0994 -39.5 6.304
    endloop
  endfacet
  facet normal -0.793318 0 0.608808
    outer loop
      vertex 21.7842 -47.3 4.13224
      vertex 21.8559 -39.5 4.22567
      vertex 21.7842 -39.5 4.13224
    endloop
  endfacet
  facet normal -0.793318 0 0.608808
    outer loop
      vertex 21.8559 -39.5 4.22567
      vertex 21.7842 -47.3 4.13224
      vertex 21.8559 -47.3 4.22567
    endloop
  endfacet
  facet normal 0.0436288 0 0.999048
    outer loop
      vertex 20.6323 -39.5 3.65514
      vertex 20.75 -47.3 3.65
      vertex 20.75 -39.5 3.65
    endloop
  endfacet
  facet normal 0.0436288 0 0.999048
    outer loop
      vertex 20.75 -47.3 3.65
      vertex 20.6323 -39.5 3.65514
      vertex 20.6323 -47.3 3.65514
    endloop
  endfacet
  facet normal -0.461687 0 -0.887043
    outer loop
      vertex 21.3205 -47.3 6.22352
      vertex 21.425 -39.5 6.16913
      vertex 21.425 -47.3 6.16913
    endloop
  endfacet
  facet normal -0.461687 0 -0.887043
    outer loop
      vertex 21.425 -39.5 6.16913
      vertex 21.3205 -47.3 6.22352
      vertex 21.3205 -39.5 6.22352
    endloop
  endfacet
  facet normal 0.8437 -0 0.536815
    outer loop
      vertex 19.5809 -47.3 4.325
      vertex 19.6441 -39.5 4.22567
      vertex 19.5809 -39.5 4.325
    endloop
  endfacet
  facet normal 0.8437 0 0.536815
    outer loop
      vertex 19.6441 -39.5 4.22567
      vertex 19.5809 -47.3 4.325
      vertex 19.6441 -47.3 4.22567
    endloop
  endfacet
  facet normal -0.793318 0 -0.608808
    outer loop
      vertex 21.8559 -47.3 5.77433
      vertex 21.7842 -39.5 5.86776
      vertex 21.8559 -39.5 5.77433
    endloop
  endfacet
  facet normal -0.793318 -0 -0.608808
    outer loop
      vertex 21.7842 -39.5 5.86776
      vertex 21.8559 -47.3 5.77433
      vertex 21.7842 -47.3 5.86776
    endloop
  endfacet
  facet normal 0.130578 0 0.991438
    outer loop
      vertex 20.5156 -39.5 3.67051
      vertex 20.6323 -47.3 3.65514
      vertex 20.6323 -39.5 3.65514
    endloop
  endfacet
  facet normal 0.130578 0 0.991438
    outer loop
      vertex 20.6323 -47.3 3.65514
      vertex 20.5156 -39.5 3.67051
      vertex 20.5156 -47.3 3.67051
    endloop
  endfacet
  facet normal 0.382709 0 -0.923869
    outer loop
      vertex 20.1795 -47.3 6.22352
      vertex 20.2883 -39.5 6.26859
      vertex 20.2883 -47.3 6.26859
    endloop
  endfacet
  facet normal 0.382709 0 -0.923869
    outer loop
      vertex 20.2883 -39.5 6.26859
      vertex 20.1795 -47.3 6.22352
      vertex 20.1795 -39.5 6.22352
    endloop
  endfacet
  facet normal 0.999062 0 -0.0433046
    outer loop
      vertex 19.4051 -47.3 5.11766
      vertex 19.4 -39.5 5
      vertex 19.4051 -39.5 5.11766
    endloop
  endfacet
  facet normal 0.999062 0 -0.0433046
    outer loop
      vertex 19.4 -39.5 5
      vertex 19.4051 -47.3 5.11766
      vertex 19.4 -47.3 5
    endloop
  endfacet
  facet normal -0.130578 0 -0.991438
    outer loop
      vertex 20.8677 -47.3 6.34486
      vertex 20.9844 -39.5 6.32949
      vertex 20.9844 -47.3 6.32949
    endloop
  endfacet
  facet normal -0.130578 0 -0.991438
    outer loop
      vertex 20.9844 -39.5 6.32949
      vertex 20.8677 -47.3 6.34486
      vertex 20.8677 -39.5 6.34486
    endloop
  endfacet
  facet normal 0.461687 0 0.887043
    outer loop
      vertex 20.075 -39.5 3.83087
      vertex 20.1795 -47.3 3.77648
      vertex 20.1795 -39.5 3.77648
    endloop
  endfacet
  facet normal 0.461687 0 0.887043
    outer loop
      vertex 20.1795 -47.3 3.77648
      vertex 20.075 -39.5 3.83087
      vertex 20.075 -47.3 3.83087
    endloop
  endfacet
  facet normal -0.608467 0 0.793579
    outer loop
      vertex 21.5243 -39.5 3.89415
      vertex 21.6178 -47.3 3.96584
      vertex 21.6178 -39.5 3.96584
    endloop
  endfacet
  facet normal -0.608467 0 0.793579
    outer loop
      vertex 21.6178 -47.3 3.96584
      vertex 21.5243 -39.5 3.89415
      vertex 21.5243 -47.3 3.89415
    endloop
  endfacet
  facet normal -0.461687 0 0.887043
    outer loop
      vertex 21.3205 -39.5 3.77648
      vertex 21.425 -47.3 3.83087
      vertex 21.425 -39.5 3.83087
    endloop
  endfacet
  facet normal -0.461687 0 0.887043
    outer loop
      vertex 21.425 -47.3 3.83087
      vertex 21.3205 -39.5 3.77648
      vertex 21.3205 -47.3 3.77648
    endloop
  endfacet
  facet normal 0 -1 0
    outer loop
      vertex 20.6323 -39.5 6.34486
      vertex 20.8677 -39.5 6.34486
      vertex 20.75 -39.5 6.35
    endloop
  endfacet
  facet normal 0 -1 0
    outer loop
      vertex 20.5156 -39.5 6.32949
      vertex 20.8677 -39.5 6.34486
      vertex 20.6323 -39.5 6.34486
    endloop
  endfacet
  facet normal 0 -1 0
    outer loop
      vertex 20.5156 -39.5 6.32949
      vertex 20.9844 -39.5 6.32949
      vertex 20.8677 -39.5 6.34486
    endloop
  endfacet
  facet normal 0 -1 0
    outer loop
      vertex 20.4006 -39.5 6.304
      vertex 20.9844 -39.5 6.32949
      vertex 20.5156 -39.5 6.32949
    endloop
  endfacet
  facet normal 0 -1 0
    outer loop
      vertex 20.4006 -39.5 6.304
      vertex 21.0994 -39.5 6.304
      vertex 20.9844 -39.5 6.32949
    endloop
  endfacet
  facet normal 0 -1 0
    outer loop
      vertex 20.2883 -39.5 6.26859
      vertex 21.0994 -39.5 6.304
      vertex 20.4006 -39.5 6.304
    endloop
  endfacet
  facet normal 0 -1 0
    outer loop
      vertex 20.2883 -39.5 6.26859
      vertex 21.2117 -39.5 6.26859
      vertex 21.0994 -39.5 6.304
    endloop
  endfacet
  facet normal 0 -1 0
    outer loop
      vertex 20.1795 -39.5 6.22352
      vertex 21.2117 -39.5 6.26859
      vertex 20.2883 -39.5 6.26859
    endloop
  endfacet
  facet normal 0 -1 0
    outer loop
      vertex 20.1795 -39.5 6.22352
      vertex 21.3205 -39.5 6.22352
      vertex 21.2117 -39.5 6.26859
    endloop
  endfacet
  facet normal 0 -1 0
    outer loop
      vertex 20.075 -39.5 6.16913
      vertex 21.3205 -39.5 6.22352
      vertex 20.1795 -39.5 6.22352
    endloop
  endfacet
  facet normal 0 -1 0
    outer loop
      vertex 20.075 -39.5 6.16913
      vertex 21.425 -39.5 6.16913
      vertex 21.3205 -39.5 6.22352
    endloop
  endfacet
  facet normal 0 -1 0
    outer loop
      vertex 19.9757 -39.5 6.10586
      vertex 21.425 -39.5 6.16913
      vertex 20.075 -39.5 6.16913
    endloop
  endfacet
  facet normal 0 -1 0
    outer loop
      vertex 19.9757 -39.5 6.10586
      vertex 21.5243 -39.5 6.10586
      vertex 21.425 -39.5 6.16913
    endloop
  endfacet
  facet normal 0 -1 0
    outer loop
      vertex 19.8822 -39.5 6.03416
      vertex 21.5243 -39.5 6.10586
      vertex 19.9757 -39.5 6.10586
    endloop
  endfacet
  facet normal 0 -1 0
    outer loop
      vertex 19.8822 -39.5 6.03416
      vertex 21.6178 -39.5 6.03416
      vertex 21.5243 -39.5 6.10586
    endloop
  endfacet
  facet normal 0 -1 0
    outer loop
      vertex 19.7954 -39.5 5.9546
      vertex 21.6178 -39.5 6.03416
      vertex 19.8822 -39.5 6.03416
    endloop
  endfacet
  facet normal 0 -1 0
    outer loop
      vertex 19.7954 -39.5 5.9546
      vertex 21.7046 -39.5 5.9546
      vertex 21.6178 -39.5 6.03416
    endloop
  endfacet
  facet normal 0 -1 0
    outer loop
      vertex 19.7158 -39.5 5.86776
      vertex 21.7046 -39.5 5.9546
      vertex 19.7954 -39.5 5.9546
    endloop
  endfacet
  facet normal 0 -1 0
    outer loop
      vertex 19.7158 -39.5 5.86776
      vertex 21.7842 -39.5 5.86776
      vertex 21.7046 -39.5 5.9546
    endloop
  endfacet
  facet normal 0 -1 0
    outer loop
      vertex 19.6441 -39.5 5.77433
      vertex 21.7842 -39.5 5.86776
      vertex 19.7158 -39.5 5.86776
    endloop
  endfacet
  facet normal 0 -1 0
    outer loop
      vertex 19.6441 -39.5 5.77433
      vertex 21.8559 -39.5 5.77433
      vertex 21.7842 -39.5 5.86776
    endloop
  endfacet
  facet normal 0 -1 0
    outer loop
      vertex 19.5809 -39.5 5.675
      vertex 21.8559 -39.5 5.77433
      vertex 19.6441 -39.5 5.77433
    endloop
  endfacet
  facet normal 0 -1 0
    outer loop
      vertex 19.5809 -39.5 5.675
      vertex 21.9191 -39.5 5.675
      vertex 21.8559 -39.5 5.77433
    endloop
  endfacet
  facet normal 0 -1 0
    outer loop
      vertex 19.5265 -39.5 5.57054
      vertex 21.9191 -39.5 5.675
      vertex 19.5809 -39.5 5.675
    endloop
  endfacet
  facet normal 0 -1 0
    outer loop
      vertex 19.5265 -39.5 5.57054
      vertex 21.9735 -39.5 5.57054
      vertex 21.9191 -39.5 5.675
    endloop
  endfacet
  facet normal 0 -1 0
    outer loop
      vertex 19.4814 -39.5 5.46173
      vertex 21.9735 -39.5 5.57054
      vertex 19.5265 -39.5 5.57054
    endloop
  endfacet
  facet normal 0 -1 0
    outer loop
      vertex 19.4814 -39.5 5.46173
      vertex 22.0186 -39.5 5.46173
      vertex 21.9735 -39.5 5.57054
    endloop
  endfacet
  facet normal 0 -1 0
    outer loop
      vertex 19.446 -39.5 5.34941
      vertex 22.0186 -39.5 5.46173
      vertex 19.4814 -39.5 5.46173
    endloop
  endfacet
  facet normal 0 -1 0
    outer loop
      vertex 19.446 -39.5 5.34941
      vertex 22.054 -39.5 5.34941
      vertex 22.0186 -39.5 5.46173
    endloop
  endfacet
  facet normal 0 -1 0
    outer loop
      vertex 19.4205 -39.5 5.23443
      vertex 22.054 -39.5 5.34941
      vertex 19.446 -39.5 5.34941
    endloop
  endfacet
  facet normal 0 -1 0
    outer loop
      vertex 19.4205 -39.5 5.23443
      vertex 22.0795 -39.5 5.23443
      vertex 22.054 -39.5 5.34941
    endloop
  endfacet
  facet normal 0 -1 0
    outer loop
      vertex 19.4051 -39.5 5.11766
      vertex 22.0795 -39.5 5.23443
      vertex 19.4205 -39.5 5.23443
    endloop
  endfacet
  facet normal 0 -1 0
    outer loop
      vertex 19.4051 -39.5 5.11766
      vertex 22.0949 -39.5 5.11766
      vertex 22.0795 -39.5 5.23443
    endloop
  endfacet
  facet normal 0 -1 0
    outer loop
      vertex 19.4 -39.5 5
      vertex 22.0949 -39.5 5.11766
      vertex 19.4051 -39.5 5.11766
    endloop
  endfacet
  facet normal 0 -1 0
    outer loop
      vertex 19.4 -39.5 5
      vertex 22.1 -39.5 5
      vertex 22.0949 -39.5 5.11766
    endloop
  endfacet
  facet normal 0 -1 0
    outer loop
      vertex 19.4051 -39.5 4.88234
      vertex 22.1 -39.5 5
      vertex 19.4 -39.5 5
    endloop
  endfacet
  facet normal 0 -1 0
    outer loop
      vertex 19.4051 -39.5 4.88234
      vertex 22.0949 -39.5 4.88234
      vertex 22.1 -39.5 5
    endloop
  endfacet
  facet normal 0 -1 0
    outer loop
      vertex 19.4205 -39.5 4.76558
      vertex 22.0949 -39.5 4.88234
      vertex 19.4051 -39.5 4.88234
    endloop
  endfacet
  facet normal 0 -1 0
    outer loop
      vertex 19.4205 -39.5 4.76558
      vertex 22.0795 -39.5 4.76558
      vertex 22.0949 -39.5 4.88234
    endloop
  endfacet
  facet normal 0 -1 0
    outer loop
      vertex 19.446 -39.5 4.6506
      vertex 22.0795 -39.5 4.76558
      vertex 19.4205 -39.5 4.76558
    endloop
  endfacet
  facet normal 0 -1 0
    outer loop
      vertex 19.446 -39.5 4.6506
      vertex 22.054 -39.5 4.6506
      vertex 22.0795 -39.5 4.76558
    endloop
  endfacet
  facet normal 0 -1 0
    outer loop
      vertex 19.4814 -39.5 4.53827
      vertex 22.054 -39.5 4.6506
      vertex 19.446 -39.5 4.6506
    endloop
  endfacet
  facet normal 0 -1 0
    outer loop
      vertex 19.4814 -39.5 4.53827
      vertex 22.0186 -39.5 4.53827
      vertex 22.054 -39.5 4.6506
    endloop
  endfacet
  facet normal 0 -1 0
    outer loop
      vertex 19.5265 -39.5 4.42947
      vertex 22.0186 -39.5 4.53827
      vertex 19.4814 -39.5 4.53827
    endloop
  endfacet
  facet normal 0 -1 0
    outer loop
      vertex 19.5265 -39.5 4.42947
      vertex 21.9735 -39.5 4.42947
      vertex 22.0186 -39.5 4.53827
    endloop
  endfacet
  facet normal 0 -1 0
    outer loop
      vertex 19.5809 -39.5 4.325
      vertex 21.9735 -39.5 4.42947
      vertex 19.5265 -39.5 4.42947
    endloop
  endfacet
  facet normal 0 -1 0
    outer loop
      vertex 19.5809 -39.5 4.325
      vertex 21.9191 -39.5 4.325
      vertex 21.9735 -39.5 4.42947
    endloop
  endfacet
  facet normal 0 -1 0
    outer loop
      vertex 19.6441 -39.5 4.22567
      vertex 21.9191 -39.5 4.325
      vertex 19.5809 -39.5 4.325
    endloop
  endfacet
  facet normal 0 -1 0
    outer loop
      vertex 19.6441 -39.5 4.22567
      vertex 21.8559 -39.5 4.22567
      vertex 21.9191 -39.5 4.325
    endloop
  endfacet
  facet normal 0 -1 0
    outer loop
      vertex 19.7158 -39.5 4.13224
      vertex 21.8559 -39.5 4.22567
      vertex 19.6441 -39.5 4.22567
    endloop
  endfacet
  facet normal 0 -1 0
    outer loop
      vertex 19.7158 -39.5 4.13224
      vertex 21.7842 -39.5 4.13224
      vertex 21.8559 -39.5 4.22567
    endloop
  endfacet
  facet normal 0 -1 0
    outer loop
      vertex 19.7954 -39.5 4.04541
      vertex 21.7842 -39.5 4.13224
      vertex 19.7158 -39.5 4.13224
    endloop
  endfacet
  facet normal 0 -1 0
    outer loop
      vertex 19.7954 -39.5 4.04541
      vertex 21.7046 -39.5 4.04541
      vertex 21.7842 -39.5 4.13224
    endloop
  endfacet
  facet normal 0 -1 0
    outer loop
      vertex 19.8822 -39.5 3.96584
      vertex 21.7046 -39.5 4.04541
      vertex 19.7954 -39.5 4.04541
    endloop
  endfacet
  facet normal 0 -1 0
    outer loop
      vertex 19.8822 -39.5 3.96584
      vertex 21.6178 -39.5 3.96584
      vertex 21.7046 -39.5 4.04541
    endloop
  endfacet
  facet normal 0 -1 0
    outer loop
      vertex 19.9757 -39.5 3.89415
      vertex 21.6178 -39.5 3.96584
      vertex 19.8822 -39.5 3.96584
    endloop
  endfacet
  facet normal 0 -1 0
    outer loop
      vertex 19.9757 -39.5 3.89415
      vertex 21.5243 -39.5 3.89415
      vertex 21.6178 -39.5 3.96584
    endloop
  endfacet
  facet normal 0 -1 0
    outer loop
      vertex 20.075 -39.5 3.83087
      vertex 21.5243 -39.5 3.89415
      vertex 19.9757 -39.5 3.89415
    endloop
  endfacet
  facet normal 0 -1 0
    outer loop
      vertex 20.075 -39.5 3.83087
      vertex 21.425 -39.5 3.83087
      vertex 21.5243 -39.5 3.89415
    endloop
  endfacet
  facet normal 0 -1 0
    outer loop
      vertex 20.1795 -39.5 3.77648
      vertex 21.425 -39.5 3.83087
      vertex 20.075 -39.5 3.83087
    endloop
  endfacet
  facet normal 0 -1 0
    outer loop
      vertex 20.1795 -39.5 3.77648
      vertex 21.3205 -39.5 3.77648
      vertex 21.425 -39.5 3.83087
    endloop
  endfacet
  facet normal 0 -1 0
    outer loop
      vertex 20.2883 -39.5 3.73142
      vertex 21.3205 -39.5 3.77648
      vertex 20.1795 -39.5 3.77648
    endloop
  endfacet
  facet normal 0 -1 0
    outer loop
      vertex 20.2883 -39.5 3.73142
      vertex 21.2117 -39.5 3.73142
      vertex 21.3205 -39.5 3.77648
    endloop
  endfacet
  facet normal 0 -1 0
    outer loop
      vertex 20.4006 -39.5 3.696
      vertex 21.2117 -39.5 3.73142
      vertex 20.2883 -39.5 3.73142
    endloop
  endfacet
  facet normal 0 -1 0
    outer loop
      vertex 20.4006 -39.5 3.696
      vertex 21.0994 -39.5 3.696
      vertex 21.2117 -39.5 3.73142
    endloop
  endfacet
  facet normal 0 -1 0
    outer loop
      vertex 20.5156 -39.5 3.67051
      vertex 21.0994 -39.5 3.696
      vertex 20.4006 -39.5 3.696
    endloop
  endfacet
  facet normal 0 -1 0
    outer loop
      vertex 20.5156 -39.5 3.67051
      vertex 20.9844 -39.5 3.67051
      vertex 21.0994 -39.5 3.696
    endloop
  endfacet
  facet normal 0 -1 0
    outer loop
      vertex 20.6323 -39.5 3.65514
      vertex 20.9844 -39.5 3.67051
      vertex 20.5156 -39.5 3.67051
    endloop
  endfacet
  facet normal 0 -1 0
    outer loop
      vertex 20.6323 -39.5 3.65514
      vertex 20.8677 -39.5 3.65514
      vertex 20.9844 -39.5 3.67051
    endloop
  endfacet
  facet normal -0 -1 0
    outer loop
      vertex 20.8677 -39.5 3.65514
      vertex 20.6323 -39.5 3.65514
      vertex 20.75 -39.5 3.65
    endloop
  endfacet
  facet normal 0.991414 -0 0.130762
    outer loop
      vertex 19.4051 -47.3 4.88234
      vertex 19.4205 -39.5 4.76558
      vertex 19.4051 -39.5 4.88234
    endloop
  endfacet
  facet normal 0.991414 0 0.130762
    outer loop
      vertex 19.4205 -39.5 4.76558
      vertex 19.4051 -47.3 4.88234
      vertex 19.4205 -47.3 4.76558
    endloop
  endfacet
  facet normal 0.991415 0 -0.130751
    outer loop
      vertex 19.4205 -47.3 5.23443
      vertex 19.4051 -39.5 5.11766
      vertex 19.4205 -39.5 5.23443
    endloop
  endfacet
  facet normal 0.991415 0 -0.130751
    outer loop
      vertex 19.4051 -39.5 5.11766
      vertex 19.4205 -47.3 5.23443
      vertex 19.4051 -47.3 5.11766
    endloop
  endfacet
  facet normal -0.991414 0 0.130762
    outer loop
      vertex 22.0795 -47.3 4.76558
      vertex 22.0949 -39.5 4.88234
      vertex 22.0795 -39.5 4.76558
    endloop
  endfacet
  facet normal -0.991414 0 0.130762
    outer loop
      vertex 22.0949 -39.5 4.88234
      vertex 22.0795 -47.3 4.76558
      vertex 22.0949 -47.3 4.88234
    endloop
  endfacet
  facet normal -0.976279 0 -0.216517
    outer loop
      vertex 22.0795 -47.3 5.23443
      vertex 22.054 -39.5 5.34941
      vertex 22.0795 -39.5 5.23443
    endloop
  endfacet
  facet normal -0.976279 -0 -0.216517
    outer loop
      vertex 22.054 -39.5 5.34941
      vertex 22.0795 -47.3 5.23443
      vertex 22.054 -47.3 5.34941
    endloop
  endfacet
  facet normal 0.300798 0 0.953688
    outer loop
      vertex 20.2883 -39.5 3.73142
      vertex 20.4006 -47.3 3.696
      vertex 20.4006 -39.5 3.696
    endloop
  endfacet
  facet normal 0.300798 0 0.953688
    outer loop
      vertex 20.4006 -47.3 3.696
      vertex 20.2883 -39.5 3.73142
      vertex 20.2883 -47.3 3.73142
    endloop
  endfacet
  facet normal -0.382709 0 -0.923869
    outer loop
      vertex 21.2117 -47.3 6.26859
      vertex 21.3205 -39.5 6.22352
      vertex 21.3205 -47.3 6.22352
    endloop
  endfacet
  facet normal -0.382709 0 -0.923869
    outer loop
      vertex 21.3205 -39.5 6.22352
      vertex 21.2117 -47.3 6.26859
      vertex 21.2117 -39.5 6.26859
    endloop
  endfacet
  facet normal 0.608521 0 -0.793538
    outer loop
      vertex 19.8822 -47.3 6.03416
      vertex 19.9757 -39.5 6.10586
      vertex 19.9757 -47.3 6.10586
    endloop
  endfacet
  facet normal 0.608521 0 -0.793538
    outer loop
      vertex 19.9757 -39.5 6.10586
      vertex 19.8822 -47.3 6.03416
      vertex 19.8822 -39.5 6.03416
    endloop
  endfacet
  facet normal -0.0436288 0 -0.999048
    outer loop
      vertex 20.75 -47.3 6.35
      vertex 20.8677 -39.5 6.34486
      vertex 20.8677 -47.3 6.34486
    endloop
  endfacet
  facet normal -0.0436288 0 -0.999048
    outer loop
      vertex 20.8677 -39.5 6.34486
      vertex 20.75 -47.3 6.35
      vertex 20.75 -39.5 6.35
    endloop
  endfacet
  facet normal 0.923791 0 -0.382897
    outer loop
      vertex 19.5265 -47.3 5.57054
      vertex 19.4814 -39.5 5.46173
      vertex 19.5265 -39.5 5.57054
    endloop
  endfacet
  facet normal 0.923791 0 -0.382897
    outer loop
      vertex 19.4814 -39.5 5.46173
      vertex 19.5265 -47.3 5.57054
      vertex 19.4814 -47.3 5.46173
    endloop
  endfacet
  facet normal 0.382637 0 0.923899
    outer loop
      vertex 20.1795 -39.5 3.77648
      vertex 20.2883 -47.3 3.73142
      vertex 20.2883 -39.5 3.73142
    endloop
  endfacet
  facet normal 0.382637 0 0.923899
    outer loop
      vertex 20.2883 -47.3 3.73142
      vertex 20.1795 -39.5 3.77648
      vertex 20.1795 -47.3 3.77648
    endloop
  endfacet
  facet normal -0.537414 0 0.843319
    outer loop
      vertex 21.425 -39.5 3.83087
      vertex 21.5243 -47.3 3.89415
      vertex 21.5243 -39.5 3.89415
    endloop
  endfacet
  facet normal -0.537414 0 0.843319
    outer loop
      vertex 21.5243 -47.3 3.89415
      vertex 21.425 -39.5 3.83087
      vertex 21.425 -47.3 3.83087
    endloop
  endfacet
  facet normal -0.737168 0 -0.675709
    outer loop
      vertex 21.7842 -47.3 5.86776
      vertex 21.7046 -39.5 5.9546
      vertex 21.7842 -39.5 5.86776
    endloop
  endfacet
  facet normal -0.737168 -0 -0.675709
    outer loop
      vertex 21.7046 -39.5 5.9546
      vertex 21.7842 -47.3 5.86776
      vertex 21.7046 -47.3 5.9546
    endloop
  endfacet
  facet normal 0.976279 0 -0.216517
    outer loop
      vertex 19.446 -47.3 5.34941
      vertex 19.4205 -39.5 5.23443
      vertex 19.446 -39.5 5.34941
    endloop
  endfacet
  facet normal 0.976279 0 -0.216517
    outer loop
      vertex 19.4205 -39.5 5.23443
      vertex 19.446 -47.3 5.34941
      vertex 19.4205 -47.3 5.23443
    endloop
  endfacet
  facet normal 0.953752 0 -0.300595
    outer loop
      vertex 19.4814 -47.3 5.46173
      vertex 19.446 -39.5 5.34941
      vertex 19.4814 -39.5 5.46173
    endloop
  endfacet
  facet normal 0.953752 0 -0.300595
    outer loop
      vertex 19.446 -39.5 5.34941
      vertex 19.4814 -47.3 5.46173
      vertex 19.446 -47.3 5.34941
    endloop
  endfacet
  facet normal -0.923779 0 0.382927
    outer loop
      vertex 21.9735 -47.3 4.42947
      vertex 22.0186 -39.5 4.53827
      vertex 21.9735 -39.5 4.42947
    endloop
  endfacet
  facet normal -0.923779 0 0.382927
    outer loop
      vertex 22.0186 -39.5 4.53827
      vertex 21.9735 -47.3 4.42947
      vertex 22.0186 -47.3 4.53827
    endloop
  endfacet
  facet normal 0.537414 0 0.843319
    outer loop
      vertex 19.9757 -39.5 3.89415
      vertex 20.075 -47.3 3.83087
      vertex 20.075 -39.5 3.83087
    endloop
  endfacet
  facet normal 0.537414 0 0.843319
    outer loop
      vertex 20.075 -47.3 3.83087
      vertex 19.9757 -39.5 3.89415
      vertex 19.9757 -47.3 3.89415
    endloop
  endfacet
  facet normal -0.8437 0 0.536815
    outer loop
      vertex 21.8559 -47.3 4.22567
      vertex 21.9191 -39.5 4.325
      vertex 21.8559 -39.5 4.22567
    endloop
  endfacet
  facet normal -0.8437 0 0.536815
    outer loop
      vertex 21.9191 -39.5 4.325
      vertex 21.8559 -47.3 4.22567
      vertex 21.9191 -47.3 4.325
    endloop
  endfacet
  facet normal 0.887023 -0 0.461724
    outer loop
      vertex 9.52648 -47.3 4.42947
      vertex 9.58086 -39.5 4.325
      vertex 9.52648 -39.5 4.42947
    endloop
  endfacet
  facet normal 0.887023 0 0.461724
    outer loop
      vertex 9.58086 -39.5 4.325
      vertex 9.52648 -47.3 4.42947
      vertex 9.58086 -47.3 4.325
    endloop
  endfacet
  facet normal 0.130578 0 -0.991438
    outer loop
      vertex 10.5156 -47.3 6.32949
      vertex 10.6323 -39.5 6.34486
      vertex 10.6323 -47.3 6.34486
    endloop
  endfacet
  facet normal 0.130578 0 -0.991438
    outer loop
      vertex 10.6323 -39.5 6.34486
      vertex 10.5156 -47.3 6.32949
      vertex 10.5156 -39.5 6.32949
    endloop
  endfacet
  facet normal 0.0436288 0 -0.999048
    outer loop
      vertex 10.6323 -47.3 6.34486
      vertex 10.75 -39.5 6.35
      vertex 10.75 -47.3 6.35
    endloop
  endfacet
  facet normal 0.0436288 0 -0.999048
    outer loop
      vertex 10.75 -39.5 6.35
      vertex 10.6323 -47.3 6.34486
      vertex 10.6323 -39.5 6.34486
    endloop
  endfacet
  facet normal 0.2164 0 -0.976305
    outer loop
      vertex 10.4006 -47.3 6.304
      vertex 10.5156 -39.5 6.32949
      vertex 10.5156 -47.3 6.32949
    endloop
  endfacet
  facet normal 0.2164 0 -0.976305
    outer loop
      vertex 10.5156 -39.5 6.32949
      vertex 10.4006 -47.3 6.304
      vertex 10.4006 -39.5 6.304
    endloop
  endfacet
  facet normal -0.886954 0 0.461858
    outer loop
      vertex 11.9191 -47.3 4.325
      vertex 11.9735 -39.5 4.42947
      vertex 11.9191 -39.5 4.325
    endloop
  endfacet
  facet normal -0.886954 0 0.461858
    outer loop
      vertex 11.9735 -39.5 4.42947
      vertex 11.9191 -47.3 4.325
      vertex 11.9735 -47.3 4.42947
    endloop
  endfacet
  facet normal 0.843392 0 -0.537298
    outer loop
      vertex 9.64414 -47.3 5.77433
      vertex 9.58086 -39.5 5.675
      vertex 9.64414 -39.5 5.77433
    endloop
  endfacet
  facet normal 0.843392 0 -0.537298
    outer loop
      vertex 9.58086 -39.5 5.675
      vertex 9.64414 -47.3 5.77433
      vertex 9.58086 -47.3 5.675
    endloop
  endfacet
  facet normal -0.2164 0 0.976305
    outer loop
      vertex 10.9844 -39.5 3.67051
      vertex 11.0994 -47.3 3.696
      vertex 11.0994 -39.5 3.696
    endloop
  endfacet
  facet normal -0.2164 0 0.976305
    outer loop
      vertex 11.0994 -47.3 3.696
      vertex 10.9844 -39.5 3.67051
      vertex 10.9844 -47.3 3.67051
    endloop
  endfacet
  facet normal -0.737129 0 0.675752
    outer loop
      vertex 11.7046 -47.3 4.04541
      vertex 11.7842 -39.5 4.13224
      vertex 11.7046 -39.5 4.04541
    endloop
  endfacet
  facet normal -0.737129 0 0.675752
    outer loop
      vertex 11.7842 -39.5 4.13224
      vertex 11.7046 -47.3 4.04541
      vertex 11.7842 -47.3 4.13224
    endloop
  endfacet
  facet normal 0.2164 0 0.976305
    outer loop
      vertex 10.4006 -39.5 3.696
      vertex 10.5156 -47.3 3.67051
      vertex 10.5156 -39.5 3.67051
    endloop
  endfacet
  facet normal 0.2164 0 0.976305
    outer loop
      vertex 10.5156 -47.3 3.67051
      vertex 10.4006 -39.5 3.696
      vertex 10.4006 -47.3 3.696
    endloop
  endfacet
  facet normal -0.999062 0 0.0433046
    outer loop
      vertex 12.0949 -47.3 4.88234
      vertex 12.1 -39.5 5
      vertex 12.0949 -39.5 4.88234
    endloop
  endfacet
  facet normal -0.999062 0 0.0433046
    outer loop
      vertex 12.1 -39.5 5
      vertex 12.0949 -47.3 4.88234
      vertex 12.1 -47.3 5
    endloop
  endfacet
  facet normal 0.737295 0 -0.675571
    outer loop
      vertex 9.79541 -47.3 5.9546
      vertex 9.71584 -39.5 5.86776
      vertex 9.79541 -39.5 5.9546
    endloop
  endfacet
  facet normal 0.737295 0 -0.675571
    outer loop
      vertex 9.71584 -39.5 5.86776
      vertex 9.79541 -47.3 5.9546
      vertex 9.71584 -47.3 5.86776
    endloop
  endfacet
  facet normal 0.793318 -0 0.608808
    outer loop
      vertex 9.64414 -47.3 4.22567
      vertex 9.71584 -39.5 4.13224
      vertex 9.64414 -39.5 4.22567
    endloop
  endfacet
  facet normal 0.793318 0 0.608808
    outer loop
      vertex 9.71584 -39.5 4.13224
      vertex 9.64414 -47.3 4.22567
      vertex 9.71584 -47.3 4.13224
    endloop
  endfacet
  facet normal 0.675613 0 0.737256
    outer loop
      vertex 9.79541 -39.5 4.04541
      vertex 9.88224 -47.3 3.96584
      vertex 9.88224 -39.5 3.96584
    endloop
  endfacet
  facet normal 0.675613 0 0.737256
    outer loop
      vertex 9.88224 -47.3 3.96584
      vertex 9.79541 -39.5 4.04541
      vertex 9.79541 -47.3 4.04541
    endloop
  endfacet
  facet normal 0.737256 -0 0.675613
    outer loop
      vertex 9.71584 -47.3 4.13224
      vertex 9.79541 -39.5 4.04541
      vertex 9.71584 -39.5 4.13224
    endloop
  endfacet
  facet normal 0.737256 0 0.675613
    outer loop
      vertex 9.79541 -39.5 4.04541
      vertex 9.71584 -47.3 4.13224
      vertex 9.79541 -47.3 4.04541
    endloop
  endfacet
  facet normal 0.923869 -0 0.382709
    outer loop
      vertex 9.48141 -47.3 4.53827
      vertex 9.52648 -39.5 4.42947
      vertex 9.48141 -39.5 4.53827
    endloop
  endfacet
  facet normal 0.923869 0 0.382709
    outer loop
      vertex 9.52648 -39.5 4.42947
      vertex 9.48141 -47.3 4.53827
      vertex 9.52648 -47.3 4.42947
    endloop
  endfacet
  facet normal 0.608754 0 0.793359
    outer loop
      vertex 9.88224 -39.5 3.96584
      vertex 9.97567 -47.3 3.89415
      vertex 9.97567 -39.5 3.89415
    endloop
  endfacet
  facet normal 0.608754 0 0.793359
    outer loop
      vertex 9.97567 -47.3 3.89415
      vertex 9.88224 -39.5 3.96584
      vertex 9.88224 -47.3 3.96584
    endloop
  endfacet
  facet normal 0.976297 -0 0.216436
    outer loop
      vertex 9.42051 -47.3 4.76558
      vertex 9.446 -39.5 4.6506
      vertex 9.42051 -39.5 4.76558
    endloop
  endfacet
  facet normal 0.976297 0 0.216436
    outer loop
      vertex 9.446 -39.5 4.6506
      vertex 9.42051 -47.3 4.76558
      vertex 9.446 -47.3 4.6506
    endloop
  endfacet
  facet normal 0.953735 -0 0.300648
    outer loop
      vertex 9.446 -47.3 4.6506
      vertex 9.48141 -39.5 4.53827
      vertex 9.446 -39.5 4.6506
    endloop
  endfacet
  facet normal 0.953735 0 0.300648
    outer loop
      vertex 9.48141 -39.5 4.53827
      vertex 9.446 -47.3 4.6506
      vertex 9.48141 -47.3 4.53827
    endloop
  endfacet
  facet normal -0.300798 0 0.953688
    outer loop
      vertex 11.0994 -39.5 3.696
      vertex 11.2117 -47.3 3.73142
      vertex 11.2117 -39.5 3.73142
    endloop
  endfacet
  facet normal -0.300798 0 0.953688
    outer loop
      vertex 11.2117 -47.3 3.73142
      vertex 11.0994 -39.5 3.696
      vertex 11.0994 -47.3 3.696
    endloop
  endfacet
  facet normal -0.991415 0 -0.130751
    outer loop
      vertex 12.0949 -47.3 5.11766
      vertex 12.0795 -39.5 5.23443
      vertex 12.0949 -39.5 5.11766
    endloop
  endfacet
  facet normal -0.991415 -0 -0.130751
    outer loop
      vertex 12.0795 -39.5 5.23443
      vertex 12.0949 -47.3 5.11766
      vertex 12.0795 -47.3 5.23443
    endloop
  endfacet
  facet normal -0.2164 0 -0.976305
    outer loop
      vertex 10.9844 -47.3 6.32949
      vertex 11.0994 -39.5 6.304
      vertex 11.0994 -47.3 6.304
    endloop
  endfacet
  facet normal -0.2164 0 -0.976305
    outer loop
      vertex 11.0994 -39.5 6.304
      vertex 10.9844 -47.3 6.32949
      vertex 10.9844 -39.5 6.32949
    endloop
  endfacet
  facet normal -0.537354 0 -0.843357
    outer loop
      vertex 11.425 -47.3 6.16913
      vertex 11.5243 -39.5 6.10586
      vertex 11.5243 -47.3 6.10586
    endloop
  endfacet
  facet normal -0.537354 0 -0.843357
    outer loop
      vertex 11.5243 -39.5 6.10586
      vertex 11.425 -47.3 6.16913
      vertex 11.425 -39.5 6.16913
    endloop
  endfacet
  facet normal -0.608521 0 -0.793538
    outer loop
      vertex 11.5243 -47.3 6.10586
      vertex 11.6178 -39.5 6.03416
      vertex 11.6178 -47.3 6.03416
    endloop
  endfacet
  facet normal -0.608521 0 -0.793538
    outer loop
      vertex 11.6178 -39.5 6.03416
      vertex 11.5243 -47.3 6.10586
      vertex 11.5243 -39.5 6.10586
    endloop
  endfacet
  facet normal -0.953752 0 -0.300595
    outer loop
      vertex 12.054 -47.3 5.34941
      vertex 12.0186 -39.5 5.46173
      vertex 12.054 -39.5 5.34941
    endloop
  endfacet
  facet normal -0.953752 -0 -0.300595
    outer loop
      vertex 12.0186 -39.5 5.46173
      vertex 12.054 -47.3 5.34941
      vertex 12.0186 -47.3 5.46173
    endloop
  endfacet
  facet normal 0.675567 0 -0.737299
    outer loop
      vertex 9.79541 -47.3 5.9546
      vertex 9.88224 -39.5 6.03416
      vertex 9.88224 -47.3 6.03416
    endloop
  endfacet
  facet normal 0.675567 0 -0.737299
    outer loop
      vertex 9.88224 -39.5 6.03416
      vertex 9.79541 -47.3 5.9546
      vertex 9.79541 -39.5 5.9546
    endloop
  endfacet
  facet normal -0.67574 0 0.73714
    outer loop
      vertex 11.6178 -39.5 3.96584
      vertex 11.7046 -47.3 4.04541
      vertex 11.7046 -39.5 4.04541
    endloop
  endfacet
  facet normal -0.67574 0 0.73714
    outer loop
      vertex 11.7046 -47.3 4.04541
      vertex 11.6178 -39.5 3.96584
      vertex 11.6178 -47.3 3.96584
    endloop
  endfacet
  facet normal -0.130578 0 0.991438
    outer loop
      vertex 10.8677 -39.5 3.65514
      vertex 10.9844 -47.3 3.67051
      vertex 10.9844 -39.5 3.67051
    endloop
  endfacet
  facet normal -0.130578 0 0.991438
    outer loop
      vertex 10.9844 -47.3 3.67051
      vertex 10.8677 -39.5 3.65514
      vertex 10.8677 -47.3 3.65514
    endloop
  endfacet
  facet normal 0.300721 0 -0.953712
    outer loop
      vertex 10.2883 -47.3 6.26859
      vertex 10.4006 -39.5 6.304
      vertex 10.4006 -47.3 6.304
    endloop
  endfacet
  facet normal 0.300721 0 -0.953712
    outer loop
      vertex 10.4006 -39.5 6.304
      vertex 10.2883 -47.3 6.26859
      vertex 10.2883 -39.5 6.26859
    endloop
  endfacet
  facet normal 0.461687 0 -0.887043
    outer loop
      vertex 10.075 -47.3 6.16913
      vertex 10.1795 -39.5 6.22352
      vertex 10.1795 -47.3 6.22352
    endloop
  endfacet
  facet normal 0.461687 0 -0.887043
    outer loop
      vertex 10.1795 -39.5 6.22352
      vertex 10.075 -47.3 6.16913
      vertex 10.075 -39.5 6.16913
    endloop
  endfacet
  facet normal 0.537238 0 -0.843431
    outer loop
      vertex 9.97567 -47.3 6.10586
      vertex 10.075 -39.5 6.16913
      vertex 10.075 -47.3 6.16913
    endloop
  endfacet
  facet normal 0.537238 0 -0.843431
    outer loop
      vertex 10.075 -39.5 6.16913
      vertex 9.97567 -47.3 6.10586
      vertex 9.97567 -39.5 6.10586
    endloop
  endfacet
  facet normal -0.95376 0 0.300571
    outer loop
      vertex 12.0186 -47.3 4.53827
      vertex 12.054 -39.5 4.6506
      vertex 12.0186 -39.5 4.53827
    endloop
  endfacet
  facet normal -0.95376 0 0.300571
    outer loop
      vertex 12.054 -39.5 4.6506
      vertex 12.0186 -47.3 4.53827
      vertex 12.054 -47.3 4.6506
    endloop
  endfacet
  facet normal -0.923791 0 -0.382897
    outer loop
      vertex 12.0186 -47.3 5.46173
      vertex 11.9735 -39.5 5.57054
      vertex 12.0186 -39.5 5.46173
    endloop
  endfacet
  facet normal -0.923791 -0 -0.382897
    outer loop
      vertex 11.9735 -39.5 5.57054
      vertex 12.0186 -47.3 5.46173
      vertex 11.9735 -47.3 5.57054
    endloop
  endfacet
  facet normal -0.675694 0 -0.737182
    outer loop
      vertex 11.6178 -47.3 6.03416
      vertex 11.7046 -39.5 5.9546
      vertex 11.7046 -47.3 5.9546
    endloop
  endfacet
  facet normal -0.675694 0 -0.737182
    outer loop
      vertex 11.7046 -39.5 5.9546
      vertex 11.6178 -47.3 6.03416
      vertex 11.6178 -39.5 6.03416
    endloop
  endfacet
  facet normal -0.382637 0 0.923899
    outer loop
      vertex 11.2117 -39.5 3.73142
      vertex 11.3205 -47.3 3.77648
      vertex 11.3205 -39.5 3.77648
    endloop
  endfacet
  facet normal -0.382637 0 0.923899
    outer loop
      vertex 11.3205 -47.3 3.77648
      vertex 11.2117 -39.5 3.73142
      vertex 11.2117 -47.3 3.73142
    endloop
  endfacet
  facet normal -0.886936 0 -0.461893
    outer loop
      vertex 11.9735 -47.3 5.57054
      vertex 11.9191 -39.5 5.675
      vertex 11.9735 -39.5 5.57054
    endloop
  endfacet
  facet normal -0.886936 -0 -0.461893
    outer loop
      vertex 11.9191 -39.5 5.675
      vertex 11.9735 -47.3 5.57054
      vertex 11.9191 -47.3 5.675
    endloop
  endfacet
  facet normal 0.999047 -0 0.0436436
    outer loop
      vertex 9.4 -47.3 5
      vertex 9.40514 -39.5 4.88234
      vertex 9.4 -39.5 5
    endloop
  endfacet
  facet normal 0.999047 0 0.0436436
    outer loop
      vertex 9.40514 -39.5 4.88234
      vertex 9.4 -47.3 5
      vertex 9.40514 -47.3 4.88234
    endloop
  endfacet
  facet normal 0.887005 0 -0.461759
    outer loop
      vertex 9.58086 -47.3 5.675
      vertex 9.52648 -39.5 5.57054
      vertex 9.58086 -39.5 5.675
    endloop
  endfacet
  facet normal 0.887005 0 -0.461759
    outer loop
      vertex 9.52648 -39.5 5.57054
      vertex 9.58086 -47.3 5.675
      vertex 9.52648 -47.3 5.57054
    endloop
  endfacet
  facet normal -0.8437 0 -0.536815
    outer loop
      vertex 11.9191 -47.3 5.675
      vertex 11.8559 -39.5 5.77433
      vertex 11.9191 -39.5 5.675
    endloop
  endfacet
  facet normal -0.8437 -0 -0.536815
    outer loop
      vertex 11.8559 -39.5 5.77433
      vertex 11.9191 -47.3 5.675
      vertex 11.8559 -47.3 5.77433
    endloop
  endfacet
  facet normal 0.793318 0 -0.608808
    outer loop
      vertex 9.71584 -47.3 5.86776
      vertex 9.64414 -39.5 5.77433
      vertex 9.71584 -39.5 5.86776
    endloop
  endfacet
  facet normal 0.793318 0 -0.608808
    outer loop
      vertex 9.64414 -39.5 5.77433
      vertex 9.71584 -47.3 5.86776
      vertex 9.64414 -47.3 5.77433
    endloop
  endfacet
  facet normal -0.0436288 0 0.999048
    outer loop
      vertex 10.75 -39.5 3.65
      vertex 10.8677 -47.3 3.65514
      vertex 10.8677 -39.5 3.65514
    endloop
  endfacet
  facet normal -0.0436288 0 0.999048
    outer loop
      vertex 10.8677 -47.3 3.65514
      vertex 10.75 -39.5 3.65
      vertex 10.75 -47.3 3.65
    endloop
  endfacet
  facet normal -0.999062 0 -0.0433046
    outer loop
      vertex 12.1 -47.3 5
      vertex 12.0949 -39.5 5.11766
      vertex 12.1 -39.5 5
    endloop
  endfacet
  facet normal -0.999062 -0 -0.0433046
    outer loop
      vertex 12.0949 -39.5 5.11766
      vertex 12.1 -47.3 5
      vertex 12.0949 -47.3 5.11766
    endloop
  endfacet
  facet normal -0.300721 0 -0.953712
    outer loop
      vertex 11.0994 -47.3 6.304
      vertex 11.2117 -39.5 6.26859
      vertex 11.2117 -47.3 6.26859
    endloop
  endfacet
  facet normal -0.300721 0 -0.953712
    outer loop
      vertex 11.2117 -39.5 6.26859
      vertex 11.0994 -47.3 6.304
      vertex 11.0994 -39.5 6.304
    endloop
  endfacet
  facet normal -0.793318 0 0.608808
    outer loop
      vertex 11.7842 -47.3 4.13224
      vertex 11.8559 -39.5 4.22567
      vertex 11.7842 -39.5 4.13224
    endloop
  endfacet
  facet normal -0.793318 0 0.608808
    outer loop
      vertex 11.8559 -39.5 4.22567
      vertex 11.7842 -47.3 4.13224
      vertex 11.8559 -47.3 4.22567
    endloop
  endfacet
  facet normal 0.0436288 0 0.999048
    outer loop
      vertex 10.6323 -39.5 3.65514
      vertex 10.75 -47.3 3.65
      vertex 10.75 -39.5 3.65
    endloop
  endfacet
  facet normal 0.0436288 0 0.999048
    outer loop
      vertex 10.75 -47.3 3.65
      vertex 10.6323 -39.5 3.65514
      vertex 10.6323 -47.3 3.65514
    endloop
  endfacet
  facet normal -0.461687 0 -0.887043
    outer loop
      vertex 11.3205 -47.3 6.22352
      vertex 11.425 -39.5 6.16913
      vertex 11.425 -47.3 6.16913
    endloop
  endfacet
  facet normal -0.461687 0 -0.887043
    outer loop
      vertex 11.425 -39.5 6.16913
      vertex 11.3205 -47.3 6.22352
      vertex 11.3205 -39.5 6.22352
    endloop
  endfacet
  facet normal 0.843392 -0 0.537298
    outer loop
      vertex 9.58086 -47.3 4.325
      vertex 9.64414 -39.5 4.22567
      vertex 9.58086 -39.5 4.325
    endloop
  endfacet
  facet normal 0.843392 0 0.537298
    outer loop
      vertex 9.64414 -39.5 4.22567
      vertex 9.58086 -47.3 4.325
      vertex 9.64414 -47.3 4.22567
    endloop
  endfacet
  facet normal -0.793318 0 -0.608808
    outer loop
      vertex 11.8559 -47.3 5.77433
      vertex 11.7842 -39.5 5.86776
      vertex 11.8559 -39.5 5.77433
    endloop
  endfacet
  facet normal -0.793318 -0 -0.608808
    outer loop
      vertex 11.7842 -39.5 5.86776
      vertex 11.8559 -47.3 5.77433
      vertex 11.7842 -47.3 5.86776
    endloop
  endfacet
  facet normal 0.382709 0 -0.923869
    outer loop
      vertex 10.1795 -47.3 6.22352
      vertex 10.2883 -39.5 6.26859
      vertex 10.2883 -47.3 6.26859
    endloop
  endfacet
  facet normal 0.382709 0 -0.923869
    outer loop
      vertex 10.2883 -39.5 6.26859
      vertex 10.1795 -47.3 6.22352
      vertex 10.1795 -39.5 6.22352
    endloop
  endfacet
  facet normal 0.999047 0 -0.0436436
    outer loop
      vertex 9.40514 -47.3 5.11766
      vertex 9.4 -39.5 5
      vertex 9.40514 -39.5 5.11766
    endloop
  endfacet
  facet normal 0.999047 0 -0.0436436
    outer loop
      vertex 9.4 -39.5 5
      vertex 9.40514 -47.3 5.11766
      vertex 9.4 -47.3 5
    endloop
  endfacet
  facet normal -0.130578 0 -0.991438
    outer loop
      vertex 10.8677 -47.3 6.34486
      vertex 10.9844 -39.5 6.32949
      vertex 10.9844 -47.3 6.32949
    endloop
  endfacet
  facet normal -0.130578 0 -0.991438
    outer loop
      vertex 10.9844 -39.5 6.32949
      vertex 10.8677 -47.3 6.34486
      vertex 10.8677 -39.5 6.34486
    endloop
  endfacet
  facet normal 0.461687 0 0.887043
    outer loop
      vertex 10.075 -39.5 3.83087
      vertex 10.1795 -47.3 3.77648
      vertex 10.1795 -39.5 3.77648
    endloop
  endfacet
  facet normal 0.461687 0 0.887043
    outer loop
      vertex 10.1795 -47.3 3.77648
      vertex 10.075 -39.5 3.83087
      vertex 10.075 -47.3 3.83087
    endloop
  endfacet
  facet normal -0.608467 0 0.793579
    outer loop
      vertex 11.5243 -39.5 3.89415
      vertex 11.6178 -47.3 3.96584
      vertex 11.6178 -39.5 3.96584
    endloop
  endfacet
  facet normal -0.608467 0 0.793579
    outer loop
      vertex 11.6178 -47.3 3.96584
      vertex 11.5243 -39.5 3.89415
      vertex 11.5243 -47.3 3.89415
    endloop
  endfacet
  facet normal -0.461687 0 0.887043
    outer loop
      vertex 11.3205 -39.5 3.77648
      vertex 11.425 -47.3 3.83087
      vertex 11.425 -39.5 3.83087
    endloop
  endfacet
  facet normal -0.461687 0 0.887043
    outer loop
      vertex 11.425 -47.3 3.83087
      vertex 11.3205 -39.5 3.77648
      vertex 11.3205 -47.3 3.77648
    endloop
  endfacet
  facet normal 0 -1 0
    outer loop
      vertex 10.6323 -39.5 6.34486
      vertex 10.8677 -39.5 6.34486
      vertex 10.75 -39.5 6.35
    endloop
  endfacet
  facet normal 0 -1 0
    outer loop
      vertex 10.5156 -39.5 6.32949
      vertex 10.8677 -39.5 6.34486
      vertex 10.6323 -39.5 6.34486
    endloop
  endfacet
  facet normal 0 -1 0
    outer loop
      vertex 10.5156 -39.5 6.32949
      vertex 10.9844 -39.5 6.32949
      vertex 10.8677 -39.5 6.34486
    endloop
  endfacet
  facet normal 0 -1 0
    outer loop
      vertex 10.4006 -39.5 6.304
      vertex 10.9844 -39.5 6.32949
      vertex 10.5156 -39.5 6.32949
    endloop
  endfacet
  facet normal 0 -1 0
    outer loop
      vertex 10.4006 -39.5 6.304
      vertex 11.0994 -39.5 6.304
      vertex 10.9844 -39.5 6.32949
    endloop
  endfacet
  facet normal 0 -1 0
    outer loop
      vertex 10.2883 -39.5 6.26859
      vertex 11.0994 -39.5 6.304
      vertex 10.4006 -39.5 6.304
    endloop
  endfacet
  facet normal 0 -1 0
    outer loop
      vertex 10.2883 -39.5 6.26859
      vertex 11.2117 -39.5 6.26859
      vertex 11.0994 -39.5 6.304
    endloop
  endfacet
  facet normal 0 -1 0
    outer loop
      vertex 10.1795 -39.5 6.22352
      vertex 11.2117 -39.5 6.26859
      vertex 10.2883 -39.5 6.26859
    endloop
  endfacet
  facet normal 0 -1 0
    outer loop
      vertex 10.1795 -39.5 6.22352
      vertex 11.3205 -39.5 6.22352
      vertex 11.2117 -39.5 6.26859
    endloop
  endfacet
  facet normal 0 -1 0
    outer loop
      vertex 10.075 -39.5 6.16913
      vertex 11.3205 -39.5 6.22352
      vertex 10.1795 -39.5 6.22352
    endloop
  endfacet
  facet normal 0 -1 0
    outer loop
      vertex 10.075 -39.5 6.16913
      vertex 11.425 -39.5 6.16913
      vertex 11.3205 -39.5 6.22352
    endloop
  endfacet
  facet normal 0 -1 0
    outer loop
      vertex 9.97567 -39.5 6.10586
      vertex 11.425 -39.5 6.16913
      vertex 10.075 -39.5 6.16913
    endloop
  endfacet
  facet normal 0 -1 0
    outer loop
      vertex 9.97567 -39.5 6.10586
      vertex 11.5243 -39.5 6.10586
      vertex 11.425 -39.5 6.16913
    endloop
  endfacet
  facet normal 0 -1 0
    outer loop
      vertex 9.88224 -39.5 6.03416
      vertex 11.5243 -39.5 6.10586
      vertex 9.97567 -39.5 6.10586
    endloop
  endfacet
  facet normal 0 -1 0
    outer loop
      vertex 9.88224 -39.5 6.03416
      vertex 11.6178 -39.5 6.03416
      vertex 11.5243 -39.5 6.10586
    endloop
  endfacet
  facet normal 0 -1 0
    outer loop
      vertex 9.79541 -39.5 5.9546
      vertex 11.6178 -39.5 6.03416
      vertex 9.88224 -39.5 6.03416
    endloop
  endfacet
  facet normal 0 -1 0
    outer loop
      vertex 9.79541 -39.5 5.9546
      vertex 11.7046 -39.5 5.9546
      vertex 11.6178 -39.5 6.03416
    endloop
  endfacet
  facet normal 0 -1 0
    outer loop
      vertex 9.71584 -39.5 5.86776
      vertex 11.7046 -39.5 5.9546
      vertex 9.79541 -39.5 5.9546
    endloop
  endfacet
  facet normal 0 -1 0
    outer loop
      vertex 9.71584 -39.5 5.86776
      vertex 11.7842 -39.5 5.86776
      vertex 11.7046 -39.5 5.9546
    endloop
  endfacet
  facet normal 0 -1 0
    outer loop
      vertex 9.64414 -39.5 5.77433
      vertex 11.7842 -39.5 5.86776
      vertex 9.71584 -39.5 5.86776
    endloop
  endfacet
  facet normal 0 -1 0
    outer loop
      vertex 9.64414 -39.5 5.77433
      vertex 11.8559 -39.5 5.77433
      vertex 11.7842 -39.5 5.86776
    endloop
  endfacet
  facet normal 0 -1 0
    outer loop
      vertex 9.58086 -39.5 5.675
      vertex 11.8559 -39.5 5.77433
      vertex 9.64414 -39.5 5.77433
    endloop
  endfacet
  facet normal 0 -1 0
    outer loop
      vertex 9.58086 -39.5 5.675
      vertex 11.9191 -39.5 5.675
      vertex 11.8559 -39.5 5.77433
    endloop
  endfacet
  facet normal 0 -1 0
    outer loop
      vertex 9.52648 -39.5 5.57054
      vertex 11.9191 -39.5 5.675
      vertex 9.58086 -39.5 5.675
    endloop
  endfacet
  facet normal 0 -1 0
    outer loop
      vertex 9.52648 -39.5 5.57054
      vertex 11.9735 -39.5 5.57054
      vertex 11.9191 -39.5 5.675
    endloop
  endfacet
  facet normal 0 -1 0
    outer loop
      vertex 9.48141 -39.5 5.46173
      vertex 11.9735 -39.5 5.57054
      vertex 9.52648 -39.5 5.57054
    endloop
  endfacet
  facet normal 0 -1 0
    outer loop
      vertex 9.48141 -39.5 5.46173
      vertex 12.0186 -39.5 5.46173
      vertex 11.9735 -39.5 5.57054
    endloop
  endfacet
  facet normal 0 -1 0
    outer loop
      vertex 9.446 -39.5 5.34941
      vertex 12.0186 -39.5 5.46173
      vertex 9.48141 -39.5 5.46173
    endloop
  endfacet
  facet normal 0 -1 0
    outer loop
      vertex 9.446 -39.5 5.34941
      vertex 12.054 -39.5 5.34941
      vertex 12.0186 -39.5 5.46173
    endloop
  endfacet
  facet normal 0 -1 0
    outer loop
      vertex 9.42051 -39.5 5.23443
      vertex 12.054 -39.5 5.34941
      vertex 9.446 -39.5 5.34941
    endloop
  endfacet
  facet normal 0 -1 0
    outer loop
      vertex 9.42051 -39.5 5.23443
      vertex 12.0795 -39.5 5.23443
      vertex 12.054 -39.5 5.34941
    endloop
  endfacet
  facet normal 0 -1 0
    outer loop
      vertex 9.40514 -39.5 5.11766
      vertex 12.0795 -39.5 5.23443
      vertex 9.42051 -39.5 5.23443
    endloop
  endfacet
  facet normal 0 -1 0
    outer loop
      vertex 9.40514 -39.5 5.11766
      vertex 12.0949 -39.5 5.11766
      vertex 12.0795 -39.5 5.23443
    endloop
  endfacet
  facet normal 0 -1 0
    outer loop
      vertex 9.4 -39.5 5
      vertex 12.0949 -39.5 5.11766
      vertex 9.40514 -39.5 5.11766
    endloop
  endfacet
  facet normal 0 -1 0
    outer loop
      vertex 9.4 -39.5 5
      vertex 12.1 -39.5 5
      vertex 12.0949 -39.5 5.11766
    endloop
  endfacet
  facet normal 0 -1 0
    outer loop
      vertex 9.40514 -39.5 4.88234
      vertex 12.1 -39.5 5
      vertex 9.4 -39.5 5
    endloop
  endfacet
  facet normal 0 -1 0
    outer loop
      vertex 9.40514 -39.5 4.88234
      vertex 12.0949 -39.5 4.88234
      vertex 12.1 -39.5 5
    endloop
  endfacet
  facet normal 0 -1 0
    outer loop
      vertex 9.42051 -39.5 4.76558
      vertex 12.0949 -39.5 4.88234
      vertex 9.40514 -39.5 4.88234
    endloop
  endfacet
  facet normal 0 -1 0
    outer loop
      vertex 9.42051 -39.5 4.76558
      vertex 12.0795 -39.5 4.76558
      vertex 12.0949 -39.5 4.88234
    endloop
  endfacet
  facet normal 0 -1 0
    outer loop
      vertex 9.446 -39.5 4.6506
      vertex 12.0795 -39.5 4.76558
      vertex 9.42051 -39.5 4.76558
    endloop
  endfacet
  facet normal 0 -1 0
    outer loop
      vertex 9.446 -39.5 4.6506
      vertex 12.054 -39.5 4.6506
      vertex 12.0795 -39.5 4.76558
    endloop
  endfacet
  facet normal 0 -1 0
    outer loop
      vertex 9.48141 -39.5 4.53827
      vertex 12.054 -39.5 4.6506
      vertex 9.446 -39.5 4.6506
    endloop
  endfacet
  facet normal 0 -1 0
    outer loop
      vertex 9.48141 -39.5 4.53827
      vertex 12.0186 -39.5 4.53827
      vertex 12.054 -39.5 4.6506
    endloop
  endfacet
  facet normal 0 -1 0
    outer loop
      vertex 9.52648 -39.5 4.42947
      vertex 12.0186 -39.5 4.53827
      vertex 9.48141 -39.5 4.53827
    endloop
  endfacet
  facet normal 0 -1 0
    outer loop
      vertex 9.52648 -39.5 4.42947
      vertex 11.9735 -39.5 4.42947
      vertex 12.0186 -39.5 4.53827
    endloop
  endfacet
  facet normal 0 -1 0
    outer loop
      vertex 9.58086 -39.5 4.325
      vertex 11.9735 -39.5 4.42947
      vertex 9.52648 -39.5 4.42947
    endloop
  endfacet
  facet normal 0 -1 0
    outer loop
      vertex 9.58086 -39.5 4.325
      vertex 11.9191 -39.5 4.325
      vertex 11.9735 -39.5 4.42947
    endloop
  endfacet
  facet normal 0 -1 0
    outer loop
      vertex 9.64414 -39.5 4.22567
      vertex 11.9191 -39.5 4.325
      vertex 9.58086 -39.5 4.325
    endloop
  endfacet
  facet normal 0 -1 0
    outer loop
      vertex 9.64414 -39.5 4.22567
      vertex 11.8559 -39.5 4.22567
      vertex 11.9191 -39.5 4.325
    endloop
  endfacet
  facet normal 0 -1 0
    outer loop
      vertex 9.71584 -39.5 4.13224
      vertex 11.8559 -39.5 4.22567
      vertex 9.64414 -39.5 4.22567
    endloop
  endfacet
  facet normal 0 -1 0
    outer loop
      vertex 9.71584 -39.5 4.13224
      vertex 11.7842 -39.5 4.13224
      vertex 11.8559 -39.5 4.22567
    endloop
  endfacet
  facet normal 0 -1 0
    outer loop
      vertex 9.79541 -39.5 4.04541
      vertex 11.7842 -39.5 4.13224
      vertex 9.71584 -39.5 4.13224
    endloop
  endfacet
  facet normal 0 -1 0
    outer loop
      vertex 9.79541 -39.5 4.04541
      vertex 11.7046 -39.5 4.04541
      vertex 11.7842 -39.5 4.13224
    endloop
  endfacet
  facet normal 0 -1 0
    outer loop
      vertex 9.88224 -39.5 3.96584
      vertex 11.7046 -39.5 4.04541
      vertex 9.79541 -39.5 4.04541
    endloop
  endfacet
  facet normal 0 -1 0
    outer loop
      vertex 9.88224 -39.5 3.96584
      vertex 11.6178 -39.5 3.96584
      vertex 11.7046 -39.5 4.04541
    endloop
  endfacet
  facet normal 0 -1 0
    outer loop
      vertex 9.97567 -39.5 3.89415
      vertex 11.6178 -39.5 3.96584
      vertex 9.88224 -39.5 3.96584
    endloop
  endfacet
  facet normal 0 -1 0
    outer loop
      vertex 9.97567 -39.5 3.89415
      vertex 11.5243 -39.5 3.89415
      vertex 11.6178 -39.5 3.96584
    endloop
  endfacet
  facet normal 0 -1 0
    outer loop
      vertex 10.075 -39.5 3.83087
      vertex 11.5243 -39.5 3.89415
      vertex 9.97567 -39.5 3.89415
    endloop
  endfacet
  facet normal 0 -1 0
    outer loop
      vertex 10.075 -39.5 3.83087
      vertex 11.425 -39.5 3.83087
      vertex 11.5243 -39.5 3.89415
    endloop
  endfacet
  facet normal 0 -1 0
    outer loop
      vertex 10.1795 -39.5 3.77648
      vertex 11.425 -39.5 3.83087
      vertex 10.075 -39.5 3.83087
    endloop
  endfacet
  facet normal 0 -1 0
    outer loop
      vertex 10.1795 -39.5 3.77648
      vertex 11.3205 -39.5 3.77648
      vertex 11.425 -39.5 3.83087
    endloop
  endfacet
  facet normal 0 -1 0
    outer loop
      vertex 10.2883 -39.5 3.73142
      vertex 11.3205 -39.5 3.77648
      vertex 10.1795 -39.5 3.77648
    endloop
  endfacet
  facet normal 0 -1 0
    outer loop
      vertex 10.2883 -39.5 3.73142
      vertex 11.2117 -39.5 3.73142
      vertex 11.3205 -39.5 3.77648
    endloop
  endfacet
  facet normal 0 -1 0
    outer loop
      vertex 10.4006 -39.5 3.696
      vertex 11.2117 -39.5 3.73142
      vertex 10.2883 -39.5 3.73142
    endloop
  endfacet
  facet normal 0 -1 0
    outer loop
      vertex 10.4006 -39.5 3.696
      vertex 11.0994 -39.5 3.696
      vertex 11.2117 -39.5 3.73142
    endloop
  endfacet
  facet normal 0 -1 0
    outer loop
      vertex 10.5156 -39.5 3.67051
      vertex 11.0994 -39.5 3.696
      vertex 10.4006 -39.5 3.696
    endloop
  endfacet
  facet normal 0 -1 0
    outer loop
      vertex 10.5156 -39.5 3.67051
      vertex 10.9844 -39.5 3.67051
      vertex 11.0994 -39.5 3.696
    endloop
  endfacet
  facet normal 0 -1 0
    outer loop
      vertex 10.6323 -39.5 3.65514
      vertex 10.9844 -39.5 3.67051
      vertex 10.5156 -39.5 3.67051
    endloop
  endfacet
  facet normal 0 -1 0
    outer loop
      vertex 10.6323 -39.5 3.65514
      vertex 10.8677 -39.5 3.65514
      vertex 10.9844 -39.5 3.67051
    endloop
  endfacet
  facet normal -0 -1 0
    outer loop
      vertex 10.8677 -39.5 3.65514
      vertex 10.6323 -39.5 3.65514
      vertex 10.75 -39.5 3.65
    endloop
  endfacet
  facet normal 0.991447 -0 0.130512
    outer loop
      vertex 9.40514 -47.3 4.88234
      vertex 9.42051 -39.5 4.76558
      vertex 9.40514 -39.5 4.88234
    endloop
  endfacet
  facet normal 0.991447 0 0.130512
    outer loop
      vertex 9.42051 -39.5 4.76558
      vertex 9.40514 -47.3 4.88234
      vertex 9.42051 -47.3 4.76558
    endloop
  endfacet
  facet normal 0.991448 0 -0.130501
    outer loop
      vertex 9.42051 -47.3 5.23443
      vertex 9.40514 -39.5 5.11766
      vertex 9.42051 -39.5 5.23443
    endloop
  endfacet
  facet normal 0.991448 0 -0.130501
    outer loop
      vertex 9.40514 -39.5 5.11766
      vertex 9.42051 -47.3 5.23443
      vertex 9.40514 -47.3 5.11766
    endloop
  endfacet
  facet normal -0.991414 0 0.130762
    outer loop
      vertex 12.0795 -47.3 4.76558
      vertex 12.0949 -39.5 4.88234
      vertex 12.0795 -39.5 4.76558
    endloop
  endfacet
  facet normal -0.991414 0 0.130762
    outer loop
      vertex 12.0949 -39.5 4.88234
      vertex 12.0795 -47.3 4.76558
      vertex 12.0949 -47.3 4.88234
    endloop
  endfacet
  facet normal -0.976279 0 -0.216517
    outer loop
      vertex 12.0795 -47.3 5.23443
      vertex 12.054 -39.5 5.34941
      vertex 12.0795 -39.5 5.23443
    endloop
  endfacet
  facet normal -0.976279 -0 -0.216517
    outer loop
      vertex 12.054 -39.5 5.34941
      vertex 12.0795 -47.3 5.23443
      vertex 12.054 -47.3 5.34941
    endloop
  endfacet
  facet normal 0.300798 0 0.953688
    outer loop
      vertex 10.2883 -39.5 3.73142
      vertex 10.4006 -47.3 3.696
      vertex 10.4006 -39.5 3.696
    endloop
  endfacet
  facet normal 0.300798 0 0.953688
    outer loop
      vertex 10.4006 -47.3 3.696
      vertex 10.2883 -39.5 3.73142
      vertex 10.2883 -47.3 3.73142
    endloop
  endfacet
  facet normal -0.382709 0 -0.923869
    outer loop
      vertex 11.2117 -47.3 6.26859
      vertex 11.3205 -39.5 6.22352
      vertex 11.3205 -47.3 6.22352
    endloop
  endfacet
  facet normal -0.382709 0 -0.923869
    outer loop
      vertex 11.3205 -39.5 6.22352
      vertex 11.2117 -47.3 6.26859
      vertex 11.2117 -39.5 6.26859
    endloop
  endfacet
  facet normal -0.976279 0 0.216517
    outer loop
      vertex 12.054 -47.3 4.6506
      vertex 12.0795 -39.5 4.76558
      vertex 12.054 -39.5 4.6506
    endloop
  endfacet
  facet normal -0.976279 0 0.216517
    outer loop
      vertex 12.0795 -39.5 4.76558
      vertex 12.054 -47.3 4.6506
      vertex 12.0795 -47.3 4.76558
    endloop
  endfacet
  facet normal 0.608808 0 -0.793318
    outer loop
      vertex 9.88224 -47.3 6.03416
      vertex 9.97567 -39.5 6.10586
      vertex 9.97567 -47.3 6.10586
    endloop
  endfacet
  facet normal 0.608808 0 -0.793318
    outer loop
      vertex 9.97567 -39.5 6.10586
      vertex 9.88224 -47.3 6.03416
      vertex 9.88224 -39.5 6.03416
    endloop
  endfacet
  facet normal -0.0436288 0 -0.999048
    outer loop
      vertex 10.75 -47.3 6.35
      vertex 10.8677 -39.5 6.34486
      vertex 10.8677 -47.3 6.34486
    endloop
  endfacet
  facet normal -0.0436288 0 -0.999048
    outer loop
      vertex 10.8677 -39.5 6.34486
      vertex 10.75 -47.3 6.35
      vertex 10.75 -39.5 6.35
    endloop
  endfacet
  facet normal 0.923881 0 -0.382679
    outer loop
      vertex 9.52648 -47.3 5.57054
      vertex 9.48141 -39.5 5.46173
      vertex 9.52648 -39.5 5.57054
    endloop
  endfacet
  facet normal 0.923881 0 -0.382679
    outer loop
      vertex 9.48141 -39.5 5.46173
      vertex 9.52648 -47.3 5.57054
      vertex 9.48141 -47.3 5.46173
    endloop
  endfacet
  facet normal 0.130578 0 0.991438
    outer loop
      vertex 10.5156 -39.5 3.67051
      vertex 10.6323 -47.3 3.65514
      vertex 10.6323 -39.5 3.65514
    endloop
  endfacet
  facet normal 0.130578 0 0.991438
    outer loop
      vertex 10.6323 -47.3 3.65514
      vertex 10.5156 -39.5 3.67051
      vertex 10.5156 -47.3 3.67051
    endloop
  endfacet
  facet normal 0.382637 0 0.923899
    outer loop
      vertex 10.1795 -39.5 3.77648
      vertex 10.2883 -47.3 3.73142
      vertex 10.2883 -39.5 3.73142
    endloop
  endfacet
  facet normal 0.382637 0 0.923899
    outer loop
      vertex 10.2883 -47.3 3.73142
      vertex 10.1795 -39.5 3.77648
      vertex 10.1795 -47.3 3.77648
    endloop
  endfacet
  facet normal -0.537414 0 0.843319
    outer loop
      vertex 11.425 -39.5 3.83087
      vertex 11.5243 -47.3 3.89415
      vertex 11.5243 -39.5 3.89415
    endloop
  endfacet
  facet normal -0.537414 0 0.843319
    outer loop
      vertex 11.5243 -47.3 3.89415
      vertex 11.425 -39.5 3.83087
      vertex 11.425 -47.3 3.83087
    endloop
  endfacet
  facet normal -0.737168 0 -0.675709
    outer loop
      vertex 11.7842 -47.3 5.86776
      vertex 11.7046 -39.5 5.9546
      vertex 11.7842 -39.5 5.86776
    endloop
  endfacet
  facet normal -0.737168 -0 -0.675709
    outer loop
      vertex 11.7046 -39.5 5.9546
      vertex 11.7842 -47.3 5.86776
      vertex 11.7046 -47.3 5.9546
    endloop
  endfacet
  facet normal 0.976297 0 -0.216436
    outer loop
      vertex 9.446 -47.3 5.34941
      vertex 9.42051 -39.5 5.23443
      vertex 9.446 -39.5 5.34941
    endloop
  endfacet
  facet normal 0.976297 0 -0.216436
    outer loop
      vertex 9.42051 -39.5 5.23443
      vertex 9.446 -47.3 5.34941
      vertex 9.42051 -47.3 5.23443
    endloop
  endfacet
  facet normal 0.953728 0 -0.300672
    outer loop
      vertex 9.48141 -47.3 5.46173
      vertex 9.446 -39.5 5.34941
      vertex 9.48141 -39.5 5.46173
    endloop
  endfacet
  facet normal 0.953728 0 -0.300672
    outer loop
      vertex 9.446 -39.5 5.34941
      vertex 9.48141 -47.3 5.46173
      vertex 9.446 -47.3 5.34941
    endloop
  endfacet
  facet normal -0.923779 0 0.382927
    outer loop
      vertex 11.9735 -47.3 4.42947
      vertex 12.0186 -39.5 4.53827
      vertex 11.9735 -39.5 4.42947
    endloop
  endfacet
  facet normal -0.923779 0 0.382927
    outer loop
      vertex 12.0186 -39.5 4.53827
      vertex 11.9735 -47.3 4.42947
      vertex 12.0186 -47.3 4.53827
    endloop
  endfacet
  facet normal 0.537298 0 0.843392
    outer loop
      vertex 9.97567 -39.5 3.89415
      vertex 10.075 -47.3 3.83087
      vertex 10.075 -39.5 3.83087
    endloop
  endfacet
  facet normal 0.537298 0 0.843392
    outer loop
      vertex 10.075 -47.3 3.83087
      vertex 9.97567 -39.5 3.89415
      vertex 9.97567 -47.3 3.89415
    endloop
  endfacet
  facet normal -0.8437 0 0.536815
    outer loop
      vertex 11.8559 -47.3 4.22567
      vertex 11.9191 -39.5 4.325
      vertex 11.8559 -39.5 4.22567
    endloop
  endfacet
  facet normal -0.8437 0 0.536815
    outer loop
      vertex 11.9191 -39.5 4.325
      vertex 11.8559 -47.3 4.22567
      vertex 11.9191 -47.3 4.325
    endloop
  endfacet
  facet normal 0.886954 -0 0.461858
    outer loop
      vertex 19.5265 39.5 4.42947
      vertex 19.5809 47.3 4.325
      vertex 19.5265 47.3 4.42947
    endloop
  endfacet
  facet normal 0.886954 0 0.461858
    outer loop
      vertex 19.5809 47.3 4.325
      vertex 19.5265 39.5 4.42947
      vertex 19.5809 39.5 4.325
    endloop
  endfacet
  facet normal 0.130578 0 -0.991438
    outer loop
      vertex 20.5156 39.5 6.32949
      vertex 20.6323 47.3 6.34486
      vertex 20.6323 39.5 6.34486
    endloop
  endfacet
  facet normal 0.130578 0 -0.991438
    outer loop
      vertex 20.6323 47.3 6.34486
      vertex 20.5156 39.5 6.32949
      vertex 20.5156 47.3 6.32949
    endloop
  endfacet
  facet normal 0.0436288 0 -0.999048
    outer loop
      vertex 20.6323 39.5 6.34486
      vertex 20.75 47.3 6.35
      vertex 20.75 39.5 6.35
    endloop
  endfacet
  facet normal 0.0436288 0 -0.999048
    outer loop
      vertex 20.75 47.3 6.35
      vertex 20.6323 39.5 6.34486
      vertex 20.6323 47.3 6.34486
    endloop
  endfacet
  facet normal 0.2164 0 -0.976305
    outer loop
      vertex 20.4006 39.5 6.304
      vertex 20.5156 47.3 6.32949
      vertex 20.5156 39.5 6.32949
    endloop
  endfacet
  facet normal 0.2164 0 -0.976305
    outer loop
      vertex 20.5156 47.3 6.32949
      vertex 20.4006 39.5 6.304
      vertex 20.4006 47.3 6.304
    endloop
  endfacet
  facet normal -0.886954 0 0.461858
    outer loop
      vertex 21.9191 39.5 4.325
      vertex 21.9735 47.3 4.42947
      vertex 21.9191 47.3 4.325
    endloop
  endfacet
  facet normal -0.886954 0 0.461858
    outer loop
      vertex 21.9735 47.3 4.42947
      vertex 21.9191 39.5 4.325
      vertex 21.9735 39.5 4.42947
    endloop
  endfacet
  facet normal 0.8437 0 -0.536815
    outer loop
      vertex 19.6441 39.5 5.77433
      vertex 19.5809 47.3 5.675
      vertex 19.6441 47.3 5.77433
    endloop
  endfacet
  facet normal 0.8437 0 -0.536815
    outer loop
      vertex 19.5809 47.3 5.675
      vertex 19.6441 39.5 5.77433
      vertex 19.5809 39.5 5.675
    endloop
  endfacet
  facet normal -0.2164 0 0.976305
    outer loop
      vertex 20.9844 47.3 3.67051
      vertex 21.0994 39.5 3.696
      vertex 21.0994 47.3 3.696
    endloop
  endfacet
  facet normal -0.2164 0 0.976305
    outer loop
      vertex 21.0994 39.5 3.696
      vertex 20.9844 47.3 3.67051
      vertex 20.9844 39.5 3.67051
    endloop
  endfacet
  facet normal -0.737129 0 0.675752
    outer loop
      vertex 21.7046 39.5 4.04541
      vertex 21.7842 47.3 4.13224
      vertex 21.7046 47.3 4.04541
    endloop
  endfacet
  facet normal -0.737129 0 0.675752
    outer loop
      vertex 21.7842 47.3 4.13224
      vertex 21.7046 39.5 4.04541
      vertex 21.7842 39.5 4.13224
    endloop
  endfacet
  facet normal 0.2164 0 0.976305
    outer loop
      vertex 20.4006 47.3 3.696
      vertex 20.5156 39.5 3.67051
      vertex 20.5156 47.3 3.67051
    endloop
  endfacet
  facet normal 0.2164 0 0.976305
    outer loop
      vertex 20.5156 39.5 3.67051
      vertex 20.4006 47.3 3.696
      vertex 20.4006 39.5 3.696
    endloop
  endfacet
  facet normal -0.999062 0 0.0433046
    outer loop
      vertex 22.0949 39.5 4.88234
      vertex 22.1 47.3 5
      vertex 22.0949 47.3 4.88234
    endloop
  endfacet
  facet normal -0.999062 0 0.0433046
    outer loop
      vertex 22.1 47.3 5
      vertex 22.0949 39.5 4.88234
      vertex 22.1 39.5 5
    endloop
  endfacet
  facet normal 0.737168 0 -0.675709
    outer loop
      vertex 19.7954 39.5 5.9546
      vertex 19.7158 47.3 5.86776
      vertex 19.7954 47.3 5.9546
    endloop
  endfacet
  facet normal 0.737168 0 -0.675709
    outer loop
      vertex 19.7158 47.3 5.86776
      vertex 19.7954 39.5 5.9546
      vertex 19.7158 39.5 5.86776
    endloop
  endfacet
  facet normal 0.793318 -0 0.608808
    outer loop
      vertex 19.6441 39.5 4.22567
      vertex 19.7158 47.3 4.13224
      vertex 19.6441 47.3 4.22567
    endloop
  endfacet
  facet normal 0.793318 0 0.608808
    outer loop
      vertex 19.7158 47.3 4.13224
      vertex 19.6441 39.5 4.22567
      vertex 19.7158 39.5 4.13224
    endloop
  endfacet
  facet normal 0.67574 0 0.73714
    outer loop
      vertex 19.7954 47.3 4.04541
      vertex 19.8822 39.5 3.96584
      vertex 19.8822 47.3 3.96584
    endloop
  endfacet
  facet normal 0.67574 0 0.73714
    outer loop
      vertex 19.8822 39.5 3.96584
      vertex 19.7954 47.3 4.04541
      vertex 19.7954 39.5 4.04541
    endloop
  endfacet
  facet normal 0.737129 -0 0.675752
    outer loop
      vertex 19.7158 39.5 4.13224
      vertex 19.7954 47.3 4.04541
      vertex 19.7158 47.3 4.13224
    endloop
  endfacet
  facet normal 0.737129 0 0.675752
    outer loop
      vertex 19.7954 47.3 4.04541
      vertex 19.7158 39.5 4.13224
      vertex 19.7954 39.5 4.04541
    endloop
  endfacet
  facet normal 0.923779 -0 0.382927
    outer loop
      vertex 19.4814 39.5 4.53827
      vertex 19.5265 47.3 4.42947
      vertex 19.4814 47.3 4.53827
    endloop
  endfacet
  facet normal 0.923779 0 0.382927
    outer loop
      vertex 19.5265 47.3 4.42947
      vertex 19.4814 39.5 4.53827
      vertex 19.5265 39.5 4.42947
    endloop
  endfacet
  facet normal 0.608467 0 0.793579
    outer loop
      vertex 19.8822 47.3 3.96584
      vertex 19.9757 39.5 3.89415
      vertex 19.9757 47.3 3.89415
    endloop
  endfacet
  facet normal 0.608467 0 0.793579
    outer loop
      vertex 19.9757 39.5 3.89415
      vertex 19.8822 47.3 3.96584
      vertex 19.8822 39.5 3.96584
    endloop
  endfacet
  facet normal 0.976279 -0 0.216517
    outer loop
      vertex 19.4205 39.5 4.76558
      vertex 19.446 47.3 4.6506
      vertex 19.4205 47.3 4.76558
    endloop
  endfacet
  facet normal 0.976279 0 0.216517
    outer loop
      vertex 19.446 47.3 4.6506
      vertex 19.4205 39.5 4.76558
      vertex 19.446 39.5 4.6506
    endloop
  endfacet
  facet normal 0.95376 -0 0.300571
    outer loop
      vertex 19.446 39.5 4.6506
      vertex 19.4814 47.3 4.53827
      vertex 19.446 47.3 4.6506
    endloop
  endfacet
  facet normal 0.95376 0 0.300571
    outer loop
      vertex 19.4814 47.3 4.53827
      vertex 19.446 39.5 4.6506
      vertex 19.4814 39.5 4.53827
    endloop
  endfacet
  facet normal -0.300798 0 0.953688
    outer loop
      vertex 21.0994 47.3 3.696
      vertex 21.2117 39.5 3.73142
      vertex 21.2117 47.3 3.73142
    endloop
  endfacet
  facet normal -0.300798 0 0.953688
    outer loop
      vertex 21.2117 39.5 3.73142
      vertex 21.0994 47.3 3.696
      vertex 21.0994 39.5 3.696
    endloop
  endfacet
  facet normal -0.991415 0 -0.130751
    outer loop
      vertex 22.0949 39.5 5.11766
      vertex 22.0795 47.3 5.23443
      vertex 22.0949 47.3 5.11766
    endloop
  endfacet
  facet normal -0.991415 -0 -0.130751
    outer loop
      vertex 22.0795 47.3 5.23443
      vertex 22.0949 39.5 5.11766
      vertex 22.0795 39.5 5.23443
    endloop
  endfacet
  facet normal -0.2164 0 -0.976305
    outer loop
      vertex 20.9844 39.5 6.32949
      vertex 21.0994 47.3 6.304
      vertex 21.0994 39.5 6.304
    endloop
  endfacet
  facet normal -0.2164 0 -0.976305
    outer loop
      vertex 21.0994 47.3 6.304
      vertex 20.9844 39.5 6.32949
      vertex 20.9844 47.3 6.32949
    endloop
  endfacet
  facet normal -0.537354 0 -0.843357
    outer loop
      vertex 21.425 39.5 6.16913
      vertex 21.5243 47.3 6.10586
      vertex 21.5243 39.5 6.10586
    endloop
  endfacet
  facet normal -0.537354 0 -0.843357
    outer loop
      vertex 21.5243 47.3 6.10586
      vertex 21.425 39.5 6.16913
      vertex 21.425 47.3 6.16913
    endloop
  endfacet
  facet normal -0.608521 0 -0.793538
    outer loop
      vertex 21.5243 39.5 6.10586
      vertex 21.6178 47.3 6.03416
      vertex 21.6178 39.5 6.03416
    endloop
  endfacet
  facet normal -0.608521 0 -0.793538
    outer loop
      vertex 21.6178 47.3 6.03416
      vertex 21.5243 39.5 6.10586
      vertex 21.5243 47.3 6.10586
    endloop
  endfacet
  facet normal -0.953752 0 -0.300595
    outer loop
      vertex 22.054 39.5 5.34941
      vertex 22.0186 47.3 5.46173
      vertex 22.054 47.3 5.34941
    endloop
  endfacet
  facet normal -0.953752 -0 -0.300595
    outer loop
      vertex 22.0186 47.3 5.46173
      vertex 22.054 39.5 5.34941
      vertex 22.0186 39.5 5.46173
    endloop
  endfacet
  facet normal 0.675694 0 -0.737182
    outer loop
      vertex 19.7954 39.5 5.9546
      vertex 19.8822 47.3 6.03416
      vertex 19.8822 39.5 6.03416
    endloop
  endfacet
  facet normal 0.675694 0 -0.737182
    outer loop
      vertex 19.8822 47.3 6.03416
      vertex 19.7954 39.5 5.9546
      vertex 19.7954 47.3 5.9546
    endloop
  endfacet
  facet normal -0.67574 0 0.73714
    outer loop
      vertex 21.6178 47.3 3.96584
      vertex 21.7046 39.5 4.04541
      vertex 21.7046 47.3 4.04541
    endloop
  endfacet
  facet normal -0.67574 0 0.73714
    outer loop
      vertex 21.7046 39.5 4.04541
      vertex 21.6178 47.3 3.96584
      vertex 21.6178 39.5 3.96584
    endloop
  endfacet
  facet normal -0.130578 0 0.991438
    outer loop
      vertex 20.8677 47.3 3.65514
      vertex 20.9844 39.5 3.67051
      vertex 20.9844 47.3 3.67051
    endloop
  endfacet
  facet normal -0.130578 0 0.991438
    outer loop
      vertex 20.9844 39.5 3.67051
      vertex 20.8677 47.3 3.65514
      vertex 20.8677 39.5 3.65514
    endloop
  endfacet
  facet normal 0.300721 0 -0.953712
    outer loop
      vertex 20.2883 39.5 6.26859
      vertex 20.4006 47.3 6.304
      vertex 20.4006 39.5 6.304
    endloop
  endfacet
  facet normal 0.300721 0 -0.953712
    outer loop
      vertex 20.4006 47.3 6.304
      vertex 20.2883 39.5 6.26859
      vertex 20.2883 47.3 6.26859
    endloop
  endfacet
  facet normal 0.461687 0 -0.887043
    outer loop
      vertex 20.075 39.5 6.16913
      vertex 20.1795 47.3 6.22352
      vertex 20.1795 39.5 6.22352
    endloop
  endfacet
  facet normal 0.461687 0 -0.887043
    outer loop
      vertex 20.1795 47.3 6.22352
      vertex 20.075 39.5 6.16913
      vertex 20.075 47.3 6.16913
    endloop
  endfacet
  facet normal 0.537354 0 -0.843357
    outer loop
      vertex 19.9757 39.5 6.10586
      vertex 20.075 47.3 6.16913
      vertex 20.075 39.5 6.16913
    endloop
  endfacet
  facet normal 0.537354 0 -0.843357
    outer loop
      vertex 20.075 47.3 6.16913
      vertex 19.9757 39.5 6.10586
      vertex 19.9757 47.3 6.10586
    endloop
  endfacet
  facet normal -0.95376 0 0.300571
    outer loop
      vertex 22.0186 39.5 4.53827
      vertex 22.054 47.3 4.6506
      vertex 22.0186 47.3 4.53827
    endloop
  endfacet
  facet normal -0.95376 0 0.300571
    outer loop
      vertex 22.054 47.3 4.6506
      vertex 22.0186 39.5 4.53827
      vertex 22.054 39.5 4.6506
    endloop
  endfacet
  facet normal -0.923791 0 -0.382897
    outer loop
      vertex 22.0186 39.5 5.46173
      vertex 21.9735 47.3 5.57054
      vertex 22.0186 47.3 5.46173
    endloop
  endfacet
  facet normal -0.923791 -0 -0.382897
    outer loop
      vertex 21.9735 47.3 5.57054
      vertex 22.0186 39.5 5.46173
      vertex 21.9735 39.5 5.57054
    endloop
  endfacet
  facet normal -0.675694 0 -0.737182
    outer loop
      vertex 21.6178 39.5 6.03416
      vertex 21.7046 47.3 5.9546
      vertex 21.7046 39.5 5.9546
    endloop
  endfacet
  facet normal -0.675694 0 -0.737182
    outer loop
      vertex 21.7046 47.3 5.9546
      vertex 21.6178 39.5 6.03416
      vertex 21.6178 47.3 6.03416
    endloop
  endfacet
  facet normal -0.382637 0 0.923899
    outer loop
      vertex 21.2117 47.3 3.73142
      vertex 21.3205 39.5 3.77648
      vertex 21.3205 47.3 3.77648
    endloop
  endfacet
  facet normal -0.382637 0 0.923899
    outer loop
      vertex 21.3205 39.5 3.77648
      vertex 21.2117 47.3 3.73142
      vertex 21.2117 39.5 3.73142
    endloop
  endfacet
  facet normal -0.886936 0 -0.461893
    outer loop
      vertex 21.9735 39.5 5.57054
      vertex 21.9191 47.3 5.675
      vertex 21.9735 47.3 5.57054
    endloop
  endfacet
  facet normal -0.886936 -0 -0.461893
    outer loop
      vertex 21.9191 47.3 5.675
      vertex 21.9735 39.5 5.57054
      vertex 21.9191 39.5 5.675
    endloop
  endfacet
  facet normal 0.999062 -0 0.0433046
    outer loop
      vertex 19.4 39.5 5
      vertex 19.4051 47.3 4.88234
      vertex 19.4 47.3 5
    endloop
  endfacet
  facet normal 0.999062 0 0.0433046
    outer loop
      vertex 19.4051 47.3 4.88234
      vertex 19.4 39.5 5
      vertex 19.4051 39.5 4.88234
    endloop
  endfacet
  facet normal 0.886936 0 -0.461893
    outer loop
      vertex 19.5809 39.5 5.675
      vertex 19.5265 47.3 5.57054
      vertex 19.5809 47.3 5.675
    endloop
  endfacet
  facet normal 0.886936 0 -0.461893
    outer loop
      vertex 19.5265 47.3 5.57054
      vertex 19.5809 39.5 5.675
      vertex 19.5265 39.5 5.57054
    endloop
  endfacet
  facet normal -0.8437 0 -0.536815
    outer loop
      vertex 21.9191 39.5 5.675
      vertex 21.8559 47.3 5.77433
      vertex 21.9191 47.3 5.675
    endloop
  endfacet
  facet normal -0.8437 -0 -0.536815
    outer loop
      vertex 21.8559 47.3 5.77433
      vertex 21.9191 39.5 5.675
      vertex 21.8559 39.5 5.77433
    endloop
  endfacet
  facet normal 0.793318 0 -0.608808
    outer loop
      vertex 19.7158 39.5 5.86776
      vertex 19.6441 47.3 5.77433
      vertex 19.7158 47.3 5.86776
    endloop
  endfacet
  facet normal 0.793318 0 -0.608808
    outer loop
      vertex 19.6441 47.3 5.77433
      vertex 19.7158 39.5 5.86776
      vertex 19.6441 39.5 5.77433
    endloop
  endfacet
  facet normal -0.0436288 0 0.999048
    outer loop
      vertex 20.75 47.3 3.65
      vertex 20.8677 39.5 3.65514
      vertex 20.8677 47.3 3.65514
    endloop
  endfacet
  facet normal -0.0436288 0 0.999048
    outer loop
      vertex 20.8677 39.5 3.65514
      vertex 20.75 47.3 3.65
      vertex 20.75 39.5 3.65
    endloop
  endfacet
  facet normal -0.999062 0 -0.0433046
    outer loop
      vertex 22.1 39.5 5
      vertex 22.0949 47.3 5.11766
      vertex 22.1 47.3 5
    endloop
  endfacet
  facet normal -0.999062 -0 -0.0433046
    outer loop
      vertex 22.0949 47.3 5.11766
      vertex 22.1 39.5 5
      vertex 22.0949 39.5 5.11766
    endloop
  endfacet
  facet normal -0.300721 0 -0.953712
    outer loop
      vertex 21.0994 39.5 6.304
      vertex 21.2117 47.3 6.26859
      vertex 21.2117 39.5 6.26859
    endloop
  endfacet
  facet normal -0.300721 0 -0.953712
    outer loop
      vertex 21.2117 47.3 6.26859
      vertex 21.0994 39.5 6.304
      vertex 21.0994 47.3 6.304
    endloop
  endfacet
  facet normal -0.793318 0 0.608808
    outer loop
      vertex 21.7842 39.5 4.13224
      vertex 21.8559 47.3 4.22567
      vertex 21.7842 47.3 4.13224
    endloop
  endfacet
  facet normal -0.793318 0 0.608808
    outer loop
      vertex 21.8559 47.3 4.22567
      vertex 21.7842 39.5 4.13224
      vertex 21.8559 39.5 4.22567
    endloop
  endfacet
  facet normal 0.0436288 0 0.999048
    outer loop
      vertex 20.6323 47.3 3.65514
      vertex 20.75 39.5 3.65
      vertex 20.75 47.3 3.65
    endloop
  endfacet
  facet normal 0.0436288 0 0.999048
    outer loop
      vertex 20.75 39.5 3.65
      vertex 20.6323 47.3 3.65514
      vertex 20.6323 39.5 3.65514
    endloop
  endfacet
  facet normal -0.461687 0 -0.887043
    outer loop
      vertex 21.3205 39.5 6.22352
      vertex 21.425 47.3 6.16913
      vertex 21.425 39.5 6.16913
    endloop
  endfacet
  facet normal -0.461687 0 -0.887043
    outer loop
      vertex 21.425 47.3 6.16913
      vertex 21.3205 39.5 6.22352
      vertex 21.3205 47.3 6.22352
    endloop
  endfacet
  facet normal 0.8437 -0 0.536815
    outer loop
      vertex 19.5809 39.5 4.325
      vertex 19.6441 47.3 4.22567
      vertex 19.5809 47.3 4.325
    endloop
  endfacet
  facet normal 0.8437 0 0.536815
    outer loop
      vertex 19.6441 47.3 4.22567
      vertex 19.5809 39.5 4.325
      vertex 19.6441 39.5 4.22567
    endloop
  endfacet
  facet normal -0.793318 0 -0.608808
    outer loop
      vertex 21.8559 39.5 5.77433
      vertex 21.7842 47.3 5.86776
      vertex 21.8559 47.3 5.77433
    endloop
  endfacet
  facet normal -0.793318 -0 -0.608808
    outer loop
      vertex 21.7842 47.3 5.86776
      vertex 21.8559 39.5 5.77433
      vertex 21.7842 39.5 5.86776
    endloop
  endfacet
  facet normal 0.130578 0 0.991438
    outer loop
      vertex 20.5156 47.3 3.67051
      vertex 20.6323 39.5 3.65514
      vertex 20.6323 47.3 3.65514
    endloop
  endfacet
  facet normal 0.130578 0 0.991438
    outer loop
      vertex 20.6323 39.5 3.65514
      vertex 20.5156 47.3 3.67051
      vertex 20.5156 39.5 3.67051
    endloop
  endfacet
  facet normal 0.382709 0 -0.923869
    outer loop
      vertex 20.1795 39.5 6.22352
      vertex 20.2883 47.3 6.26859
      vertex 20.2883 39.5 6.26859
    endloop
  endfacet
  facet normal 0.382709 0 -0.923869
    outer loop
      vertex 20.2883 47.3 6.26859
      vertex 20.1795 39.5 6.22352
      vertex 20.1795 47.3 6.22352
    endloop
  endfacet
  facet normal 0.999062 0 -0.0433046
    outer loop
      vertex 19.4051 39.5 5.11766
      vertex 19.4 47.3 5
      vertex 19.4051 47.3 5.11766
    endloop
  endfacet
  facet normal 0.999062 0 -0.0433046
    outer loop
      vertex 19.4 47.3 5
      vertex 19.4051 39.5 5.11766
      vertex 19.4 39.5 5
    endloop
  endfacet
  facet normal -0.130578 0 -0.991438
    outer loop
      vertex 20.8677 39.5 6.34486
      vertex 20.9844 47.3 6.32949
      vertex 20.9844 39.5 6.32949
    endloop
  endfacet
  facet normal -0.130578 0 -0.991438
    outer loop
      vertex 20.9844 47.3 6.32949
      vertex 20.8677 39.5 6.34486
      vertex 20.8677 47.3 6.34486
    endloop
  endfacet
  facet normal 0.461687 0 0.887043
    outer loop
      vertex 20.075 47.3 3.83087
      vertex 20.1795 39.5 3.77648
      vertex 20.1795 47.3 3.77648
    endloop
  endfacet
  facet normal 0.461687 0 0.887043
    outer loop
      vertex 20.1795 39.5 3.77648
      vertex 20.075 47.3 3.83087
      vertex 20.075 39.5 3.83087
    endloop
  endfacet
  facet normal -0.608467 0 0.793579
    outer loop
      vertex 21.5243 47.3 3.89415
      vertex 21.6178 39.5 3.96584
      vertex 21.6178 47.3 3.96584
    endloop
  endfacet
  facet normal -0.608467 0 0.793579
    outer loop
      vertex 21.6178 39.5 3.96584
      vertex 21.5243 47.3 3.89415
      vertex 21.5243 39.5 3.89415
    endloop
  endfacet
  facet normal -0.461687 0 0.887043
    outer loop
      vertex 21.3205 47.3 3.77648
      vertex 21.425 39.5 3.83087
      vertex 21.425 47.3 3.83087
    endloop
  endfacet
  facet normal -0.461687 0 0.887043
    outer loop
      vertex 21.425 39.5 3.83087
      vertex 21.3205 47.3 3.77648
      vertex 21.3205 39.5 3.77648
    endloop
  endfacet
  facet normal 0.991414 -0 0.130762
    outer loop
      vertex 19.4051 39.5 4.88234
      vertex 19.4205 47.3 4.76558
      vertex 19.4051 47.3 4.88234
    endloop
  endfacet
  facet normal 0.991414 0 0.130762
    outer loop
      vertex 19.4205 47.3 4.76558
      vertex 19.4051 39.5 4.88234
      vertex 19.4205 39.5 4.76558
    endloop
  endfacet
  facet normal -0.991414 0 0.130762
    outer loop
      vertex 22.0795 39.5 4.76558
      vertex 22.0949 47.3 4.88234
      vertex 22.0795 47.3 4.76558
    endloop
  endfacet
  facet normal -0.991414 0 0.130762
    outer loop
      vertex 22.0949 47.3 4.88234
      vertex 22.0795 39.5 4.76558
      vertex 22.0949 39.5 4.88234
    endloop
  endfacet
  facet normal 0.991415 0 -0.130751
    outer loop
      vertex 19.4205 39.5 5.23443
      vertex 19.4051 47.3 5.11766
      vertex 19.4205 47.3 5.23443
    endloop
  endfacet
  facet normal 0.991415 0 -0.130751
    outer loop
      vertex 19.4051 47.3 5.11766
      vertex 19.4205 39.5 5.23443
      vertex 19.4051 39.5 5.11766
    endloop
  endfacet
  facet normal -0.976279 0 -0.216517
    outer loop
      vertex 22.0795 39.5 5.23443
      vertex 22.054 47.3 5.34941
      vertex 22.0795 47.3 5.23443
    endloop
  endfacet
  facet normal -0.976279 -0 -0.216517
    outer loop
      vertex 22.054 47.3 5.34941
      vertex 22.0795 39.5 5.23443
      vertex 22.054 39.5 5.34941
    endloop
  endfacet
  facet normal 0.300798 0 0.953688
    outer loop
      vertex 20.2883 47.3 3.73142
      vertex 20.4006 39.5 3.696
      vertex 20.4006 47.3 3.696
    endloop
  endfacet
  facet normal 0.300798 0 0.953688
    outer loop
      vertex 20.4006 39.5 3.696
      vertex 20.2883 47.3 3.73142
      vertex 20.2883 39.5 3.73142
    endloop
  endfacet
  facet normal -0.382709 0 -0.923869
    outer loop
      vertex 21.2117 39.5 6.26859
      vertex 21.3205 47.3 6.22352
      vertex 21.3205 39.5 6.22352
    endloop
  endfacet
  facet normal -0.382709 0 -0.923869
    outer loop
      vertex 21.3205 47.3 6.22352
      vertex 21.2117 39.5 6.26859
      vertex 21.2117 47.3 6.26859
    endloop
  endfacet
  facet normal -0.976279 0 0.216517
    outer loop
      vertex 22.054 39.5 4.6506
      vertex 22.0795 47.3 4.76558
      vertex 22.054 47.3 4.6506
    endloop
  endfacet
  facet normal -0.976279 0 0.216517
    outer loop
      vertex 22.0795 47.3 4.76558
      vertex 22.054 39.5 4.6506
      vertex 22.0795 39.5 4.76558
    endloop
  endfacet
  facet normal 0.608521 0 -0.793538
    outer loop
      vertex 19.8822 39.5 6.03416
      vertex 19.9757 47.3 6.10586
      vertex 19.9757 39.5 6.10586
    endloop
  endfacet
  facet normal 0.608521 0 -0.793538
    outer loop
      vertex 19.9757 47.3 6.10586
      vertex 19.8822 39.5 6.03416
      vertex 19.8822 47.3 6.03416
    endloop
  endfacet
  facet normal -0.0436288 0 -0.999048
    outer loop
      vertex 20.75 39.5 6.35
      vertex 20.8677 47.3 6.34486
      vertex 20.8677 39.5 6.34486
    endloop
  endfacet
  facet normal -0.0436288 0 -0.999048
    outer loop
      vertex 20.8677 47.3 6.34486
      vertex 20.75 39.5 6.35
      vertex 20.75 47.3 6.35
    endloop
  endfacet
  facet normal 0.923791 0 -0.382897
    outer loop
      vertex 19.5265 39.5 5.57054
      vertex 19.4814 47.3 5.46173
      vertex 19.5265 47.3 5.57054
    endloop
  endfacet
  facet normal 0.923791 0 -0.382897
    outer loop
      vertex 19.4814 47.3 5.46173
      vertex 19.5265 39.5 5.57054
      vertex 19.4814 39.5 5.46173
    endloop
  endfacet
  facet normal 0.382637 0 0.923899
    outer loop
      vertex 20.1795 47.3 3.77648
      vertex 20.2883 39.5 3.73142
      vertex 20.2883 47.3 3.73142
    endloop
  endfacet
  facet normal 0.382637 0 0.923899
    outer loop
      vertex 20.2883 39.5 3.73142
      vertex 20.1795 47.3 3.77648
      vertex 20.1795 39.5 3.77648
    endloop
  endfacet
  facet normal -0.537414 0 0.843319
    outer loop
      vertex 21.425 47.3 3.83087
      vertex 21.5243 39.5 3.89415
      vertex 21.5243 47.3 3.89415
    endloop
  endfacet
  facet normal -0.537414 0 0.843319
    outer loop
      vertex 21.5243 39.5 3.89415
      vertex 21.425 47.3 3.83087
      vertex 21.425 39.5 3.83087
    endloop
  endfacet
  facet normal -0.737168 0 -0.675709
    outer loop
      vertex 21.7842 39.5 5.86776
      vertex 21.7046 47.3 5.9546
      vertex 21.7842 47.3 5.86776
    endloop
  endfacet
  facet normal -0.737168 -0 -0.675709
    outer loop
      vertex 21.7046 47.3 5.9546
      vertex 21.7842 39.5 5.86776
      vertex 21.7046 39.5 5.9546
    endloop
  endfacet
  facet normal 0.976279 0 -0.216517
    outer loop
      vertex 19.446 39.5 5.34941
      vertex 19.4205 47.3 5.23443
      vertex 19.446 47.3 5.34941
    endloop
  endfacet
  facet normal 0.976279 0 -0.216517
    outer loop
      vertex 19.4205 47.3 5.23443
      vertex 19.446 39.5 5.34941
      vertex 19.4205 39.5 5.23443
    endloop
  endfacet
  facet normal 0.953752 0 -0.300595
    outer loop
      vertex 19.4814 39.5 5.46173
      vertex 19.446 47.3 5.34941
      vertex 19.4814 47.3 5.46173
    endloop
  endfacet
  facet normal 0.953752 0 -0.300595
    outer loop
      vertex 19.446 47.3 5.34941
      vertex 19.4814 39.5 5.46173
      vertex 19.446 39.5 5.34941
    endloop
  endfacet
  facet normal -0.923779 0 0.382927
    outer loop
      vertex 21.9735 39.5 4.42947
      vertex 22.0186 47.3 4.53827
      vertex 21.9735 47.3 4.42947
    endloop
  endfacet
  facet normal -0.923779 0 0.382927
    outer loop
      vertex 22.0186 47.3 4.53827
      vertex 21.9735 39.5 4.42947
      vertex 22.0186 39.5 4.53827
    endloop
  endfacet
  facet normal 0 1 0
    outer loop
      vertex 20.8677 39.5 6.34486
      vertex 20.6323 39.5 6.34486
      vertex 20.75 39.5 6.35
    endloop
  endfacet
  facet normal 0 1 0
    outer loop
      vertex 20.9844 39.5 6.32949
      vertex 20.6323 39.5 6.34486
      vertex 20.8677 39.5 6.34486
    endloop
  endfacet
  facet normal 0 1 0
    outer loop
      vertex 20.9844 39.5 6.32949
      vertex 20.5156 39.5 6.32949
      vertex 20.6323 39.5 6.34486
    endloop
  endfacet
  facet normal 0 1 0
    outer loop
      vertex 21.0994 39.5 6.304
      vertex 20.5156 39.5 6.32949
      vertex 20.9844 39.5 6.32949
    endloop
  endfacet
  facet normal 0 1 0
    outer loop
      vertex 21.0994 39.5 6.304
      vertex 20.4006 39.5 6.304
      vertex 20.5156 39.5 6.32949
    endloop
  endfacet
  facet normal 0 1 0
    outer loop
      vertex 21.2117 39.5 6.26859
      vertex 20.4006 39.5 6.304
      vertex 21.0994 39.5 6.304
    endloop
  endfacet
  facet normal 0 1 0
    outer loop
      vertex 21.2117 39.5 6.26859
      vertex 20.2883 39.5 6.26859
      vertex 20.4006 39.5 6.304
    endloop
  endfacet
  facet normal 0 1 0
    outer loop
      vertex 21.3205 39.5 6.22352
      vertex 20.2883 39.5 6.26859
      vertex 21.2117 39.5 6.26859
    endloop
  endfacet
  facet normal 0 1 0
    outer loop
      vertex 21.3205 39.5 6.22352
      vertex 20.1795 39.5 6.22352
      vertex 20.2883 39.5 6.26859
    endloop
  endfacet
  facet normal 0 1 0
    outer loop
      vertex 21.425 39.5 6.16913
      vertex 20.1795 39.5 6.22352
      vertex 21.3205 39.5 6.22352
    endloop
  endfacet
  facet normal 0 1 0
    outer loop
      vertex 21.425 39.5 6.16913
      vertex 20.075 39.5 6.16913
      vertex 20.1795 39.5 6.22352
    endloop
  endfacet
  facet normal 0 1 0
    outer loop
      vertex 21.5243 39.5 6.10586
      vertex 20.075 39.5 6.16913
      vertex 21.425 39.5 6.16913
    endloop
  endfacet
  facet normal 0 1 0
    outer loop
      vertex 21.5243 39.5 6.10586
      vertex 19.9757 39.5 6.10586
      vertex 20.075 39.5 6.16913
    endloop
  endfacet
  facet normal 0 1 0
    outer loop
      vertex 21.6178 39.5 6.03416
      vertex 19.9757 39.5 6.10586
      vertex 21.5243 39.5 6.10586
    endloop
  endfacet
  facet normal 0 1 0
    outer loop
      vertex 21.6178 39.5 6.03416
      vertex 19.8822 39.5 6.03416
      vertex 19.9757 39.5 6.10586
    endloop
  endfacet
  facet normal 0 1 0
    outer loop
      vertex 21.7046 39.5 5.9546
      vertex 19.8822 39.5 6.03416
      vertex 21.6178 39.5 6.03416
    endloop
  endfacet
  facet normal 0 1 0
    outer loop
      vertex 21.7046 39.5 5.9546
      vertex 19.7954 39.5 5.9546
      vertex 19.8822 39.5 6.03416
    endloop
  endfacet
  facet normal 0 1 0
    outer loop
      vertex 21.7842 39.5 5.86776
      vertex 19.7954 39.5 5.9546
      vertex 21.7046 39.5 5.9546
    endloop
  endfacet
  facet normal 0 1 0
    outer loop
      vertex 21.7842 39.5 5.86776
      vertex 19.7158 39.5 5.86776
      vertex 19.7954 39.5 5.9546
    endloop
  endfacet
  facet normal 0 1 0
    outer loop
      vertex 21.8559 39.5 5.77433
      vertex 19.7158 39.5 5.86776
      vertex 21.7842 39.5 5.86776
    endloop
  endfacet
  facet normal 0 1 0
    outer loop
      vertex 21.8559 39.5 5.77433
      vertex 19.6441 39.5 5.77433
      vertex 19.7158 39.5 5.86776
    endloop
  endfacet
  facet normal 0 1 0
    outer loop
      vertex 21.9191 39.5 5.675
      vertex 19.6441 39.5 5.77433
      vertex 21.8559 39.5 5.77433
    endloop
  endfacet
  facet normal 0 1 0
    outer loop
      vertex 21.9191 39.5 5.675
      vertex 19.5809 39.5 5.675
      vertex 19.6441 39.5 5.77433
    endloop
  endfacet
  facet normal 0 1 0
    outer loop
      vertex 21.9735 39.5 5.57054
      vertex 19.5809 39.5 5.675
      vertex 21.9191 39.5 5.675
    endloop
  endfacet
  facet normal 0 1 0
    outer loop
      vertex 21.9735 39.5 5.57054
      vertex 19.5265 39.5 5.57054
      vertex 19.5809 39.5 5.675
    endloop
  endfacet
  facet normal 0 1 0
    outer loop
      vertex 22.0186 39.5 5.46173
      vertex 19.5265 39.5 5.57054
      vertex 21.9735 39.5 5.57054
    endloop
  endfacet
  facet normal 0 1 0
    outer loop
      vertex 22.0186 39.5 5.46173
      vertex 19.4814 39.5 5.46173
      vertex 19.5265 39.5 5.57054
    endloop
  endfacet
  facet normal 0 1 0
    outer loop
      vertex 22.054 39.5 5.34941
      vertex 19.4814 39.5 5.46173
      vertex 22.0186 39.5 5.46173
    endloop
  endfacet
  facet normal 0 1 0
    outer loop
      vertex 22.054 39.5 5.34941
      vertex 19.446 39.5 5.34941
      vertex 19.4814 39.5 5.46173
    endloop
  endfacet
  facet normal 0 1 0
    outer loop
      vertex 22.0795 39.5 5.23443
      vertex 19.446 39.5 5.34941
      vertex 22.054 39.5 5.34941
    endloop
  endfacet
  facet normal 0 1 0
    outer loop
      vertex 22.0795 39.5 5.23443
      vertex 19.4205 39.5 5.23443
      vertex 19.446 39.5 5.34941
    endloop
  endfacet
  facet normal 0 1 0
    outer loop
      vertex 22.0949 39.5 5.11766
      vertex 19.4205 39.5 5.23443
      vertex 22.0795 39.5 5.23443
    endloop
  endfacet
  facet normal 0 1 0
    outer loop
      vertex 22.0949 39.5 5.11766
      vertex 19.4051 39.5 5.11766
      vertex 19.4205 39.5 5.23443
    endloop
  endfacet
  facet normal 0 1 0
    outer loop
      vertex 22.1 39.5 5
      vertex 19.4051 39.5 5.11766
      vertex 22.0949 39.5 5.11766
    endloop
  endfacet
  facet normal 0 1 0
    outer loop
      vertex 22.1 39.5 5
      vertex 19.4 39.5 5
      vertex 19.4051 39.5 5.11766
    endloop
  endfacet
  facet normal 0 1 -0
    outer loop
      vertex 22.0949 39.5 4.88234
      vertex 19.4 39.5 5
      vertex 22.1 39.5 5
    endloop
  endfacet
  facet normal 0 1 0
    outer loop
      vertex 22.0949 39.5 4.88234
      vertex 19.4051 39.5 4.88234
      vertex 19.4 39.5 5
    endloop
  endfacet
  facet normal 0 1 -0
    outer loop
      vertex 22.0795 39.5 4.76558
      vertex 19.4051 39.5 4.88234
      vertex 22.0949 39.5 4.88234
    endloop
  endfacet
  facet normal 0 1 0
    outer loop
      vertex 22.0795 39.5 4.76558
      vertex 19.4205 39.5 4.76558
      vertex 19.4051 39.5 4.88234
    endloop
  endfacet
  facet normal 0 1 -0
    outer loop
      vertex 22.054 39.5 4.6506
      vertex 19.4205 39.5 4.76558
      vertex 22.0795 39.5 4.76558
    endloop
  endfacet
  facet normal 0 1 0
    outer loop
      vertex 22.054 39.5 4.6506
      vertex 19.446 39.5 4.6506
      vertex 19.4205 39.5 4.76558
    endloop
  endfacet
  facet normal 0 1 -0
    outer loop
      vertex 22.0186 39.5 4.53827
      vertex 19.446 39.5 4.6506
      vertex 22.054 39.5 4.6506
    endloop
  endfacet
  facet normal 0 1 0
    outer loop
      vertex 22.0186 39.5 4.53827
      vertex 19.4814 39.5 4.53827
      vertex 19.446 39.5 4.6506
    endloop
  endfacet
  facet normal 0 1 -0
    outer loop
      vertex 21.9735 39.5 4.42947
      vertex 19.4814 39.5 4.53827
      vertex 22.0186 39.5 4.53827
    endloop
  endfacet
  facet normal 0 1 0
    outer loop
      vertex 21.9735 39.5 4.42947
      vertex 19.5265 39.5 4.42947
      vertex 19.4814 39.5 4.53827
    endloop
  endfacet
  facet normal 0 1 -0
    outer loop
      vertex 21.9191 39.5 4.325
      vertex 19.5265 39.5 4.42947
      vertex 21.9735 39.5 4.42947
    endloop
  endfacet
  facet normal 0 1 0
    outer loop
      vertex 21.9191 39.5 4.325
      vertex 19.5809 39.5 4.325
      vertex 19.5265 39.5 4.42947
    endloop
  endfacet
  facet normal 0 1 -0
    outer loop
      vertex 21.8559 39.5 4.22567
      vertex 19.5809 39.5 4.325
      vertex 21.9191 39.5 4.325
    endloop
  endfacet
  facet normal 0 1 0
    outer loop
      vertex 21.8559 39.5 4.22567
      vertex 19.6441 39.5 4.22567
      vertex 19.5809 39.5 4.325
    endloop
  endfacet
  facet normal 0 1 -0
    outer loop
      vertex 21.7842 39.5 4.13224
      vertex 19.6441 39.5 4.22567
      vertex 21.8559 39.5 4.22567
    endloop
  endfacet
  facet normal 0 1 0
    outer loop
      vertex 21.7842 39.5 4.13224
      vertex 19.7158 39.5 4.13224
      vertex 19.6441 39.5 4.22567
    endloop
  endfacet
  facet normal 0 1 -0
    outer loop
      vertex 21.7046 39.5 4.04541
      vertex 19.7158 39.5 4.13224
      vertex 21.7842 39.5 4.13224
    endloop
  endfacet
  facet normal 0 1 0
    outer loop
      vertex 21.7046 39.5 4.04541
      vertex 19.7954 39.5 4.04541
      vertex 19.7158 39.5 4.13224
    endloop
  endfacet
  facet normal 0 1 -0
    outer loop
      vertex 21.6178 39.5 3.96584
      vertex 19.7954 39.5 4.04541
      vertex 21.7046 39.5 4.04541
    endloop
  endfacet
  facet normal 0 1 0
    outer loop
      vertex 21.6178 39.5 3.96584
      vertex 19.8822 39.5 3.96584
      vertex 19.7954 39.5 4.04541
    endloop
  endfacet
  facet normal 0 1 -0
    outer loop
      vertex 21.5243 39.5 3.89415
      vertex 19.8822 39.5 3.96584
      vertex 21.6178 39.5 3.96584
    endloop
  endfacet
  facet normal 0 1 0
    outer loop
      vertex 21.5243 39.5 3.89415
      vertex 19.9757 39.5 3.89415
      vertex 19.8822 39.5 3.96584
    endloop
  endfacet
  facet normal 0 1 -0
    outer loop
      vertex 21.425 39.5 3.83087
      vertex 19.9757 39.5 3.89415
      vertex 21.5243 39.5 3.89415
    endloop
  endfacet
  facet normal 0 1 0
    outer loop
      vertex 21.425 39.5 3.83087
      vertex 20.075 39.5 3.83087
      vertex 19.9757 39.5 3.89415
    endloop
  endfacet
  facet normal 0 1 -0
    outer loop
      vertex 21.3205 39.5 3.77648
      vertex 20.075 39.5 3.83087
      vertex 21.425 39.5 3.83087
    endloop
  endfacet
  facet normal 0 1 0
    outer loop
      vertex 21.3205 39.5 3.77648
      vertex 20.1795 39.5 3.77648
      vertex 20.075 39.5 3.83087
    endloop
  endfacet
  facet normal 0 1 -0
    outer loop
      vertex 21.2117 39.5 3.73142
      vertex 20.1795 39.5 3.77648
      vertex 21.3205 39.5 3.77648
    endloop
  endfacet
  facet normal 0 1 0
    outer loop
      vertex 21.2117 39.5 3.73142
      vertex 20.2883 39.5 3.73142
      vertex 20.1795 39.5 3.77648
    endloop
  endfacet
  facet normal 0 1 -0
    outer loop
      vertex 21.0994 39.5 3.696
      vertex 20.2883 39.5 3.73142
      vertex 21.2117 39.5 3.73142
    endloop
  endfacet
  facet normal 0 1 0
    outer loop
      vertex 21.0994 39.5 3.696
      vertex 20.4006 39.5 3.696
      vertex 20.2883 39.5 3.73142
    endloop
  endfacet
  facet normal 0 1 -0
    outer loop
      vertex 20.9844 39.5 3.67051
      vertex 20.4006 39.5 3.696
      vertex 21.0994 39.5 3.696
    endloop
  endfacet
  facet normal 0 1 0
    outer loop
      vertex 20.9844 39.5 3.67051
      vertex 20.5156 39.5 3.67051
      vertex 20.4006 39.5 3.696
    endloop
  endfacet
  facet normal 0 1 -0
    outer loop
      vertex 20.8677 39.5 3.65514
      vertex 20.5156 39.5 3.67051
      vertex 20.9844 39.5 3.67051
    endloop
  endfacet
  facet normal 0 1 0
    outer loop
      vertex 20.8677 39.5 3.65514
      vertex 20.6323 39.5 3.65514
      vertex 20.5156 39.5 3.67051
    endloop
  endfacet
  facet normal -0 1 0
    outer loop
      vertex 20.6323 39.5 3.65514
      vertex 20.8677 39.5 3.65514
      vertex 20.75 39.5 3.65
    endloop
  endfacet
  facet normal 0.537414 0 0.843319
    outer loop
      vertex 19.9757 47.3 3.89415
      vertex 20.075 39.5 3.83087
      vertex 20.075 47.3 3.83087
    endloop
  endfacet
  facet normal 0.537414 0 0.843319
    outer loop
      vertex 20.075 39.5 3.83087
      vertex 19.9757 47.3 3.89415
      vertex 19.9757 39.5 3.89415
    endloop
  endfacet
  facet normal -0.8437 0 0.536815
    outer loop
      vertex 21.8559 39.5 4.22567
      vertex 21.9191 47.3 4.325
      vertex 21.8559 47.3 4.22567
    endloop
  endfacet
  facet normal -0.8437 0 0.536815
    outer loop
      vertex 21.9191 47.3 4.325
      vertex 21.8559 39.5 4.22567
      vertex 21.9191 39.5 4.325
    endloop
  endfacet
  facet normal 0.887023 -0 0.461724
    outer loop
      vertex 9.52648 39.5 4.42947
      vertex 9.58086 47.3 4.325
      vertex 9.52648 47.3 4.42947
    endloop
  endfacet
  facet normal 0.887023 0 0.461724
    outer loop
      vertex 9.58086 47.3 4.325
      vertex 9.52648 39.5 4.42947
      vertex 9.58086 39.5 4.325
    endloop
  endfacet
  facet normal 0.130578 0 -0.991438
    outer loop
      vertex 10.5156 39.5 6.32949
      vertex 10.6323 47.3 6.34486
      vertex 10.6323 39.5 6.34486
    endloop
  endfacet
  facet normal 0.130578 0 -0.991438
    outer loop
      vertex 10.6323 47.3 6.34486
      vertex 10.5156 39.5 6.32949
      vertex 10.5156 47.3 6.32949
    endloop
  endfacet
  facet normal 0.0436288 0 -0.999048
    outer loop
      vertex 10.6323 39.5 6.34486
      vertex 10.75 47.3 6.35
      vertex 10.75 39.5 6.35
    endloop
  endfacet
  facet normal 0.0436288 0 -0.999048
    outer loop
      vertex 10.75 47.3 6.35
      vertex 10.6323 39.5 6.34486
      vertex 10.6323 47.3 6.34486
    endloop
  endfacet
  facet normal 0.2164 0 -0.976305
    outer loop
      vertex 10.4006 39.5 6.304
      vertex 10.5156 47.3 6.32949
      vertex 10.5156 39.5 6.32949
    endloop
  endfacet
  facet normal 0.2164 0 -0.976305
    outer loop
      vertex 10.5156 47.3 6.32949
      vertex 10.4006 39.5 6.304
      vertex 10.4006 47.3 6.304
    endloop
  endfacet
  facet normal -0.886954 0 0.461858
    outer loop
      vertex 11.9191 39.5 4.325
      vertex 11.9735 47.3 4.42947
      vertex 11.9191 47.3 4.325
    endloop
  endfacet
  facet normal -0.886954 0 0.461858
    outer loop
      vertex 11.9735 47.3 4.42947
      vertex 11.9191 39.5 4.325
      vertex 11.9735 39.5 4.42947
    endloop
  endfacet
  facet normal 0.843392 0 -0.537298
    outer loop
      vertex 9.64414 39.5 5.77433
      vertex 9.58086 47.3 5.675
      vertex 9.64414 47.3 5.77433
    endloop
  endfacet
  facet normal 0.843392 0 -0.537298
    outer loop
      vertex 9.58086 47.3 5.675
      vertex 9.64414 39.5 5.77433
      vertex 9.58086 39.5 5.675
    endloop
  endfacet
  facet normal -0.2164 0 0.976305
    outer loop
      vertex 10.9844 47.3 3.67051
      vertex 11.0994 39.5 3.696
      vertex 11.0994 47.3 3.696
    endloop
  endfacet
  facet normal -0.2164 0 0.976305
    outer loop
      vertex 11.0994 39.5 3.696
      vertex 10.9844 47.3 3.67051
      vertex 10.9844 39.5 3.67051
    endloop
  endfacet
  facet normal -0.737129 0 0.675752
    outer loop
      vertex 11.7046 39.5 4.04541
      vertex 11.7842 47.3 4.13224
      vertex 11.7046 47.3 4.04541
    endloop
  endfacet
  facet normal -0.737129 0 0.675752
    outer loop
      vertex 11.7842 47.3 4.13224
      vertex 11.7046 39.5 4.04541
      vertex 11.7842 39.5 4.13224
    endloop
  endfacet
  facet normal 0.2164 0 0.976305
    outer loop
      vertex 10.4006 47.3 3.696
      vertex 10.5156 39.5 3.67051
      vertex 10.5156 47.3 3.67051
    endloop
  endfacet
  facet normal 0.2164 0 0.976305
    outer loop
      vertex 10.5156 39.5 3.67051
      vertex 10.4006 47.3 3.696
      vertex 10.4006 39.5 3.696
    endloop
  endfacet
  facet normal -0.999062 0 0.0433046
    outer loop
      vertex 12.0949 39.5 4.88234
      vertex 12.1 47.3 5
      vertex 12.0949 47.3 4.88234
    endloop
  endfacet
  facet normal -0.999062 0 0.0433046
    outer loop
      vertex 12.1 47.3 5
      vertex 12.0949 39.5 4.88234
      vertex 12.1 39.5 5
    endloop
  endfacet
  facet normal 0.737295 0 -0.675571
    outer loop
      vertex 9.79541 39.5 5.9546
      vertex 9.71584 47.3 5.86776
      vertex 9.79541 47.3 5.9546
    endloop
  endfacet
  facet normal 0.737295 0 -0.675571
    outer loop
      vertex 9.71584 47.3 5.86776
      vertex 9.79541 39.5 5.9546
      vertex 9.71584 39.5 5.86776
    endloop
  endfacet
  facet normal 0.793318 -0 0.608808
    outer loop
      vertex 9.64414 39.5 4.22567
      vertex 9.71584 47.3 4.13224
      vertex 9.64414 47.3 4.22567
    endloop
  endfacet
  facet normal 0.793318 0 0.608808
    outer loop
      vertex 9.71584 47.3 4.13224
      vertex 9.64414 39.5 4.22567
      vertex 9.71584 39.5 4.13224
    endloop
  endfacet
  facet normal 0.675613 0 0.737256
    outer loop
      vertex 9.79541 47.3 4.04541
      vertex 9.88224 39.5 3.96584
      vertex 9.88224 47.3 3.96584
    endloop
  endfacet
  facet normal 0.675613 0 0.737256
    outer loop
      vertex 9.88224 39.5 3.96584
      vertex 9.79541 47.3 4.04541
      vertex 9.79541 39.5 4.04541
    endloop
  endfacet
  facet normal 0.737256 -0 0.675613
    outer loop
      vertex 9.71584 39.5 4.13224
      vertex 9.79541 47.3 4.04541
      vertex 9.71584 47.3 4.13224
    endloop
  endfacet
  facet normal 0.737256 0 0.675613
    outer loop
      vertex 9.79541 47.3 4.04541
      vertex 9.71584 39.5 4.13224
      vertex 9.79541 39.5 4.04541
    endloop
  endfacet
  facet normal 0.923869 -0 0.382709
    outer loop
      vertex 9.48141 39.5 4.53827
      vertex 9.52648 47.3 4.42947
      vertex 9.48141 47.3 4.53827
    endloop
  endfacet
  facet normal 0.923869 0 0.382709
    outer loop
      vertex 9.52648 47.3 4.42947
      vertex 9.48141 39.5 4.53827
      vertex 9.52648 39.5 4.42947
    endloop
  endfacet
  facet normal 0.608754 0 0.793359
    outer loop
      vertex 9.88224 47.3 3.96584
      vertex 9.97567 39.5 3.89415
      vertex 9.97567 47.3 3.89415
    endloop
  endfacet
  facet normal 0.608754 0 0.793359
    outer loop
      vertex 9.97567 39.5 3.89415
      vertex 9.88224 47.3 3.96584
      vertex 9.88224 39.5 3.96584
    endloop
  endfacet
  facet normal 0.976297 -0 0.216436
    outer loop
      vertex 9.42051 39.5 4.76558
      vertex 9.446 47.3 4.6506
      vertex 9.42051 47.3 4.76558
    endloop
  endfacet
  facet normal 0.976297 0 0.216436
    outer loop
      vertex 9.446 47.3 4.6506
      vertex 9.42051 39.5 4.76558
      vertex 9.446 39.5 4.6506
    endloop
  endfacet
  facet normal 0.953735 -0 0.300648
    outer loop
      vertex 9.446 39.5 4.6506
      vertex 9.48141 47.3 4.53827
      vertex 9.446 47.3 4.6506
    endloop
  endfacet
  facet normal 0.953735 0 0.300648
    outer loop
      vertex 9.48141 47.3 4.53827
      vertex 9.446 39.5 4.6506
      vertex 9.48141 39.5 4.53827
    endloop
  endfacet
  facet normal -0.300798 0 0.953688
    outer loop
      vertex 11.0994 47.3 3.696
      vertex 11.2117 39.5 3.73142
      vertex 11.2117 47.3 3.73142
    endloop
  endfacet
  facet normal -0.300798 0 0.953688
    outer loop
      vertex 11.2117 39.5 3.73142
      vertex 11.0994 47.3 3.696
      vertex 11.0994 39.5 3.696
    endloop
  endfacet
  facet normal -0.991415 0 -0.130751
    outer loop
      vertex 12.0949 39.5 5.11766
      vertex 12.0795 47.3 5.23443
      vertex 12.0949 47.3 5.11766
    endloop
  endfacet
  facet normal -0.991415 -0 -0.130751
    outer loop
      vertex 12.0795 47.3 5.23443
      vertex 12.0949 39.5 5.11766
      vertex 12.0795 39.5 5.23443
    endloop
  endfacet
  facet normal -0.2164 0 -0.976305
    outer loop
      vertex 10.9844 39.5 6.32949
      vertex 11.0994 47.3 6.304
      vertex 11.0994 39.5 6.304
    endloop
  endfacet
  facet normal -0.2164 0 -0.976305
    outer loop
      vertex 11.0994 47.3 6.304
      vertex 10.9844 39.5 6.32949
      vertex 10.9844 47.3 6.32949
    endloop
  endfacet
  facet normal -0.537354 0 -0.843357
    outer loop
      vertex 11.425 39.5 6.16913
      vertex 11.5243 47.3 6.10586
      vertex 11.5243 39.5 6.10586
    endloop
  endfacet
  facet normal -0.537354 0 -0.843357
    outer loop
      vertex 11.5243 47.3 6.10586
      vertex 11.425 39.5 6.16913
      vertex 11.425 47.3 6.16913
    endloop
  endfacet
  facet normal -0.608521 0 -0.793538
    outer loop
      vertex 11.5243 39.5 6.10586
      vertex 11.6178 47.3 6.03416
      vertex 11.6178 39.5 6.03416
    endloop
  endfacet
  facet normal -0.608521 0 -0.793538
    outer loop
      vertex 11.6178 47.3 6.03416
      vertex 11.5243 39.5 6.10586
      vertex 11.5243 47.3 6.10586
    endloop
  endfacet
  facet normal -0.953752 0 -0.300595
    outer loop
      vertex 12.054 39.5 5.34941
      vertex 12.0186 47.3 5.46173
      vertex 12.054 47.3 5.34941
    endloop
  endfacet
  facet normal -0.953752 -0 -0.300595
    outer loop
      vertex 12.0186 47.3 5.46173
      vertex 12.054 39.5 5.34941
      vertex 12.0186 39.5 5.46173
    endloop
  endfacet
  facet normal 0.675567 0 -0.737299
    outer loop
      vertex 9.79541 39.5 5.9546
      vertex 9.88224 47.3 6.03416
      vertex 9.88224 39.5 6.03416
    endloop
  endfacet
  facet normal 0.675567 0 -0.737299
    outer loop
      vertex 9.88224 47.3 6.03416
      vertex 9.79541 39.5 5.9546
      vertex 9.79541 47.3 5.9546
    endloop
  endfacet
  facet normal -0.67574 0 0.73714
    outer loop
      vertex 11.6178 47.3 3.96584
      vertex 11.7046 39.5 4.04541
      vertex 11.7046 47.3 4.04541
    endloop
  endfacet
  facet normal -0.67574 0 0.73714
    outer loop
      vertex 11.7046 39.5 4.04541
      vertex 11.6178 47.3 3.96584
      vertex 11.6178 39.5 3.96584
    endloop
  endfacet
  facet normal -0.130578 0 0.991438
    outer loop
      vertex 10.8677 47.3 3.65514
      vertex 10.9844 39.5 3.67051
      vertex 10.9844 47.3 3.67051
    endloop
  endfacet
  facet normal -0.130578 0 0.991438
    outer loop
      vertex 10.9844 39.5 3.67051
      vertex 10.8677 47.3 3.65514
      vertex 10.8677 39.5 3.65514
    endloop
  endfacet
  facet normal 0.300721 0 -0.953712
    outer loop
      vertex 10.2883 39.5 6.26859
      vertex 10.4006 47.3 6.304
      vertex 10.4006 39.5 6.304
    endloop
  endfacet
  facet normal 0.300721 0 -0.953712
    outer loop
      vertex 10.4006 47.3 6.304
      vertex 10.2883 39.5 6.26859
      vertex 10.2883 47.3 6.26859
    endloop
  endfacet
  facet normal 0.461687 0 -0.887043
    outer loop
      vertex 10.075 39.5 6.16913
      vertex 10.1795 47.3 6.22352
      vertex 10.1795 39.5 6.22352
    endloop
  endfacet
  facet normal 0.461687 0 -0.887043
    outer loop
      vertex 10.1795 47.3 6.22352
      vertex 10.075 39.5 6.16913
      vertex 10.075 47.3 6.16913
    endloop
  endfacet
  facet normal 0.537238 0 -0.843431
    outer loop
      vertex 9.97567 39.5 6.10586
      vertex 10.075 47.3 6.16913
      vertex 10.075 39.5 6.16913
    endloop
  endfacet
  facet normal 0.537238 0 -0.843431
    outer loop
      vertex 10.075 47.3 6.16913
      vertex 9.97567 39.5 6.10586
      vertex 9.97567 47.3 6.10586
    endloop
  endfacet
  facet normal -0.95376 0 0.300571
    outer loop
      vertex 12.0186 39.5 4.53827
      vertex 12.054 47.3 4.6506
      vertex 12.0186 47.3 4.53827
    endloop
  endfacet
  facet normal -0.95376 0 0.300571
    outer loop
      vertex 12.054 47.3 4.6506
      vertex 12.0186 39.5 4.53827
      vertex 12.054 39.5 4.6506
    endloop
  endfacet
  facet normal -0.923791 0 -0.382897
    outer loop
      vertex 12.0186 39.5 5.46173
      vertex 11.9735 47.3 5.57054
      vertex 12.0186 47.3 5.46173
    endloop
  endfacet
  facet normal -0.923791 -0 -0.382897
    outer loop
      vertex 11.9735 47.3 5.57054
      vertex 12.0186 39.5 5.46173
      vertex 11.9735 39.5 5.57054
    endloop
  endfacet
  facet normal -0.675694 0 -0.737182
    outer loop
      vertex 11.6178 39.5 6.03416
      vertex 11.7046 47.3 5.9546
      vertex 11.7046 39.5 5.9546
    endloop
  endfacet
  facet normal -0.675694 0 -0.737182
    outer loop
      vertex 11.7046 47.3 5.9546
      vertex 11.6178 39.5 6.03416
      vertex 11.6178 47.3 6.03416
    endloop
  endfacet
  facet normal -0.382637 0 0.923899
    outer loop
      vertex 11.2117 47.3 3.73142
      vertex 11.3205 39.5 3.77648
      vertex 11.3205 47.3 3.77648
    endloop
  endfacet
  facet normal -0.382637 0 0.923899
    outer loop
      vertex 11.3205 39.5 3.77648
      vertex 11.2117 47.3 3.73142
      vertex 11.2117 39.5 3.73142
    endloop
  endfacet
  facet normal -0.886936 0 -0.461893
    outer loop
      vertex 11.9735 39.5 5.57054
      vertex 11.9191 47.3 5.675
      vertex 11.9735 47.3 5.57054
    endloop
  endfacet
  facet normal -0.886936 -0 -0.461893
    outer loop
      vertex 11.9191 47.3 5.675
      vertex 11.9735 39.5 5.57054
      vertex 11.9191 39.5 5.675
    endloop
  endfacet
  facet normal 0.999047 -0 0.0436436
    outer loop
      vertex 9.4 39.5 5
      vertex 9.40514 47.3 4.88234
      vertex 9.4 47.3 5
    endloop
  endfacet
  facet normal 0.999047 0 0.0436436
    outer loop
      vertex 9.40514 47.3 4.88234
      vertex 9.4 39.5 5
      vertex 9.40514 39.5 4.88234
    endloop
  endfacet
  facet normal 0.887005 0 -0.461759
    outer loop
      vertex 9.58086 39.5 5.675
      vertex 9.52648 47.3 5.57054
      vertex 9.58086 47.3 5.675
    endloop
  endfacet
  facet normal 0.887005 0 -0.461759
    outer loop
      vertex 9.52648 47.3 5.57054
      vertex 9.58086 39.5 5.675
      vertex 9.52648 39.5 5.57054
    endloop
  endfacet
  facet normal -0.8437 0 -0.536815
    outer loop
      vertex 11.9191 39.5 5.675
      vertex 11.8559 47.3 5.77433
      vertex 11.9191 47.3 5.675
    endloop
  endfacet
  facet normal -0.8437 -0 -0.536815
    outer loop
      vertex 11.8559 47.3 5.77433
      vertex 11.9191 39.5 5.675
      vertex 11.8559 39.5 5.77433
    endloop
  endfacet
  facet normal 0.793318 0 -0.608808
    outer loop
      vertex 9.71584 39.5 5.86776
      vertex 9.64414 47.3 5.77433
      vertex 9.71584 47.3 5.86776
    endloop
  endfacet
  facet normal 0.793318 0 -0.608808
    outer loop
      vertex 9.64414 47.3 5.77433
      vertex 9.71584 39.5 5.86776
      vertex 9.64414 39.5 5.77433
    endloop
  endfacet
  facet normal -0.0436288 0 0.999048
    outer loop
      vertex 10.75 47.3 3.65
      vertex 10.8677 39.5 3.65514
      vertex 10.8677 47.3 3.65514
    endloop
  endfacet
  facet normal -0.0436288 0 0.999048
    outer loop
      vertex 10.8677 39.5 3.65514
      vertex 10.75 47.3 3.65
      vertex 10.75 39.5 3.65
    endloop
  endfacet
  facet normal -0.999062 0 -0.0433046
    outer loop
      vertex 12.1 39.5 5
      vertex 12.0949 47.3 5.11766
      vertex 12.1 47.3 5
    endloop
  endfacet
  facet normal -0.999062 -0 -0.0433046
    outer loop
      vertex 12.0949 47.3 5.11766
      vertex 12.1 39.5 5
      vertex 12.0949 39.5 5.11766
    endloop
  endfacet
  facet normal -0.300721 0 -0.953712
    outer loop
      vertex 11.0994 39.5 6.304
      vertex 11.2117 47.3 6.26859
      vertex 11.2117 39.5 6.26859
    endloop
  endfacet
  facet normal -0.300721 0 -0.953712
    outer loop
      vertex 11.2117 47.3 6.26859
      vertex 11.0994 39.5 6.304
      vertex 11.0994 47.3 6.304
    endloop
  endfacet
  facet normal -0.793318 0 0.608808
    outer loop
      vertex 11.7842 39.5 4.13224
      vertex 11.8559 47.3 4.22567
      vertex 11.7842 47.3 4.13224
    endloop
  endfacet
  facet normal -0.793318 0 0.608808
    outer loop
      vertex 11.8559 47.3 4.22567
      vertex 11.7842 39.5 4.13224
      vertex 11.8559 39.5 4.22567
    endloop
  endfacet
  facet normal 0.0436288 0 0.999048
    outer loop
      vertex 10.6323 47.3 3.65514
      vertex 10.75 39.5 3.65
      vertex 10.75 47.3 3.65
    endloop
  endfacet
  facet normal 0.0436288 0 0.999048
    outer loop
      vertex 10.75 39.5 3.65
      vertex 10.6323 47.3 3.65514
      vertex 10.6323 39.5 3.65514
    endloop
  endfacet
  facet normal -0.461687 0 -0.887043
    outer loop
      vertex 11.3205 39.5 6.22352
      vertex 11.425 47.3 6.16913
      vertex 11.425 39.5 6.16913
    endloop
  endfacet
  facet normal -0.461687 0 -0.887043
    outer loop
      vertex 11.425 47.3 6.16913
      vertex 11.3205 39.5 6.22352
      vertex 11.3205 47.3 6.22352
    endloop
  endfacet
  facet normal 0.843392 -0 0.537298
    outer loop
      vertex 9.58086 39.5 4.325
      vertex 9.64414 47.3 4.22567
      vertex 9.58086 47.3 4.325
    endloop
  endfacet
  facet normal 0.843392 0 0.537298
    outer loop
      vertex 9.64414 47.3 4.22567
      vertex 9.58086 39.5 4.325
      vertex 9.64414 39.5 4.22567
    endloop
  endfacet
  facet normal -0.793318 0 -0.608808
    outer loop
      vertex 11.8559 39.5 5.77433
      vertex 11.7842 47.3 5.86776
      vertex 11.8559 47.3 5.77433
    endloop
  endfacet
  facet normal -0.793318 -0 -0.608808
    outer loop
      vertex 11.7842 47.3 5.86776
      vertex 11.8559 39.5 5.77433
      vertex 11.7842 39.5 5.86776
    endloop
  endfacet
  facet normal 0.382709 0 -0.923869
    outer loop
      vertex 10.1795 39.5 6.22352
      vertex 10.2883 47.3 6.26859
      vertex 10.2883 39.5 6.26859
    endloop
  endfacet
  facet normal 0.382709 0 -0.923869
    outer loop
      vertex 10.2883 47.3 6.26859
      vertex 10.1795 39.5 6.22352
      vertex 10.1795 47.3 6.22352
    endloop
  endfacet
  facet normal 0.999047 0 -0.0436436
    outer loop
      vertex 9.40514 39.5 5.11766
      vertex 9.4 47.3 5
      vertex 9.40514 47.3 5.11766
    endloop
  endfacet
  facet normal 0.999047 0 -0.0436436
    outer loop
      vertex 9.4 47.3 5
      vertex 9.40514 39.5 5.11766
      vertex 9.4 39.5 5
    endloop
  endfacet
  facet normal -0.130578 0 -0.991438
    outer loop
      vertex 10.8677 39.5 6.34486
      vertex 10.9844 47.3 6.32949
      vertex 10.9844 39.5 6.32949
    endloop
  endfacet
  facet normal -0.130578 0 -0.991438
    outer loop
      vertex 10.9844 47.3 6.32949
      vertex 10.8677 39.5 6.34486
      vertex 10.8677 47.3 6.34486
    endloop
  endfacet
  facet normal 0.461687 0 0.887043
    outer loop
      vertex 10.075 47.3 3.83087
      vertex 10.1795 39.5 3.77648
      vertex 10.1795 47.3 3.77648
    endloop
  endfacet
  facet normal 0.461687 0 0.887043
    outer loop
      vertex 10.1795 39.5 3.77648
      vertex 10.075 47.3 3.83087
      vertex 10.075 39.5 3.83087
    endloop
  endfacet
  facet normal -0.608467 0 0.793579
    outer loop
      vertex 11.5243 47.3 3.89415
      vertex 11.6178 39.5 3.96584
      vertex 11.6178 47.3 3.96584
    endloop
  endfacet
  facet normal -0.608467 0 0.793579
    outer loop
      vertex 11.6178 39.5 3.96584
      vertex 11.5243 47.3 3.89415
      vertex 11.5243 39.5 3.89415
    endloop
  endfacet
  facet normal -0.461687 0 0.887043
    outer loop
      vertex 11.3205 47.3 3.77648
      vertex 11.425 39.5 3.83087
      vertex 11.425 47.3 3.83087
    endloop
  endfacet
  facet normal -0.461687 0 0.887043
    outer loop
      vertex 11.425 39.5 3.83087
      vertex 11.3205 47.3 3.77648
      vertex 11.3205 39.5 3.77648
    endloop
  endfacet
  facet normal 0.991447 -0 0.130512
    outer loop
      vertex 9.40514 39.5 4.88234
      vertex 9.42051 47.3 4.76558
      vertex 9.40514 47.3 4.88234
    endloop
  endfacet
  facet normal 0.991447 0 0.130512
    outer loop
      vertex 9.42051 47.3 4.76558
      vertex 9.40514 39.5 4.88234
      vertex 9.42051 39.5 4.76558
    endloop
  endfacet
  facet normal 0.991448 0 -0.130501
    outer loop
      vertex 9.42051 39.5 5.23443
      vertex 9.40514 47.3 5.11766
      vertex 9.42051 47.3 5.23443
    endloop
  endfacet
  facet normal 0.991448 0 -0.130501
    outer loop
      vertex 9.40514 47.3 5.11766
      vertex 9.42051 39.5 5.23443
      vertex 9.40514 39.5 5.11766
    endloop
  endfacet
  facet normal -0.991414 0 0.130762
    outer loop
      vertex 12.0795 39.5 4.76558
      vertex 12.0949 47.3 4.88234
      vertex 12.0795 47.3 4.76558
    endloop
  endfacet
  facet normal -0.991414 0 0.130762
    outer loop
      vertex 12.0949 47.3 4.88234
      vertex 12.0795 39.5 4.76558
      vertex 12.0949 39.5 4.88234
    endloop
  endfacet
  facet normal -0.976279 0 -0.216517
    outer loop
      vertex 12.0795 39.5 5.23443
      vertex 12.054 47.3 5.34941
      vertex 12.0795 47.3 5.23443
    endloop
  endfacet
  facet normal -0.976279 -0 -0.216517
    outer loop
      vertex 12.054 47.3 5.34941
      vertex 12.0795 39.5 5.23443
      vertex 12.054 39.5 5.34941
    endloop
  endfacet
  facet normal 0.300798 0 0.953688
    outer loop
      vertex 10.2883 47.3 3.73142
      vertex 10.4006 39.5 3.696
      vertex 10.4006 47.3 3.696
    endloop
  endfacet
  facet normal 0.300798 0 0.953688
    outer loop
      vertex 10.4006 39.5 3.696
      vertex 10.2883 47.3 3.73142
      vertex 10.2883 39.5 3.73142
    endloop
  endfacet
  facet normal -0.382709 0 -0.923869
    outer loop
      vertex 11.2117 39.5 6.26859
      vertex 11.3205 47.3 6.22352
      vertex 11.3205 39.5 6.22352
    endloop
  endfacet
  facet normal -0.382709 0 -0.923869
    outer loop
      vertex 11.3205 47.3 6.22352
      vertex 11.2117 39.5 6.26859
      vertex 11.2117 47.3 6.26859
    endloop
  endfacet
  facet normal -0.976279 0 0.216517
    outer loop
      vertex 12.054 39.5 4.6506
      vertex 12.0795 47.3 4.76558
      vertex 12.054 47.3 4.6506
    endloop
  endfacet
  facet normal -0.976279 0 0.216517
    outer loop
      vertex 12.0795 47.3 4.76558
      vertex 12.054 39.5 4.6506
      vertex 12.0795 39.5 4.76558
    endloop
  endfacet
  facet normal 0.608808 0 -0.793318
    outer loop
      vertex 9.88224 39.5 6.03416
      vertex 9.97567 47.3 6.10586
      vertex 9.97567 39.5 6.10586
    endloop
  endfacet
  facet normal 0.608808 0 -0.793318
    outer loop
      vertex 9.97567 47.3 6.10586
      vertex 9.88224 39.5 6.03416
      vertex 9.88224 47.3 6.03416
    endloop
  endfacet
  facet normal -0.0436288 0 -0.999048
    outer loop
      vertex 10.75 39.5 6.35
      vertex 10.8677 47.3 6.34486
      vertex 10.8677 39.5 6.34486
    endloop
  endfacet
  facet normal -0.0436288 0 -0.999048
    outer loop
      vertex 10.8677 47.3 6.34486
      vertex 10.75 39.5 6.35
      vertex 10.75 47.3 6.35
    endloop
  endfacet
  facet normal 0.923881 0 -0.382679
    outer loop
      vertex 9.52648 39.5 5.57054
      vertex 9.48141 47.3 5.46173
      vertex 9.52648 47.3 5.57054
    endloop
  endfacet
  facet normal 0.923881 0 -0.382679
    outer loop
      vertex 9.48141 47.3 5.46173
      vertex 9.52648 39.5 5.57054
      vertex 9.48141 39.5 5.46173
    endloop
  endfacet
  facet normal 0.130578 0 0.991438
    outer loop
      vertex 10.5156 47.3 3.67051
      vertex 10.6323 39.5 3.65514
      vertex 10.6323 47.3 3.65514
    endloop
  endfacet
  facet normal 0.130578 0 0.991438
    outer loop
      vertex 10.6323 39.5 3.65514
      vertex 10.5156 47.3 3.67051
      vertex 10.5156 39.5 3.67051
    endloop
  endfacet
  facet normal 0.382637 0 0.923899
    outer loop
      vertex 10.1795 47.3 3.77648
      vertex 10.2883 39.5 3.73142
      vertex 10.2883 47.3 3.73142
    endloop
  endfacet
  facet normal 0.382637 0 0.923899
    outer loop
      vertex 10.2883 39.5 3.73142
      vertex 10.1795 47.3 3.77648
      vertex 10.1795 39.5 3.77648
    endloop
  endfacet
  facet normal -0.537414 0 0.843319
    outer loop
      vertex 11.425 47.3 3.83087
      vertex 11.5243 39.5 3.89415
      vertex 11.5243 47.3 3.89415
    endloop
  endfacet
  facet normal -0.537414 0 0.843319
    outer loop
      vertex 11.5243 39.5 3.89415
      vertex 11.425 47.3 3.83087
      vertex 11.425 39.5 3.83087
    endloop
  endfacet
  facet normal -0.737168 0 -0.675709
    outer loop
      vertex 11.7842 39.5 5.86776
      vertex 11.7046 47.3 5.9546
      vertex 11.7842 47.3 5.86776
    endloop
  endfacet
  facet normal -0.737168 -0 -0.675709
    outer loop
      vertex 11.7046 47.3 5.9546
      vertex 11.7842 39.5 5.86776
      vertex 11.7046 39.5 5.9546
    endloop
  endfacet
  facet normal 0.976297 0 -0.216436
    outer loop
      vertex 9.446 39.5 5.34941
      vertex 9.42051 47.3 5.23443
      vertex 9.446 47.3 5.34941
    endloop
  endfacet
  facet normal 0.976297 0 -0.216436
    outer loop
      vertex 9.42051 47.3 5.23443
      vertex 9.446 39.5 5.34941
      vertex 9.42051 39.5 5.23443
    endloop
  endfacet
  facet normal 0.953728 0 -0.300672
    outer loop
      vertex 9.48141 39.5 5.46173
      vertex 9.446 47.3 5.34941
      vertex 9.48141 47.3 5.46173
    endloop
  endfacet
  facet normal 0.953728 0 -0.300672
    outer loop
      vertex 9.446 47.3 5.34941
      vertex 9.48141 39.5 5.46173
      vertex 9.446 39.5 5.34941
    endloop
  endfacet
  facet normal -0.923779 0 0.382927
    outer loop
      vertex 11.9735 39.5 4.42947
      vertex 12.0186 47.3 4.53827
      vertex 11.9735 47.3 4.42947
    endloop
  endfacet
  facet normal -0.923779 0 0.382927
    outer loop
      vertex 12.0186 47.3 4.53827
      vertex 11.9735 39.5 4.42947
      vertex 12.0186 39.5 4.53827
    endloop
  endfacet
  facet normal 0 1 0
    outer loop
      vertex 10.8677 39.5 6.34486
      vertex 10.6323 39.5 6.34486
      vertex 10.75 39.5 6.35
    endloop
  endfacet
  facet normal 0 1 0
    outer loop
      vertex 10.9844 39.5 6.32949
      vertex 10.6323 39.5 6.34486
      vertex 10.8677 39.5 6.34486
    endloop
  endfacet
  facet normal 0 1 0
    outer loop
      vertex 10.9844 39.5 6.32949
      vertex 10.5156 39.5 6.32949
      vertex 10.6323 39.5 6.34486
    endloop
  endfacet
  facet normal 0 1 0
    outer loop
      vertex 11.0994 39.5 6.304
      vertex 10.5156 39.5 6.32949
      vertex 10.9844 39.5 6.32949
    endloop
  endfacet
  facet normal 0 1 0
    outer loop
      vertex 11.0994 39.5 6.304
      vertex 10.4006 39.5 6.304
      vertex 10.5156 39.5 6.32949
    endloop
  endfacet
  facet normal 0 1 0
    outer loop
      vertex 11.2117 39.5 6.26859
      vertex 10.4006 39.5 6.304
      vertex 11.0994 39.5 6.304
    endloop
  endfacet
  facet normal 0 1 0
    outer loop
      vertex 11.2117 39.5 6.26859
      vertex 10.2883 39.5 6.26859
      vertex 10.4006 39.5 6.304
    endloop
  endfacet
  facet normal 0 1 0
    outer loop
      vertex 11.3205 39.5 6.22352
      vertex 10.2883 39.5 6.26859
      vertex 11.2117 39.5 6.26859
    endloop
  endfacet
  facet normal 0 1 0
    outer loop
      vertex 11.3205 39.5 6.22352
      vertex 10.1795 39.5 6.22352
      vertex 10.2883 39.5 6.26859
    endloop
  endfacet
  facet normal 0 1 0
    outer loop
      vertex 11.425 39.5 6.16913
      vertex 10.1795 39.5 6.22352
      vertex 11.3205 39.5 6.22352
    endloop
  endfacet
  facet normal 0 1 0
    outer loop
      vertex 11.425 39.5 6.16913
      vertex 10.075 39.5 6.16913
      vertex 10.1795 39.5 6.22352
    endloop
  endfacet
  facet normal 0 1 0
    outer loop
      vertex 11.5243 39.5 6.10586
      vertex 10.075 39.5 6.16913
      vertex 11.425 39.5 6.16913
    endloop
  endfacet
  facet normal 0 1 0
    outer loop
      vertex 11.5243 39.5 6.10586
      vertex 9.97567 39.5 6.10586
      vertex 10.075 39.5 6.16913
    endloop
  endfacet
  facet normal 0 1 0
    outer loop
      vertex 11.6178 39.5 6.03416
      vertex 9.97567 39.5 6.10586
      vertex 11.5243 39.5 6.10586
    endloop
  endfacet
  facet normal 0 1 0
    outer loop
      vertex 11.6178 39.5 6.03416
      vertex 9.88224 39.5 6.03416
      vertex 9.97567 39.5 6.10586
    endloop
  endfacet
  facet normal 0 1 0
    outer loop
      vertex 11.7046 39.5 5.9546
      vertex 9.88224 39.5 6.03416
      vertex 11.6178 39.5 6.03416
    endloop
  endfacet
  facet normal 0 1 0
    outer loop
      vertex 11.7046 39.5 5.9546
      vertex 9.79541 39.5 5.9546
      vertex 9.88224 39.5 6.03416
    endloop
  endfacet
  facet normal 0 1 0
    outer loop
      vertex 11.7842 39.5 5.86776
      vertex 9.79541 39.5 5.9546
      vertex 11.7046 39.5 5.9546
    endloop
  endfacet
  facet normal 0 1 0
    outer loop
      vertex 11.7842 39.5 5.86776
      vertex 9.71584 39.5 5.86776
      vertex 9.79541 39.5 5.9546
    endloop
  endfacet
  facet normal 0 1 0
    outer loop
      vertex 11.8559 39.5 5.77433
      vertex 9.71584 39.5 5.86776
      vertex 11.7842 39.5 5.86776
    endloop
  endfacet
  facet normal 0 1 0
    outer loop
      vertex 11.8559 39.5 5.77433
      vertex 9.64414 39.5 5.77433
      vertex 9.71584 39.5 5.86776
    endloop
  endfacet
  facet normal 0 1 0
    outer loop
      vertex 11.9191 39.5 5.675
      vertex 9.64414 39.5 5.77433
      vertex 11.8559 39.5 5.77433
    endloop
  endfacet
  facet normal 0 1 0
    outer loop
      vertex 11.9191 39.5 5.675
      vertex 9.58086 39.5 5.675
      vertex 9.64414 39.5 5.77433
    endloop
  endfacet
  facet normal 0 1 0
    outer loop
      vertex 11.9735 39.5 5.57054
      vertex 9.58086 39.5 5.675
      vertex 11.9191 39.5 5.675
    endloop
  endfacet
  facet normal 0 1 0
    outer loop
      vertex 11.9735 39.5 5.57054
      vertex 9.52648 39.5 5.57054
      vertex 9.58086 39.5 5.675
    endloop
  endfacet
  facet normal 0 1 0
    outer loop
      vertex 12.0186 39.5 5.46173
      vertex 9.52648 39.5 5.57054
      vertex 11.9735 39.5 5.57054
    endloop
  endfacet
  facet normal 0 1 0
    outer loop
      vertex 12.0186 39.5 5.46173
      vertex 9.48141 39.5 5.46173
      vertex 9.52648 39.5 5.57054
    endloop
  endfacet
  facet normal 0 1 0
    outer loop
      vertex 12.054 39.5 5.34941
      vertex 9.48141 39.5 5.46173
      vertex 12.0186 39.5 5.46173
    endloop
  endfacet
  facet normal 0 1 0
    outer loop
      vertex 12.054 39.5 5.34941
      vertex 9.446 39.5 5.34941
      vertex 9.48141 39.5 5.46173
    endloop
  endfacet
  facet normal 0 1 0
    outer loop
      vertex 12.0795 39.5 5.23443
      vertex 9.446 39.5 5.34941
      vertex 12.054 39.5 5.34941
    endloop
  endfacet
  facet normal 0 1 0
    outer loop
      vertex 12.0795 39.5 5.23443
      vertex 9.42051 39.5 5.23443
      vertex 9.446 39.5 5.34941
    endloop
  endfacet
  facet normal 0 1 0
    outer loop
      vertex 12.0949 39.5 5.11766
      vertex 9.42051 39.5 5.23443
      vertex 12.0795 39.5 5.23443
    endloop
  endfacet
  facet normal 0 1 0
    outer loop
      vertex 12.0949 39.5 5.11766
      vertex 9.40514 39.5 5.11766
      vertex 9.42051 39.5 5.23443
    endloop
  endfacet
  facet normal 0 1 0
    outer loop
      vertex 12.1 39.5 5
      vertex 9.40514 39.5 5.11766
      vertex 12.0949 39.5 5.11766
    endloop
  endfacet
  facet normal 0 1 0
    outer loop
      vertex 12.1 39.5 5
      vertex 9.4 39.5 5
      vertex 9.40514 39.5 5.11766
    endloop
  endfacet
  facet normal 0 1 -0
    outer loop
      vertex 12.0949 39.5 4.88234
      vertex 9.4 39.5 5
      vertex 12.1 39.5 5
    endloop
  endfacet
  facet normal 0 1 0
    outer loop
      vertex 12.0949 39.5 4.88234
      vertex 9.40514 39.5 4.88234
      vertex 9.4 39.5 5
    endloop
  endfacet
  facet normal 0 1 -0
    outer loop
      vertex 12.0795 39.5 4.76558
      vertex 9.40514 39.5 4.88234
      vertex 12.0949 39.5 4.88234
    endloop
  endfacet
  facet normal 0 1 0
    outer loop
      vertex 12.0795 39.5 4.76558
      vertex 9.42051 39.5 4.76558
      vertex 9.40514 39.5 4.88234
    endloop
  endfacet
  facet normal 0 1 -0
    outer loop
      vertex 12.054 39.5 4.6506
      vertex 9.42051 39.5 4.76558
      vertex 12.0795 39.5 4.76558
    endloop
  endfacet
  facet normal 0 1 0
    outer loop
      vertex 12.054 39.5 4.6506
      vertex 9.446 39.5 4.6506
      vertex 9.42051 39.5 4.76558
    endloop
  endfacet
  facet normal 0 1 -0
    outer loop
      vertex 12.0186 39.5 4.53827
      vertex 9.446 39.5 4.6506
      vertex 12.054 39.5 4.6506
    endloop
  endfacet
  facet normal 0 1 0
    outer loop
      vertex 12.0186 39.5 4.53827
      vertex 9.48141 39.5 4.53827
      vertex 9.446 39.5 4.6506
    endloop
  endfacet
  facet normal 0 1 -0
    outer loop
      vertex 11.9735 39.5 4.42947
      vertex 9.48141 39.5 4.53827
      vertex 12.0186 39.5 4.53827
    endloop
  endfacet
  facet normal 0 1 0
    outer loop
      vertex 11.9735 39.5 4.42947
      vertex 9.52648 39.5 4.42947
      vertex 9.48141 39.5 4.53827
    endloop
  endfacet
  facet normal 0 1 -0
    outer loop
      vertex 11.9191 39.5 4.325
      vertex 9.52648 39.5 4.42947
      vertex 11.9735 39.5 4.42947
    endloop
  endfacet
  facet normal 0 1 0
    outer loop
      vertex 11.9191 39.5 4.325
      vertex 9.58086 39.5 4.325
      vertex 9.52648 39.5 4.42947
    endloop
  endfacet
  facet normal 0 1 -0
    outer loop
      vertex 11.8559 39.5 4.22567
      vertex 9.58086 39.5 4.325
      vertex 11.9191 39.5 4.325
    endloop
  endfacet
  facet normal 0 1 0
    outer loop
      vertex 11.8559 39.5 4.22567
      vertex 9.64414 39.5 4.22567
      vertex 9.58086 39.5 4.325
    endloop
  endfacet
  facet normal 0 1 -0
    outer loop
      vertex 11.7842 39.5 4.13224
      vertex 9.64414 39.5 4.22567
      vertex 11.8559 39.5 4.22567
    endloop
  endfacet
  facet normal 0 1 0
    outer loop
      vertex 11.7842 39.5 4.13224
      vertex 9.71584 39.5 4.13224
      vertex 9.64414 39.5 4.22567
    endloop
  endfacet
  facet normal 0 1 -0
    outer loop
      vertex 11.7046 39.5 4.04541
      vertex 9.71584 39.5 4.13224
      vertex 11.7842 39.5 4.13224
    endloop
  endfacet
  facet normal 0 1 0
    outer loop
      vertex 11.7046 39.5 4.04541
      vertex 9.79541 39.5 4.04541
      vertex 9.71584 39.5 4.13224
    endloop
  endfacet
  facet normal 0 1 -0
    outer loop
      vertex 11.6178 39.5 3.96584
      vertex 9.79541 39.5 4.04541
      vertex 11.7046 39.5 4.04541
    endloop
  endfacet
  facet normal 0 1 0
    outer loop
      vertex 11.6178 39.5 3.96584
      vertex 9.88224 39.5 3.96584
      vertex 9.79541 39.5 4.04541
    endloop
  endfacet
  facet normal 0 1 -0
    outer loop
      vertex 11.5243 39.5 3.89415
      vertex 9.88224 39.5 3.96584
      vertex 11.6178 39.5 3.96584
    endloop
  endfacet
  facet normal 0 1 0
    outer loop
      vertex 11.5243 39.5 3.89415
      vertex 9.97567 39.5 3.89415
      vertex 9.88224 39.5 3.96584
    endloop
  endfacet
  facet normal 0 1 -0
    outer loop
      vertex 11.425 39.5 3.83087
      vertex 9.97567 39.5 3.89415
      vertex 11.5243 39.5 3.89415
    endloop
  endfacet
  facet normal 0 1 0
    outer loop
      vertex 11.425 39.5 3.83087
      vertex 10.075 39.5 3.83087
      vertex 9.97567 39.5 3.89415
    endloop
  endfacet
  facet normal 0 1 -0
    outer loop
      vertex 11.3205 39.5 3.77648
      vertex 10.075 39.5 3.83087
      vertex 11.425 39.5 3.83087
    endloop
  endfacet
  facet normal 0 1 0
    outer loop
      vertex 11.3205 39.5 3.77648
      vertex 10.1795 39.5 3.77648
      vertex 10.075 39.5 3.83087
    endloop
  endfacet
  facet normal 0 1 -0
    outer loop
      vertex 11.2117 39.5 3.73142
      vertex 10.1795 39.5 3.77648
      vertex 11.3205 39.5 3.77648
    endloop
  endfacet
  facet normal 0 1 0
    outer loop
      vertex 11.2117 39.5 3.73142
      vertex 10.2883 39.5 3.73142
      vertex 10.1795 39.5 3.77648
    endloop
  endfacet
  facet normal 0 1 -0
    outer loop
      vertex 11.0994 39.5 3.696
      vertex 10.2883 39.5 3.73142
      vertex 11.2117 39.5 3.73142
    endloop
  endfacet
  facet normal 0 1 0
    outer loop
      vertex 11.0994 39.5 3.696
      vertex 10.4006 39.5 3.696
      vertex 10.2883 39.5 3.73142
    endloop
  endfacet
  facet normal 0 1 -0
    outer loop
      vertex 10.9844 39.5 3.67051
      vertex 10.4006 39.5 3.696
      vertex 11.0994 39.5 3.696
    endloop
  endfacet
  facet normal 0 1 0
    outer loop
      vertex 10.9844 39.5 3.67051
      vertex 10.5156 39.5 3.67051
      vertex 10.4006 39.5 3.696
    endloop
  endfacet
  facet normal 0 1 -0
    outer loop
      vertex 10.8677 39.5 3.65514
      vertex 10.5156 39.5 3.67051
      vertex 10.9844 39.5 3.67051
    endloop
  endfacet
  facet normal 0 1 0
    outer loop
      vertex 10.8677 39.5 3.65514
      vertex 10.6323 39.5 3.65514
      vertex 10.5156 39.5 3.67051
    endloop
  endfacet
  facet normal -0 1 0
    outer loop
      vertex 10.6323 39.5 3.65514
      vertex 10.8677 39.5 3.65514
      vertex 10.75 39.5 3.65
    endloop
  endfacet
  facet normal 0.537298 0 0.843392
    outer loop
      vertex 9.97567 47.3 3.89415
      vertex 10.075 39.5 3.83087
      vertex 10.075 47.3 3.83087
    endloop
  endfacet
  facet normal 0.537298 0 0.843392
    outer loop
      vertex 10.075 39.5 3.83087
      vertex 9.97567 47.3 3.89415
      vertex 9.97567 39.5 3.89415
    endloop
  endfacet
  facet normal -0.8437 0 0.536815
    outer loop
      vertex 11.8559 39.5 4.22567
      vertex 11.9191 47.3 4.325
      vertex 11.8559 47.3 4.22567
    endloop
  endfacet
  facet normal -0.8437 0 0.536815
    outer loop
      vertex 11.9191 47.3 4.325
      vertex 11.8559 39.5 4.22567
      vertex 11.9191 39.5 4.325
    endloop
  endfacet
endsolid OpenSCAD_Model
