solid OpenSCAD_Model
  facet normal 0 0 1
    outer loop
      vertex 9.6 0 14.4
      vertex 11 0 14.4
      vertex 10.9581 0.958713 14.4
    endloop
  endfacet
  facet normal 0 0 1
    outer loop
      vertex 9.56347 0.836695 14.4
      vertex 10.9581 0.958713 14.4
      vertex 10.8329 1.91013 14.4
    endloop
  endfacet
  facet normal 0 0 1
    outer loop
      vertex 11 0 14.4
      vertex 9.6 0 14.4
      vertex 10.9581 -0.958713 14.4
    endloop
  endfacet
  facet normal 0 0 1
    outer loop
      vertex 9.45415 1.66702 14.4
      vertex 10.8329 1.91013 14.4
      vertex 10.6252 2.84701 14.4
    endloop
  endfacet
  facet normal -0 0 1
    outer loop
      vertex 9.56347 -0.836695 14.4
      vertex 10.9581 -0.958713 14.4
      vertex 9.6 0 14.4
    endloop
  endfacet
  facet normal 0 0 1
    outer loop
      vertex 9.27289 2.48466 14.4
      vertex 10.6252 2.84701 14.4
      vertex 10.3366 3.76222 14.4
    endloop
  endfacet
  facet normal 0 0 1
    outer loop
      vertex 10.9581 -0.958713 14.4
      vertex 9.56347 -0.836695 14.4
      vertex 10.8329 -1.91013 14.4
    endloop
  endfacet
  facet normal 0 0 1
    outer loop
      vertex 9.02105 3.28339 14.4
      vertex 10.3366 3.76222 14.4
      vertex 9.96939 4.6488 14.4
    endloop
  endfacet
  facet normal -0 0 1
    outer loop
      vertex 9.45415 -1.66702 14.4
      vertex 10.8329 -1.91013 14.4
      vertex 9.56347 -0.836695 14.4
    endloop
  endfacet
  facet normal 0 0 1
    outer loop
      vertex 10.8329 -1.91013 14.4
      vertex 9.45415 -1.66702 14.4
      vertex 10.6252 -2.84701 14.4
    endloop
  endfacet
  facet normal 0 0 1
    outer loop
      vertex 10.9581 0.958713 14.4
      vertex 9.56347 0.836695 14.4
      vertex 9.6 0 14.4
    endloop
  endfacet
  facet normal 0 0 1
    outer loop
      vertex 8.70055 4.05713 14.4
      vertex 9.96939 4.6488 14.4
      vertex 9.52628 5.5 14.4
    endloop
  endfacet
  facet normal 0 0 1
    outer loop
      vertex 10.8329 1.91013 14.4
      vertex 9.45415 1.66702 14.4
      vertex 9.56347 0.836695 14.4
    endloop
  endfacet
  facet normal 0 0 1
    outer loop
      vertex 10.6252 2.84701 14.4
      vertex 9.27289 2.48466 14.4
      vertex 9.45415 1.66702 14.4
    endloop
  endfacet
  facet normal 0 0 1
    outer loop
      vertex 10.3366 3.76222 14.4
      vertex 9.02105 3.28339 14.4
      vertex 9.27289 2.48466 14.4
    endloop
  endfacet
  facet normal 0 0 1
    outer loop
      vertex 8.31384 4.8 14.4
      vertex 9.52628 5.5 14.4
      vertex 9.01067 6.30934 14.4
    endloop
  endfacet
  facet normal 0 0 1
    outer loop
      vertex 9.96939 4.6488 14.4
      vertex 8.70055 4.05713 14.4
      vertex 9.02105 3.28339 14.4
    endloop
  endfacet
  facet normal 0 0 1
    outer loop
      vertex 7.86386 5.50633 14.4
      vertex 9.01067 6.30934 14.4
      vertex 8.42649 7.07066 14.4
    endloop
  endfacet
  facet normal 0 0 1
    outer loop
      vertex 9.52628 5.5 14.4
      vertex 8.31384 4.8 14.4
      vertex 8.70055 4.05713 14.4
    endloop
  endfacet
  facet normal 0 0 1
    outer loop
      vertex 9.01067 6.30934 14.4
      vertex 7.86386 5.50633 14.4
      vertex 8.31384 4.8 14.4
    endloop
  endfacet
  facet normal 0 0 1
    outer loop
      vertex 7.35403 6.17076 14.4
      vertex 8.42649 7.07066 14.4
      vertex 7.77817 7.77817 14.4
    endloop
  endfacet
  facet normal 0 0 1
    outer loop
      vertex 8.42649 7.07066 14.4
      vertex 7.35403 6.17076 14.4
      vertex 7.86386 5.50633 14.4
    endloop
  endfacet
  facet normal 0 0 1
    outer loop
      vertex 6.78822 6.78822 14.4
      vertex 7.77817 7.77817 14.4
      vertex 7.07066 8.42649 14.4
    endloop
  endfacet
  facet normal 0 0 1
    outer loop
      vertex 7.77817 7.77817 14.4
      vertex 6.78822 6.78822 14.4
      vertex 7.35403 6.17076 14.4
    endloop
  endfacet
  facet normal 0 0 1
    outer loop
      vertex 6.17076 7.35403 14.4
      vertex 7.07066 8.42649 14.4
      vertex 6.30934 9.01067 14.4
    endloop
  endfacet
  facet normal 0 0 1
    outer loop
      vertex 7.07066 8.42649 14.4
      vertex 6.17076 7.35403 14.4
      vertex 6.78822 6.78822 14.4
    endloop
  endfacet
  facet normal 0 0 1
    outer loop
      vertex 6.30934 9.01067 14.4
      vertex 5.50633 7.86386 14.4
      vertex 6.17076 7.35403 14.4
    endloop
  endfacet
  facet normal 0 0 1
    outer loop
      vertex 5.5 9.52628 14.4
      vertex 5.50633 7.86386 14.4
      vertex 6.30934 9.01067 14.4
    endloop
  endfacet
  facet normal 0 0 1
    outer loop
      vertex 5.5 9.52628 14.4
      vertex 4.8 8.31384 14.4
      vertex 5.50633 7.86386 14.4
    endloop
  endfacet
  facet normal 0 0 1
    outer loop
      vertex 4.6488 9.96939 14.4
      vertex 4.8 8.31384 14.4
      vertex 5.5 9.52628 14.4
    endloop
  endfacet
  facet normal 0 0 1
    outer loop
      vertex 4.6488 9.96939 14.4
      vertex 4.05713 8.70055 14.4
      vertex 4.8 8.31384 14.4
    endloop
  endfacet
  facet normal 0 0 1
    outer loop
      vertex 3.76222 10.3366 14.4
      vertex 4.05713 8.70055 14.4
      vertex 4.6488 9.96939 14.4
    endloop
  endfacet
  facet normal 0 0 1
    outer loop
      vertex 3.76222 10.3366 14.4
      vertex 3.28339 9.02105 14.4
      vertex 4.05713 8.70055 14.4
    endloop
  endfacet
  facet normal 0 0 1
    outer loop
      vertex 2.84701 10.6252 14.4
      vertex 3.28339 9.02105 14.4
      vertex 3.76222 10.3366 14.4
    endloop
  endfacet
  facet normal 0 0 1
    outer loop
      vertex 2.84701 10.6252 14.4
      vertex 2.48466 9.27289 14.4
      vertex 3.28339 9.02105 14.4
    endloop
  endfacet
  facet normal 0 0 1
    outer loop
      vertex 1.91013 10.8329 14.4
      vertex 2.48466 9.27289 14.4
      vertex 2.84701 10.6252 14.4
    endloop
  endfacet
  facet normal 0 0 1
    outer loop
      vertex 1.91013 10.8329 14.4
      vertex 1.66702 9.45415 14.4
      vertex 2.48466 9.27289 14.4
    endloop
  endfacet
  facet normal 0 0 1
    outer loop
      vertex 0.958713 10.9581 14.4
      vertex 1.66702 9.45415 14.4
      vertex 1.91013 10.8329 14.4
    endloop
  endfacet
  facet normal 0 0 1
    outer loop
      vertex 0.958713 10.9581 14.4
      vertex 0.836695 9.56347 14.4
      vertex 1.66702 9.45415 14.4
    endloop
  endfacet
  facet normal 0 0 1
    outer loop
      vertex 0 11 14.4
      vertex 0.836695 9.56347 14.4
      vertex 0.958713 10.9581 14.4
    endloop
  endfacet
  facet normal 0 0 1
    outer loop
      vertex 0 11 14.4
      vertex 0 9.6 14.4
      vertex 0.836695 9.56347 14.4
    endloop
  endfacet
  facet normal 0 0 1
    outer loop
      vertex 0 11 14.4
      vertex -0.836695 9.56347 14.4
      vertex 0 9.6 14.4
    endloop
  endfacet
  facet normal -0 0 1
    outer loop
      vertex -0.958713 10.9581 14.4
      vertex -0.836695 9.56347 14.4
      vertex 0 11 14.4
    endloop
  endfacet
  facet normal 0 0 1
    outer loop
      vertex -0.958713 10.9581 14.4
      vertex -1.66702 9.45415 14.4
      vertex -0.836695 9.56347 14.4
    endloop
  endfacet
  facet normal -0 0 1
    outer loop
      vertex -1.91013 10.8329 14.4
      vertex -1.66702 9.45415 14.4
      vertex -0.958713 10.9581 14.4
    endloop
  endfacet
  facet normal 0 0 1
    outer loop
      vertex -1.91013 10.8329 14.4
      vertex -2.48466 9.27289 14.4
      vertex -1.66702 9.45415 14.4
    endloop
  endfacet
  facet normal -0 0 1
    outer loop
      vertex -2.84701 10.6252 14.4
      vertex -2.48466 9.27289 14.4
      vertex -1.91013 10.8329 14.4
    endloop
  endfacet
  facet normal 0 0 1
    outer loop
      vertex -2.84701 10.6252 14.4
      vertex -3.28339 9.02105 14.4
      vertex -2.48466 9.27289 14.4
    endloop
  endfacet
  facet normal -0 0 1
    outer loop
      vertex -3.76222 10.3366 14.4
      vertex -3.28339 9.02105 14.4
      vertex -2.84701 10.6252 14.4
    endloop
  endfacet
  facet normal 0 0 1
    outer loop
      vertex -3.76222 10.3366 14.4
      vertex -4.05713 8.70055 14.4
      vertex -3.28339 9.02105 14.4
    endloop
  endfacet
  facet normal -0 0 1
    outer loop
      vertex -4.6488 9.96939 14.4
      vertex -4.05713 8.70055 14.4
      vertex -3.76222 10.3366 14.4
    endloop
  endfacet
  facet normal 0 0 1
    outer loop
      vertex -4.6488 9.96939 14.4
      vertex -4.8 8.31384 14.4
      vertex -4.05713 8.70055 14.4
    endloop
  endfacet
  facet normal -0 0 1
    outer loop
      vertex -5.5 9.52628 14.4
      vertex -4.8 8.31384 14.4
      vertex -4.6488 9.96939 14.4
    endloop
  endfacet
  facet normal 0 0 1
    outer loop
      vertex -5.5 9.52628 14.4
      vertex -5.50633 7.86386 14.4
      vertex -4.8 8.31384 14.4
    endloop
  endfacet
  facet normal -0 0 1
    outer loop
      vertex -6.30934 9.01067 14.4
      vertex -5.50633 7.86386 14.4
      vertex -5.5 9.52628 14.4
    endloop
  endfacet
  facet normal 0 0 1
    outer loop
      vertex -5.50633 7.86386 14.4
      vertex -6.30934 9.01067 14.4
      vertex -6.17076 7.35403 14.4
    endloop
  endfacet
  facet normal -0 0 1
    outer loop
      vertex -7.07066 8.42649 14.4
      vertex -6.17076 7.35403 14.4
      vertex -6.30934 9.01067 14.4
    endloop
  endfacet
  facet normal 0 0 1
    outer loop
      vertex -6.17076 7.35403 14.4
      vertex -7.07066 8.42649 14.4
      vertex -6.78822 6.78822 14.4
    endloop
  endfacet
  facet normal -0 0 1
    outer loop
      vertex -7.77817 7.77817 14.4
      vertex -6.78822 6.78822 14.4
      vertex -7.07066 8.42649 14.4
    endloop
  endfacet
  facet normal 0 0 1
    outer loop
      vertex -6.78822 6.78822 14.4
      vertex -7.77817 7.77817 14.4
      vertex -7.35403 6.17076 14.4
    endloop
  endfacet
  facet normal -0 0 1
    outer loop
      vertex -8.42649 7.07066 14.4
      vertex -7.35403 6.17076 14.4
      vertex -7.77817 7.77817 14.4
    endloop
  endfacet
  facet normal 0 0 1
    outer loop
      vertex -7.35403 6.17076 14.4
      vertex -8.42649 7.07066 14.4
      vertex -7.86386 5.50633 14.4
    endloop
  endfacet
  facet normal -0 0 1
    outer loop
      vertex -9.01067 6.30934 14.4
      vertex -7.86386 5.50633 14.4
      vertex -8.42649 7.07066 14.4
    endloop
  endfacet
  facet normal 0 0 1
    outer loop
      vertex -7.86386 5.50633 14.4
      vertex -9.01067 6.30934 14.4
      vertex -8.31384 4.8 14.4
    endloop
  endfacet
  facet normal -0 0 1
    outer loop
      vertex -9.52628 5.5 14.4
      vertex -8.31384 4.8 14.4
      vertex -9.01067 6.30934 14.4
    endloop
  endfacet
  facet normal 0 0 1
    outer loop
      vertex -8.31384 4.8 14.4
      vertex -9.52628 5.5 14.4
      vertex -8.70055 4.05713 14.4
    endloop
  endfacet
  facet normal -0 0 1
    outer loop
      vertex -9.96939 4.6488 14.4
      vertex -8.70055 4.05713 14.4
      vertex -9.52628 5.5 14.4
    endloop
  endfacet
  facet normal 0 0 1
    outer loop
      vertex -8.70055 4.05713 14.4
      vertex -9.96939 4.6488 14.4
      vertex -9.02105 3.28339 14.4
    endloop
  endfacet
  facet normal -0 0 1
    outer loop
      vertex -10.3366 3.76222 14.4
      vertex -9.02105 3.28339 14.4
      vertex -9.96939 4.6488 14.4
    endloop
  endfacet
  facet normal 0 0 1
    outer loop
      vertex -9.02105 3.28339 14.4
      vertex -10.3366 3.76222 14.4
      vertex -9.27289 2.48466 14.4
    endloop
  endfacet
  facet normal -0 0 1
    outer loop
      vertex -10.6252 2.84701 14.4
      vertex -9.27289 2.48466 14.4
      vertex -10.3366 3.76222 14.4
    endloop
  endfacet
  facet normal 0 0 1
    outer loop
      vertex -9.27289 2.48466 14.4
      vertex -10.6252 2.84701 14.4
      vertex -9.45415 1.66702 14.4
    endloop
  endfacet
  facet normal -0 0 1
    outer loop
      vertex 9.27289 -2.48466 14.4
      vertex 10.6252 -2.84701 14.4
      vertex 9.45415 -1.66702 14.4
    endloop
  endfacet
  facet normal 0 0 1
    outer loop
      vertex 10.6252 -2.84701 14.4
      vertex 9.27289 -2.48466 14.4
      vertex 10.3366 -3.76222 14.4
    endloop
  endfacet
  facet normal -0 0 1
    outer loop
      vertex 9.02105 -3.28339 14.4
      vertex 10.3366 -3.76222 14.4
      vertex 9.27289 -2.48466 14.4
    endloop
  endfacet
  facet normal 0 0 1
    outer loop
      vertex 10.3366 -3.76222 14.4
      vertex 9.02105 -3.28339 14.4
      vertex 9.96939 -4.6488 14.4
    endloop
  endfacet
  facet normal -0 0 1
    outer loop
      vertex 8.70055 -4.05713 14.4
      vertex 9.96939 -4.6488 14.4
      vertex 9.02105 -3.28339 14.4
    endloop
  endfacet
  facet normal 0 0 1
    outer loop
      vertex 9.96939 -4.6488 14.4
      vertex 8.70055 -4.05713 14.4
      vertex 9.52628 -5.5 14.4
    endloop
  endfacet
  facet normal -0 0 1
    outer loop
      vertex 8.31384 -4.8 14.4
      vertex 9.52628 -5.5 14.4
      vertex 8.70055 -4.05713 14.4
    endloop
  endfacet
  facet normal 0 0 1
    outer loop
      vertex 9.52628 -5.5 14.4
      vertex 8.31384 -4.8 14.4
      vertex 9.01067 -6.30934 14.4
    endloop
  endfacet
  facet normal -0 0 1
    outer loop
      vertex 7.86386 -5.50633 14.4
      vertex 9.01067 -6.30934 14.4
      vertex 8.31384 -4.8 14.4
    endloop
  endfacet
  facet normal 0 0 1
    outer loop
      vertex 9.01067 -6.30934 14.4
      vertex 7.86386 -5.50633 14.4
      vertex 8.42649 -7.07066 14.4
    endloop
  endfacet
  facet normal -0 0 1
    outer loop
      vertex 7.35403 -6.17076 14.4
      vertex 8.42649 -7.07066 14.4
      vertex 7.86386 -5.50633 14.4
    endloop
  endfacet
  facet normal 0 0 1
    outer loop
      vertex 8.42649 -7.07066 14.4
      vertex 7.35403 -6.17076 14.4
      vertex 7.77817 -7.77817 14.4
    endloop
  endfacet
  facet normal -0 0 1
    outer loop
      vertex 6.78822 -6.78822 14.4
      vertex 7.77817 -7.77817 14.4
      vertex 7.35403 -6.17076 14.4
    endloop
  endfacet
  facet normal 0 0 1
    outer loop
      vertex 7.77817 -7.77817 14.4
      vertex 6.78822 -6.78822 14.4
      vertex 7.07066 -8.42649 14.4
    endloop
  endfacet
  facet normal -0 0 1
    outer loop
      vertex 6.17076 -7.35403 14.4
      vertex 7.07066 -8.42649 14.4
      vertex 6.78822 -6.78822 14.4
    endloop
  endfacet
  facet normal 0 0 1
    outer loop
      vertex 7.07066 -8.42649 14.4
      vertex 6.17076 -7.35403 14.4
      vertex 6.30934 -9.01067 14.4
    endloop
  endfacet
  facet normal -0 0 1
    outer loop
      vertex 5.50633 -7.86386 14.4
      vertex 6.30934 -9.01067 14.4
      vertex 6.17076 -7.35403 14.4
    endloop
  endfacet
  facet normal 0 0 1
    outer loop
      vertex 5.50633 -7.86386 14.4
      vertex 5.5 -9.52628 14.4
      vertex 6.30934 -9.01067 14.4
    endloop
  endfacet
  facet normal -0 0 1
    outer loop
      vertex 4.8 -8.31384 14.4
      vertex 5.5 -9.52628 14.4
      vertex 5.50633 -7.86386 14.4
    endloop
  endfacet
  facet normal 0 0 1
    outer loop
      vertex 4.8 -8.31384 14.4
      vertex 4.6488 -9.96939 14.4
      vertex 5.5 -9.52628 14.4
    endloop
  endfacet
  facet normal -0 0 1
    outer loop
      vertex 4.05713 -8.70055 14.4
      vertex 4.6488 -9.96939 14.4
      vertex 4.8 -8.31384 14.4
    endloop
  endfacet
  facet normal 0 0 1
    outer loop
      vertex 4.05713 -8.70055 14.4
      vertex 3.76222 -10.3366 14.4
      vertex 4.6488 -9.96939 14.4
    endloop
  endfacet
  facet normal -0 0 1
    outer loop
      vertex 3.28339 -9.02105 14.4
      vertex 3.76222 -10.3366 14.4
      vertex 4.05713 -8.70055 14.4
    endloop
  endfacet
  facet normal 0 0 1
    outer loop
      vertex 3.28339 -9.02105 14.4
      vertex 2.84701 -10.6252 14.4
      vertex 3.76222 -10.3366 14.4
    endloop
  endfacet
  facet normal -0 0 1
    outer loop
      vertex 2.48466 -9.27289 14.4
      vertex 2.84701 -10.6252 14.4
      vertex 3.28339 -9.02105 14.4
    endloop
  endfacet
  facet normal 0 0 1
    outer loop
      vertex 2.48466 -9.27289 14.4
      vertex 1.91013 -10.8329 14.4
      vertex 2.84701 -10.6252 14.4
    endloop
  endfacet
  facet normal -0 0 1
    outer loop
      vertex 1.66702 -9.45415 14.4
      vertex 1.91013 -10.8329 14.4
      vertex 2.48466 -9.27289 14.4
    endloop
  endfacet
  facet normal 0 0 1
    outer loop
      vertex 1.66702 -9.45415 14.4
      vertex 0.958713 -10.9581 14.4
      vertex 1.91013 -10.8329 14.4
    endloop
  endfacet
  facet normal -0 0 1
    outer loop
      vertex 0.836695 -9.56347 14.4
      vertex 0.958713 -10.9581 14.4
      vertex 1.66702 -9.45415 14.4
    endloop
  endfacet
  facet normal -0 0 1
    outer loop
      vertex 0 -9.6 14.4
      vertex 0.958713 -10.9581 14.4
      vertex 0.836695 -9.56347 14.4
    endloop
  endfacet
  facet normal 0 0 1
    outer loop
      vertex 0 -9.6 14.4
      vertex 0 -11 14.4
      vertex 0.958713 -10.9581 14.4
    endloop
  endfacet
  facet normal 0 0 1
    outer loop
      vertex -0.836695 -9.56347 14.4
      vertex 0 -11 14.4
      vertex 0 -9.6 14.4
    endloop
  endfacet
  facet normal 0 0 1
    outer loop
      vertex -0.836695 -9.56347 14.4
      vertex -0.958713 -10.9581 14.4
      vertex 0 -11 14.4
    endloop
  endfacet
  facet normal 0 0 1
    outer loop
      vertex -1.66702 -9.45415 14.4
      vertex -0.958713 -10.9581 14.4
      vertex -0.836695 -9.56347 14.4
    endloop
  endfacet
  facet normal 0 0 1
    outer loop
      vertex -1.66702 -9.45415 14.4
      vertex -1.91013 -10.8329 14.4
      vertex -0.958713 -10.9581 14.4
    endloop
  endfacet
  facet normal 0 0 1
    outer loop
      vertex -2.48466 -9.27289 14.4
      vertex -1.91013 -10.8329 14.4
      vertex -1.66702 -9.45415 14.4
    endloop
  endfacet
  facet normal 0 0 1
    outer loop
      vertex -2.48466 -9.27289 14.4
      vertex -2.84701 -10.6252 14.4
      vertex -1.91013 -10.8329 14.4
    endloop
  endfacet
  facet normal 0 0 1
    outer loop
      vertex -3.28339 -9.02105 14.4
      vertex -2.84701 -10.6252 14.4
      vertex -2.48466 -9.27289 14.4
    endloop
  endfacet
  facet normal 0 0 1
    outer loop
      vertex -3.28339 -9.02105 14.4
      vertex -3.76222 -10.3366 14.4
      vertex -2.84701 -10.6252 14.4
    endloop
  endfacet
  facet normal 0 0 1
    outer loop
      vertex -4.05713 -8.70055 14.4
      vertex -3.76222 -10.3366 14.4
      vertex -3.28339 -9.02105 14.4
    endloop
  endfacet
  facet normal 0 0 1
    outer loop
      vertex -4.05713 -8.70055 14.4
      vertex -4.6488 -9.96939 14.4
      vertex -3.76222 -10.3366 14.4
    endloop
  endfacet
  facet normal 0 0 1
    outer loop
      vertex -4.8 -8.31384 14.4
      vertex -4.6488 -9.96939 14.4
      vertex -4.05713 -8.70055 14.4
    endloop
  endfacet
  facet normal 0 0 1
    outer loop
      vertex -4.8 -8.31384 14.4
      vertex -5.5 -9.52628 14.4
      vertex -4.6488 -9.96939 14.4
    endloop
  endfacet
  facet normal 0 0 1
    outer loop
      vertex -5.50633 -7.86386 14.4
      vertex -5.5 -9.52628 14.4
      vertex -4.8 -8.31384 14.4
    endloop
  endfacet
  facet normal 0 0 1
    outer loop
      vertex -6.30934 -9.01067 14.4
      vertex -5.50633 -7.86386 14.4
      vertex -6.17076 -7.35403 14.4
    endloop
  endfacet
  facet normal 0 0 1
    outer loop
      vertex -5.50633 -7.86386 14.4
      vertex -6.30934 -9.01067 14.4
      vertex -5.5 -9.52628 14.4
    endloop
  endfacet
  facet normal 0 0 1
    outer loop
      vertex -7.07066 -8.42649 14.4
      vertex -6.17076 -7.35403 14.4
      vertex -6.78822 -6.78822 14.4
    endloop
  endfacet
  facet normal 0 0 1
    outer loop
      vertex -6.17076 -7.35403 14.4
      vertex -7.07066 -8.42649 14.4
      vertex -6.30934 -9.01067 14.4
    endloop
  endfacet
  facet normal 0 0 1
    outer loop
      vertex -7.77817 -7.77817 14.4
      vertex -6.78822 -6.78822 14.4
      vertex -7.35403 -6.17076 14.4
    endloop
  endfacet
  facet normal 0 0 1
    outer loop
      vertex -6.78822 -6.78822 14.4
      vertex -7.77817 -7.77817 14.4
      vertex -7.07066 -8.42649 14.4
    endloop
  endfacet
  facet normal 0 0 1
    outer loop
      vertex -8.42649 -7.07066 14.4
      vertex -7.35403 -6.17076 14.4
      vertex -7.86386 -5.50633 14.4
    endloop
  endfacet
  facet normal 0 0 1
    outer loop
      vertex -9.01067 -6.30934 14.4
      vertex -7.86386 -5.50633 14.4
      vertex -8.31384 -4.8 14.4
    endloop
  endfacet
  facet normal 0 0 1
    outer loop
      vertex -7.35403 -6.17076 14.4
      vertex -8.42649 -7.07066 14.4
      vertex -7.77817 -7.77817 14.4
    endloop
  endfacet
  facet normal 0 0 1
    outer loop
      vertex -9.52628 -5.5 14.4
      vertex -8.31384 -4.8 14.4
      vertex -8.70055 -4.05713 14.4
    endloop
  endfacet
  facet normal 0 0 1
    outer loop
      vertex -7.86386 -5.50633 14.4
      vertex -9.01067 -6.30934 14.4
      vertex -8.42649 -7.07066 14.4
    endloop
  endfacet
  facet normal 0 0 1
    outer loop
      vertex -9.96939 -4.6488 14.4
      vertex -8.70055 -4.05713 14.4
      vertex -9.02105 -3.28339 14.4
    endloop
  endfacet
  facet normal 0 0 1
    outer loop
      vertex -10.3366 -3.76222 14.4
      vertex -9.02105 -3.28339 14.4
      vertex -9.27289 -2.48466 14.4
    endloop
  endfacet
  facet normal 0 0 1
    outer loop
      vertex -10.6252 -2.84701 14.4
      vertex -9.27289 -2.48466 14.4
      vertex -9.45415 -1.66702 14.4
    endloop
  endfacet
  facet normal 0 0 1
    outer loop
      vertex -8.31384 -4.8 14.4
      vertex -9.52628 -5.5 14.4
      vertex -9.01067 -6.30934 14.4
    endloop
  endfacet
  facet normal 0 0 1
    outer loop
      vertex -10.8329 -1.91013 14.4
      vertex -9.45415 -1.66702 14.4
      vertex -9.56347 -0.836695 14.4
    endloop
  endfacet
  facet normal 0 0 1
    outer loop
      vertex -10.9581 -0.958713 14.4
      vertex -9.56347 -0.836695 14.4
      vertex -9.6 0 14.4
    endloop
  endfacet
  facet normal -0 0 1
    outer loop
      vertex -10.8329 1.91013 14.4
      vertex -9.45415 1.66702 14.4
      vertex -10.6252 2.84701 14.4
    endloop
  endfacet
  facet normal 0 0 1
    outer loop
      vertex -8.70055 -4.05713 14.4
      vertex -9.96939 -4.6488 14.4
      vertex -9.52628 -5.5 14.4
    endloop
  endfacet
  facet normal 0 0 1
    outer loop
      vertex -9.45415 1.66702 14.4
      vertex -10.8329 1.91013 14.4
      vertex -9.56347 0.836695 14.4
    endloop
  endfacet
  facet normal 0 0 1
    outer loop
      vertex -9.02105 -3.28339 14.4
      vertex -10.3366 -3.76222 14.4
      vertex -9.96939 -4.6488 14.4
    endloop
  endfacet
  facet normal -0 0 1
    outer loop
      vertex -10.9581 0.958713 14.4
      vertex -9.56347 0.836695 14.4
      vertex -10.8329 1.91013 14.4
    endloop
  endfacet
  facet normal 0 0 1
    outer loop
      vertex -9.27289 -2.48466 14.4
      vertex -10.6252 -2.84701 14.4
      vertex -10.3366 -3.76222 14.4
    endloop
  endfacet
  facet normal 0 0 1
    outer loop
      vertex -9.56347 0.836695 14.4
      vertex -10.9581 0.958713 14.4
      vertex -9.6 0 14.4
    endloop
  endfacet
  facet normal 0 0 1
    outer loop
      vertex -9.45415 -1.66702 14.4
      vertex -10.8329 -1.91013 14.4
      vertex -10.6252 -2.84701 14.4
    endloop
  endfacet
  facet normal 0 0 1
    outer loop
      vertex -11 0 14.4
      vertex -9.6 0 14.4
      vertex -10.9581 0.958713 14.4
    endloop
  endfacet
  facet normal 0 0 1
    outer loop
      vertex -9.56347 -0.836695 14.4
      vertex -10.9581 -0.958713 14.4
      vertex -10.8329 -1.91013 14.4
    endloop
  endfacet
  facet normal 0 0 1
    outer loop
      vertex -9.6 0 14.4
      vertex -11 0 14.4
      vertex -10.9581 -0.958713 14.4
    endloop
  endfacet
  facet normal 0 0 -1
    outer loop
      vertex 9.6 0 16.6
      vertex 11 0 16.6
      vertex 10.9581 -0.958713 16.6
    endloop
  endfacet
  facet normal 0 0 -1
    outer loop
      vertex 9.56347 -0.836695 16.6
      vertex 10.9581 -0.958713 16.6
      vertex 10.8329 -1.91013 16.6
    endloop
  endfacet
  facet normal 0 0 -1
    outer loop
      vertex 11 0 16.6
      vertex 9.6 0 16.6
      vertex 10.9581 0.958713 16.6
    endloop
  endfacet
  facet normal 0 0 -1
    outer loop
      vertex 9.45415 -1.66702 16.6
      vertex 10.8329 -1.91013 16.6
      vertex 10.6252 -2.84701 16.6
    endloop
  endfacet
  facet normal 0 0 -1
    outer loop
      vertex 9.56347 0.836695 16.6
      vertex 10.9581 0.958713 16.6
      vertex 9.6 0 16.6
    endloop
  endfacet
  facet normal 0 0 -1
    outer loop
      vertex 9.27289 -2.48466 16.6
      vertex 10.6252 -2.84701 16.6
      vertex 10.3366 -3.76222 16.6
    endloop
  endfacet
  facet normal -0 0 -1
    outer loop
      vertex 10.9581 0.958713 16.6
      vertex 9.56347 0.836695 16.6
      vertex 10.8329 1.91013 16.6
    endloop
  endfacet
  facet normal 0 0 -1
    outer loop
      vertex 9.02105 -3.28339 16.6
      vertex 10.3366 -3.76222 16.6
      vertex 9.96939 -4.6488 16.6
    endloop
  endfacet
  facet normal 0 0 -1
    outer loop
      vertex 9.45415 1.66702 16.6
      vertex 10.8329 1.91013 16.6
      vertex 9.56347 0.836695 16.6
    endloop
  endfacet
  facet normal -0 0 -1
    outer loop
      vertex 10.8329 1.91013 16.6
      vertex 9.45415 1.66702 16.6
      vertex 10.6252 2.84701 16.6
    endloop
  endfacet
  facet normal 0 0 -1
    outer loop
      vertex 10.9581 -0.958713 16.6
      vertex 9.56347 -0.836695 16.6
      vertex 9.6 0 16.6
    endloop
  endfacet
  facet normal 0 0 -1
    outer loop
      vertex 8.70055 -4.05713 16.6
      vertex 9.96939 -4.6488 16.6
      vertex 9.52628 -5.5 16.6
    endloop
  endfacet
  facet normal 0 0 -1
    outer loop
      vertex 10.8329 -1.91013 16.6
      vertex 9.45415 -1.66702 16.6
      vertex 9.56347 -0.836695 16.6
    endloop
  endfacet
  facet normal 0 0 -1
    outer loop
      vertex 10.6252 -2.84701 16.6
      vertex 9.27289 -2.48466 16.6
      vertex 9.45415 -1.66702 16.6
    endloop
  endfacet
  facet normal 0 0 -1
    outer loop
      vertex 10.3366 -3.76222 16.6
      vertex 9.02105 -3.28339 16.6
      vertex 9.27289 -2.48466 16.6
    endloop
  endfacet
  facet normal 0 0 -1
    outer loop
      vertex 8.31384 -4.8 16.6
      vertex 9.52628 -5.5 16.6
      vertex 9.01067 -6.30934 16.6
    endloop
  endfacet
  facet normal 0 0 -1
    outer loop
      vertex 9.96939 -4.6488 16.6
      vertex 8.70055 -4.05713 16.6
      vertex 9.02105 -3.28339 16.6
    endloop
  endfacet
  facet normal 0 0 -1
    outer loop
      vertex 7.86386 -5.50633 16.6
      vertex 9.01067 -6.30934 16.6
      vertex 8.42649 -7.07066 16.6
    endloop
  endfacet
  facet normal 0 0 -1
    outer loop
      vertex 9.52628 -5.5 16.6
      vertex 8.31384 -4.8 16.6
      vertex 8.70055 -4.05713 16.6
    endloop
  endfacet
  facet normal 0 0 -1
    outer loop
      vertex 9.01067 -6.30934 16.6
      vertex 7.86386 -5.50633 16.6
      vertex 8.31384 -4.8 16.6
    endloop
  endfacet
  facet normal 0 0 -1
    outer loop
      vertex 7.35403 -6.17076 16.6
      vertex 8.42649 -7.07066 16.6
      vertex 7.77817 -7.77817 16.6
    endloop
  endfacet
  facet normal 0 0 -1
    outer loop
      vertex 8.42649 -7.07066 16.6
      vertex 7.35403 -6.17076 16.6
      vertex 7.86386 -5.50633 16.6
    endloop
  endfacet
  facet normal 0 0 -1
    outer loop
      vertex 6.78822 -6.78822 16.6
      vertex 7.77817 -7.77817 16.6
      vertex 7.07066 -8.42649 16.6
    endloop
  endfacet
  facet normal 0 0 -1
    outer loop
      vertex 7.77817 -7.77817 16.6
      vertex 6.78822 -6.78822 16.6
      vertex 7.35403 -6.17076 16.6
    endloop
  endfacet
  facet normal 0 0 -1
    outer loop
      vertex 6.17076 -7.35403 16.6
      vertex 7.07066 -8.42649 16.6
      vertex 6.30934 -9.01067 16.6
    endloop
  endfacet
  facet normal 0 0 -1
    outer loop
      vertex 7.07066 -8.42649 16.6
      vertex 6.17076 -7.35403 16.6
      vertex 6.78822 -6.78822 16.6
    endloop
  endfacet
  facet normal 0 0 -1
    outer loop
      vertex 6.30934 -9.01067 16.6
      vertex 5.50633 -7.86386 16.6
      vertex 6.17076 -7.35403 16.6
    endloop
  endfacet
  facet normal 0 0 -1
    outer loop
      vertex 5.5 -9.52628 16.6
      vertex 5.50633 -7.86386 16.6
      vertex 6.30934 -9.01067 16.6
    endloop
  endfacet
  facet normal 0 0 -1
    outer loop
      vertex 5.5 -9.52628 16.6
      vertex 4.8 -8.31384 16.6
      vertex 5.50633 -7.86386 16.6
    endloop
  endfacet
  facet normal 0 0 -1
    outer loop
      vertex 4.6488 -9.96939 16.6
      vertex 4.8 -8.31384 16.6
      vertex 5.5 -9.52628 16.6
    endloop
  endfacet
  facet normal 0 0 -1
    outer loop
      vertex 4.6488 -9.96939 16.6
      vertex 4.05713 -8.70055 16.6
      vertex 4.8 -8.31384 16.6
    endloop
  endfacet
  facet normal 0 0 -1
    outer loop
      vertex 3.76222 -10.3366 16.6
      vertex 4.05713 -8.70055 16.6
      vertex 4.6488 -9.96939 16.6
    endloop
  endfacet
  facet normal 0 0 -1
    outer loop
      vertex 3.76222 -10.3366 16.6
      vertex 3.28339 -9.02105 16.6
      vertex 4.05713 -8.70055 16.6
    endloop
  endfacet
  facet normal 0 0 -1
    outer loop
      vertex 2.84701 -10.6252 16.6
      vertex 3.28339 -9.02105 16.6
      vertex 3.76222 -10.3366 16.6
    endloop
  endfacet
  facet normal 0 0 -1
    outer loop
      vertex 2.84701 -10.6252 16.6
      vertex 2.48466 -9.27289 16.6
      vertex 3.28339 -9.02105 16.6
    endloop
  endfacet
  facet normal 0 0 -1
    outer loop
      vertex 1.91013 -10.8329 16.6
      vertex 2.48466 -9.27289 16.6
      vertex 2.84701 -10.6252 16.6
    endloop
  endfacet
  facet normal 0 0 -1
    outer loop
      vertex 1.91013 -10.8329 16.6
      vertex 1.66702 -9.45415 16.6
      vertex 2.48466 -9.27289 16.6
    endloop
  endfacet
  facet normal 0 0 -1
    outer loop
      vertex 0.958713 -10.9581 16.6
      vertex 1.66702 -9.45415 16.6
      vertex 1.91013 -10.8329 16.6
    endloop
  endfacet
  facet normal 0 0 -1
    outer loop
      vertex 0.958713 -10.9581 16.6
      vertex 0.836695 -9.56347 16.6
      vertex 1.66702 -9.45415 16.6
    endloop
  endfacet
  facet normal 0 0 -1
    outer loop
      vertex 0 -11 16.6
      vertex 0.836695 -9.56347 16.6
      vertex 0.958713 -10.9581 16.6
    endloop
  endfacet
  facet normal 0 0 -1
    outer loop
      vertex 0 -11 16.6
      vertex 0 -9.6 16.6
      vertex 0.836695 -9.56347 16.6
    endloop
  endfacet
  facet normal 0 0 -1
    outer loop
      vertex 0 -11 16.6
      vertex -0.836695 -9.56347 16.6
      vertex 0 -9.6 16.6
    endloop
  endfacet
  facet normal 0 0 -1
    outer loop
      vertex -0.958713 -10.9581 16.6
      vertex -0.836695 -9.56347 16.6
      vertex 0 -11 16.6
    endloop
  endfacet
  facet normal 0 0 -1
    outer loop
      vertex -0.958713 -10.9581 16.6
      vertex -1.66702 -9.45415 16.6
      vertex -0.836695 -9.56347 16.6
    endloop
  endfacet
  facet normal 0 0 -1
    outer loop
      vertex -1.91013 -10.8329 16.6
      vertex -1.66702 -9.45415 16.6
      vertex -0.958713 -10.9581 16.6
    endloop
  endfacet
  facet normal 0 0 -1
    outer loop
      vertex -1.91013 -10.8329 16.6
      vertex -2.48466 -9.27289 16.6
      vertex -1.66702 -9.45415 16.6
    endloop
  endfacet
  facet normal 0 0 -1
    outer loop
      vertex -2.84701 -10.6252 16.6
      vertex -2.48466 -9.27289 16.6
      vertex -1.91013 -10.8329 16.6
    endloop
  endfacet
  facet normal 0 0 -1
    outer loop
      vertex -2.84701 -10.6252 16.6
      vertex -3.28339 -9.02105 16.6
      vertex -2.48466 -9.27289 16.6
    endloop
  endfacet
  facet normal 0 0 -1
    outer loop
      vertex -3.76222 -10.3366 16.6
      vertex -3.28339 -9.02105 16.6
      vertex -2.84701 -10.6252 16.6
    endloop
  endfacet
  facet normal 0 0 -1
    outer loop
      vertex -3.76222 -10.3366 16.6
      vertex -4.05713 -8.70055 16.6
      vertex -3.28339 -9.02105 16.6
    endloop
  endfacet
  facet normal 0 0 -1
    outer loop
      vertex -4.6488 -9.96939 16.6
      vertex -4.05713 -8.70055 16.6
      vertex -3.76222 -10.3366 16.6
    endloop
  endfacet
  facet normal 0 0 -1
    outer loop
      vertex -4.6488 -9.96939 16.6
      vertex -4.8 -8.31384 16.6
      vertex -4.05713 -8.70055 16.6
    endloop
  endfacet
  facet normal 0 0 -1
    outer loop
      vertex -5.5 -9.52628 16.6
      vertex -4.8 -8.31384 16.6
      vertex -4.6488 -9.96939 16.6
    endloop
  endfacet
  facet normal 0 0 -1
    outer loop
      vertex -5.5 -9.52628 16.6
      vertex -5.50633 -7.86386 16.6
      vertex -4.8 -8.31384 16.6
    endloop
  endfacet
  facet normal 0 0 -1
    outer loop
      vertex -6.30934 -9.01067 16.6
      vertex -5.50633 -7.86386 16.6
      vertex -5.5 -9.52628 16.6
    endloop
  endfacet
  facet normal -0 0 -1
    outer loop
      vertex -5.50633 -7.86386 16.6
      vertex -6.30934 -9.01067 16.6
      vertex -6.17076 -7.35403 16.6
    endloop
  endfacet
  facet normal 0 0 -1
    outer loop
      vertex -7.07066 -8.42649 16.6
      vertex -6.17076 -7.35403 16.6
      vertex -6.30934 -9.01067 16.6
    endloop
  endfacet
  facet normal -0 0 -1
    outer loop
      vertex -6.17076 -7.35403 16.6
      vertex -7.07066 -8.42649 16.6
      vertex -6.78822 -6.78822 16.6
    endloop
  endfacet
  facet normal 0 0 -1
    outer loop
      vertex -7.77817 -7.77817 16.6
      vertex -6.78822 -6.78822 16.6
      vertex -7.07066 -8.42649 16.6
    endloop
  endfacet
  facet normal -0 0 -1
    outer loop
      vertex -6.78822 -6.78822 16.6
      vertex -7.77817 -7.77817 16.6
      vertex -7.35403 -6.17076 16.6
    endloop
  endfacet
  facet normal 0 0 -1
    outer loop
      vertex -8.42649 -7.07066 16.6
      vertex -7.35403 -6.17076 16.6
      vertex -7.77817 -7.77817 16.6
    endloop
  endfacet
  facet normal -0 0 -1
    outer loop
      vertex -7.35403 -6.17076 16.6
      vertex -8.42649 -7.07066 16.6
      vertex -7.86386 -5.50633 16.6
    endloop
  endfacet
  facet normal 0 0 -1
    outer loop
      vertex -9.01067 -6.30934 16.6
      vertex -7.86386 -5.50633 16.6
      vertex -8.42649 -7.07066 16.6
    endloop
  endfacet
  facet normal -0 0 -1
    outer loop
      vertex -7.86386 -5.50633 16.6
      vertex -9.01067 -6.30934 16.6
      vertex -8.31384 -4.8 16.6
    endloop
  endfacet
  facet normal 0 0 -1
    outer loop
      vertex -9.52628 -5.5 16.6
      vertex -8.31384 -4.8 16.6
      vertex -9.01067 -6.30934 16.6
    endloop
  endfacet
  facet normal -0 0 -1
    outer loop
      vertex -8.31384 -4.8 16.6
      vertex -9.52628 -5.5 16.6
      vertex -8.70055 -4.05713 16.6
    endloop
  endfacet
  facet normal 0 0 -1
    outer loop
      vertex -9.96939 -4.6488 16.6
      vertex -8.70055 -4.05713 16.6
      vertex -9.52628 -5.5 16.6
    endloop
  endfacet
  facet normal -0 0 -1
    outer loop
      vertex -8.70055 -4.05713 16.6
      vertex -9.96939 -4.6488 16.6
      vertex -9.02105 -3.28339 16.6
    endloop
  endfacet
  facet normal 0 0 -1
    outer loop
      vertex -10.3366 -3.76222 16.6
      vertex -9.02105 -3.28339 16.6
      vertex -9.96939 -4.6488 16.6
    endloop
  endfacet
  facet normal -0 0 -1
    outer loop
      vertex -9.02105 -3.28339 16.6
      vertex -10.3366 -3.76222 16.6
      vertex -9.27289 -2.48466 16.6
    endloop
  endfacet
  facet normal 0 0 -1
    outer loop
      vertex -10.6252 -2.84701 16.6
      vertex -9.27289 -2.48466 16.6
      vertex -10.3366 -3.76222 16.6
    endloop
  endfacet
  facet normal -0 0 -1
    outer loop
      vertex -9.27289 -2.48466 16.6
      vertex -10.6252 -2.84701 16.6
      vertex -9.45415 -1.66702 16.6
    endloop
  endfacet
  facet normal 0 0 -1
    outer loop
      vertex 9.27289 2.48466 16.6
      vertex 10.6252 2.84701 16.6
      vertex 9.45415 1.66702 16.6
    endloop
  endfacet
  facet normal -0 0 -1
    outer loop
      vertex 10.6252 2.84701 16.6
      vertex 9.27289 2.48466 16.6
      vertex 10.3366 3.76222 16.6
    endloop
  endfacet
  facet normal 0 0 -1
    outer loop
      vertex 9.02105 3.28339 16.6
      vertex 10.3366 3.76222 16.6
      vertex 9.27289 2.48466 16.6
    endloop
  endfacet
  facet normal -0 0 -1
    outer loop
      vertex 10.3366 3.76222 16.6
      vertex 9.02105 3.28339 16.6
      vertex 9.96939 4.6488 16.6
    endloop
  endfacet
  facet normal 0 0 -1
    outer loop
      vertex 8.70055 4.05713 16.6
      vertex 9.96939 4.6488 16.6
      vertex 9.02105 3.28339 16.6
    endloop
  endfacet
  facet normal -0 0 -1
    outer loop
      vertex 9.96939 4.6488 16.6
      vertex 8.70055 4.05713 16.6
      vertex 9.52628 5.5 16.6
    endloop
  endfacet
  facet normal 0 0 -1
    outer loop
      vertex 8.31384 4.8 16.6
      vertex 9.52628 5.5 16.6
      vertex 8.70055 4.05713 16.6
    endloop
  endfacet
  facet normal -0 0 -1
    outer loop
      vertex 9.52628 5.5 16.6
      vertex 8.31384 4.8 16.6
      vertex 9.01067 6.30934 16.6
    endloop
  endfacet
  facet normal 0 0 -1
    outer loop
      vertex 7.86386 5.50633 16.6
      vertex 9.01067 6.30934 16.6
      vertex 8.31384 4.8 16.6
    endloop
  endfacet
  facet normal -0 0 -1
    outer loop
      vertex 9.01067 6.30934 16.6
      vertex 7.86386 5.50633 16.6
      vertex 8.42649 7.07066 16.6
    endloop
  endfacet
  facet normal 0 0 -1
    outer loop
      vertex 7.35403 6.17076 16.6
      vertex 8.42649 7.07066 16.6
      vertex 7.86386 5.50633 16.6
    endloop
  endfacet
  facet normal -0 0 -1
    outer loop
      vertex 8.42649 7.07066 16.6
      vertex 7.35403 6.17076 16.6
      vertex 7.77817 7.77817 16.6
    endloop
  endfacet
  facet normal 0 0 -1
    outer loop
      vertex 6.78822 6.78822 16.6
      vertex 7.77817 7.77817 16.6
      vertex 7.35403 6.17076 16.6
    endloop
  endfacet
  facet normal -0 0 -1
    outer loop
      vertex 7.77817 7.77817 16.6
      vertex 6.78822 6.78822 16.6
      vertex 7.07066 8.42649 16.6
    endloop
  endfacet
  facet normal 0 0 -1
    outer loop
      vertex 6.17076 7.35403 16.6
      vertex 7.07066 8.42649 16.6
      vertex 6.78822 6.78822 16.6
    endloop
  endfacet
  facet normal -0 0 -1
    outer loop
      vertex 7.07066 8.42649 16.6
      vertex 6.17076 7.35403 16.6
      vertex 6.30934 9.01067 16.6
    endloop
  endfacet
  facet normal 0 0 -1
    outer loop
      vertex 5.50633 7.86386 16.6
      vertex 6.30934 9.01067 16.6
      vertex 6.17076 7.35403 16.6
    endloop
  endfacet
  facet normal 0 0 -1
    outer loop
      vertex 5.50633 7.86386 16.6
      vertex 5.5 9.52628 16.6
      vertex 6.30934 9.01067 16.6
    endloop
  endfacet
  facet normal 0 0 -1
    outer loop
      vertex 4.8 8.31384 16.6
      vertex 5.5 9.52628 16.6
      vertex 5.50633 7.86386 16.6
    endloop
  endfacet
  facet normal 0 0 -1
    outer loop
      vertex 4.8 8.31384 16.6
      vertex 4.6488 9.96939 16.6
      vertex 5.5 9.52628 16.6
    endloop
  endfacet
  facet normal 0 0 -1
    outer loop
      vertex 4.05713 8.70055 16.6
      vertex 4.6488 9.96939 16.6
      vertex 4.8 8.31384 16.6
    endloop
  endfacet
  facet normal 0 0 -1
    outer loop
      vertex 4.05713 8.70055 16.6
      vertex 3.76222 10.3366 16.6
      vertex 4.6488 9.96939 16.6
    endloop
  endfacet
  facet normal 0 0 -1
    outer loop
      vertex 3.28339 9.02105 16.6
      vertex 3.76222 10.3366 16.6
      vertex 4.05713 8.70055 16.6
    endloop
  endfacet
  facet normal 0 0 -1
    outer loop
      vertex 3.28339 9.02105 16.6
      vertex 2.84701 10.6252 16.6
      vertex 3.76222 10.3366 16.6
    endloop
  endfacet
  facet normal 0 0 -1
    outer loop
      vertex 2.48466 9.27289 16.6
      vertex 2.84701 10.6252 16.6
      vertex 3.28339 9.02105 16.6
    endloop
  endfacet
  facet normal 0 0 -1
    outer loop
      vertex 2.48466 9.27289 16.6
      vertex 1.91013 10.8329 16.6
      vertex 2.84701 10.6252 16.6
    endloop
  endfacet
  facet normal 0 0 -1
    outer loop
      vertex 1.66702 9.45415 16.6
      vertex 1.91013 10.8329 16.6
      vertex 2.48466 9.27289 16.6
    endloop
  endfacet
  facet normal 0 0 -1
    outer loop
      vertex 1.66702 9.45415 16.6
      vertex 0.958713 10.9581 16.6
      vertex 1.91013 10.8329 16.6
    endloop
  endfacet
  facet normal 0 0 -1
    outer loop
      vertex 0.836695 9.56347 16.6
      vertex 0.958713 10.9581 16.6
      vertex 1.66702 9.45415 16.6
    endloop
  endfacet
  facet normal 0 0 -1
    outer loop
      vertex 0 9.6 16.6
      vertex 0.958713 10.9581 16.6
      vertex 0.836695 9.56347 16.6
    endloop
  endfacet
  facet normal 0 0 -1
    outer loop
      vertex 0 9.6 16.6
      vertex 0 11 16.6
      vertex 0.958713 10.9581 16.6
    endloop
  endfacet
  facet normal 0 0 -1
    outer loop
      vertex -0.836695 9.56347 16.6
      vertex 0 11 16.6
      vertex 0 9.6 16.6
    endloop
  endfacet
  facet normal 0 0 -1
    outer loop
      vertex -0.836695 9.56347 16.6
      vertex -0.958713 10.9581 16.6
      vertex 0 11 16.6
    endloop
  endfacet
  facet normal 0 0 -1
    outer loop
      vertex -1.66702 9.45415 16.6
      vertex -0.958713 10.9581 16.6
      vertex -0.836695 9.56347 16.6
    endloop
  endfacet
  facet normal 0 0 -1
    outer loop
      vertex -1.66702 9.45415 16.6
      vertex -1.91013 10.8329 16.6
      vertex -0.958713 10.9581 16.6
    endloop
  endfacet
  facet normal 0 0 -1
    outer loop
      vertex -2.48466 9.27289 16.6
      vertex -1.91013 10.8329 16.6
      vertex -1.66702 9.45415 16.6
    endloop
  endfacet
  facet normal 0 0 -1
    outer loop
      vertex -2.48466 9.27289 16.6
      vertex -2.84701 10.6252 16.6
      vertex -1.91013 10.8329 16.6
    endloop
  endfacet
  facet normal 0 0 -1
    outer loop
      vertex -3.28339 9.02105 16.6
      vertex -2.84701 10.6252 16.6
      vertex -2.48466 9.27289 16.6
    endloop
  endfacet
  facet normal 0 0 -1
    outer loop
      vertex -3.28339 9.02105 16.6
      vertex -3.76222 10.3366 16.6
      vertex -2.84701 10.6252 16.6
    endloop
  endfacet
  facet normal 0 0 -1
    outer loop
      vertex -4.05713 8.70055 16.6
      vertex -3.76222 10.3366 16.6
      vertex -3.28339 9.02105 16.6
    endloop
  endfacet
  facet normal 0 0 -1
    outer loop
      vertex -4.05713 8.70055 16.6
      vertex -4.6488 9.96939 16.6
      vertex -3.76222 10.3366 16.6
    endloop
  endfacet
  facet normal 0 0 -1
    outer loop
      vertex -4.8 8.31384 16.6
      vertex -4.6488 9.96939 16.6
      vertex -4.05713 8.70055 16.6
    endloop
  endfacet
  facet normal 0 0 -1
    outer loop
      vertex -4.8 8.31384 16.6
      vertex -5.5 9.52628 16.6
      vertex -4.6488 9.96939 16.6
    endloop
  endfacet
  facet normal 0 0 -1
    outer loop
      vertex -5.50633 7.86386 16.6
      vertex -5.5 9.52628 16.6
      vertex -4.8 8.31384 16.6
    endloop
  endfacet
  facet normal 0 0 -1
    outer loop
      vertex -6.30934 9.01067 16.6
      vertex -5.50633 7.86386 16.6
      vertex -6.17076 7.35403 16.6
    endloop
  endfacet
  facet normal 0 0 -1
    outer loop
      vertex -5.50633 7.86386 16.6
      vertex -6.30934 9.01067 16.6
      vertex -5.5 9.52628 16.6
    endloop
  endfacet
  facet normal 0 0 -1
    outer loop
      vertex -7.07066 8.42649 16.6
      vertex -6.17076 7.35403 16.6
      vertex -6.78822 6.78822 16.6
    endloop
  endfacet
  facet normal 0 0 -1
    outer loop
      vertex -6.17076 7.35403 16.6
      vertex -7.07066 8.42649 16.6
      vertex -6.30934 9.01067 16.6
    endloop
  endfacet
  facet normal 0 0 -1
    outer loop
      vertex -7.77817 7.77817 16.6
      vertex -6.78822 6.78822 16.6
      vertex -7.35403 6.17076 16.6
    endloop
  endfacet
  facet normal 0 0 -1
    outer loop
      vertex -6.78822 6.78822 16.6
      vertex -7.77817 7.77817 16.6
      vertex -7.07066 8.42649 16.6
    endloop
  endfacet
  facet normal 0 0 -1
    outer loop
      vertex -8.42649 7.07066 16.6
      vertex -7.35403 6.17076 16.6
      vertex -7.86386 5.50633 16.6
    endloop
  endfacet
  facet normal 0 0 -1
    outer loop
      vertex -9.01067 6.30934 16.6
      vertex -7.86386 5.50633 16.6
      vertex -8.31384 4.8 16.6
    endloop
  endfacet
  facet normal 0 0 -1
    outer loop
      vertex -7.35403 6.17076 16.6
      vertex -8.42649 7.07066 16.6
      vertex -7.77817 7.77817 16.6
    endloop
  endfacet
  facet normal 0 0 -1
    outer loop
      vertex -9.52628 5.5 16.6
      vertex -8.31384 4.8 16.6
      vertex -8.70055 4.05713 16.6
    endloop
  endfacet
  facet normal 0 0 -1
    outer loop
      vertex -7.86386 5.50633 16.6
      vertex -9.01067 6.30934 16.6
      vertex -8.42649 7.07066 16.6
    endloop
  endfacet
  facet normal 0 0 -1
    outer loop
      vertex -9.96939 4.6488 16.6
      vertex -8.70055 4.05713 16.6
      vertex -9.02105 3.28339 16.6
    endloop
  endfacet
  facet normal 0 0 -1
    outer loop
      vertex -10.3366 3.76222 16.6
      vertex -9.02105 3.28339 16.6
      vertex -9.27289 2.48466 16.6
    endloop
  endfacet
  facet normal 0 0 -1
    outer loop
      vertex -10.6252 2.84701 16.6
      vertex -9.27289 2.48466 16.6
      vertex -9.45415 1.66702 16.6
    endloop
  endfacet
  facet normal 0 0 -1
    outer loop
      vertex -8.31384 4.8 16.6
      vertex -9.52628 5.5 16.6
      vertex -9.01067 6.30934 16.6
    endloop
  endfacet
  facet normal 0 0 -1
    outer loop
      vertex -10.8329 1.91013 16.6
      vertex -9.45415 1.66702 16.6
      vertex -9.56347 0.836695 16.6
    endloop
  endfacet
  facet normal 0 0 -1
    outer loop
      vertex -10.9581 0.958713 16.6
      vertex -9.56347 0.836695 16.6
      vertex -9.6 0 16.6
    endloop
  endfacet
  facet normal 0 0 -1
    outer loop
      vertex -10.8329 -1.91013 16.6
      vertex -9.45415 -1.66702 16.6
      vertex -10.6252 -2.84701 16.6
    endloop
  endfacet
  facet normal 0 0 -1
    outer loop
      vertex -8.70055 4.05713 16.6
      vertex -9.96939 4.6488 16.6
      vertex -9.52628 5.5 16.6
    endloop
  endfacet
  facet normal -0 0 -1
    outer loop
      vertex -9.45415 -1.66702 16.6
      vertex -10.8329 -1.91013 16.6
      vertex -9.56347 -0.836695 16.6
    endloop
  endfacet
  facet normal 0 0 -1
    outer loop
      vertex -9.02105 3.28339 16.6
      vertex -10.3366 3.76222 16.6
      vertex -9.96939 4.6488 16.6
    endloop
  endfacet
  facet normal 0 0 -1
    outer loop
      vertex -10.9581 -0.958713 16.6
      vertex -9.56347 -0.836695 16.6
      vertex -10.8329 -1.91013 16.6
    endloop
  endfacet
  facet normal 0 0 -1
    outer loop
      vertex -9.27289 2.48466 16.6
      vertex -10.6252 2.84701 16.6
      vertex -10.3366 3.76222 16.6
    endloop
  endfacet
  facet normal -0 0 -1
    outer loop
      vertex -9.56347 -0.836695 16.6
      vertex -10.9581 -0.958713 16.6
      vertex -9.6 0 16.6
    endloop
  endfacet
  facet normal 0 0 -1
    outer loop
      vertex -9.45415 1.66702 16.6
      vertex -10.8329 1.91013 16.6
      vertex -10.6252 2.84701 16.6
    endloop
  endfacet
  facet normal 0 0 -1
    outer loop
      vertex -11 0 16.6
      vertex -9.6 0 16.6
      vertex -10.9581 -0.958713 16.6
    endloop
  endfacet
  facet normal 0 0 -1
    outer loop
      vertex -9.56347 0.836695 16.6
      vertex -10.9581 0.958713 16.6
      vertex -10.8329 1.91013 16.6
    endloop
  endfacet
  facet normal 0 0 -1
    outer loop
      vertex -9.6 0 16.6
      vertex -11 0 16.6
      vertex -10.9581 0.958713 16.6
    endloop
  endfacet
  facet normal 0.953716 0.300707 0
    outer loop
      vertex 9.27289 2.48466 16.6
      vertex 9.02105 3.28339 14.4
      vertex 9.02105 3.28339 16.6
    endloop
  endfacet
  facet normal 0.953716 0.300707 0
    outer loop
      vertex 9.02105 3.28339 14.4
      vertex 9.27289 2.48466 16.6
      vertex 9.27289 2.48466 14.4
    endloop
  endfacet
  facet normal 0.991444 0.130533 0
    outer loop
      vertex 9.56347 0.836695 16.6
      vertex 9.45415 1.66702 14.4
      vertex 9.45415 1.66702 16.6
    endloop
  endfacet
  facet normal 0.991444 0.130533 0
    outer loop
      vertex 9.45415 1.66702 14.4
      vertex 9.56347 0.836695 16.6
      vertex 9.56347 0.836695 14.4
    endloop
  endfacet
  facet normal 0.999048 0.0436183 0
    outer loop
      vertex 9.6 0 16.6
      vertex 9.56347 0.836695 14.4
      vertex 9.56347 0.836695 16.6
    endloop
  endfacet
  facet normal 0.999048 0.0436183 0
    outer loop
      vertex 9.56347 0.836695 14.4
      vertex 9.6 0 16.6
      vertex 9.6 0 14.4
    endloop
  endfacet
  facet normal 0.216432 -0.976298 0
    outer loop
      vertex 1.66702 -9.45415 14.4
      vertex 2.48466 -9.27289 16.6
      vertex 1.66702 -9.45415 16.6
    endloop
  endfacet
  facet normal 0.216432 -0.976298 0
    outer loop
      vertex 2.48466 -9.27289 16.6
      vertex 1.66702 -9.45415 14.4
      vertex 2.48466 -9.27289 14.4
    endloop
  endfacet
  facet normal 0.923877 -0.38269 0
    outer loop
      vertex 8.70055 -4.05713 16.6
      vertex 9.02105 -3.28339 14.4
      vertex 9.02105 -3.28339 16.6
    endloop
  endfacet
  facet normal 0.923877 -0.38269 0
    outer loop
      vertex 9.02105 -3.28339 14.4
      vertex 8.70055 -4.05713 16.6
      vertex 8.70055 -4.05713 14.4
    endloop
  endfacet
  facet normal 0.923877 0.38269 0
    outer loop
      vertex 9.02105 3.28339 16.6
      vertex 8.70055 4.05713 14.4
      vertex 8.70055 4.05713 16.6
    endloop
  endfacet
  facet normal 0.923877 0.38269 0
    outer loop
      vertex 8.70055 4.05713 14.4
      vertex 9.02105 3.28339 16.6
      vertex 9.02105 3.28339 14.4
    endloop
  endfacet
  facet normal -0.999048 0.0436183 0
    outer loop
      vertex -9.6 0 14.4
      vertex -9.56347 0.836695 16.6
      vertex -9.56347 0.836695 14.4
    endloop
  endfacet
  facet normal -0.999048 0.0436183 0
    outer loop
      vertex -9.56347 0.836695 16.6
      vertex -9.6 0 14.4
      vertex -9.6 0 16.6
    endloop
  endfacet
  facet normal 0.793356 0.608758 0
    outer loop
      vertex 7.86386 5.50633 16.6
      vertex 7.35403 6.17076 14.4
      vertex 7.35403 6.17076 16.6
    endloop
  endfacet
  facet normal 0.793356 0.608758 0
    outer loop
      vertex 7.35403 6.17076 14.4
      vertex 7.86386 5.50633 16.6
      vertex 7.86386 5.50633 14.4
    endloop
  endfacet
  facet normal 0.843392 -0.537298 0
    outer loop
      vertex 7.86386 -5.50633 16.6
      vertex 8.31384 -4.8 14.4
      vertex 8.31384 -4.8 16.6
    endloop
  endfacet
  facet normal 0.843392 -0.537298 0
    outer loop
      vertex 8.31384 -4.8 14.4
      vertex 7.86386 -5.50633 16.6
      vertex 7.86386 -5.50633 14.4
    endloop
  endfacet
  facet normal -0.216432 -0.976298 0
    outer loop
      vertex -2.48466 -9.27289 14.4
      vertex -1.66702 -9.45415 16.6
      vertex -2.48466 -9.27289 16.6
    endloop
  endfacet
  facet normal -0.216432 -0.976298 -0
    outer loop
      vertex -1.66702 -9.45415 16.6
      vertex -2.48466 -9.27289 14.4
      vertex -1.66702 -9.45415 14.4
    endloop
  endfacet
  facet normal -0.537298 0.843392 0
    outer loop
      vertex -4.8 8.31384 14.4
      vertex -5.50633 7.86386 16.6
      vertex -4.8 8.31384 16.6
    endloop
  endfacet
  facet normal -0.537298 0.843392 0
    outer loop
      vertex -5.50633 7.86386 16.6
      vertex -4.8 8.31384 14.4
      vertex -5.50633 7.86386 14.4
    endloop
  endfacet
  facet normal -0.793356 0.608758 0
    outer loop
      vertex -7.86386 5.50633 14.4
      vertex -7.35403 6.17076 16.6
      vertex -7.35403 6.17076 14.4
    endloop
  endfacet
  facet normal -0.793356 0.608758 0
    outer loop
      vertex -7.35403 6.17076 16.6
      vertex -7.86386 5.50633 14.4
      vertex -7.86386 5.50633 16.6
    endloop
  endfacet
  facet normal -0.953716 0.300707 0
    outer loop
      vertex -9.27289 2.48466 14.4
      vertex -9.02105 3.28339 16.6
      vertex -9.02105 3.28339 14.4
    endloop
  endfacet
  facet normal -0.953716 0.300707 0
    outer loop
      vertex -9.02105 3.28339 16.6
      vertex -9.27289 2.48466 14.4
      vertex -9.27289 2.48466 16.6
    endloop
  endfacet
  facet normal -0.300707 -0.953716 0
    outer loop
      vertex -3.28339 -9.02105 14.4
      vertex -2.48466 -9.27289 16.6
      vertex -3.28339 -9.02105 16.6
    endloop
  endfacet
  facet normal -0.300707 -0.953716 -0
    outer loop
      vertex -2.48466 -9.27289 16.6
      vertex -3.28339 -9.02105 14.4
      vertex -2.48466 -9.27289 14.4
    endloop
  endfacet
  facet normal 0.608758 0.793356 -0
    outer loop
      vertex 6.17076 7.35403 14.4
      vertex 5.50633 7.86386 16.6
      vertex 6.17076 7.35403 16.6
    endloop
  endfacet
  facet normal 0.608758 0.793356 0
    outer loop
      vertex 5.50633 7.86386 16.6
      vertex 6.17076 7.35403 14.4
      vertex 5.50633 7.86386 14.4
    endloop
  endfacet
  facet normal -0.300707 0.953716 0
    outer loop
      vertex -2.48466 9.27289 14.4
      vertex -3.28339 9.02105 16.6
      vertex -2.48466 9.27289 16.6
    endloop
  endfacet
  facet normal -0.300707 0.953716 0
    outer loop
      vertex -3.28339 9.02105 16.6
      vertex -2.48466 9.27289 14.4
      vertex -3.28339 9.02105 14.4
    endloop
  endfacet
  facet normal 0.0436183 0.999048 -0
    outer loop
      vertex 0.836695 9.56347 14.4
      vertex 0 9.6 16.6
      vertex 0.836695 9.56347 16.6
    endloop
  endfacet
  facet normal 0.0436183 0.999048 0
    outer loop
      vertex 0 9.6 16.6
      vertex 0.836695 9.56347 14.4
      vertex 0 9.6 14.4
    endloop
  endfacet
  facet normal 0.976298 -0.216432 0
    outer loop
      vertex 9.27289 -2.48466 16.6
      vertex 9.45415 -1.66702 14.4
      vertex 9.45415 -1.66702 16.6
    endloop
  endfacet
  facet normal 0.976298 -0.216432 0
    outer loop
      vertex 9.45415 -1.66702 14.4
      vertex 9.27289 -2.48466 16.6
      vertex 9.27289 -2.48466 14.4
    endloop
  endfacet
  facet normal -0.991444 0.130533 0
    outer loop
      vertex -9.56347 0.836695 14.4
      vertex -9.45415 1.66702 16.6
      vertex -9.45415 1.66702 14.4
    endloop
  endfacet
  facet normal -0.991444 0.130533 0
    outer loop
      vertex -9.45415 1.66702 16.6
      vertex -9.56347 0.836695 14.4
      vertex -9.56347 0.836695 16.6
    endloop
  endfacet
  facet normal 0.38269 0.923877 -0
    outer loop
      vertex 4.05713 8.70055 14.4
      vertex 3.28339 9.02105 16.6
      vertex 4.05713 8.70055 16.6
    endloop
  endfacet
  facet normal 0.38269 0.923877 0
    outer loop
      vertex 3.28339 9.02105 16.6
      vertex 4.05713 8.70055 14.4
      vertex 3.28339 9.02105 14.4
    endloop
  endfacet
  facet normal 0.999048 -0.0436183 0
    outer loop
      vertex 9.56347 -0.836695 16.6
      vertex 9.6 0 14.4
      vertex 9.6 0 16.6
    endloop
  endfacet
  facet normal 0.999048 -0.0436183 0
    outer loop
      vertex 9.6 0 14.4
      vertex 9.56347 -0.836695 16.6
      vertex 9.56347 -0.836695 14.4
    endloop
  endfacet
  facet normal -0.38269 0.923877 0
    outer loop
      vertex -3.28339 9.02105 14.4
      vertex -4.05713 8.70055 16.6
      vertex -3.28339 9.02105 16.6
    endloop
  endfacet
  facet normal -0.38269 0.923877 0
    outer loop
      vertex -4.05713 8.70055 16.6
      vertex -3.28339 9.02105 14.4
      vertex -4.05713 8.70055 14.4
    endloop
  endfacet
  facet normal 0.73727 -0.675598 0
    outer loop
      vertex 6.78822 -6.78822 16.6
      vertex 7.35403 -6.17076 14.4
      vertex 7.35403 -6.17076 16.6
    endloop
  endfacet
  facet normal 0.73727 -0.675598 0
    outer loop
      vertex 7.35403 -6.17076 14.4
      vertex 6.78822 -6.78822 16.6
      vertex 6.78822 -6.78822 14.4
    endloop
  endfacet
  facet normal -0.976298 -0.216432 0
    outer loop
      vertex -9.27289 -2.48466 14.4
      vertex -9.45415 -1.66702 16.6
      vertex -9.45415 -1.66702 14.4
    endloop
  endfacet
  facet normal -0.976298 -0.216432 0
    outer loop
      vertex -9.45415 -1.66702 16.6
      vertex -9.27289 -2.48466 14.4
      vertex -9.27289 -2.48466 16.6
    endloop
  endfacet
  facet normal 0.608758 -0.793356 0
    outer loop
      vertex 5.50633 -7.86386 14.4
      vertex 6.17076 -7.35403 16.6
      vertex 5.50633 -7.86386 16.6
    endloop
  endfacet
  facet normal 0.608758 -0.793356 0
    outer loop
      vertex 6.17076 -7.35403 16.6
      vertex 5.50633 -7.86386 14.4
      vertex 6.17076 -7.35403 14.4
    endloop
  endfacet
  facet normal -0.843392 0.537298 0
    outer loop
      vertex -8.31384 4.8 14.4
      vertex -7.86386 5.50633 16.6
      vertex -7.86386 5.50633 14.4
    endloop
  endfacet
  facet normal -0.843392 0.537298 0
    outer loop
      vertex -7.86386 5.50633 16.6
      vertex -8.31384 4.8 14.4
      vertex -8.31384 4.8 16.6
    endloop
  endfacet
  facet normal 0.537298 -0.843392 0
    outer loop
      vertex 4.8 -8.31384 14.4
      vertex 5.50633 -7.86386 16.6
      vertex 4.8 -8.31384 16.6
    endloop
  endfacet
  facet normal 0.537298 -0.843392 0
    outer loop
      vertex 5.50633 -7.86386 16.6
      vertex 4.8 -8.31384 14.4
      vertex 5.50633 -7.86386 14.4
    endloop
  endfacet
  facet normal -0.675598 0.73727 0
    outer loop
      vertex -6.17076 7.35403 14.4
      vertex -6.78822 6.78822 16.6
      vertex -6.17076 7.35403 16.6
    endloop
  endfacet
  facet normal -0.675598 0.73727 0
    outer loop
      vertex -6.78822 6.78822 16.6
      vertex -6.17076 7.35403 14.4
      vertex -6.78822 6.78822 14.4
    endloop
  endfacet
  facet normal 0.887013 -0.461745 0
    outer loop
      vertex 8.31384 -4.8 16.6
      vertex 8.70055 -4.05713 14.4
      vertex 8.70055 -4.05713 16.6
    endloop
  endfacet
  facet normal 0.887013 -0.461745 0
    outer loop
      vertex 8.70055 -4.05713 14.4
      vertex 8.31384 -4.8 16.6
      vertex 8.31384 -4.8 14.4
    endloop
  endfacet
  facet normal -0.675598 -0.73727 0
    outer loop
      vertex -6.78822 -6.78822 14.4
      vertex -6.17076 -7.35403 16.6
      vertex -6.78822 -6.78822 16.6
    endloop
  endfacet
  facet normal -0.675598 -0.73727 -0
    outer loop
      vertex -6.17076 -7.35403 16.6
      vertex -6.78822 -6.78822 14.4
      vertex -6.17076 -7.35403 14.4
    endloop
  endfacet
  facet normal 0.953716 -0.300707 0
    outer loop
      vertex 9.02105 -3.28339 16.6
      vertex 9.27289 -2.48466 14.4
      vertex 9.27289 -2.48466 16.6
    endloop
  endfacet
  facet normal 0.953716 -0.300707 0
    outer loop
      vertex 9.27289 -2.48466 14.4
      vertex 9.02105 -3.28339 16.6
      vertex 9.02105 -3.28339 14.4
    endloop
  endfacet
  facet normal 0.793356 -0.608758 0
    outer loop
      vertex 7.35403 -6.17076 16.6
      vertex 7.86386 -5.50633 14.4
      vertex 7.86386 -5.50633 16.6
    endloop
  endfacet
  facet normal 0.793356 -0.608758 0
    outer loop
      vertex 7.86386 -5.50633 14.4
      vertex 7.35403 -6.17076 16.6
      vertex 7.35403 -6.17076 14.4
    endloop
  endfacet
  facet normal 0.0436183 -0.999048 0
    outer loop
      vertex 0 -9.6 14.4
      vertex 0.836695 -9.56347 16.6
      vertex 0 -9.6 16.6
    endloop
  endfacet
  facet normal 0.0436183 -0.999048 0
    outer loop
      vertex 0.836695 -9.56347 16.6
      vertex 0 -9.6 14.4
      vertex 0.836695 -9.56347 14.4
    endloop
  endfacet
  facet normal -0.216432 0.976298 0
    outer loop
      vertex -1.66702 9.45415 14.4
      vertex -2.48466 9.27289 16.6
      vertex -1.66702 9.45415 16.6
    endloop
  endfacet
  facet normal -0.216432 0.976298 0
    outer loop
      vertex -2.48466 9.27289 16.6
      vertex -1.66702 9.45415 14.4
      vertex -2.48466 9.27289 14.4
    endloop
  endfacet
  facet normal 0.216432 0.976298 -0
    outer loop
      vertex 2.48466 9.27289 14.4
      vertex 1.66702 9.45415 16.6
      vertex 2.48466 9.27289 16.6
    endloop
  endfacet
  facet normal 0.216432 0.976298 0
    outer loop
      vertex 1.66702 9.45415 16.6
      vertex 2.48466 9.27289 14.4
      vertex 1.66702 9.45415 14.4
    endloop
  endfacet
  facet normal 0.991444 -0.130533 0
    outer loop
      vertex 9.45415 -1.66702 16.6
      vertex 9.56347 -0.836695 14.4
      vertex 9.56347 -0.836695 16.6
    endloop
  endfacet
  facet normal 0.991444 -0.130533 0
    outer loop
      vertex 9.56347 -0.836695 14.4
      vertex 9.45415 -1.66702 16.6
      vertex 9.45415 -1.66702 14.4
    endloop
  endfacet
  facet normal -0.887013 0.461745 0
    outer loop
      vertex -8.70055 4.05713 14.4
      vertex -8.31384 4.8 16.6
      vertex -8.31384 4.8 14.4
    endloop
  endfacet
  facet normal -0.887013 0.461745 0
    outer loop
      vertex -8.31384 4.8 16.6
      vertex -8.70055 4.05713 14.4
      vertex -8.70055 4.05713 16.6
    endloop
  endfacet
  facet normal 0.461745 0.887013 -0
    outer loop
      vertex 4.8 8.31384 14.4
      vertex 4.05713 8.70055 16.6
      vertex 4.8 8.31384 16.6
    endloop
  endfacet
  facet normal 0.461745 0.887013 0
    outer loop
      vertex 4.05713 8.70055 16.6
      vertex 4.8 8.31384 14.4
      vertex 4.05713 8.70055 14.4
    endloop
  endfacet
  facet normal 0.537298 0.843392 -0
    outer loop
      vertex 5.50633 7.86386 14.4
      vertex 4.8 8.31384 16.6
      vertex 5.50633 7.86386 16.6
    endloop
  endfacet
  facet normal 0.537298 0.843392 0
    outer loop
      vertex 4.8 8.31384 16.6
      vertex 5.50633 7.86386 14.4
      vertex 4.8 8.31384 14.4
    endloop
  endfacet
  facet normal 0.461745 -0.887013 0
    outer loop
      vertex 4.05713 -8.70055 14.4
      vertex 4.8 -8.31384 16.6
      vertex 4.05713 -8.70055 16.6
    endloop
  endfacet
  facet normal 0.461745 -0.887013 0
    outer loop
      vertex 4.8 -8.31384 16.6
      vertex 4.05713 -8.70055 14.4
      vertex 4.8 -8.31384 14.4
    endloop
  endfacet
  facet normal -0.0436183 -0.999048 0
    outer loop
      vertex -0.836695 -9.56347 14.4
      vertex 0 -9.6 16.6
      vertex -0.836695 -9.56347 16.6
    endloop
  endfacet
  facet normal -0.0436183 -0.999048 -0
    outer loop
      vertex 0 -9.6 16.6
      vertex -0.836695 -9.56347 14.4
      vertex 0 -9.6 14.4
    endloop
  endfacet
  facet normal 0.887013 0.461745 0
    outer loop
      vertex 8.70055 4.05713 16.6
      vertex 8.31384 4.8 14.4
      vertex 8.31384 4.8 16.6
    endloop
  endfacet
  facet normal 0.887013 0.461745 0
    outer loop
      vertex 8.31384 4.8 14.4
      vertex 8.70055 4.05713 16.6
      vertex 8.70055 4.05713 14.4
    endloop
  endfacet
  facet normal 0.38269 -0.923877 0
    outer loop
      vertex 3.28339 -9.02105 14.4
      vertex 4.05713 -8.70055 16.6
      vertex 3.28339 -9.02105 16.6
    endloop
  endfacet
  facet normal 0.38269 -0.923877 0
    outer loop
      vertex 4.05713 -8.70055 16.6
      vertex 3.28339 -9.02105 14.4
      vertex 4.05713 -8.70055 14.4
    endloop
  endfacet
  facet normal 0.843392 0.537298 0
    outer loop
      vertex 8.31384 4.8 16.6
      vertex 7.86386 5.50633 14.4
      vertex 7.86386 5.50633 16.6
    endloop
  endfacet
  facet normal 0.843392 0.537298 0
    outer loop
      vertex 7.86386 5.50633 14.4
      vertex 8.31384 4.8 16.6
      vertex 8.31384 4.8 14.4
    endloop
  endfacet
  facet normal -0.73727 0.675598 0
    outer loop
      vertex -7.35403 6.17076 14.4
      vertex -6.78822 6.78822 16.6
      vertex -6.78822 6.78822 14.4
    endloop
  endfacet
  facet normal -0.73727 0.675598 0
    outer loop
      vertex -6.78822 6.78822 16.6
      vertex -7.35403 6.17076 14.4
      vertex -7.35403 6.17076 16.6
    endloop
  endfacet
  facet normal -0.537298 -0.843392 0
    outer loop
      vertex -5.50633 -7.86386 14.4
      vertex -4.8 -8.31384 16.6
      vertex -5.50633 -7.86386 16.6
    endloop
  endfacet
  facet normal -0.537298 -0.843392 -0
    outer loop
      vertex -4.8 -8.31384 16.6
      vertex -5.50633 -7.86386 14.4
      vertex -4.8 -8.31384 14.4
    endloop
  endfacet
  facet normal -0.843392 -0.537298 0
    outer loop
      vertex -7.86386 -5.50633 14.4
      vertex -8.31384 -4.8 16.6
      vertex -8.31384 -4.8 14.4
    endloop
  endfacet
  facet normal -0.843392 -0.537298 0
    outer loop
      vertex -8.31384 -4.8 16.6
      vertex -7.86386 -5.50633 14.4
      vertex -7.86386 -5.50633 16.6
    endloop
  endfacet
  facet normal -0.608758 -0.793356 0
    outer loop
      vertex -6.17076 -7.35403 14.4
      vertex -5.50633 -7.86386 16.6
      vertex -6.17076 -7.35403 16.6
    endloop
  endfacet
  facet normal -0.608758 -0.793356 -0
    outer loop
      vertex -5.50633 -7.86386 16.6
      vertex -6.17076 -7.35403 14.4
      vertex -5.50633 -7.86386 14.4
    endloop
  endfacet
  facet normal -0.461745 0.887013 0
    outer loop
      vertex -4.05713 8.70055 14.4
      vertex -4.8 8.31384 16.6
      vertex -4.05713 8.70055 16.6
    endloop
  endfacet
  facet normal -0.461745 0.887013 0
    outer loop
      vertex -4.8 8.31384 16.6
      vertex -4.05713 8.70055 14.4
      vertex -4.8 8.31384 14.4
    endloop
  endfacet
  facet normal 0.130533 -0.991444 0
    outer loop
      vertex 0.836695 -9.56347 14.4
      vertex 1.66702 -9.45415 16.6
      vertex 0.836695 -9.56347 16.6
    endloop
  endfacet
  facet normal 0.130533 -0.991444 0
    outer loop
      vertex 1.66702 -9.45415 16.6
      vertex 0.836695 -9.56347 14.4
      vertex 1.66702 -9.45415 14.4
    endloop
  endfacet
  facet normal -0.130533 0.991444 0
    outer loop
      vertex -0.836695 9.56347 14.4
      vertex -1.66702 9.45415 16.6
      vertex -0.836695 9.56347 16.6
    endloop
  endfacet
  facet normal -0.130533 0.991444 0
    outer loop
      vertex -1.66702 9.45415 16.6
      vertex -0.836695 9.56347 14.4
      vertex -1.66702 9.45415 14.4
    endloop
  endfacet
  facet normal -0.0436183 0.999048 0
    outer loop
      vertex 0 9.6 14.4
      vertex -0.836695 9.56347 16.6
      vertex 0 9.6 16.6
    endloop
  endfacet
  facet normal -0.0436183 0.999048 0
    outer loop
      vertex -0.836695 9.56347 16.6
      vertex 0 9.6 14.4
      vertex -0.836695 9.56347 14.4
    endloop
  endfacet
  facet normal 0.130533 0.991444 -0
    outer loop
      vertex 1.66702 9.45415 14.4
      vertex 0.836695 9.56347 16.6
      vertex 1.66702 9.45415 16.6
    endloop
  endfacet
  facet normal 0.130533 0.991444 0
    outer loop
      vertex 0.836695 9.56347 16.6
      vertex 1.66702 9.45415 14.4
      vertex 0.836695 9.56347 14.4
    endloop
  endfacet
  facet normal 0.300707 -0.953716 0
    outer loop
      vertex 2.48466 -9.27289 14.4
      vertex 3.28339 -9.02105 16.6
      vertex 2.48466 -9.27289 16.6
    endloop
  endfacet
  facet normal 0.300707 -0.953716 0
    outer loop
      vertex 3.28339 -9.02105 16.6
      vertex 2.48466 -9.27289 14.4
      vertex 3.28339 -9.02105 14.4
    endloop
  endfacet
  facet normal -0.793356 -0.608758 0
    outer loop
      vertex -7.35403 -6.17076 14.4
      vertex -7.86386 -5.50633 16.6
      vertex -7.86386 -5.50633 14.4
    endloop
  endfacet
  facet normal -0.793356 -0.608758 0
    outer loop
      vertex -7.86386 -5.50633 16.6
      vertex -7.35403 -6.17076 14.4
      vertex -7.35403 -6.17076 16.6
    endloop
  endfacet
  facet normal 0.675598 -0.73727 0
    outer loop
      vertex 6.17076 -7.35403 14.4
      vertex 6.78822 -6.78822 16.6
      vertex 6.17076 -7.35403 16.6
    endloop
  endfacet
  facet normal 0.675598 -0.73727 0
    outer loop
      vertex 6.78822 -6.78822 16.6
      vertex 6.17076 -7.35403 14.4
      vertex 6.78822 -6.78822 14.4
    endloop
  endfacet
  facet normal -0.608758 0.793356 0
    outer loop
      vertex -5.50633 7.86386 14.4
      vertex -6.17076 7.35403 16.6
      vertex -5.50633 7.86386 16.6
    endloop
  endfacet
  facet normal -0.608758 0.793356 0
    outer loop
      vertex -6.17076 7.35403 16.6
      vertex -5.50633 7.86386 14.4
      vertex -6.17076 7.35403 14.4
    endloop
  endfacet
  facet normal -0.999048 -0.0436183 0
    outer loop
      vertex -9.56347 -0.836695 14.4
      vertex -9.6 0 16.6
      vertex -9.6 0 14.4
    endloop
  endfacet
  facet normal -0.999048 -0.0436183 0
    outer loop
      vertex -9.6 0 16.6
      vertex -9.56347 -0.836695 14.4
      vertex -9.56347 -0.836695 16.6
    endloop
  endfacet
  facet normal -0.130533 -0.991444 0
    outer loop
      vertex -1.66702 -9.45415 14.4
      vertex -0.836695 -9.56347 16.6
      vertex -1.66702 -9.45415 16.6
    endloop
  endfacet
  facet normal -0.130533 -0.991444 -0
    outer loop
      vertex -0.836695 -9.56347 16.6
      vertex -1.66702 -9.45415 14.4
      vertex -0.836695 -9.56347 14.4
    endloop
  endfacet
  facet normal 0.300707 0.953716 -0
    outer loop
      vertex 3.28339 9.02105 14.4
      vertex 2.48466 9.27289 16.6
      vertex 3.28339 9.02105 16.6
    endloop
  endfacet
  facet normal 0.300707 0.953716 0
    outer loop
      vertex 2.48466 9.27289 16.6
      vertex 3.28339 9.02105 14.4
      vertex 2.48466 9.27289 14.4
    endloop
  endfacet
  facet normal 0.73727 0.675598 0
    outer loop
      vertex 7.35403 6.17076 16.6
      vertex 6.78822 6.78822 14.4
      vertex 6.78822 6.78822 16.6
    endloop
  endfacet
  facet normal 0.73727 0.675598 0
    outer loop
      vertex 6.78822 6.78822 14.4
      vertex 7.35403 6.17076 16.6
      vertex 7.35403 6.17076 14.4
    endloop
  endfacet
  facet normal 0.675598 0.73727 -0
    outer loop
      vertex 6.78822 6.78822 14.4
      vertex 6.17076 7.35403 16.6
      vertex 6.78822 6.78822 16.6
    endloop
  endfacet
  facet normal 0.675598 0.73727 0
    outer loop
      vertex 6.17076 7.35403 16.6
      vertex 6.78822 6.78822 14.4
      vertex 6.17076 7.35403 14.4
    endloop
  endfacet
  facet normal 0.976298 0.216432 0
    outer loop
      vertex 9.45415 1.66702 16.6
      vertex 9.27289 2.48466 14.4
      vertex 9.27289 2.48466 16.6
    endloop
  endfacet
  facet normal 0.976298 0.216432 0
    outer loop
      vertex 9.27289 2.48466 14.4
      vertex 9.45415 1.66702 16.6
      vertex 9.45415 1.66702 14.4
    endloop
  endfacet
  facet normal -0.976298 0.216432 0
    outer loop
      vertex -9.45415 1.66702 14.4
      vertex -9.27289 2.48466 16.6
      vertex -9.27289 2.48466 14.4
    endloop
  endfacet
  facet normal -0.976298 0.216432 0
    outer loop
      vertex -9.27289 2.48466 16.6
      vertex -9.45415 1.66702 14.4
      vertex -9.45415 1.66702 16.6
    endloop
  endfacet
  facet normal -0.73727 -0.675598 0
    outer loop
      vertex -6.78822 -6.78822 14.4
      vertex -7.35403 -6.17076 16.6
      vertex -7.35403 -6.17076 14.4
    endloop
  endfacet
  facet normal -0.73727 -0.675598 0
    outer loop
      vertex -7.35403 -6.17076 16.6
      vertex -6.78822 -6.78822 14.4
      vertex -6.78822 -6.78822 16.6
    endloop
  endfacet
  facet normal -0.461745 -0.887013 0
    outer loop
      vertex -4.8 -8.31384 14.4
      vertex -4.05713 -8.70055 16.6
      vertex -4.8 -8.31384 16.6
    endloop
  endfacet
  facet normal -0.461745 -0.887013 -0
    outer loop
      vertex -4.05713 -8.70055 16.6
      vertex -4.8 -8.31384 14.4
      vertex -4.05713 -8.70055 14.4
    endloop
  endfacet
  facet normal -0.38269 -0.923877 0
    outer loop
      vertex -4.05713 -8.70055 14.4
      vertex -3.28339 -9.02105 16.6
      vertex -4.05713 -8.70055 16.6
    endloop
  endfacet
  facet normal -0.38269 -0.923877 -0
    outer loop
      vertex -3.28339 -9.02105 16.6
      vertex -4.05713 -8.70055 14.4
      vertex -3.28339 -9.02105 14.4
    endloop
  endfacet
  facet normal -0.991444 -0.130533 0
    outer loop
      vertex -9.45415 -1.66702 14.4
      vertex -9.56347 -0.836695 16.6
      vertex -9.56347 -0.836695 14.4
    endloop
  endfacet
  facet normal -0.991444 -0.130533 0
    outer loop
      vertex -9.56347 -0.836695 16.6
      vertex -9.45415 -1.66702 14.4
      vertex -9.45415 -1.66702 16.6
    endloop
  endfacet
  facet normal -0.953716 -0.300707 0
    outer loop
      vertex -9.02105 -3.28339 14.4
      vertex -9.27289 -2.48466 16.6
      vertex -9.27289 -2.48466 14.4
    endloop
  endfacet
  facet normal -0.953716 -0.300707 0
    outer loop
      vertex -9.27289 -2.48466 16.6
      vertex -9.02105 -3.28339 14.4
      vertex -9.02105 -3.28339 16.6
    endloop
  endfacet
  facet normal -0.923877 0.38269 0
    outer loop
      vertex -9.02105 3.28339 14.4
      vertex -8.70055 4.05713 16.6
      vertex -8.70055 4.05713 14.4
    endloop
  endfacet
  facet normal -0.923877 0.38269 0
    outer loop
      vertex -8.70055 4.05713 16.6
      vertex -9.02105 3.28339 14.4
      vertex -9.02105 3.28339 16.6
    endloop
  endfacet
  facet normal -0.923877 -0.38269 0
    outer loop
      vertex -8.70055 -4.05713 14.4
      vertex -9.02105 -3.28339 16.6
      vertex -9.02105 -3.28339 14.4
    endloop
  endfacet
  facet normal -0.923877 -0.38269 0
    outer loop
      vertex -9.02105 -3.28339 16.6
      vertex -8.70055 -4.05713 14.4
      vertex -8.70055 -4.05713 16.6
    endloop
  endfacet
  facet normal -0.887013 -0.461745 0
    outer loop
      vertex -8.31384 -4.8 14.4
      vertex -8.70055 -4.05713 16.6
      vertex -8.70055 -4.05713 14.4
    endloop
  endfacet
  facet normal -0.887013 -0.461745 0
    outer loop
      vertex -8.70055 -4.05713 16.6
      vertex -8.31384 -4.8 14.4
      vertex -8.31384 -4.8 16.6
    endloop
  endfacet
  facet normal 0 0 1
    outer loop
      vertex 9.6 0 31.4
      vertex 11 0 31.4
      vertex 10.9581 0.958713 31.4
    endloop
  endfacet
  facet normal 0 0 1
    outer loop
      vertex 9.56347 0.836695 31.4
      vertex 10.9581 0.958713 31.4
      vertex 10.8329 1.91013 31.4
    endloop
  endfacet
  facet normal 0 0 1
    outer loop
      vertex 11 0 31.4
      vertex 9.6 0 31.4
      vertex 10.9581 -0.958713 31.4
    endloop
  endfacet
  facet normal 0 0 1
    outer loop
      vertex 9.45415 1.66702 31.4
      vertex 10.8329 1.91013 31.4
      vertex 10.6252 2.84701 31.4
    endloop
  endfacet
  facet normal -0 0 1
    outer loop
      vertex 9.56347 -0.836695 31.4
      vertex 10.9581 -0.958713 31.4
      vertex 9.6 0 31.4
    endloop
  endfacet
  facet normal 0 0 1
    outer loop
      vertex 9.27289 2.48466 31.4
      vertex 10.6252 2.84701 31.4
      vertex 10.3366 3.76222 31.4
    endloop
  endfacet
  facet normal 0 0 1
    outer loop
      vertex 10.9581 -0.958713 31.4
      vertex 9.56347 -0.836695 31.4
      vertex 10.8329 -1.91013 31.4
    endloop
  endfacet
  facet normal 0 0 1
    outer loop
      vertex 9.02105 3.28339 31.4
      vertex 10.3366 3.76222 31.4
      vertex 9.96939 4.6488 31.4
    endloop
  endfacet
  facet normal -0 0 1
    outer loop
      vertex 9.45415 -1.66702 31.4
      vertex 10.8329 -1.91013 31.4
      vertex 9.56347 -0.836695 31.4
    endloop
  endfacet
  facet normal 0 0 1
    outer loop
      vertex 10.8329 -1.91013 31.4
      vertex 9.45415 -1.66702 31.4
      vertex 10.6252 -2.84701 31.4
    endloop
  endfacet
  facet normal 0 0 1
    outer loop
      vertex 10.9581 0.958713 31.4
      vertex 9.56347 0.836695 31.4
      vertex 9.6 0 31.4
    endloop
  endfacet
  facet normal 0 0 1
    outer loop
      vertex 8.70055 4.05713 31.4
      vertex 9.96939 4.6488 31.4
      vertex 9.52628 5.5 31.4
    endloop
  endfacet
  facet normal 0 0 1
    outer loop
      vertex 10.8329 1.91013 31.4
      vertex 9.45415 1.66702 31.4
      vertex 9.56347 0.836695 31.4
    endloop
  endfacet
  facet normal 0 0 1
    outer loop
      vertex 10.6252 2.84701 31.4
      vertex 9.27289 2.48466 31.4
      vertex 9.45415 1.66702 31.4
    endloop
  endfacet
  facet normal 0 0 1
    outer loop
      vertex 10.3366 3.76222 31.4
      vertex 9.02105 3.28339 31.4
      vertex 9.27289 2.48466 31.4
    endloop
  endfacet
  facet normal 0 0 1
    outer loop
      vertex 8.31384 4.8 31.4
      vertex 9.52628 5.5 31.4
      vertex 9.01067 6.30934 31.4
    endloop
  endfacet
  facet normal 0 0 1
    outer loop
      vertex 9.96939 4.6488 31.4
      vertex 8.70055 4.05713 31.4
      vertex 9.02105 3.28339 31.4
    endloop
  endfacet
  facet normal 0 0 1
    outer loop
      vertex 7.86386 5.50633 31.4
      vertex 9.01067 6.30934 31.4
      vertex 8.42649 7.07066 31.4
    endloop
  endfacet
  facet normal 0 0 1
    outer loop
      vertex 9.52628 5.5 31.4
      vertex 8.31384 4.8 31.4
      vertex 8.70055 4.05713 31.4
    endloop
  endfacet
  facet normal 0 0 1
    outer loop
      vertex 9.01067 6.30934 31.4
      vertex 7.86386 5.50633 31.4
      vertex 8.31384 4.8 31.4
    endloop
  endfacet
  facet normal 0 0 1
    outer loop
      vertex 7.35403 6.17076 31.4
      vertex 8.42649 7.07066 31.4
      vertex 7.77817 7.77817 31.4
    endloop
  endfacet
  facet normal 0 0 1
    outer loop
      vertex 8.42649 7.07066 31.4
      vertex 7.35403 6.17076 31.4
      vertex 7.86386 5.50633 31.4
    endloop
  endfacet
  facet normal 0 0 1
    outer loop
      vertex 6.78822 6.78822 31.4
      vertex 7.77817 7.77817 31.4
      vertex 7.07066 8.42649 31.4
    endloop
  endfacet
  facet normal 0 0 1
    outer loop
      vertex 7.77817 7.77817 31.4
      vertex 6.78822 6.78822 31.4
      vertex 7.35403 6.17076 31.4
    endloop
  endfacet
  facet normal 0 0 1
    outer loop
      vertex 6.17076 7.35403 31.4
      vertex 7.07066 8.42649 31.4
      vertex 6.30934 9.01067 31.4
    endloop
  endfacet
  facet normal 0 0 1
    outer loop
      vertex 7.07066 8.42649 31.4
      vertex 6.17076 7.35403 31.4
      vertex 6.78822 6.78822 31.4
    endloop
  endfacet
  facet normal 0 0 1
    outer loop
      vertex 6.30934 9.01067 31.4
      vertex 5.50633 7.86386 31.4
      vertex 6.17076 7.35403 31.4
    endloop
  endfacet
  facet normal 0 0 1
    outer loop
      vertex 5.5 9.52628 31.4
      vertex 5.50633 7.86386 31.4
      vertex 6.30934 9.01067 31.4
    endloop
  endfacet
  facet normal 0 0 1
    outer loop
      vertex 5.5 9.52628 31.4
      vertex 4.8 8.31384 31.4
      vertex 5.50633 7.86386 31.4
    endloop
  endfacet
  facet normal 0 0 1
    outer loop
      vertex 4.6488 9.96939 31.4
      vertex 4.8 8.31384 31.4
      vertex 5.5 9.52628 31.4
    endloop
  endfacet
  facet normal 0 0 1
    outer loop
      vertex 4.6488 9.96939 31.4
      vertex 4.05713 8.70055 31.4
      vertex 4.8 8.31384 31.4
    endloop
  endfacet
  facet normal 0 0 1
    outer loop
      vertex 3.76222 10.3366 31.4
      vertex 4.05713 8.70055 31.4
      vertex 4.6488 9.96939 31.4
    endloop
  endfacet
  facet normal 0 0 1
    outer loop
      vertex 3.76222 10.3366 31.4
      vertex 3.28339 9.02105 31.4
      vertex 4.05713 8.70055 31.4
    endloop
  endfacet
  facet normal 0 0 1
    outer loop
      vertex 2.84701 10.6252 31.4
      vertex 3.28339 9.02105 31.4
      vertex 3.76222 10.3366 31.4
    endloop
  endfacet
  facet normal 0 0 1
    outer loop
      vertex 2.84701 10.6252 31.4
      vertex 2.48466 9.27289 31.4
      vertex 3.28339 9.02105 31.4
    endloop
  endfacet
  facet normal 0 0 1
    outer loop
      vertex 1.91013 10.8329 31.4
      vertex 2.48466 9.27289 31.4
      vertex 2.84701 10.6252 31.4
    endloop
  endfacet
  facet normal 0 0 1
    outer loop
      vertex 1.91013 10.8329 31.4
      vertex 1.66702 9.45415 31.4
      vertex 2.48466 9.27289 31.4
    endloop
  endfacet
  facet normal 0 0 1
    outer loop
      vertex 0.958713 10.9581 31.4
      vertex 1.66702 9.45415 31.4
      vertex 1.91013 10.8329 31.4
    endloop
  endfacet
  facet normal 0 0 1
    outer loop
      vertex 0.958713 10.9581 31.4
      vertex 0.836695 9.56347 31.4
      vertex 1.66702 9.45415 31.4
    endloop
  endfacet
  facet normal 0 0 1
    outer loop
      vertex 0 11 31.4
      vertex 0.836695 9.56347 31.4
      vertex 0.958713 10.9581 31.4
    endloop
  endfacet
  facet normal 0 0 1
    outer loop
      vertex 0 11 31.4
      vertex 0 9.6 31.4
      vertex 0.836695 9.56347 31.4
    endloop
  endfacet
  facet normal 0 0 1
    outer loop
      vertex 0 11 31.4
      vertex -0.836695 9.56347 31.4
      vertex 0 9.6 31.4
    endloop
  endfacet
  facet normal -0 0 1
    outer loop
      vertex -0.958713 10.9581 31.4
      vertex -0.836695 9.56347 31.4
      vertex 0 11 31.4
    endloop
  endfacet
  facet normal 0 0 1
    outer loop
      vertex -0.958713 10.9581 31.4
      vertex -1.66702 9.45415 31.4
      vertex -0.836695 9.56347 31.4
    endloop
  endfacet
  facet normal -0 0 1
    outer loop
      vertex -1.91013 10.8329 31.4
      vertex -1.66702 9.45415 31.4
      vertex -0.958713 10.9581 31.4
    endloop
  endfacet
  facet normal 0 0 1
    outer loop
      vertex -1.91013 10.8329 31.4
      vertex -2.48466 9.27289 31.4
      vertex -1.66702 9.45415 31.4
    endloop
  endfacet
  facet normal -0 0 1
    outer loop
      vertex -2.84701 10.6252 31.4
      vertex -2.48466 9.27289 31.4
      vertex -1.91013 10.8329 31.4
    endloop
  endfacet
  facet normal 0 0 1
    outer loop
      vertex -2.84701 10.6252 31.4
      vertex -3.28339 9.02105 31.4
      vertex -2.48466 9.27289 31.4
    endloop
  endfacet
  facet normal -0 0 1
    outer loop
      vertex -3.76222 10.3366 31.4
      vertex -3.28339 9.02105 31.4
      vertex -2.84701 10.6252 31.4
    endloop
  endfacet
  facet normal 0 0 1
    outer loop
      vertex -3.76222 10.3366 31.4
      vertex -4.05713 8.70055 31.4
      vertex -3.28339 9.02105 31.4
    endloop
  endfacet
  facet normal -0 0 1
    outer loop
      vertex -4.6488 9.96939 31.4
      vertex -4.05713 8.70055 31.4
      vertex -3.76222 10.3366 31.4
    endloop
  endfacet
  facet normal 0 0 1
    outer loop
      vertex -4.6488 9.96939 31.4
      vertex -4.8 8.31384 31.4
      vertex -4.05713 8.70055 31.4
    endloop
  endfacet
  facet normal -0 0 1
    outer loop
      vertex -5.5 9.52628 31.4
      vertex -4.8 8.31384 31.4
      vertex -4.6488 9.96939 31.4
    endloop
  endfacet
  facet normal 0 0 1
    outer loop
      vertex -5.5 9.52628 31.4
      vertex -5.50633 7.86386 31.4
      vertex -4.8 8.31384 31.4
    endloop
  endfacet
  facet normal -0 0 1
    outer loop
      vertex -6.30934 9.01067 31.4
      vertex -5.50633 7.86386 31.4
      vertex -5.5 9.52628 31.4
    endloop
  endfacet
  facet normal 0 0 1
    outer loop
      vertex -5.50633 7.86386 31.4
      vertex -6.30934 9.01067 31.4
      vertex -6.17076 7.35403 31.4
    endloop
  endfacet
  facet normal -0 0 1
    outer loop
      vertex -7.07066 8.42649 31.4
      vertex -6.17076 7.35403 31.4
      vertex -6.30934 9.01067 31.4
    endloop
  endfacet
  facet normal 0 0 1
    outer loop
      vertex -6.17076 7.35403 31.4
      vertex -7.07066 8.42649 31.4
      vertex -6.78822 6.78822 31.4
    endloop
  endfacet
  facet normal -0 0 1
    outer loop
      vertex -7.77817 7.77817 31.4
      vertex -6.78822 6.78822 31.4
      vertex -7.07066 8.42649 31.4
    endloop
  endfacet
  facet normal 0 0 1
    outer loop
      vertex -6.78822 6.78822 31.4
      vertex -7.77817 7.77817 31.4
      vertex -7.35403 6.17076 31.4
    endloop
  endfacet
  facet normal -0 0 1
    outer loop
      vertex -8.42649 7.07066 31.4
      vertex -7.35403 6.17076 31.4
      vertex -7.77817 7.77817 31.4
    endloop
  endfacet
  facet normal 0 0 1
    outer loop
      vertex -7.35403 6.17076 31.4
      vertex -8.42649 7.07066 31.4
      vertex -7.86386 5.50633 31.4
    endloop
  endfacet
  facet normal -0 0 1
    outer loop
      vertex -9.01067 6.30934 31.4
      vertex -7.86386 5.50633 31.4
      vertex -8.42649 7.07066 31.4
    endloop
  endfacet
  facet normal 0 0 1
    outer loop
      vertex -7.86386 5.50633 31.4
      vertex -9.01067 6.30934 31.4
      vertex -8.31384 4.8 31.4
    endloop
  endfacet
  facet normal -0 0 1
    outer loop
      vertex -9.52628 5.5 31.4
      vertex -8.31384 4.8 31.4
      vertex -9.01067 6.30934 31.4
    endloop
  endfacet
  facet normal 0 0 1
    outer loop
      vertex -8.31384 4.8 31.4
      vertex -9.52628 5.5 31.4
      vertex -8.70055 4.05713 31.4
    endloop
  endfacet
  facet normal -0 0 1
    outer loop
      vertex -9.96939 4.6488 31.4
      vertex -8.70055 4.05713 31.4
      vertex -9.52628 5.5 31.4
    endloop
  endfacet
  facet normal 0 0 1
    outer loop
      vertex -8.70055 4.05713 31.4
      vertex -9.96939 4.6488 31.4
      vertex -9.02105 3.28339 31.4
    endloop
  endfacet
  facet normal -0 0 1
    outer loop
      vertex -10.3366 3.76222 31.4
      vertex -9.02105 3.28339 31.4
      vertex -9.96939 4.6488 31.4
    endloop
  endfacet
  facet normal 0 0 1
    outer loop
      vertex -9.02105 3.28339 31.4
      vertex -10.3366 3.76222 31.4
      vertex -9.27289 2.48466 31.4
    endloop
  endfacet
  facet normal -0 0 1
    outer loop
      vertex -10.6252 2.84701 31.4
      vertex -9.27289 2.48466 31.4
      vertex -10.3366 3.76222 31.4
    endloop
  endfacet
  facet normal 0 0 1
    outer loop
      vertex -9.27289 2.48466 31.4
      vertex -10.6252 2.84701 31.4
      vertex -9.45415 1.66702 31.4
    endloop
  endfacet
  facet normal -0 0 1
    outer loop
      vertex 9.27289 -2.48466 31.4
      vertex 10.6252 -2.84701 31.4
      vertex 9.45415 -1.66702 31.4
    endloop
  endfacet
  facet normal 0 0 1
    outer loop
      vertex 10.6252 -2.84701 31.4
      vertex 9.27289 -2.48466 31.4
      vertex 10.3366 -3.76222 31.4
    endloop
  endfacet
  facet normal -0 0 1
    outer loop
      vertex 9.02105 -3.28339 31.4
      vertex 10.3366 -3.76222 31.4
      vertex 9.27289 -2.48466 31.4
    endloop
  endfacet
  facet normal 0 0 1
    outer loop
      vertex 10.3366 -3.76222 31.4
      vertex 9.02105 -3.28339 31.4
      vertex 9.96939 -4.6488 31.4
    endloop
  endfacet
  facet normal -0 0 1
    outer loop
      vertex 8.70055 -4.05713 31.4
      vertex 9.96939 -4.6488 31.4
      vertex 9.02105 -3.28339 31.4
    endloop
  endfacet
  facet normal 0 0 1
    outer loop
      vertex 9.96939 -4.6488 31.4
      vertex 8.70055 -4.05713 31.4
      vertex 9.52628 -5.5 31.4
    endloop
  endfacet
  facet normal -0 0 1
    outer loop
      vertex 8.31384 -4.8 31.4
      vertex 9.52628 -5.5 31.4
      vertex 8.70055 -4.05713 31.4
    endloop
  endfacet
  facet normal 0 0 1
    outer loop
      vertex 9.52628 -5.5 31.4
      vertex 8.31384 -4.8 31.4
      vertex 9.01067 -6.30934 31.4
    endloop
  endfacet
  facet normal -0 0 1
    outer loop
      vertex 7.86386 -5.50633 31.4
      vertex 9.01067 -6.30934 31.4
      vertex 8.31384 -4.8 31.4
    endloop
  endfacet
  facet normal 0 0 1
    outer loop
      vertex 9.01067 -6.30934 31.4
      vertex 7.86386 -5.50633 31.4
      vertex 8.42649 -7.07066 31.4
    endloop
  endfacet
  facet normal -0 0 1
    outer loop
      vertex 7.35403 -6.17076 31.4
      vertex 8.42649 -7.07066 31.4
      vertex 7.86386 -5.50633 31.4
    endloop
  endfacet
  facet normal 0 0 1
    outer loop
      vertex 8.42649 -7.07066 31.4
      vertex 7.35403 -6.17076 31.4
      vertex 7.77817 -7.77817 31.4
    endloop
  endfacet
  facet normal -0 0 1
    outer loop
      vertex 6.78822 -6.78822 31.4
      vertex 7.77817 -7.77817 31.4
      vertex 7.35403 -6.17076 31.4
    endloop
  endfacet
  facet normal 0 0 1
    outer loop
      vertex 7.77817 -7.77817 31.4
      vertex 6.78822 -6.78822 31.4
      vertex 7.07066 -8.42649 31.4
    endloop
  endfacet
  facet normal -0 0 1
    outer loop
      vertex 6.17076 -7.35403 31.4
      vertex 7.07066 -8.42649 31.4
      vertex 6.78822 -6.78822 31.4
    endloop
  endfacet
  facet normal 0 0 1
    outer loop
      vertex 7.07066 -8.42649 31.4
      vertex 6.17076 -7.35403 31.4
      vertex 6.30934 -9.01067 31.4
    endloop
  endfacet
  facet normal -0 0 1
    outer loop
      vertex 5.50633 -7.86386 31.4
      vertex 6.30934 -9.01067 31.4
      vertex 6.17076 -7.35403 31.4
    endloop
  endfacet
  facet normal 0 0 1
    outer loop
      vertex 5.50633 -7.86386 31.4
      vertex 5.5 -9.52628 31.4
      vertex 6.30934 -9.01067 31.4
    endloop
  endfacet
  facet normal -0 0 1
    outer loop
      vertex 4.8 -8.31384 31.4
      vertex 5.5 -9.52628 31.4
      vertex 5.50633 -7.86386 31.4
    endloop
  endfacet
  facet normal 0 0 1
    outer loop
      vertex 4.8 -8.31384 31.4
      vertex 4.6488 -9.96939 31.4
      vertex 5.5 -9.52628 31.4
    endloop
  endfacet
  facet normal -0 0 1
    outer loop
      vertex 4.05713 -8.70055 31.4
      vertex 4.6488 -9.96939 31.4
      vertex 4.8 -8.31384 31.4
    endloop
  endfacet
  facet normal 0 0 1
    outer loop
      vertex 4.05713 -8.70055 31.4
      vertex 3.76222 -10.3366 31.4
      vertex 4.6488 -9.96939 31.4
    endloop
  endfacet
  facet normal -0 0 1
    outer loop
      vertex 3.28339 -9.02105 31.4
      vertex 3.76222 -10.3366 31.4
      vertex 4.05713 -8.70055 31.4
    endloop
  endfacet
  facet normal 0 0 1
    outer loop
      vertex 3.28339 -9.02105 31.4
      vertex 2.84701 -10.6252 31.4
      vertex 3.76222 -10.3366 31.4
    endloop
  endfacet
  facet normal -0 0 1
    outer loop
      vertex 2.48466 -9.27289 31.4
      vertex 2.84701 -10.6252 31.4
      vertex 3.28339 -9.02105 31.4
    endloop
  endfacet
  facet normal 0 0 1
    outer loop
      vertex 2.48466 -9.27289 31.4
      vertex 1.91013 -10.8329 31.4
      vertex 2.84701 -10.6252 31.4
    endloop
  endfacet
  facet normal -0 0 1
    outer loop
      vertex 1.66702 -9.45415 31.4
      vertex 1.91013 -10.8329 31.4
      vertex 2.48466 -9.27289 31.4
    endloop
  endfacet
  facet normal 0 0 1
    outer loop
      vertex 1.66702 -9.45415 31.4
      vertex 0.958713 -10.9581 31.4
      vertex 1.91013 -10.8329 31.4
    endloop
  endfacet
  facet normal -0 0 1
    outer loop
      vertex 0.836695 -9.56347 31.4
      vertex 0.958713 -10.9581 31.4
      vertex 1.66702 -9.45415 31.4
    endloop
  endfacet
  facet normal -0 0 1
    outer loop
      vertex 0 -9.6 31.4
      vertex 0.958713 -10.9581 31.4
      vertex 0.836695 -9.56347 31.4
    endloop
  endfacet
  facet normal 0 0 1
    outer loop
      vertex 0 -9.6 31.4
      vertex 0 -11 31.4
      vertex 0.958713 -10.9581 31.4
    endloop
  endfacet
  facet normal 0 0 1
    outer loop
      vertex -0.836695 -9.56347 31.4
      vertex 0 -11 31.4
      vertex 0 -9.6 31.4
    endloop
  endfacet
  facet normal 0 0 1
    outer loop
      vertex -0.836695 -9.56347 31.4
      vertex -0.958713 -10.9581 31.4
      vertex 0 -11 31.4
    endloop
  endfacet
  facet normal 0 0 1
    outer loop
      vertex -1.66702 -9.45415 31.4
      vertex -0.958713 -10.9581 31.4
      vertex -0.836695 -9.56347 31.4
    endloop
  endfacet
  facet normal 0 0 1
    outer loop
      vertex -1.66702 -9.45415 31.4
      vertex -1.91013 -10.8329 31.4
      vertex -0.958713 -10.9581 31.4
    endloop
  endfacet
  facet normal 0 0 1
    outer loop
      vertex -2.48466 -9.27289 31.4
      vertex -1.91013 -10.8329 31.4
      vertex -1.66702 -9.45415 31.4
    endloop
  endfacet
  facet normal 0 0 1
    outer loop
      vertex -2.48466 -9.27289 31.4
      vertex -2.84701 -10.6252 31.4
      vertex -1.91013 -10.8329 31.4
    endloop
  endfacet
  facet normal 0 0 1
    outer loop
      vertex -3.28339 -9.02105 31.4
      vertex -2.84701 -10.6252 31.4
      vertex -2.48466 -9.27289 31.4
    endloop
  endfacet
  facet normal 0 0 1
    outer loop
      vertex -3.28339 -9.02105 31.4
      vertex -3.76222 -10.3366 31.4
      vertex -2.84701 -10.6252 31.4
    endloop
  endfacet
  facet normal 0 0 1
    outer loop
      vertex -4.05713 -8.70055 31.4
      vertex -3.76222 -10.3366 31.4
      vertex -3.28339 -9.02105 31.4
    endloop
  endfacet
  facet normal 0 0 1
    outer loop
      vertex -4.05713 -8.70055 31.4
      vertex -4.6488 -9.96939 31.4
      vertex -3.76222 -10.3366 31.4
    endloop
  endfacet
  facet normal 0 0 1
    outer loop
      vertex -4.8 -8.31384 31.4
      vertex -4.6488 -9.96939 31.4
      vertex -4.05713 -8.70055 31.4
    endloop
  endfacet
  facet normal 0 0 1
    outer loop
      vertex -4.8 -8.31384 31.4
      vertex -5.5 -9.52628 31.4
      vertex -4.6488 -9.96939 31.4
    endloop
  endfacet
  facet normal 0 0 1
    outer loop
      vertex -5.50633 -7.86386 31.4
      vertex -5.5 -9.52628 31.4
      vertex -4.8 -8.31384 31.4
    endloop
  endfacet
  facet normal 0 0 1
    outer loop
      vertex -6.30934 -9.01067 31.4
      vertex -5.50633 -7.86386 31.4
      vertex -6.17076 -7.35403 31.4
    endloop
  endfacet
  facet normal 0 0 1
    outer loop
      vertex -5.50633 -7.86386 31.4
      vertex -6.30934 -9.01067 31.4
      vertex -5.5 -9.52628 31.4
    endloop
  endfacet
  facet normal 0 0 1
    outer loop
      vertex -7.07066 -8.42649 31.4
      vertex -6.17076 -7.35403 31.4
      vertex -6.78822 -6.78822 31.4
    endloop
  endfacet
  facet normal 0 0 1
    outer loop
      vertex -6.17076 -7.35403 31.4
      vertex -7.07066 -8.42649 31.4
      vertex -6.30934 -9.01067 31.4
    endloop
  endfacet
  facet normal 0 0 1
    outer loop
      vertex -7.77817 -7.77817 31.4
      vertex -6.78822 -6.78822 31.4
      vertex -7.35403 -6.17076 31.4
    endloop
  endfacet
  facet normal 0 0 1
    outer loop
      vertex -6.78822 -6.78822 31.4
      vertex -7.77817 -7.77817 31.4
      vertex -7.07066 -8.42649 31.4
    endloop
  endfacet
  facet normal 0 0 1
    outer loop
      vertex -8.42649 -7.07066 31.4
      vertex -7.35403 -6.17076 31.4
      vertex -7.86386 -5.50633 31.4
    endloop
  endfacet
  facet normal 0 0 1
    outer loop
      vertex -9.01067 -6.30934 31.4
      vertex -7.86386 -5.50633 31.4
      vertex -8.31384 -4.8 31.4
    endloop
  endfacet
  facet normal 0 0 1
    outer loop
      vertex -7.35403 -6.17076 31.4
      vertex -8.42649 -7.07066 31.4
      vertex -7.77817 -7.77817 31.4
    endloop
  endfacet
  facet normal 0 0 1
    outer loop
      vertex -9.52628 -5.5 31.4
      vertex -8.31384 -4.8 31.4
      vertex -8.70055 -4.05713 31.4
    endloop
  endfacet
  facet normal 0 0 1
    outer loop
      vertex -7.86386 -5.50633 31.4
      vertex -9.01067 -6.30934 31.4
      vertex -8.42649 -7.07066 31.4
    endloop
  endfacet
  facet normal 0 0 1
    outer loop
      vertex -9.96939 -4.6488 31.4
      vertex -8.70055 -4.05713 31.4
      vertex -9.02105 -3.28339 31.4
    endloop
  endfacet
  facet normal 0 0 1
    outer loop
      vertex -10.3366 -3.76222 31.4
      vertex -9.02105 -3.28339 31.4
      vertex -9.27289 -2.48466 31.4
    endloop
  endfacet
  facet normal 0 0 1
    outer loop
      vertex -10.6252 -2.84701 31.4
      vertex -9.27289 -2.48466 31.4
      vertex -9.45415 -1.66702 31.4
    endloop
  endfacet
  facet normal 0 0 1
    outer loop
      vertex -8.31384 -4.8 31.4
      vertex -9.52628 -5.5 31.4
      vertex -9.01067 -6.30934 31.4
    endloop
  endfacet
  facet normal 0 0 1
    outer loop
      vertex -10.8329 -1.91013 31.4
      vertex -9.45415 -1.66702 31.4
      vertex -9.56347 -0.836695 31.4
    endloop
  endfacet
  facet normal 0 0 1
    outer loop
      vertex -10.9581 -0.958713 31.4
      vertex -9.56347 -0.836695 31.4
      vertex -9.6 0 31.4
    endloop
  endfacet
  facet normal -0 0 1
    outer loop
      vertex -10.8329 1.91013 31.4
      vertex -9.45415 1.66702 31.4
      vertex -10.6252 2.84701 31.4
    endloop
  endfacet
  facet normal 0 0 1
    outer loop
      vertex -8.70055 -4.05713 31.4
      vertex -9.96939 -4.6488 31.4
      vertex -9.52628 -5.5 31.4
    endloop
  endfacet
  facet normal 0 0 1
    outer loop
      vertex -9.45415 1.66702 31.4
      vertex -10.8329 1.91013 31.4
      vertex -9.56347 0.836695 31.4
    endloop
  endfacet
  facet normal 0 0 1
    outer loop
      vertex -9.02105 -3.28339 31.4
      vertex -10.3366 -3.76222 31.4
      vertex -9.96939 -4.6488 31.4
    endloop
  endfacet
  facet normal -0 0 1
    outer loop
      vertex -10.9581 0.958713 31.4
      vertex -9.56347 0.836695 31.4
      vertex -10.8329 1.91013 31.4
    endloop
  endfacet
  facet normal 0 0 1
    outer loop
      vertex -9.27289 -2.48466 31.4
      vertex -10.6252 -2.84701 31.4
      vertex -10.3366 -3.76222 31.4
    endloop
  endfacet
  facet normal 0 0 1
    outer loop
      vertex -9.56347 0.836695 31.4
      vertex -10.9581 0.958713 31.4
      vertex -9.6 0 31.4
    endloop
  endfacet
  facet normal 0 0 1
    outer loop
      vertex -9.45415 -1.66702 31.4
      vertex -10.8329 -1.91013 31.4
      vertex -10.6252 -2.84701 31.4
    endloop
  endfacet
  facet normal 0 0 1
    outer loop
      vertex -11 0 31.4
      vertex -9.6 0 31.4
      vertex -10.9581 0.958713 31.4
    endloop
  endfacet
  facet normal 0 0 1
    outer loop
      vertex -9.56347 -0.836695 31.4
      vertex -10.9581 -0.958713 31.4
      vertex -10.8329 -1.91013 31.4
    endloop
  endfacet
  facet normal 0 0 1
    outer loop
      vertex -9.6 0 31.4
      vertex -11 0 31.4
      vertex -10.9581 -0.958713 31.4
    endloop
  endfacet
  facet normal 0 0 -1
    outer loop
      vertex 9.6 0 33.6
      vertex 11 0 33.6
      vertex 10.9581 -0.958713 33.6
    endloop
  endfacet
  facet normal 0 0 -1
    outer loop
      vertex 9.56347 -0.836695 33.6
      vertex 10.9581 -0.958713 33.6
      vertex 10.8329 -1.91013 33.6
    endloop
  endfacet
  facet normal 0 0 -1
    outer loop
      vertex 11 0 33.6
      vertex 9.6 0 33.6
      vertex 10.9581 0.958713 33.6
    endloop
  endfacet
  facet normal 0 0 -1
    outer loop
      vertex 9.45415 -1.66702 33.6
      vertex 10.8329 -1.91013 33.6
      vertex 10.6252 -2.84701 33.6
    endloop
  endfacet
  facet normal 0 0 -1
    outer loop
      vertex 9.56347 0.836695 33.6
      vertex 10.9581 0.958713 33.6
      vertex 9.6 0 33.6
    endloop
  endfacet
  facet normal 0 0 -1
    outer loop
      vertex 9.27289 -2.48466 33.6
      vertex 10.6252 -2.84701 33.6
      vertex 10.3366 -3.76222 33.6
    endloop
  endfacet
  facet normal -0 0 -1
    outer loop
      vertex 10.9581 0.958713 33.6
      vertex 9.56347 0.836695 33.6
      vertex 10.8329 1.91013 33.6
    endloop
  endfacet
  facet normal 0 0 -1
    outer loop
      vertex 9.02105 -3.28339 33.6
      vertex 10.3366 -3.76222 33.6
      vertex 9.96939 -4.6488 33.6
    endloop
  endfacet
  facet normal 0 0 -1
    outer loop
      vertex 9.45415 1.66702 33.6
      vertex 10.8329 1.91013 33.6
      vertex 9.56347 0.836695 33.6
    endloop
  endfacet
  facet normal -0 0 -1
    outer loop
      vertex 10.8329 1.91013 33.6
      vertex 9.45415 1.66702 33.6
      vertex 10.6252 2.84701 33.6
    endloop
  endfacet
  facet normal 0 0 -1
    outer loop
      vertex 10.9581 -0.958713 33.6
      vertex 9.56347 -0.836695 33.6
      vertex 9.6 0 33.6
    endloop
  endfacet
  facet normal 0 0 -1
    outer loop
      vertex 8.70055 -4.05713 33.6
      vertex 9.96939 -4.6488 33.6
      vertex 9.52628 -5.5 33.6
    endloop
  endfacet
  facet normal 0 0 -1
    outer loop
      vertex 10.8329 -1.91013 33.6
      vertex 9.45415 -1.66702 33.6
      vertex 9.56347 -0.836695 33.6
    endloop
  endfacet
  facet normal 0 0 -1
    outer loop
      vertex 10.6252 -2.84701 33.6
      vertex 9.27289 -2.48466 33.6
      vertex 9.45415 -1.66702 33.6
    endloop
  endfacet
  facet normal 0 0 -1
    outer loop
      vertex 10.3366 -3.76222 33.6
      vertex 9.02105 -3.28339 33.6
      vertex 9.27289 -2.48466 33.6
    endloop
  endfacet
  facet normal 0 0 -1
    outer loop
      vertex 8.31384 -4.8 33.6
      vertex 9.52628 -5.5 33.6
      vertex 9.01067 -6.30934 33.6
    endloop
  endfacet
  facet normal 0 0 -1
    outer loop
      vertex 9.96939 -4.6488 33.6
      vertex 8.70055 -4.05713 33.6
      vertex 9.02105 -3.28339 33.6
    endloop
  endfacet
  facet normal 0 0 -1
    outer loop
      vertex 7.86386 -5.50633 33.6
      vertex 9.01067 -6.30934 33.6
      vertex 8.42649 -7.07066 33.6
    endloop
  endfacet
  facet normal 0 0 -1
    outer loop
      vertex 9.52628 -5.5 33.6
      vertex 8.31384 -4.8 33.6
      vertex 8.70055 -4.05713 33.6
    endloop
  endfacet
  facet normal 0 0 -1
    outer loop
      vertex 9.01067 -6.30934 33.6
      vertex 7.86386 -5.50633 33.6
      vertex 8.31384 -4.8 33.6
    endloop
  endfacet
  facet normal 0 0 -1
    outer loop
      vertex 7.35403 -6.17076 33.6
      vertex 8.42649 -7.07066 33.6
      vertex 7.77817 -7.77817 33.6
    endloop
  endfacet
  facet normal 0 0 -1
    outer loop
      vertex 8.42649 -7.07066 33.6
      vertex 7.35403 -6.17076 33.6
      vertex 7.86386 -5.50633 33.6
    endloop
  endfacet
  facet normal 0 0 -1
    outer loop
      vertex 6.78822 -6.78822 33.6
      vertex 7.77817 -7.77817 33.6
      vertex 7.07066 -8.42649 33.6
    endloop
  endfacet
  facet normal 0 0 -1
    outer loop
      vertex 7.77817 -7.77817 33.6
      vertex 6.78822 -6.78822 33.6
      vertex 7.35403 -6.17076 33.6
    endloop
  endfacet
  facet normal 0 0 -1
    outer loop
      vertex 6.17076 -7.35403 33.6
      vertex 7.07066 -8.42649 33.6
      vertex 6.30934 -9.01067 33.6
    endloop
  endfacet
  facet normal 0 0 -1
    outer loop
      vertex 7.07066 -8.42649 33.6
      vertex 6.17076 -7.35403 33.6
      vertex 6.78822 -6.78822 33.6
    endloop
  endfacet
  facet normal 0 0 -1
    outer loop
      vertex 6.30934 -9.01067 33.6
      vertex 5.50633 -7.86386 33.6
      vertex 6.17076 -7.35403 33.6
    endloop
  endfacet
  facet normal 0 0 -1
    outer loop
      vertex 5.5 -9.52628 33.6
      vertex 5.50633 -7.86386 33.6
      vertex 6.30934 -9.01067 33.6
    endloop
  endfacet
  facet normal 0 0 -1
    outer loop
      vertex 5.5 -9.52628 33.6
      vertex 4.8 -8.31384 33.6
      vertex 5.50633 -7.86386 33.6
    endloop
  endfacet
  facet normal 0 0 -1
    outer loop
      vertex 4.6488 -9.96939 33.6
      vertex 4.8 -8.31384 33.6
      vertex 5.5 -9.52628 33.6
    endloop
  endfacet
  facet normal 0 0 -1
    outer loop
      vertex 4.6488 -9.96939 33.6
      vertex 4.05713 -8.70055 33.6
      vertex 4.8 -8.31384 33.6
    endloop
  endfacet
  facet normal 0 0 -1
    outer loop
      vertex 3.76222 -10.3366 33.6
      vertex 4.05713 -8.70055 33.6
      vertex 4.6488 -9.96939 33.6
    endloop
  endfacet
  facet normal 0 0 -1
    outer loop
      vertex 3.76222 -10.3366 33.6
      vertex 3.28339 -9.02105 33.6
      vertex 4.05713 -8.70055 33.6
    endloop
  endfacet
  facet normal 0 0 -1
    outer loop
      vertex 2.84701 -10.6252 33.6
      vertex 3.28339 -9.02105 33.6
      vertex 3.76222 -10.3366 33.6
    endloop
  endfacet
  facet normal 0 0 -1
    outer loop
      vertex 2.84701 -10.6252 33.6
      vertex 2.48466 -9.27289 33.6
      vertex 3.28339 -9.02105 33.6
    endloop
  endfacet
  facet normal 0 0 -1
    outer loop
      vertex 1.91013 -10.8329 33.6
      vertex 2.48466 -9.27289 33.6
      vertex 2.84701 -10.6252 33.6
    endloop
  endfacet
  facet normal 0 0 -1
    outer loop
      vertex 1.91013 -10.8329 33.6
      vertex 1.66702 -9.45415 33.6
      vertex 2.48466 -9.27289 33.6
    endloop
  endfacet
  facet normal 0 0 -1
    outer loop
      vertex 0.958713 -10.9581 33.6
      vertex 1.66702 -9.45415 33.6
      vertex 1.91013 -10.8329 33.6
    endloop
  endfacet
  facet normal 0 0 -1
    outer loop
      vertex 0.958713 -10.9581 33.6
      vertex 0.836695 -9.56347 33.6
      vertex 1.66702 -9.45415 33.6
    endloop
  endfacet
  facet normal 0 0 -1
    outer loop
      vertex 0 -11 33.6
      vertex 0.836695 -9.56347 33.6
      vertex 0.958713 -10.9581 33.6
    endloop
  endfacet
  facet normal 0 0 -1
    outer loop
      vertex 0 -11 33.6
      vertex 0 -9.6 33.6
      vertex 0.836695 -9.56347 33.6
    endloop
  endfacet
  facet normal 0 0 -1
    outer loop
      vertex 0 -11 33.6
      vertex -0.836695 -9.56347 33.6
      vertex 0 -9.6 33.6
    endloop
  endfacet
  facet normal 0 0 -1
    outer loop
      vertex -0.958713 -10.9581 33.6
      vertex -0.836695 -9.56347 33.6
      vertex 0 -11 33.6
    endloop
  endfacet
  facet normal 0 0 -1
    outer loop
      vertex -0.958713 -10.9581 33.6
      vertex -1.66702 -9.45415 33.6
      vertex -0.836695 -9.56347 33.6
    endloop
  endfacet
  facet normal 0 0 -1
    outer loop
      vertex -1.91013 -10.8329 33.6
      vertex -1.66702 -9.45415 33.6
      vertex -0.958713 -10.9581 33.6
    endloop
  endfacet
  facet normal 0 0 -1
    outer loop
      vertex -1.91013 -10.8329 33.6
      vertex -2.48466 -9.27289 33.6
      vertex -1.66702 -9.45415 33.6
    endloop
  endfacet
  facet normal 0 0 -1
    outer loop
      vertex -2.84701 -10.6252 33.6
      vertex -2.48466 -9.27289 33.6
      vertex -1.91013 -10.8329 33.6
    endloop
  endfacet
  facet normal 0 0 -1
    outer loop
      vertex -2.84701 -10.6252 33.6
      vertex -3.28339 -9.02105 33.6
      vertex -2.48466 -9.27289 33.6
    endloop
  endfacet
  facet normal 0 0 -1
    outer loop
      vertex -3.76222 -10.3366 33.6
      vertex -3.28339 -9.02105 33.6
      vertex -2.84701 -10.6252 33.6
    endloop
  endfacet
  facet normal 0 0 -1
    outer loop
      vertex -3.76222 -10.3366 33.6
      vertex -4.05713 -8.70055 33.6
      vertex -3.28339 -9.02105 33.6
    endloop
  endfacet
  facet normal 0 0 -1
    outer loop
      vertex -4.6488 -9.96939 33.6
      vertex -4.05713 -8.70055 33.6
      vertex -3.76222 -10.3366 33.6
    endloop
  endfacet
  facet normal 0 0 -1
    outer loop
      vertex -4.6488 -9.96939 33.6
      vertex -4.8 -8.31384 33.6
      vertex -4.05713 -8.70055 33.6
    endloop
  endfacet
  facet normal 0 0 -1
    outer loop
      vertex -5.5 -9.52628 33.6
      vertex -4.8 -8.31384 33.6
      vertex -4.6488 -9.96939 33.6
    endloop
  endfacet
  facet normal 0 0 -1
    outer loop
      vertex -5.5 -9.52628 33.6
      vertex -5.50633 -7.86386 33.6
      vertex -4.8 -8.31384 33.6
    endloop
  endfacet
  facet normal 0 0 -1
    outer loop
      vertex -6.30934 -9.01067 33.6
      vertex -5.50633 -7.86386 33.6
      vertex -5.5 -9.52628 33.6
    endloop
  endfacet
  facet normal -0 0 -1
    outer loop
      vertex -5.50633 -7.86386 33.6
      vertex -6.30934 -9.01067 33.6
      vertex -6.17076 -7.35403 33.6
    endloop
  endfacet
  facet normal 0 0 -1
    outer loop
      vertex -7.07066 -8.42649 33.6
      vertex -6.17076 -7.35403 33.6
      vertex -6.30934 -9.01067 33.6
    endloop
  endfacet
  facet normal -0 0 -1
    outer loop
      vertex -6.17076 -7.35403 33.6
      vertex -7.07066 -8.42649 33.6
      vertex -6.78822 -6.78822 33.6
    endloop
  endfacet
  facet normal 0 0 -1
    outer loop
      vertex -7.77817 -7.77817 33.6
      vertex -6.78822 -6.78822 33.6
      vertex -7.07066 -8.42649 33.6
    endloop
  endfacet
  facet normal -0 0 -1
    outer loop
      vertex -6.78822 -6.78822 33.6
      vertex -7.77817 -7.77817 33.6
      vertex -7.35403 -6.17076 33.6
    endloop
  endfacet
  facet normal 0 0 -1
    outer loop
      vertex -8.42649 -7.07066 33.6
      vertex -7.35403 -6.17076 33.6
      vertex -7.77817 -7.77817 33.6
    endloop
  endfacet
  facet normal -0 0 -1
    outer loop
      vertex -7.35403 -6.17076 33.6
      vertex -8.42649 -7.07066 33.6
      vertex -7.86386 -5.50633 33.6
    endloop
  endfacet
  facet normal 0 0 -1
    outer loop
      vertex -9.01067 -6.30934 33.6
      vertex -7.86386 -5.50633 33.6
      vertex -8.42649 -7.07066 33.6
    endloop
  endfacet
  facet normal -0 0 -1
    outer loop
      vertex -7.86386 -5.50633 33.6
      vertex -9.01067 -6.30934 33.6
      vertex -8.31384 -4.8 33.6
    endloop
  endfacet
  facet normal 0 0 -1
    outer loop
      vertex -9.52628 -5.5 33.6
      vertex -8.31384 -4.8 33.6
      vertex -9.01067 -6.30934 33.6
    endloop
  endfacet
  facet normal -0 0 -1
    outer loop
      vertex -8.31384 -4.8 33.6
      vertex -9.52628 -5.5 33.6
      vertex -8.70055 -4.05713 33.6
    endloop
  endfacet
  facet normal 0 0 -1
    outer loop
      vertex -9.96939 -4.6488 33.6
      vertex -8.70055 -4.05713 33.6
      vertex -9.52628 -5.5 33.6
    endloop
  endfacet
  facet normal -0 0 -1
    outer loop
      vertex -8.70055 -4.05713 33.6
      vertex -9.96939 -4.6488 33.6
      vertex -9.02105 -3.28339 33.6
    endloop
  endfacet
  facet normal 0 0 -1
    outer loop
      vertex -10.3366 -3.76222 33.6
      vertex -9.02105 -3.28339 33.6
      vertex -9.96939 -4.6488 33.6
    endloop
  endfacet
  facet normal -0 0 -1
    outer loop
      vertex -9.02105 -3.28339 33.6
      vertex -10.3366 -3.76222 33.6
      vertex -9.27289 -2.48466 33.6
    endloop
  endfacet
  facet normal 0 0 -1
    outer loop
      vertex -10.6252 -2.84701 33.6
      vertex -9.27289 -2.48466 33.6
      vertex -10.3366 -3.76222 33.6
    endloop
  endfacet
  facet normal -0 0 -1
    outer loop
      vertex -9.27289 -2.48466 33.6
      vertex -10.6252 -2.84701 33.6
      vertex -9.45415 -1.66702 33.6
    endloop
  endfacet
  facet normal 0 0 -1
    outer loop
      vertex 9.27289 2.48466 33.6
      vertex 10.6252 2.84701 33.6
      vertex 9.45415 1.66702 33.6
    endloop
  endfacet
  facet normal -0 0 -1
    outer loop
      vertex 10.6252 2.84701 33.6
      vertex 9.27289 2.48466 33.6
      vertex 10.3366 3.76222 33.6
    endloop
  endfacet
  facet normal 0 0 -1
    outer loop
      vertex 9.02105 3.28339 33.6
      vertex 10.3366 3.76222 33.6
      vertex 9.27289 2.48466 33.6
    endloop
  endfacet
  facet normal -0 0 -1
    outer loop
      vertex 10.3366 3.76222 33.6
      vertex 9.02105 3.28339 33.6
      vertex 9.96939 4.6488 33.6
    endloop
  endfacet
  facet normal 0 0 -1
    outer loop
      vertex 8.70055 4.05713 33.6
      vertex 9.96939 4.6488 33.6
      vertex 9.02105 3.28339 33.6
    endloop
  endfacet
  facet normal -0 0 -1
    outer loop
      vertex 9.96939 4.6488 33.6
      vertex 8.70055 4.05713 33.6
      vertex 9.52628 5.5 33.6
    endloop
  endfacet
  facet normal 0 0 -1
    outer loop
      vertex 8.31384 4.8 33.6
      vertex 9.52628 5.5 33.6
      vertex 8.70055 4.05713 33.6
    endloop
  endfacet
  facet normal -0 0 -1
    outer loop
      vertex 9.52628 5.5 33.6
      vertex 8.31384 4.8 33.6
      vertex 9.01067 6.30934 33.6
    endloop
  endfacet
  facet normal 0 0 -1
    outer loop
      vertex 7.86386 5.50633 33.6
      vertex 9.01067 6.30934 33.6
      vertex 8.31384 4.8 33.6
    endloop
  endfacet
  facet normal -0 0 -1
    outer loop
      vertex 9.01067 6.30934 33.6
      vertex 7.86386 5.50633 33.6
      vertex 8.42649 7.07066 33.6
    endloop
  endfacet
  facet normal 0 0 -1
    outer loop
      vertex 7.35403 6.17076 33.6
      vertex 8.42649 7.07066 33.6
      vertex 7.86386 5.50633 33.6
    endloop
  endfacet
  facet normal -0 0 -1
    outer loop
      vertex 8.42649 7.07066 33.6
      vertex 7.35403 6.17076 33.6
      vertex 7.77817 7.77817 33.6
    endloop
  endfacet
  facet normal 0 0 -1
    outer loop
      vertex 6.78822 6.78822 33.6
      vertex 7.77817 7.77817 33.6
      vertex 7.35403 6.17076 33.6
    endloop
  endfacet
  facet normal -0 0 -1
    outer loop
      vertex 7.77817 7.77817 33.6
      vertex 6.78822 6.78822 33.6
      vertex 7.07066 8.42649 33.6
    endloop
  endfacet
  facet normal 0 0 -1
    outer loop
      vertex 6.17076 7.35403 33.6
      vertex 7.07066 8.42649 33.6
      vertex 6.78822 6.78822 33.6
    endloop
  endfacet
  facet normal -0 0 -1
    outer loop
      vertex 7.07066 8.42649 33.6
      vertex 6.17076 7.35403 33.6
      vertex 6.30934 9.01067 33.6
    endloop
  endfacet
  facet normal 0 0 -1
    outer loop
      vertex 5.50633 7.86386 33.6
      vertex 6.30934 9.01067 33.6
      vertex 6.17076 7.35403 33.6
    endloop
  endfacet
  facet normal 0 0 -1
    outer loop
      vertex 5.50633 7.86386 33.6
      vertex 5.5 9.52628 33.6
      vertex 6.30934 9.01067 33.6
    endloop
  endfacet
  facet normal 0 0 -1
    outer loop
      vertex 4.8 8.31384 33.6
      vertex 5.5 9.52628 33.6
      vertex 5.50633 7.86386 33.6
    endloop
  endfacet
  facet normal 0 0 -1
    outer loop
      vertex 4.8 8.31384 33.6
      vertex 4.6488 9.96939 33.6
      vertex 5.5 9.52628 33.6
    endloop
  endfacet
  facet normal 0 0 -1
    outer loop
      vertex 4.05713 8.70055 33.6
      vertex 4.6488 9.96939 33.6
      vertex 4.8 8.31384 33.6
    endloop
  endfacet
  facet normal 0 0 -1
    outer loop
      vertex 4.05713 8.70055 33.6
      vertex 3.76222 10.3366 33.6
      vertex 4.6488 9.96939 33.6
    endloop
  endfacet
  facet normal 0 0 -1
    outer loop
      vertex 3.28339 9.02105 33.6
      vertex 3.76222 10.3366 33.6
      vertex 4.05713 8.70055 33.6
    endloop
  endfacet
  facet normal 0 0 -1
    outer loop
      vertex 3.28339 9.02105 33.6
      vertex 2.84701 10.6252 33.6
      vertex 3.76222 10.3366 33.6
    endloop
  endfacet
  facet normal 0 0 -1
    outer loop
      vertex 2.48466 9.27289 33.6
      vertex 2.84701 10.6252 33.6
      vertex 3.28339 9.02105 33.6
    endloop
  endfacet
  facet normal 0 0 -1
    outer loop
      vertex 2.48466 9.27289 33.6
      vertex 1.91013 10.8329 33.6
      vertex 2.84701 10.6252 33.6
    endloop
  endfacet
  facet normal 0 0 -1
    outer loop
      vertex 1.66702 9.45415 33.6
      vertex 1.91013 10.8329 33.6
      vertex 2.48466 9.27289 33.6
    endloop
  endfacet
  facet normal 0 0 -1
    outer loop
      vertex 1.66702 9.45415 33.6
      vertex 0.958713 10.9581 33.6
      vertex 1.91013 10.8329 33.6
    endloop
  endfacet
  facet normal 0 0 -1
    outer loop
      vertex 0.836695 9.56347 33.6
      vertex 0.958713 10.9581 33.6
      vertex 1.66702 9.45415 33.6
    endloop
  endfacet
  facet normal 0 0 -1
    outer loop
      vertex 0 9.6 33.6
      vertex 0.958713 10.9581 33.6
      vertex 0.836695 9.56347 33.6
    endloop
  endfacet
  facet normal 0 0 -1
    outer loop
      vertex 0 9.6 33.6
      vertex 0 11 33.6
      vertex 0.958713 10.9581 33.6
    endloop
  endfacet
  facet normal 0 0 -1
    outer loop
      vertex -0.836695 9.56347 33.6
      vertex 0 11 33.6
      vertex 0 9.6 33.6
    endloop
  endfacet
  facet normal 0 0 -1
    outer loop
      vertex -0.836695 9.56347 33.6
      vertex -0.958713 10.9581 33.6
      vertex 0 11 33.6
    endloop
  endfacet
  facet normal 0 0 -1
    outer loop
      vertex -1.66702 9.45415 33.6
      vertex -0.958713 10.9581 33.6
      vertex -0.836695 9.56347 33.6
    endloop
  endfacet
  facet normal 0 0 -1
    outer loop
      vertex -1.66702 9.45415 33.6
      vertex -1.91013 10.8329 33.6
      vertex -0.958713 10.9581 33.6
    endloop
  endfacet
  facet normal 0 0 -1
    outer loop
      vertex -2.48466 9.27289 33.6
      vertex -1.91013 10.8329 33.6
      vertex -1.66702 9.45415 33.6
    endloop
  endfacet
  facet normal 0 0 -1
    outer loop
      vertex -2.48466 9.27289 33.6
      vertex -2.84701 10.6252 33.6
      vertex -1.91013 10.8329 33.6
    endloop
  endfacet
  facet normal 0 0 -1
    outer loop
      vertex -3.28339 9.02105 33.6
      vertex -2.84701 10.6252 33.6
      vertex -2.48466 9.27289 33.6
    endloop
  endfacet
  facet normal 0 0 -1
    outer loop
      vertex -3.28339 9.02105 33.6
      vertex -3.76222 10.3366 33.6
      vertex -2.84701 10.6252 33.6
    endloop
  endfacet
  facet normal 0 0 -1
    outer loop
      vertex -4.05713 8.70055 33.6
      vertex -3.76222 10.3366 33.6
      vertex -3.28339 9.02105 33.6
    endloop
  endfacet
  facet normal 0 0 -1
    outer loop
      vertex -4.05713 8.70055 33.6
      vertex -4.6488 9.96939 33.6
      vertex -3.76222 10.3366 33.6
    endloop
  endfacet
  facet normal 0 0 -1
    outer loop
      vertex -4.8 8.31384 33.6
      vertex -4.6488 9.96939 33.6
      vertex -4.05713 8.70055 33.6
    endloop
  endfacet
  facet normal 0 0 -1
    outer loop
      vertex -4.8 8.31384 33.6
      vertex -5.5 9.52628 33.6
      vertex -4.6488 9.96939 33.6
    endloop
  endfacet
  facet normal 0 0 -1
    outer loop
      vertex -5.50633 7.86386 33.6
      vertex -5.5 9.52628 33.6
      vertex -4.8 8.31384 33.6
    endloop
  endfacet
  facet normal 0 0 -1
    outer loop
      vertex -6.30934 9.01067 33.6
      vertex -5.50633 7.86386 33.6
      vertex -6.17076 7.35403 33.6
    endloop
  endfacet
  facet normal 0 0 -1
    outer loop
      vertex -5.50633 7.86386 33.6
      vertex -6.30934 9.01067 33.6
      vertex -5.5 9.52628 33.6
    endloop
  endfacet
  facet normal 0 0 -1
    outer loop
      vertex -7.07066 8.42649 33.6
      vertex -6.17076 7.35403 33.6
      vertex -6.78822 6.78822 33.6
    endloop
  endfacet
  facet normal 0 0 -1
    outer loop
      vertex -6.17076 7.35403 33.6
      vertex -7.07066 8.42649 33.6
      vertex -6.30934 9.01067 33.6
    endloop
  endfacet
  facet normal 0 0 -1
    outer loop
      vertex -7.77817 7.77817 33.6
      vertex -6.78822 6.78822 33.6
      vertex -7.35403 6.17076 33.6
    endloop
  endfacet
  facet normal 0 0 -1
    outer loop
      vertex -6.78822 6.78822 33.6
      vertex -7.77817 7.77817 33.6
      vertex -7.07066 8.42649 33.6
    endloop
  endfacet
  facet normal 0 0 -1
    outer loop
      vertex -8.42649 7.07066 33.6
      vertex -7.35403 6.17076 33.6
      vertex -7.86386 5.50633 33.6
    endloop
  endfacet
  facet normal 0 0 -1
    outer loop
      vertex -9.01067 6.30934 33.6
      vertex -7.86386 5.50633 33.6
      vertex -8.31384 4.8 33.6
    endloop
  endfacet
  facet normal 0 0 -1
    outer loop
      vertex -7.35403 6.17076 33.6
      vertex -8.42649 7.07066 33.6
      vertex -7.77817 7.77817 33.6
    endloop
  endfacet
  facet normal 0 0 -1
    outer loop
      vertex -9.52628 5.5 33.6
      vertex -8.31384 4.8 33.6
      vertex -8.70055 4.05713 33.6
    endloop
  endfacet
  facet normal 0 0 -1
    outer loop
      vertex -7.86386 5.50633 33.6
      vertex -9.01067 6.30934 33.6
      vertex -8.42649 7.07066 33.6
    endloop
  endfacet
  facet normal 0 0 -1
    outer loop
      vertex -9.96939 4.6488 33.6
      vertex -8.70055 4.05713 33.6
      vertex -9.02105 3.28339 33.6
    endloop
  endfacet
  facet normal 0 0 -1
    outer loop
      vertex -10.3366 3.76222 33.6
      vertex -9.02105 3.28339 33.6
      vertex -9.27289 2.48466 33.6
    endloop
  endfacet
  facet normal 0 0 -1
    outer loop
      vertex -10.6252 2.84701 33.6
      vertex -9.27289 2.48466 33.6
      vertex -9.45415 1.66702 33.6
    endloop
  endfacet
  facet normal 0 0 -1
    outer loop
      vertex -8.31384 4.8 33.6
      vertex -9.52628 5.5 33.6
      vertex -9.01067 6.30934 33.6
    endloop
  endfacet
  facet normal 0 0 -1
    outer loop
      vertex -10.8329 1.91013 33.6
      vertex -9.45415 1.66702 33.6
      vertex -9.56347 0.836695 33.6
    endloop
  endfacet
  facet normal 0 0 -1
    outer loop
      vertex -10.9581 0.958713 33.6
      vertex -9.56347 0.836695 33.6
      vertex -9.6 0 33.6
    endloop
  endfacet
  facet normal 0 0 -1
    outer loop
      vertex -10.8329 -1.91013 33.6
      vertex -9.45415 -1.66702 33.6
      vertex -10.6252 -2.84701 33.6
    endloop
  endfacet
  facet normal 0 0 -1
    outer loop
      vertex -8.70055 4.05713 33.6
      vertex -9.96939 4.6488 33.6
      vertex -9.52628 5.5 33.6
    endloop
  endfacet
  facet normal -0 0 -1
    outer loop
      vertex -9.45415 -1.66702 33.6
      vertex -10.8329 -1.91013 33.6
      vertex -9.56347 -0.836695 33.6
    endloop
  endfacet
  facet normal 0 0 -1
    outer loop
      vertex -9.02105 3.28339 33.6
      vertex -10.3366 3.76222 33.6
      vertex -9.96939 4.6488 33.6
    endloop
  endfacet
  facet normal 0 0 -1
    outer loop
      vertex -10.9581 -0.958713 33.6
      vertex -9.56347 -0.836695 33.6
      vertex -10.8329 -1.91013 33.6
    endloop
  endfacet
  facet normal 0 0 -1
    outer loop
      vertex -9.27289 2.48466 33.6
      vertex -10.6252 2.84701 33.6
      vertex -10.3366 3.76222 33.6
    endloop
  endfacet
  facet normal -0 0 -1
    outer loop
      vertex -9.56347 -0.836695 33.6
      vertex -10.9581 -0.958713 33.6
      vertex -9.6 0 33.6
    endloop
  endfacet
  facet normal 0 0 -1
    outer loop
      vertex -9.45415 1.66702 33.6
      vertex -10.8329 1.91013 33.6
      vertex -10.6252 2.84701 33.6
    endloop
  endfacet
  facet normal 0 0 -1
    outer loop
      vertex -11 0 33.6
      vertex -9.6 0 33.6
      vertex -10.9581 -0.958713 33.6
    endloop
  endfacet
  facet normal 0 0 -1
    outer loop
      vertex -9.56347 0.836695 33.6
      vertex -10.9581 0.958713 33.6
      vertex -10.8329 1.91013 33.6
    endloop
  endfacet
  facet normal 0 0 -1
    outer loop
      vertex -9.6 0 33.6
      vertex -11 0 33.6
      vertex -10.9581 0.958713 33.6
    endloop
  endfacet
  facet normal 0.953716 0.300707 0
    outer loop
      vertex 9.27289 2.48466 33.6
      vertex 9.02105 3.28339 31.4
      vertex 9.02105 3.28339 33.6
    endloop
  endfacet
  facet normal 0.953716 0.300707 0
    outer loop
      vertex 9.02105 3.28339 31.4
      vertex 9.27289 2.48466 33.6
      vertex 9.27289 2.48466 31.4
    endloop
  endfacet
  facet normal 0.991444 0.130533 0
    outer loop
      vertex 9.56347 0.836695 33.6
      vertex 9.45415 1.66702 31.4
      vertex 9.45415 1.66702 33.6
    endloop
  endfacet
  facet normal 0.991444 0.130533 0
    outer loop
      vertex 9.45415 1.66702 31.4
      vertex 9.56347 0.836695 33.6
      vertex 9.56347 0.836695 31.4
    endloop
  endfacet
  facet normal 0.999048 0.0436183 0
    outer loop
      vertex 9.6 0 33.6
      vertex 9.56347 0.836695 31.4
      vertex 9.56347 0.836695 33.6
    endloop
  endfacet
  facet normal 0.999048 0.0436183 0
    outer loop
      vertex 9.56347 0.836695 31.4
      vertex 9.6 0 33.6
      vertex 9.6 0 31.4
    endloop
  endfacet
  facet normal 0.216432 -0.976298 0
    outer loop
      vertex 1.66702 -9.45415 31.4
      vertex 2.48466 -9.27289 33.6
      vertex 1.66702 -9.45415 33.6
    endloop
  endfacet
  facet normal 0.216432 -0.976298 0
    outer loop
      vertex 2.48466 -9.27289 33.6
      vertex 1.66702 -9.45415 31.4
      vertex 2.48466 -9.27289 31.4
    endloop
  endfacet
  facet normal 0.923877 -0.38269 0
    outer loop
      vertex 8.70055 -4.05713 33.6
      vertex 9.02105 -3.28339 31.4
      vertex 9.02105 -3.28339 33.6
    endloop
  endfacet
  facet normal 0.923877 -0.38269 0
    outer loop
      vertex 9.02105 -3.28339 31.4
      vertex 8.70055 -4.05713 33.6
      vertex 8.70055 -4.05713 31.4
    endloop
  endfacet
  facet normal 0.923877 0.38269 0
    outer loop
      vertex 9.02105 3.28339 33.6
      vertex 8.70055 4.05713 31.4
      vertex 8.70055 4.05713 33.6
    endloop
  endfacet
  facet normal 0.923877 0.38269 0
    outer loop
      vertex 8.70055 4.05713 31.4
      vertex 9.02105 3.28339 33.6
      vertex 9.02105 3.28339 31.4
    endloop
  endfacet
  facet normal -0.999048 0.0436183 0
    outer loop
      vertex -9.6 0 31.4
      vertex -9.56347 0.836695 33.6
      vertex -9.56347 0.836695 31.4
    endloop
  endfacet
  facet normal -0.999048 0.0436183 0
    outer loop
      vertex -9.56347 0.836695 33.6
      vertex -9.6 0 31.4
      vertex -9.6 0 33.6
    endloop
  endfacet
  facet normal 0.793356 0.608758 0
    outer loop
      vertex 7.86386 5.50633 33.6
      vertex 7.35403 6.17076 31.4
      vertex 7.35403 6.17076 33.6
    endloop
  endfacet
  facet normal 0.793356 0.608758 0
    outer loop
      vertex 7.35403 6.17076 31.4
      vertex 7.86386 5.50633 33.6
      vertex 7.86386 5.50633 31.4
    endloop
  endfacet
  facet normal 0.843392 -0.537298 0
    outer loop
      vertex 7.86386 -5.50633 33.6
      vertex 8.31384 -4.8 31.4
      vertex 8.31384 -4.8 33.6
    endloop
  endfacet
  facet normal 0.843392 -0.537298 0
    outer loop
      vertex 8.31384 -4.8 31.4
      vertex 7.86386 -5.50633 33.6
      vertex 7.86386 -5.50633 31.4
    endloop
  endfacet
  facet normal -0.216432 -0.976298 0
    outer loop
      vertex -2.48466 -9.27289 31.4
      vertex -1.66702 -9.45415 33.6
      vertex -2.48466 -9.27289 33.6
    endloop
  endfacet
  facet normal -0.216432 -0.976298 -0
    outer loop
      vertex -1.66702 -9.45415 33.6
      vertex -2.48466 -9.27289 31.4
      vertex -1.66702 -9.45415 31.4
    endloop
  endfacet
  facet normal -0.537298 0.843392 0
    outer loop
      vertex -4.8 8.31384 31.4
      vertex -5.50633 7.86386 33.6
      vertex -4.8 8.31384 33.6
    endloop
  endfacet
  facet normal -0.537298 0.843392 0
    outer loop
      vertex -5.50633 7.86386 33.6
      vertex -4.8 8.31384 31.4
      vertex -5.50633 7.86386 31.4
    endloop
  endfacet
  facet normal -0.793356 0.608758 0
    outer loop
      vertex -7.86386 5.50633 31.4
      vertex -7.35403 6.17076 33.6
      vertex -7.35403 6.17076 31.4
    endloop
  endfacet
  facet normal -0.793356 0.608758 0
    outer loop
      vertex -7.35403 6.17076 33.6
      vertex -7.86386 5.50633 31.4
      vertex -7.86386 5.50633 33.6
    endloop
  endfacet
  facet normal -0.953716 0.300707 0
    outer loop
      vertex -9.27289 2.48466 31.4
      vertex -9.02105 3.28339 33.6
      vertex -9.02105 3.28339 31.4
    endloop
  endfacet
  facet normal -0.953716 0.300707 0
    outer loop
      vertex -9.02105 3.28339 33.6
      vertex -9.27289 2.48466 31.4
      vertex -9.27289 2.48466 33.6
    endloop
  endfacet
  facet normal -0.300707 -0.953716 0
    outer loop
      vertex -3.28339 -9.02105 31.4
      vertex -2.48466 -9.27289 33.6
      vertex -3.28339 -9.02105 33.6
    endloop
  endfacet
  facet normal -0.300707 -0.953716 -0
    outer loop
      vertex -2.48466 -9.27289 33.6
      vertex -3.28339 -9.02105 31.4
      vertex -2.48466 -9.27289 31.4
    endloop
  endfacet
  facet normal 0.608758 0.793356 -0
    outer loop
      vertex 6.17076 7.35403 31.4
      vertex 5.50633 7.86386 33.6
      vertex 6.17076 7.35403 33.6
    endloop
  endfacet
  facet normal 0.608758 0.793356 0
    outer loop
      vertex 5.50633 7.86386 33.6
      vertex 6.17076 7.35403 31.4
      vertex 5.50633 7.86386 31.4
    endloop
  endfacet
  facet normal -0.300707 0.953716 0
    outer loop
      vertex -2.48466 9.27289 31.4
      vertex -3.28339 9.02105 33.6
      vertex -2.48466 9.27289 33.6
    endloop
  endfacet
  facet normal -0.300707 0.953716 0
    outer loop
      vertex -3.28339 9.02105 33.6
      vertex -2.48466 9.27289 31.4
      vertex -3.28339 9.02105 31.4
    endloop
  endfacet
  facet normal 0.0436183 0.999048 -0
    outer loop
      vertex 0.836695 9.56347 31.4
      vertex 0 9.6 33.6
      vertex 0.836695 9.56347 33.6
    endloop
  endfacet
  facet normal 0.0436183 0.999048 0
    outer loop
      vertex 0 9.6 33.6
      vertex 0.836695 9.56347 31.4
      vertex 0 9.6 31.4
    endloop
  endfacet
  facet normal 0.976298 -0.216432 0
    outer loop
      vertex 9.27289 -2.48466 33.6
      vertex 9.45415 -1.66702 31.4
      vertex 9.45415 -1.66702 33.6
    endloop
  endfacet
  facet normal 0.976298 -0.216432 0
    outer loop
      vertex 9.45415 -1.66702 31.4
      vertex 9.27289 -2.48466 33.6
      vertex 9.27289 -2.48466 31.4
    endloop
  endfacet
  facet normal -0.991444 0.130533 0
    outer loop
      vertex -9.56347 0.836695 31.4
      vertex -9.45415 1.66702 33.6
      vertex -9.45415 1.66702 31.4
    endloop
  endfacet
  facet normal -0.991444 0.130533 0
    outer loop
      vertex -9.45415 1.66702 33.6
      vertex -9.56347 0.836695 31.4
      vertex -9.56347 0.836695 33.6
    endloop
  endfacet
  facet normal 0.38269 0.923877 -0
    outer loop
      vertex 4.05713 8.70055 31.4
      vertex 3.28339 9.02105 33.6
      vertex 4.05713 8.70055 33.6
    endloop
  endfacet
  facet normal 0.38269 0.923877 0
    outer loop
      vertex 3.28339 9.02105 33.6
      vertex 4.05713 8.70055 31.4
      vertex 3.28339 9.02105 31.4
    endloop
  endfacet
  facet normal 0.999048 -0.0436183 0
    outer loop
      vertex 9.56347 -0.836695 33.6
      vertex 9.6 0 31.4
      vertex 9.6 0 33.6
    endloop
  endfacet
  facet normal 0.999048 -0.0436183 0
    outer loop
      vertex 9.6 0 31.4
      vertex 9.56347 -0.836695 33.6
      vertex 9.56347 -0.836695 31.4
    endloop
  endfacet
  facet normal -0.38269 0.923877 0
    outer loop
      vertex -3.28339 9.02105 31.4
      vertex -4.05713 8.70055 33.6
      vertex -3.28339 9.02105 33.6
    endloop
  endfacet
  facet normal -0.38269 0.923877 0
    outer loop
      vertex -4.05713 8.70055 33.6
      vertex -3.28339 9.02105 31.4
      vertex -4.05713 8.70055 31.4
    endloop
  endfacet
  facet normal 0.73727 -0.675598 0
    outer loop
      vertex 6.78822 -6.78822 33.6
      vertex 7.35403 -6.17076 31.4
      vertex 7.35403 -6.17076 33.6
    endloop
  endfacet
  facet normal 0.73727 -0.675598 0
    outer loop
      vertex 7.35403 -6.17076 31.4
      vertex 6.78822 -6.78822 33.6
      vertex 6.78822 -6.78822 31.4
    endloop
  endfacet
  facet normal -0.976298 -0.216432 0
    outer loop
      vertex -9.27289 -2.48466 31.4
      vertex -9.45415 -1.66702 33.6
      vertex -9.45415 -1.66702 31.4
    endloop
  endfacet
  facet normal -0.976298 -0.216432 0
    outer loop
      vertex -9.45415 -1.66702 33.6
      vertex -9.27289 -2.48466 31.4
      vertex -9.27289 -2.48466 33.6
    endloop
  endfacet
  facet normal 0.608758 -0.793356 0
    outer loop
      vertex 5.50633 -7.86386 31.4
      vertex 6.17076 -7.35403 33.6
      vertex 5.50633 -7.86386 33.6
    endloop
  endfacet
  facet normal 0.608758 -0.793356 0
    outer loop
      vertex 6.17076 -7.35403 33.6
      vertex 5.50633 -7.86386 31.4
      vertex 6.17076 -7.35403 31.4
    endloop
  endfacet
  facet normal -0.843392 0.537298 0
    outer loop
      vertex -8.31384 4.8 31.4
      vertex -7.86386 5.50633 33.6
      vertex -7.86386 5.50633 31.4
    endloop
  endfacet
  facet normal -0.843392 0.537298 0
    outer loop
      vertex -7.86386 5.50633 33.6
      vertex -8.31384 4.8 31.4
      vertex -8.31384 4.8 33.6
    endloop
  endfacet
  facet normal 0.537298 -0.843392 0
    outer loop
      vertex 4.8 -8.31384 31.4
      vertex 5.50633 -7.86386 33.6
      vertex 4.8 -8.31384 33.6
    endloop
  endfacet
  facet normal 0.537298 -0.843392 0
    outer loop
      vertex 5.50633 -7.86386 33.6
      vertex 4.8 -8.31384 31.4
      vertex 5.50633 -7.86386 31.4
    endloop
  endfacet
  facet normal -0.675598 0.73727 0
    outer loop
      vertex -6.17076 7.35403 31.4
      vertex -6.78822 6.78822 33.6
      vertex -6.17076 7.35403 33.6
    endloop
  endfacet
  facet normal -0.675598 0.73727 0
    outer loop
      vertex -6.78822 6.78822 33.6
      vertex -6.17076 7.35403 31.4
      vertex -6.78822 6.78822 31.4
    endloop
  endfacet
  facet normal 0.887013 -0.461745 0
    outer loop
      vertex 8.31384 -4.8 33.6
      vertex 8.70055 -4.05713 31.4
      vertex 8.70055 -4.05713 33.6
    endloop
  endfacet
  facet normal 0.887013 -0.461745 0
    outer loop
      vertex 8.70055 -4.05713 31.4
      vertex 8.31384 -4.8 33.6
      vertex 8.31384 -4.8 31.4
    endloop
  endfacet
  facet normal -0.675598 -0.73727 0
    outer loop
      vertex -6.78822 -6.78822 31.4
      vertex -6.17076 -7.35403 33.6
      vertex -6.78822 -6.78822 33.6
    endloop
  endfacet
  facet normal -0.675598 -0.73727 -0
    outer loop
      vertex -6.17076 -7.35403 33.6
      vertex -6.78822 -6.78822 31.4
      vertex -6.17076 -7.35403 31.4
    endloop
  endfacet
  facet normal 0.953716 -0.300707 0
    outer loop
      vertex 9.02105 -3.28339 33.6
      vertex 9.27289 -2.48466 31.4
      vertex 9.27289 -2.48466 33.6
    endloop
  endfacet
  facet normal 0.953716 -0.300707 0
    outer loop
      vertex 9.27289 -2.48466 31.4
      vertex 9.02105 -3.28339 33.6
      vertex 9.02105 -3.28339 31.4
    endloop
  endfacet
  facet normal 0.793356 -0.608758 0
    outer loop
      vertex 7.35403 -6.17076 33.6
      vertex 7.86386 -5.50633 31.4
      vertex 7.86386 -5.50633 33.6
    endloop
  endfacet
  facet normal 0.793356 -0.608758 0
    outer loop
      vertex 7.86386 -5.50633 31.4
      vertex 7.35403 -6.17076 33.6
      vertex 7.35403 -6.17076 31.4
    endloop
  endfacet
  facet normal 0.0436183 -0.999048 0
    outer loop
      vertex 0 -9.6 31.4
      vertex 0.836695 -9.56347 33.6
      vertex 0 -9.6 33.6
    endloop
  endfacet
  facet normal 0.0436183 -0.999048 0
    outer loop
      vertex 0.836695 -9.56347 33.6
      vertex 0 -9.6 31.4
      vertex 0.836695 -9.56347 31.4
    endloop
  endfacet
  facet normal -0.216432 0.976298 0
    outer loop
      vertex -1.66702 9.45415 31.4
      vertex -2.48466 9.27289 33.6
      vertex -1.66702 9.45415 33.6
    endloop
  endfacet
  facet normal -0.216432 0.976298 0
    outer loop
      vertex -2.48466 9.27289 33.6
      vertex -1.66702 9.45415 31.4
      vertex -2.48466 9.27289 31.4
    endloop
  endfacet
  facet normal 0.216432 0.976298 -0
    outer loop
      vertex 2.48466 9.27289 31.4
      vertex 1.66702 9.45415 33.6
      vertex 2.48466 9.27289 33.6
    endloop
  endfacet
  facet normal 0.216432 0.976298 0
    outer loop
      vertex 1.66702 9.45415 33.6
      vertex 2.48466 9.27289 31.4
      vertex 1.66702 9.45415 31.4
    endloop
  endfacet
  facet normal 0.991444 -0.130533 0
    outer loop
      vertex 9.45415 -1.66702 33.6
      vertex 9.56347 -0.836695 31.4
      vertex 9.56347 -0.836695 33.6
    endloop
  endfacet
  facet normal 0.991444 -0.130533 0
    outer loop
      vertex 9.56347 -0.836695 31.4
      vertex 9.45415 -1.66702 33.6
      vertex 9.45415 -1.66702 31.4
    endloop
  endfacet
  facet normal -0.887013 0.461745 0
    outer loop
      vertex -8.70055 4.05713 31.4
      vertex -8.31384 4.8 33.6
      vertex -8.31384 4.8 31.4
    endloop
  endfacet
  facet normal -0.887013 0.461745 0
    outer loop
      vertex -8.31384 4.8 33.6
      vertex -8.70055 4.05713 31.4
      vertex -8.70055 4.05713 33.6
    endloop
  endfacet
  facet normal 0.461745 0.887013 -0
    outer loop
      vertex 4.8 8.31384 31.4
      vertex 4.05713 8.70055 33.6
      vertex 4.8 8.31384 33.6
    endloop
  endfacet
  facet normal 0.461745 0.887013 0
    outer loop
      vertex 4.05713 8.70055 33.6
      vertex 4.8 8.31384 31.4
      vertex 4.05713 8.70055 31.4
    endloop
  endfacet
  facet normal 0.537298 0.843392 -0
    outer loop
      vertex 5.50633 7.86386 31.4
      vertex 4.8 8.31384 33.6
      vertex 5.50633 7.86386 33.6
    endloop
  endfacet
  facet normal 0.537298 0.843392 0
    outer loop
      vertex 4.8 8.31384 33.6
      vertex 5.50633 7.86386 31.4
      vertex 4.8 8.31384 31.4
    endloop
  endfacet
  facet normal 0.461745 -0.887013 0
    outer loop
      vertex 4.05713 -8.70055 31.4
      vertex 4.8 -8.31384 33.6
      vertex 4.05713 -8.70055 33.6
    endloop
  endfacet
  facet normal 0.461745 -0.887013 0
    outer loop
      vertex 4.8 -8.31384 33.6
      vertex 4.05713 -8.70055 31.4
      vertex 4.8 -8.31384 31.4
    endloop
  endfacet
  facet normal -0.0436183 -0.999048 0
    outer loop
      vertex -0.836695 -9.56347 31.4
      vertex 0 -9.6 33.6
      vertex -0.836695 -9.56347 33.6
    endloop
  endfacet
  facet normal -0.0436183 -0.999048 -0
    outer loop
      vertex 0 -9.6 33.6
      vertex -0.836695 -9.56347 31.4
      vertex 0 -9.6 31.4
    endloop
  endfacet
  facet normal 0.887013 0.461745 0
    outer loop
      vertex 8.70055 4.05713 33.6
      vertex 8.31384 4.8 31.4
      vertex 8.31384 4.8 33.6
    endloop
  endfacet
  facet normal 0.887013 0.461745 0
    outer loop
      vertex 8.31384 4.8 31.4
      vertex 8.70055 4.05713 33.6
      vertex 8.70055 4.05713 31.4
    endloop
  endfacet
  facet normal 0.38269 -0.923877 0
    outer loop
      vertex 3.28339 -9.02105 31.4
      vertex 4.05713 -8.70055 33.6
      vertex 3.28339 -9.02105 33.6
    endloop
  endfacet
  facet normal 0.38269 -0.923877 0
    outer loop
      vertex 4.05713 -8.70055 33.6
      vertex 3.28339 -9.02105 31.4
      vertex 4.05713 -8.70055 31.4
    endloop
  endfacet
  facet normal 0.843392 0.537298 0
    outer loop
      vertex 8.31384 4.8 33.6
      vertex 7.86386 5.50633 31.4
      vertex 7.86386 5.50633 33.6
    endloop
  endfacet
  facet normal 0.843392 0.537298 0
    outer loop
      vertex 7.86386 5.50633 31.4
      vertex 8.31384 4.8 33.6
      vertex 8.31384 4.8 31.4
    endloop
  endfacet
  facet normal -0.73727 0.675598 0
    outer loop
      vertex -7.35403 6.17076 31.4
      vertex -6.78822 6.78822 33.6
      vertex -6.78822 6.78822 31.4
    endloop
  endfacet
  facet normal -0.73727 0.675598 0
    outer loop
      vertex -6.78822 6.78822 33.6
      vertex -7.35403 6.17076 31.4
      vertex -7.35403 6.17076 33.6
    endloop
  endfacet
  facet normal -0.537298 -0.843392 0
    outer loop
      vertex -5.50633 -7.86386 31.4
      vertex -4.8 -8.31384 33.6
      vertex -5.50633 -7.86386 33.6
    endloop
  endfacet
  facet normal -0.537298 -0.843392 -0
    outer loop
      vertex -4.8 -8.31384 33.6
      vertex -5.50633 -7.86386 31.4
      vertex -4.8 -8.31384 31.4
    endloop
  endfacet
  facet normal -0.843392 -0.537298 0
    outer loop
      vertex -7.86386 -5.50633 31.4
      vertex -8.31384 -4.8 33.6
      vertex -8.31384 -4.8 31.4
    endloop
  endfacet
  facet normal -0.843392 -0.537298 0
    outer loop
      vertex -8.31384 -4.8 33.6
      vertex -7.86386 -5.50633 31.4
      vertex -7.86386 -5.50633 33.6
    endloop
  endfacet
  facet normal -0.608758 -0.793356 0
    outer loop
      vertex -6.17076 -7.35403 31.4
      vertex -5.50633 -7.86386 33.6
      vertex -6.17076 -7.35403 33.6
    endloop
  endfacet
  facet normal -0.608758 -0.793356 -0
    outer loop
      vertex -5.50633 -7.86386 33.6
      vertex -6.17076 -7.35403 31.4
      vertex -5.50633 -7.86386 31.4
    endloop
  endfacet
  facet normal -0.461745 0.887013 0
    outer loop
      vertex -4.05713 8.70055 31.4
      vertex -4.8 8.31384 33.6
      vertex -4.05713 8.70055 33.6
    endloop
  endfacet
  facet normal -0.461745 0.887013 0
    outer loop
      vertex -4.8 8.31384 33.6
      vertex -4.05713 8.70055 31.4
      vertex -4.8 8.31384 31.4
    endloop
  endfacet
  facet normal 0.130533 -0.991444 0
    outer loop
      vertex 0.836695 -9.56347 31.4
      vertex 1.66702 -9.45415 33.6
      vertex 0.836695 -9.56347 33.6
    endloop
  endfacet
  facet normal 0.130533 -0.991444 0
    outer loop
      vertex 1.66702 -9.45415 33.6
      vertex 0.836695 -9.56347 31.4
      vertex 1.66702 -9.45415 31.4
    endloop
  endfacet
  facet normal -0.130533 0.991444 0
    outer loop
      vertex -0.836695 9.56347 31.4
      vertex -1.66702 9.45415 33.6
      vertex -0.836695 9.56347 33.6
    endloop
  endfacet
  facet normal -0.130533 0.991444 0
    outer loop
      vertex -1.66702 9.45415 33.6
      vertex -0.836695 9.56347 31.4
      vertex -1.66702 9.45415 31.4
    endloop
  endfacet
  facet normal -0.0436183 0.999048 0
    outer loop
      vertex 0 9.6 31.4
      vertex -0.836695 9.56347 33.6
      vertex 0 9.6 33.6
    endloop
  endfacet
  facet normal -0.0436183 0.999048 0
    outer loop
      vertex -0.836695 9.56347 33.6
      vertex 0 9.6 31.4
      vertex -0.836695 9.56347 31.4
    endloop
  endfacet
  facet normal 0.130533 0.991444 -0
    outer loop
      vertex 1.66702 9.45415 31.4
      vertex 0.836695 9.56347 33.6
      vertex 1.66702 9.45415 33.6
    endloop
  endfacet
  facet normal 0.130533 0.991444 0
    outer loop
      vertex 0.836695 9.56347 33.6
      vertex 1.66702 9.45415 31.4
      vertex 0.836695 9.56347 31.4
    endloop
  endfacet
  facet normal 0.300707 -0.953716 0
    outer loop
      vertex 2.48466 -9.27289 31.4
      vertex 3.28339 -9.02105 33.6
      vertex 2.48466 -9.27289 33.6
    endloop
  endfacet
  facet normal 0.300707 -0.953716 0
    outer loop
      vertex 3.28339 -9.02105 33.6
      vertex 2.48466 -9.27289 31.4
      vertex 3.28339 -9.02105 31.4
    endloop
  endfacet
  facet normal -0.793356 -0.608758 0
    outer loop
      vertex -7.35403 -6.17076 31.4
      vertex -7.86386 -5.50633 33.6
      vertex -7.86386 -5.50633 31.4
    endloop
  endfacet
  facet normal -0.793356 -0.608758 0
    outer loop
      vertex -7.86386 -5.50633 33.6
      vertex -7.35403 -6.17076 31.4
      vertex -7.35403 -6.17076 33.6
    endloop
  endfacet
  facet normal 0.675598 -0.73727 0
    outer loop
      vertex 6.17076 -7.35403 31.4
      vertex 6.78822 -6.78822 33.6
      vertex 6.17076 -7.35403 33.6
    endloop
  endfacet
  facet normal 0.675598 -0.73727 0
    outer loop
      vertex 6.78822 -6.78822 33.6
      vertex 6.17076 -7.35403 31.4
      vertex 6.78822 -6.78822 31.4
    endloop
  endfacet
  facet normal -0.608758 0.793356 0
    outer loop
      vertex -5.50633 7.86386 31.4
      vertex -6.17076 7.35403 33.6
      vertex -5.50633 7.86386 33.6
    endloop
  endfacet
  facet normal -0.608758 0.793356 0
    outer loop
      vertex -6.17076 7.35403 33.6
      vertex -5.50633 7.86386 31.4
      vertex -6.17076 7.35403 31.4
    endloop
  endfacet
  facet normal -0.999048 -0.0436183 0
    outer loop
      vertex -9.56347 -0.836695 31.4
      vertex -9.6 0 33.6
      vertex -9.6 0 31.4
    endloop
  endfacet
  facet normal -0.999048 -0.0436183 0
    outer loop
      vertex -9.6 0 33.6
      vertex -9.56347 -0.836695 31.4
      vertex -9.56347 -0.836695 33.6
    endloop
  endfacet
  facet normal -0.130533 -0.991444 0
    outer loop
      vertex -1.66702 -9.45415 31.4
      vertex -0.836695 -9.56347 33.6
      vertex -1.66702 -9.45415 33.6
    endloop
  endfacet
  facet normal -0.130533 -0.991444 -0
    outer loop
      vertex -0.836695 -9.56347 33.6
      vertex -1.66702 -9.45415 31.4
      vertex -0.836695 -9.56347 31.4
    endloop
  endfacet
  facet normal 0.300707 0.953716 -0
    outer loop
      vertex 3.28339 9.02105 31.4
      vertex 2.48466 9.27289 33.6
      vertex 3.28339 9.02105 33.6
    endloop
  endfacet
  facet normal 0.300707 0.953716 0
    outer loop
      vertex 2.48466 9.27289 33.6
      vertex 3.28339 9.02105 31.4
      vertex 2.48466 9.27289 31.4
    endloop
  endfacet
  facet normal 0.73727 0.675598 0
    outer loop
      vertex 7.35403 6.17076 33.6
      vertex 6.78822 6.78822 31.4
      vertex 6.78822 6.78822 33.6
    endloop
  endfacet
  facet normal 0.73727 0.675598 0
    outer loop
      vertex 6.78822 6.78822 31.4
      vertex 7.35403 6.17076 33.6
      vertex 7.35403 6.17076 31.4
    endloop
  endfacet
  facet normal 0.675598 0.73727 -0
    outer loop
      vertex 6.78822 6.78822 31.4
      vertex 6.17076 7.35403 33.6
      vertex 6.78822 6.78822 33.6
    endloop
  endfacet
  facet normal 0.675598 0.73727 0
    outer loop
      vertex 6.17076 7.35403 33.6
      vertex 6.78822 6.78822 31.4
      vertex 6.17076 7.35403 31.4
    endloop
  endfacet
  facet normal 0.976298 0.216432 0
    outer loop
      vertex 9.45415 1.66702 33.6
      vertex 9.27289 2.48466 31.4
      vertex 9.27289 2.48466 33.6
    endloop
  endfacet
  facet normal 0.976298 0.216432 0
    outer loop
      vertex 9.27289 2.48466 31.4
      vertex 9.45415 1.66702 33.6
      vertex 9.45415 1.66702 31.4
    endloop
  endfacet
  facet normal -0.976298 0.216432 0
    outer loop
      vertex -9.45415 1.66702 31.4
      vertex -9.27289 2.48466 33.6
      vertex -9.27289 2.48466 31.4
    endloop
  endfacet
  facet normal -0.976298 0.216432 0
    outer loop
      vertex -9.27289 2.48466 33.6
      vertex -9.45415 1.66702 31.4
      vertex -9.45415 1.66702 33.6
    endloop
  endfacet
  facet normal -0.73727 -0.675598 0
    outer loop
      vertex -6.78822 -6.78822 31.4
      vertex -7.35403 -6.17076 33.6
      vertex -7.35403 -6.17076 31.4
    endloop
  endfacet
  facet normal -0.73727 -0.675598 0
    outer loop
      vertex -7.35403 -6.17076 33.6
      vertex -6.78822 -6.78822 31.4
      vertex -6.78822 -6.78822 33.6
    endloop
  endfacet
  facet normal -0.461745 -0.887013 0
    outer loop
      vertex -4.8 -8.31384 31.4
      vertex -4.05713 -8.70055 33.6
      vertex -4.8 -8.31384 33.6
    endloop
  endfacet
  facet normal -0.461745 -0.887013 -0
    outer loop
      vertex -4.05713 -8.70055 33.6
      vertex -4.8 -8.31384 31.4
      vertex -4.05713 -8.70055 31.4
    endloop
  endfacet
  facet normal -0.38269 -0.923877 0
    outer loop
      vertex -4.05713 -8.70055 31.4
      vertex -3.28339 -9.02105 33.6
      vertex -4.05713 -8.70055 33.6
    endloop
  endfacet
  facet normal -0.38269 -0.923877 -0
    outer loop
      vertex -3.28339 -9.02105 33.6
      vertex -4.05713 -8.70055 31.4
      vertex -3.28339 -9.02105 31.4
    endloop
  endfacet
  facet normal -0.991444 -0.130533 0
    outer loop
      vertex -9.45415 -1.66702 31.4
      vertex -9.56347 -0.836695 33.6
      vertex -9.56347 -0.836695 31.4
    endloop
  endfacet
  facet normal -0.991444 -0.130533 0
    outer loop
      vertex -9.56347 -0.836695 33.6
      vertex -9.45415 -1.66702 31.4
      vertex -9.45415 -1.66702 33.6
    endloop
  endfacet
  facet normal -0.953716 -0.300707 0
    outer loop
      vertex -9.02105 -3.28339 31.4
      vertex -9.27289 -2.48466 33.6
      vertex -9.27289 -2.48466 31.4
    endloop
  endfacet
  facet normal -0.953716 -0.300707 0
    outer loop
      vertex -9.27289 -2.48466 33.6
      vertex -9.02105 -3.28339 31.4
      vertex -9.02105 -3.28339 33.6
    endloop
  endfacet
  facet normal -0.923877 0.38269 0
    outer loop
      vertex -9.02105 3.28339 31.4
      vertex -8.70055 4.05713 33.6
      vertex -8.70055 4.05713 31.4
    endloop
  endfacet
  facet normal -0.923877 0.38269 0
    outer loop
      vertex -8.70055 4.05713 33.6
      vertex -9.02105 3.28339 31.4
      vertex -9.02105 3.28339 33.6
    endloop
  endfacet
  facet normal -0.923877 -0.38269 0
    outer loop
      vertex -8.70055 -4.05713 31.4
      vertex -9.02105 -3.28339 33.6
      vertex -9.02105 -3.28339 31.4
    endloop
  endfacet
  facet normal -0.923877 -0.38269 0
    outer loop
      vertex -9.02105 -3.28339 33.6
      vertex -8.70055 -4.05713 31.4
      vertex -8.70055 -4.05713 33.6
    endloop
  endfacet
  facet normal -0.887013 -0.461745 0
    outer loop
      vertex -8.31384 -4.8 31.4
      vertex -8.70055 -4.05713 33.6
      vertex -8.70055 -4.05713 31.4
    endloop
  endfacet
  facet normal -0.887013 -0.461745 0
    outer loop
      vertex -8.70055 -4.05713 33.6
      vertex -8.31384 -4.8 31.4
      vertex -8.31384 -4.8 33.6
    endloop
  endfacet
  facet normal 0 0 1
    outer loop
      vertex 9.6 0 48.4
      vertex 11 0 48.4
      vertex 10.9581 0.958713 48.4
    endloop
  endfacet
  facet normal 0 0 1
    outer loop
      vertex 9.56347 0.836695 48.4
      vertex 10.9581 0.958713 48.4
      vertex 10.8329 1.91013 48.4
    endloop
  endfacet
  facet normal 0 0 1
    outer loop
      vertex 11 0 48.4
      vertex 9.6 0 48.4
      vertex 10.9581 -0.958713 48.4
    endloop
  endfacet
  facet normal 0 0 1
    outer loop
      vertex 9.45415 1.66702 48.4
      vertex 10.8329 1.91013 48.4
      vertex 10.6252 2.84701 48.4
    endloop
  endfacet
  facet normal -0 0 1
    outer loop
      vertex 9.56347 -0.836695 48.4
      vertex 10.9581 -0.958713 48.4
      vertex 9.6 0 48.4
    endloop
  endfacet
  facet normal 0 0 1
    outer loop
      vertex 9.27289 2.48466 48.4
      vertex 10.6252 2.84701 48.4
      vertex 10.3366 3.76222 48.4
    endloop
  endfacet
  facet normal 0 0 1
    outer loop
      vertex 10.9581 -0.958713 48.4
      vertex 9.56347 -0.836695 48.4
      vertex 10.8329 -1.91013 48.4
    endloop
  endfacet
  facet normal 0 0 1
    outer loop
      vertex 9.02105 3.28339 48.4
      vertex 10.3366 3.76222 48.4
      vertex 9.96939 4.6488 48.4
    endloop
  endfacet
  facet normal -0 0 1
    outer loop
      vertex 9.45415 -1.66702 48.4
      vertex 10.8329 -1.91013 48.4
      vertex 9.56347 -0.836695 48.4
    endloop
  endfacet
  facet normal 0 0 1
    outer loop
      vertex 10.8329 -1.91013 48.4
      vertex 9.45415 -1.66702 48.4
      vertex 10.6252 -2.84701 48.4
    endloop
  endfacet
  facet normal 0 0 1
    outer loop
      vertex 10.9581 0.958713 48.4
      vertex 9.56347 0.836695 48.4
      vertex 9.6 0 48.4
    endloop
  endfacet
  facet normal 0 0 1
    outer loop
      vertex 8.70055 4.05713 48.4
      vertex 9.96939 4.6488 48.4
      vertex 9.52628 5.5 48.4
    endloop
  endfacet
  facet normal 0 0 1
    outer loop
      vertex 10.8329 1.91013 48.4
      vertex 9.45415 1.66702 48.4
      vertex 9.56347 0.836695 48.4
    endloop
  endfacet
  facet normal 0 0 1
    outer loop
      vertex 10.6252 2.84701 48.4
      vertex 9.27289 2.48466 48.4
      vertex 9.45415 1.66702 48.4
    endloop
  endfacet
  facet normal 0 0 1
    outer loop
      vertex 10.3366 3.76222 48.4
      vertex 9.02105 3.28339 48.4
      vertex 9.27289 2.48466 48.4
    endloop
  endfacet
  facet normal 0 0 1
    outer loop
      vertex 8.31384 4.8 48.4
      vertex 9.52628 5.5 48.4
      vertex 9.01067 6.30934 48.4
    endloop
  endfacet
  facet normal 0 0 1
    outer loop
      vertex 9.96939 4.6488 48.4
      vertex 8.70055 4.05713 48.4
      vertex 9.02105 3.28339 48.4
    endloop
  endfacet
  facet normal 0 0 1
    outer loop
      vertex 7.86386 5.50633 48.4
      vertex 9.01067 6.30934 48.4
      vertex 8.42649 7.07066 48.4
    endloop
  endfacet
  facet normal 0 0 1
    outer loop
      vertex 9.52628 5.5 48.4
      vertex 8.31384 4.8 48.4
      vertex 8.70055 4.05713 48.4
    endloop
  endfacet
  facet normal 0 0 1
    outer loop
      vertex 9.01067 6.30934 48.4
      vertex 7.86386 5.50633 48.4
      vertex 8.31384 4.8 48.4
    endloop
  endfacet
  facet normal 0 0 1
    outer loop
      vertex 7.35403 6.17076 48.4
      vertex 8.42649 7.07066 48.4
      vertex 7.77817 7.77817 48.4
    endloop
  endfacet
  facet normal 0 0 1
    outer loop
      vertex 8.42649 7.07066 48.4
      vertex 7.35403 6.17076 48.4
      vertex 7.86386 5.50633 48.4
    endloop
  endfacet
  facet normal 0 0 1
    outer loop
      vertex 6.78822 6.78822 48.4
      vertex 7.77817 7.77817 48.4
      vertex 7.07066 8.42649 48.4
    endloop
  endfacet
  facet normal 0 0 1
    outer loop
      vertex 7.77817 7.77817 48.4
      vertex 6.78822 6.78822 48.4
      vertex 7.35403 6.17076 48.4
    endloop
  endfacet
  facet normal 0 0 1
    outer loop
      vertex 6.17076 7.35403 48.4
      vertex 7.07066 8.42649 48.4
      vertex 6.30934 9.01067 48.4
    endloop
  endfacet
  facet normal 0 0 1
    outer loop
      vertex 7.07066 8.42649 48.4
      vertex 6.17076 7.35403 48.4
      vertex 6.78822 6.78822 48.4
    endloop
  endfacet
  facet normal 0 0 1
    outer loop
      vertex 6.30934 9.01067 48.4
      vertex 5.50633 7.86386 48.4
      vertex 6.17076 7.35403 48.4
    endloop
  endfacet
  facet normal 0 0 1
    outer loop
      vertex 5.5 9.52628 48.4
      vertex 5.50633 7.86386 48.4
      vertex 6.30934 9.01067 48.4
    endloop
  endfacet
  facet normal 0 0 1
    outer loop
      vertex 5.5 9.52628 48.4
      vertex 4.8 8.31384 48.4
      vertex 5.50633 7.86386 48.4
    endloop
  endfacet
  facet normal 0 0 1
    outer loop
      vertex 4.6488 9.96939 48.4
      vertex 4.8 8.31384 48.4
      vertex 5.5 9.52628 48.4
    endloop
  endfacet
  facet normal 0 0 1
    outer loop
      vertex 4.6488 9.96939 48.4
      vertex 4.05713 8.70055 48.4
      vertex 4.8 8.31384 48.4
    endloop
  endfacet
  facet normal 0 0 1
    outer loop
      vertex 3.76222 10.3366 48.4
      vertex 4.05713 8.70055 48.4
      vertex 4.6488 9.96939 48.4
    endloop
  endfacet
  facet normal 0 0 1
    outer loop
      vertex 3.76222 10.3366 48.4
      vertex 3.28339 9.02105 48.4
      vertex 4.05713 8.70055 48.4
    endloop
  endfacet
  facet normal 0 0 1
    outer loop
      vertex 2.84701 10.6252 48.4
      vertex 3.28339 9.02105 48.4
      vertex 3.76222 10.3366 48.4
    endloop
  endfacet
  facet normal 0 0 1
    outer loop
      vertex 2.84701 10.6252 48.4
      vertex 2.48466 9.27289 48.4
      vertex 3.28339 9.02105 48.4
    endloop
  endfacet
  facet normal 0 0 1
    outer loop
      vertex 1.91013 10.8329 48.4
      vertex 2.48466 9.27289 48.4
      vertex 2.84701 10.6252 48.4
    endloop
  endfacet
  facet normal 0 0 1
    outer loop
      vertex 1.91013 10.8329 48.4
      vertex 1.66702 9.45415 48.4
      vertex 2.48466 9.27289 48.4
    endloop
  endfacet
  facet normal 0 0 1
    outer loop
      vertex 0.958713 10.9581 48.4
      vertex 1.66702 9.45415 48.4
      vertex 1.91013 10.8329 48.4
    endloop
  endfacet
  facet normal 0 0 1
    outer loop
      vertex 0.958713 10.9581 48.4
      vertex 0.836695 9.56347 48.4
      vertex 1.66702 9.45415 48.4
    endloop
  endfacet
  facet normal 0 0 1
    outer loop
      vertex 0 11 48.4
      vertex 0.836695 9.56347 48.4
      vertex 0.958713 10.9581 48.4
    endloop
  endfacet
  facet normal 0 0 1
    outer loop
      vertex 0 11 48.4
      vertex 0 9.6 48.4
      vertex 0.836695 9.56347 48.4
    endloop
  endfacet
  facet normal 0 0 1
    outer loop
      vertex 0 11 48.4
      vertex -0.836695 9.56347 48.4
      vertex 0 9.6 48.4
    endloop
  endfacet
  facet normal -0 0 1
    outer loop
      vertex -0.958713 10.9581 48.4
      vertex -0.836695 9.56347 48.4
      vertex 0 11 48.4
    endloop
  endfacet
  facet normal 0 0 1
    outer loop
      vertex -0.958713 10.9581 48.4
      vertex -1.66702 9.45415 48.4
      vertex -0.836695 9.56347 48.4
    endloop
  endfacet
  facet normal -0 0 1
    outer loop
      vertex -1.91013 10.8329 48.4
      vertex -1.66702 9.45415 48.4
      vertex -0.958713 10.9581 48.4
    endloop
  endfacet
  facet normal 0 0 1
    outer loop
      vertex -1.91013 10.8329 48.4
      vertex -2.48466 9.27289 48.4
      vertex -1.66702 9.45415 48.4
    endloop
  endfacet
  facet normal -0 0 1
    outer loop
      vertex -2.84701 10.6252 48.4
      vertex -2.48466 9.27289 48.4
      vertex -1.91013 10.8329 48.4
    endloop
  endfacet
  facet normal 0 0 1
    outer loop
      vertex -2.84701 10.6252 48.4
      vertex -3.28339 9.02105 48.4
      vertex -2.48466 9.27289 48.4
    endloop
  endfacet
  facet normal -0 0 1
    outer loop
      vertex -3.76222 10.3366 48.4
      vertex -3.28339 9.02105 48.4
      vertex -2.84701 10.6252 48.4
    endloop
  endfacet
  facet normal 0 0 1
    outer loop
      vertex -3.76222 10.3366 48.4
      vertex -4.05713 8.70055 48.4
      vertex -3.28339 9.02105 48.4
    endloop
  endfacet
  facet normal -0 0 1
    outer loop
      vertex -4.6488 9.96939 48.4
      vertex -4.05713 8.70055 48.4
      vertex -3.76222 10.3366 48.4
    endloop
  endfacet
  facet normal 0 0 1
    outer loop
      vertex -4.6488 9.96939 48.4
      vertex -4.8 8.31384 48.4
      vertex -4.05713 8.70055 48.4
    endloop
  endfacet
  facet normal -0 0 1
    outer loop
      vertex -5.5 9.52628 48.4
      vertex -4.8 8.31384 48.4
      vertex -4.6488 9.96939 48.4
    endloop
  endfacet
  facet normal 0 0 1
    outer loop
      vertex -5.5 9.52628 48.4
      vertex -5.50633 7.86386 48.4
      vertex -4.8 8.31384 48.4
    endloop
  endfacet
  facet normal -0 0 1
    outer loop
      vertex -6.30934 9.01067 48.4
      vertex -5.50633 7.86386 48.4
      vertex -5.5 9.52628 48.4
    endloop
  endfacet
  facet normal 0 0 1
    outer loop
      vertex -5.50633 7.86386 48.4
      vertex -6.30934 9.01067 48.4
      vertex -6.17076 7.35403 48.4
    endloop
  endfacet
  facet normal -0 0 1
    outer loop
      vertex -7.07066 8.42649 48.4
      vertex -6.17076 7.35403 48.4
      vertex -6.30934 9.01067 48.4
    endloop
  endfacet
  facet normal 0 0 1
    outer loop
      vertex -6.17076 7.35403 48.4
      vertex -7.07066 8.42649 48.4
      vertex -6.78822 6.78822 48.4
    endloop
  endfacet
  facet normal -0 0 1
    outer loop
      vertex -7.77817 7.77817 48.4
      vertex -6.78822 6.78822 48.4
      vertex -7.07066 8.42649 48.4
    endloop
  endfacet
  facet normal 0 0 1
    outer loop
      vertex -6.78822 6.78822 48.4
      vertex -7.77817 7.77817 48.4
      vertex -7.35403 6.17076 48.4
    endloop
  endfacet
  facet normal -0 0 1
    outer loop
      vertex -8.42649 7.07066 48.4
      vertex -7.35403 6.17076 48.4
      vertex -7.77817 7.77817 48.4
    endloop
  endfacet
  facet normal 0 0 1
    outer loop
      vertex -7.35403 6.17076 48.4
      vertex -8.42649 7.07066 48.4
      vertex -7.86386 5.50633 48.4
    endloop
  endfacet
  facet normal -0 0 1
    outer loop
      vertex -9.01067 6.30934 48.4
      vertex -7.86386 5.50633 48.4
      vertex -8.42649 7.07066 48.4
    endloop
  endfacet
  facet normal 0 0 1
    outer loop
      vertex -7.86386 5.50633 48.4
      vertex -9.01067 6.30934 48.4
      vertex -8.31384 4.8 48.4
    endloop
  endfacet
  facet normal -0 0 1
    outer loop
      vertex -9.52628 5.5 48.4
      vertex -8.31384 4.8 48.4
      vertex -9.01067 6.30934 48.4
    endloop
  endfacet
  facet normal 0 0 1
    outer loop
      vertex -8.31384 4.8 48.4
      vertex -9.52628 5.5 48.4
      vertex -8.70055 4.05713 48.4
    endloop
  endfacet
  facet normal -0 0 1
    outer loop
      vertex -9.96939 4.6488 48.4
      vertex -8.70055 4.05713 48.4
      vertex -9.52628 5.5 48.4
    endloop
  endfacet
  facet normal 0 0 1
    outer loop
      vertex -8.70055 4.05713 48.4
      vertex -9.96939 4.6488 48.4
      vertex -9.02105 3.28339 48.4
    endloop
  endfacet
  facet normal -0 0 1
    outer loop
      vertex -10.3366 3.76222 48.4
      vertex -9.02105 3.28339 48.4
      vertex -9.96939 4.6488 48.4
    endloop
  endfacet
  facet normal 0 0 1
    outer loop
      vertex -9.02105 3.28339 48.4
      vertex -10.3366 3.76222 48.4
      vertex -9.27289 2.48466 48.4
    endloop
  endfacet
  facet normal -0 0 1
    outer loop
      vertex -10.6252 2.84701 48.4
      vertex -9.27289 2.48466 48.4
      vertex -10.3366 3.76222 48.4
    endloop
  endfacet
  facet normal 0 0 1
    outer loop
      vertex -9.27289 2.48466 48.4
      vertex -10.6252 2.84701 48.4
      vertex -9.45415 1.66702 48.4
    endloop
  endfacet
  facet normal -0 0 1
    outer loop
      vertex 9.27289 -2.48466 48.4
      vertex 10.6252 -2.84701 48.4
      vertex 9.45415 -1.66702 48.4
    endloop
  endfacet
  facet normal 0 0 1
    outer loop
      vertex 10.6252 -2.84701 48.4
      vertex 9.27289 -2.48466 48.4
      vertex 10.3366 -3.76222 48.4
    endloop
  endfacet
  facet normal -0 0 1
    outer loop
      vertex 9.02105 -3.28339 48.4
      vertex 10.3366 -3.76222 48.4
      vertex 9.27289 -2.48466 48.4
    endloop
  endfacet
  facet normal 0 0 1
    outer loop
      vertex 10.3366 -3.76222 48.4
      vertex 9.02105 -3.28339 48.4
      vertex 9.96939 -4.6488 48.4
    endloop
  endfacet
  facet normal -0 0 1
    outer loop
      vertex 8.70055 -4.05713 48.4
      vertex 9.96939 -4.6488 48.4
      vertex 9.02105 -3.28339 48.4
    endloop
  endfacet
  facet normal 0 0 1
    outer loop
      vertex 9.96939 -4.6488 48.4
      vertex 8.70055 -4.05713 48.4
      vertex 9.52628 -5.5 48.4
    endloop
  endfacet
  facet normal -0 0 1
    outer loop
      vertex 8.31384 -4.8 48.4
      vertex 9.52628 -5.5 48.4
      vertex 8.70055 -4.05713 48.4
    endloop
  endfacet
  facet normal 0 0 1
    outer loop
      vertex 9.52628 -5.5 48.4
      vertex 8.31384 -4.8 48.4
      vertex 9.01067 -6.30934 48.4
    endloop
  endfacet
  facet normal -0 0 1
    outer loop
      vertex 7.86386 -5.50633 48.4
      vertex 9.01067 -6.30934 48.4
      vertex 8.31384 -4.8 48.4
    endloop
  endfacet
  facet normal 0 0 1
    outer loop
      vertex 9.01067 -6.30934 48.4
      vertex 7.86386 -5.50633 48.4
      vertex 8.42649 -7.07066 48.4
    endloop
  endfacet
  facet normal -0 0 1
    outer loop
      vertex 7.35403 -6.17076 48.4
      vertex 8.42649 -7.07066 48.4
      vertex 7.86386 -5.50633 48.4
    endloop
  endfacet
  facet normal 0 0 1
    outer loop
      vertex 8.42649 -7.07066 48.4
      vertex 7.35403 -6.17076 48.4
      vertex 7.77817 -7.77817 48.4
    endloop
  endfacet
  facet normal -0 0 1
    outer loop
      vertex 6.78822 -6.78822 48.4
      vertex 7.77817 -7.77817 48.4
      vertex 7.35403 -6.17076 48.4
    endloop
  endfacet
  facet normal 0 0 1
    outer loop
      vertex 7.77817 -7.77817 48.4
      vertex 6.78822 -6.78822 48.4
      vertex 7.07066 -8.42649 48.4
    endloop
  endfacet
  facet normal -0 0 1
    outer loop
      vertex 6.17076 -7.35403 48.4
      vertex 7.07066 -8.42649 48.4
      vertex 6.78822 -6.78822 48.4
    endloop
  endfacet
  facet normal 0 0 1
    outer loop
      vertex 7.07066 -8.42649 48.4
      vertex 6.17076 -7.35403 48.4
      vertex 6.30934 -9.01067 48.4
    endloop
  endfacet
  facet normal -0 0 1
    outer loop
      vertex 5.50633 -7.86386 48.4
      vertex 6.30934 -9.01067 48.4
      vertex 6.17076 -7.35403 48.4
    endloop
  endfacet
  facet normal 0 0 1
    outer loop
      vertex 5.50633 -7.86386 48.4
      vertex 5.5 -9.52628 48.4
      vertex 6.30934 -9.01067 48.4
    endloop
  endfacet
  facet normal -0 0 1
    outer loop
      vertex 4.8 -8.31384 48.4
      vertex 5.5 -9.52628 48.4
      vertex 5.50633 -7.86386 48.4
    endloop
  endfacet
  facet normal 0 0 1
    outer loop
      vertex 4.8 -8.31384 48.4
      vertex 4.6488 -9.96939 48.4
      vertex 5.5 -9.52628 48.4
    endloop
  endfacet
  facet normal -0 0 1
    outer loop
      vertex 4.05713 -8.70055 48.4
      vertex 4.6488 -9.96939 48.4
      vertex 4.8 -8.31384 48.4
    endloop
  endfacet
  facet normal 0 0 1
    outer loop
      vertex 4.05713 -8.70055 48.4
      vertex 3.76222 -10.3366 48.4
      vertex 4.6488 -9.96939 48.4
    endloop
  endfacet
  facet normal -0 0 1
    outer loop
      vertex 3.28339 -9.02105 48.4
      vertex 3.76222 -10.3366 48.4
      vertex 4.05713 -8.70055 48.4
    endloop
  endfacet
  facet normal 0 0 1
    outer loop
      vertex 3.28339 -9.02105 48.4
      vertex 2.84701 -10.6252 48.4
      vertex 3.76222 -10.3366 48.4
    endloop
  endfacet
  facet normal -0 0 1
    outer loop
      vertex 2.48466 -9.27289 48.4
      vertex 2.84701 -10.6252 48.4
      vertex 3.28339 -9.02105 48.4
    endloop
  endfacet
  facet normal 0 0 1
    outer loop
      vertex 2.48466 -9.27289 48.4
      vertex 1.91013 -10.8329 48.4
      vertex 2.84701 -10.6252 48.4
    endloop
  endfacet
  facet normal -0 0 1
    outer loop
      vertex 1.66702 -9.45415 48.4
      vertex 1.91013 -10.8329 48.4
      vertex 2.48466 -9.27289 48.4
    endloop
  endfacet
  facet normal 0 0 1
    outer loop
      vertex 1.66702 -9.45415 48.4
      vertex 0.958713 -10.9581 48.4
      vertex 1.91013 -10.8329 48.4
    endloop
  endfacet
  facet normal -0 0 1
    outer loop
      vertex 0.836695 -9.56347 48.4
      vertex 0.958713 -10.9581 48.4
      vertex 1.66702 -9.45415 48.4
    endloop
  endfacet
  facet normal -0 0 1
    outer loop
      vertex 0 -9.6 48.4
      vertex 0.958713 -10.9581 48.4
      vertex 0.836695 -9.56347 48.4
    endloop
  endfacet
  facet normal 0 0 1
    outer loop
      vertex 0 -9.6 48.4
      vertex 0 -11 48.4
      vertex 0.958713 -10.9581 48.4
    endloop
  endfacet
  facet normal 0 0 1
    outer loop
      vertex -0.836695 -9.56347 48.4
      vertex 0 -11 48.4
      vertex 0 -9.6 48.4
    endloop
  endfacet
  facet normal 0 0 1
    outer loop
      vertex -0.836695 -9.56347 48.4
      vertex -0.958713 -10.9581 48.4
      vertex 0 -11 48.4
    endloop
  endfacet
  facet normal 0 0 1
    outer loop
      vertex -1.66702 -9.45415 48.4
      vertex -0.958713 -10.9581 48.4
      vertex -0.836695 -9.56347 48.4
    endloop
  endfacet
  facet normal 0 0 1
    outer loop
      vertex -1.66702 -9.45415 48.4
      vertex -1.91013 -10.8329 48.4
      vertex -0.958713 -10.9581 48.4
    endloop
  endfacet
  facet normal 0 0 1
    outer loop
      vertex -2.48466 -9.27289 48.4
      vertex -1.91013 -10.8329 48.4
      vertex -1.66702 -9.45415 48.4
    endloop
  endfacet
  facet normal 0 0 1
    outer loop
      vertex -2.48466 -9.27289 48.4
      vertex -2.84701 -10.6252 48.4
      vertex -1.91013 -10.8329 48.4
    endloop
  endfacet
  facet normal 0 0 1
    outer loop
      vertex -3.28339 -9.02105 48.4
      vertex -2.84701 -10.6252 48.4
      vertex -2.48466 -9.27289 48.4
    endloop
  endfacet
  facet normal 0 0 1
    outer loop
      vertex -3.28339 -9.02105 48.4
      vertex -3.76222 -10.3366 48.4
      vertex -2.84701 -10.6252 48.4
    endloop
  endfacet
  facet normal 0 0 1
    outer loop
      vertex -4.05713 -8.70055 48.4
      vertex -3.76222 -10.3366 48.4
      vertex -3.28339 -9.02105 48.4
    endloop
  endfacet
  facet normal 0 0 1
    outer loop
      vertex -4.05713 -8.70055 48.4
      vertex -4.6488 -9.96939 48.4
      vertex -3.76222 -10.3366 48.4
    endloop
  endfacet
  facet normal 0 0 1
    outer loop
      vertex -4.8 -8.31384 48.4
      vertex -4.6488 -9.96939 48.4
      vertex -4.05713 -8.70055 48.4
    endloop
  endfacet
  facet normal 0 0 1
    outer loop
      vertex -4.8 -8.31384 48.4
      vertex -5.5 -9.52628 48.4
      vertex -4.6488 -9.96939 48.4
    endloop
  endfacet
  facet normal 0 0 1
    outer loop
      vertex -5.50633 -7.86386 48.4
      vertex -5.5 -9.52628 48.4
      vertex -4.8 -8.31384 48.4
    endloop
  endfacet
  facet normal 0 0 1
    outer loop
      vertex -6.30934 -9.01067 48.4
      vertex -5.50633 -7.86386 48.4
      vertex -6.17076 -7.35403 48.4
    endloop
  endfacet
  facet normal 0 0 1
    outer loop
      vertex -5.50633 -7.86386 48.4
      vertex -6.30934 -9.01067 48.4
      vertex -5.5 -9.52628 48.4
    endloop
  endfacet
  facet normal 0 0 1
    outer loop
      vertex -7.07066 -8.42649 48.4
      vertex -6.17076 -7.35403 48.4
      vertex -6.78822 -6.78822 48.4
    endloop
  endfacet
  facet normal 0 0 1
    outer loop
      vertex -6.17076 -7.35403 48.4
      vertex -7.07066 -8.42649 48.4
      vertex -6.30934 -9.01067 48.4
    endloop
  endfacet
  facet normal 0 0 1
    outer loop
      vertex -7.77817 -7.77817 48.4
      vertex -6.78822 -6.78822 48.4
      vertex -7.35403 -6.17076 48.4
    endloop
  endfacet
  facet normal 0 0 1
    outer loop
      vertex -6.78822 -6.78822 48.4
      vertex -7.77817 -7.77817 48.4
      vertex -7.07066 -8.42649 48.4
    endloop
  endfacet
  facet normal 0 0 1
    outer loop
      vertex -8.42649 -7.07066 48.4
      vertex -7.35403 -6.17076 48.4
      vertex -7.86386 -5.50633 48.4
    endloop
  endfacet
  facet normal 0 0 1
    outer loop
      vertex -9.01067 -6.30934 48.4
      vertex -7.86386 -5.50633 48.4
      vertex -8.31384 -4.8 48.4
    endloop
  endfacet
  facet normal 0 0 1
    outer loop
      vertex -7.35403 -6.17076 48.4
      vertex -8.42649 -7.07066 48.4
      vertex -7.77817 -7.77817 48.4
    endloop
  endfacet
  facet normal 0 0 1
    outer loop
      vertex -9.52628 -5.5 48.4
      vertex -8.31384 -4.8 48.4
      vertex -8.70055 -4.05713 48.4
    endloop
  endfacet
  facet normal 0 0 1
    outer loop
      vertex -7.86386 -5.50633 48.4
      vertex -9.01067 -6.30934 48.4
      vertex -8.42649 -7.07066 48.4
    endloop
  endfacet
  facet normal 0 0 1
    outer loop
      vertex -9.96939 -4.6488 48.4
      vertex -8.70055 -4.05713 48.4
      vertex -9.02105 -3.28339 48.4
    endloop
  endfacet
  facet normal 0 0 1
    outer loop
      vertex -10.3366 -3.76222 48.4
      vertex -9.02105 -3.28339 48.4
      vertex -9.27289 -2.48466 48.4
    endloop
  endfacet
  facet normal 0 0 1
    outer loop
      vertex -10.6252 -2.84701 48.4
      vertex -9.27289 -2.48466 48.4
      vertex -9.45415 -1.66702 48.4
    endloop
  endfacet
  facet normal 0 0 1
    outer loop
      vertex -8.31384 -4.8 48.4
      vertex -9.52628 -5.5 48.4
      vertex -9.01067 -6.30934 48.4
    endloop
  endfacet
  facet normal 0 0 1
    outer loop
      vertex -10.8329 -1.91013 48.4
      vertex -9.45415 -1.66702 48.4
      vertex -9.56347 -0.836695 48.4
    endloop
  endfacet
  facet normal 0 0 1
    outer loop
      vertex -10.9581 -0.958713 48.4
      vertex -9.56347 -0.836695 48.4
      vertex -9.6 0 48.4
    endloop
  endfacet
  facet normal -0 0 1
    outer loop
      vertex -10.8329 1.91013 48.4
      vertex -9.45415 1.66702 48.4
      vertex -10.6252 2.84701 48.4
    endloop
  endfacet
  facet normal 0 0 1
    outer loop
      vertex -8.70055 -4.05713 48.4
      vertex -9.96939 -4.6488 48.4
      vertex -9.52628 -5.5 48.4
    endloop
  endfacet
  facet normal 0 0 1
    outer loop
      vertex -9.45415 1.66702 48.4
      vertex -10.8329 1.91013 48.4
      vertex -9.56347 0.836695 48.4
    endloop
  endfacet
  facet normal 0 0 1
    outer loop
      vertex -9.02105 -3.28339 48.4
      vertex -10.3366 -3.76222 48.4
      vertex -9.96939 -4.6488 48.4
    endloop
  endfacet
  facet normal -0 0 1
    outer loop
      vertex -10.9581 0.958713 48.4
      vertex -9.56347 0.836695 48.4
      vertex -10.8329 1.91013 48.4
    endloop
  endfacet
  facet normal 0 0 1
    outer loop
      vertex -9.27289 -2.48466 48.4
      vertex -10.6252 -2.84701 48.4
      vertex -10.3366 -3.76222 48.4
    endloop
  endfacet
  facet normal 0 0 1
    outer loop
      vertex -9.56347 0.836695 48.4
      vertex -10.9581 0.958713 48.4
      vertex -9.6 0 48.4
    endloop
  endfacet
  facet normal 0 0 1
    outer loop
      vertex -9.45415 -1.66702 48.4
      vertex -10.8329 -1.91013 48.4
      vertex -10.6252 -2.84701 48.4
    endloop
  endfacet
  facet normal 0 0 1
    outer loop
      vertex -11 0 48.4
      vertex -9.6 0 48.4
      vertex -10.9581 0.958713 48.4
    endloop
  endfacet
  facet normal 0 0 1
    outer loop
      vertex -9.56347 -0.836695 48.4
      vertex -10.9581 -0.958713 48.4
      vertex -10.8329 -1.91013 48.4
    endloop
  endfacet
  facet normal 0 0 1
    outer loop
      vertex -9.6 0 48.4
      vertex -11 0 48.4
      vertex -10.9581 -0.958713 48.4
    endloop
  endfacet
  facet normal 0 0 -1
    outer loop
      vertex 9.6 0 50.6
      vertex 11 0 50.6
      vertex 10.9581 -0.958713 50.6
    endloop
  endfacet
  facet normal 0 0 -1
    outer loop
      vertex 9.56347 -0.836695 50.6
      vertex 10.9581 -0.958713 50.6
      vertex 10.8329 -1.91013 50.6
    endloop
  endfacet
  facet normal 0 0 -1
    outer loop
      vertex 11 0 50.6
      vertex 9.6 0 50.6
      vertex 10.9581 0.958713 50.6
    endloop
  endfacet
  facet normal 0 0 -1
    outer loop
      vertex 9.45415 -1.66702 50.6
      vertex 10.8329 -1.91013 50.6
      vertex 10.6252 -2.84701 50.6
    endloop
  endfacet
  facet normal 0 0 -1
    outer loop
      vertex 9.56347 0.836695 50.6
      vertex 10.9581 0.958713 50.6
      vertex 9.6 0 50.6
    endloop
  endfacet
  facet normal 0 0 -1
    outer loop
      vertex 9.27289 -2.48466 50.6
      vertex 10.6252 -2.84701 50.6
      vertex 10.3366 -3.76222 50.6
    endloop
  endfacet
  facet normal -0 0 -1
    outer loop
      vertex 10.9581 0.958713 50.6
      vertex 9.56347 0.836695 50.6
      vertex 10.8329 1.91013 50.6
    endloop
  endfacet
  facet normal 0 0 -1
    outer loop
      vertex 9.02105 -3.28339 50.6
      vertex 10.3366 -3.76222 50.6
      vertex 9.96939 -4.6488 50.6
    endloop
  endfacet
  facet normal 0 0 -1
    outer loop
      vertex 9.45415 1.66702 50.6
      vertex 10.8329 1.91013 50.6
      vertex 9.56347 0.836695 50.6
    endloop
  endfacet
  facet normal -0 0 -1
    outer loop
      vertex 10.8329 1.91013 50.6
      vertex 9.45415 1.66702 50.6
      vertex 10.6252 2.84701 50.6
    endloop
  endfacet
  facet normal 0 0 -1
    outer loop
      vertex 10.9581 -0.958713 50.6
      vertex 9.56347 -0.836695 50.6
      vertex 9.6 0 50.6
    endloop
  endfacet
  facet normal 0 0 -1
    outer loop
      vertex 8.70055 -4.05713 50.6
      vertex 9.96939 -4.6488 50.6
      vertex 9.52628 -5.5 50.6
    endloop
  endfacet
  facet normal 0 0 -1
    outer loop
      vertex 10.8329 -1.91013 50.6
      vertex 9.45415 -1.66702 50.6
      vertex 9.56347 -0.836695 50.6
    endloop
  endfacet
  facet normal 0 0 -1
    outer loop
      vertex 10.6252 -2.84701 50.6
      vertex 9.27289 -2.48466 50.6
      vertex 9.45415 -1.66702 50.6
    endloop
  endfacet
  facet normal 0 0 -1
    outer loop
      vertex 10.3366 -3.76222 50.6
      vertex 9.02105 -3.28339 50.6
      vertex 9.27289 -2.48466 50.6
    endloop
  endfacet
  facet normal 0 0 -1
    outer loop
      vertex 8.31384 -4.8 50.6
      vertex 9.52628 -5.5 50.6
      vertex 9.01067 -6.30934 50.6
    endloop
  endfacet
  facet normal 0 0 -1
    outer loop
      vertex 9.96939 -4.6488 50.6
      vertex 8.70055 -4.05713 50.6
      vertex 9.02105 -3.28339 50.6
    endloop
  endfacet
  facet normal 0 0 -1
    outer loop
      vertex 7.86386 -5.50633 50.6
      vertex 9.01067 -6.30934 50.6
      vertex 8.42649 -7.07066 50.6
    endloop
  endfacet
  facet normal 0 0 -1
    outer loop
      vertex 9.52628 -5.5 50.6
      vertex 8.31384 -4.8 50.6
      vertex 8.70055 -4.05713 50.6
    endloop
  endfacet
  facet normal 0 0 -1
    outer loop
      vertex 9.01067 -6.30934 50.6
      vertex 7.86386 -5.50633 50.6
      vertex 8.31384 -4.8 50.6
    endloop
  endfacet
  facet normal 0 0 -1
    outer loop
      vertex 7.35403 -6.17076 50.6
      vertex 8.42649 -7.07066 50.6
      vertex 7.77817 -7.77817 50.6
    endloop
  endfacet
  facet normal 0 0 -1
    outer loop
      vertex 8.42649 -7.07066 50.6
      vertex 7.35403 -6.17076 50.6
      vertex 7.86386 -5.50633 50.6
    endloop
  endfacet
  facet normal 0 0 -1
    outer loop
      vertex 6.78822 -6.78822 50.6
      vertex 7.77817 -7.77817 50.6
      vertex 7.07066 -8.42649 50.6
    endloop
  endfacet
  facet normal 0 0 -1
    outer loop
      vertex 7.77817 -7.77817 50.6
      vertex 6.78822 -6.78822 50.6
      vertex 7.35403 -6.17076 50.6
    endloop
  endfacet
  facet normal 0 0 -1
    outer loop
      vertex 6.17076 -7.35403 50.6
      vertex 7.07066 -8.42649 50.6
      vertex 6.30934 -9.01067 50.6
    endloop
  endfacet
  facet normal 0 0 -1
    outer loop
      vertex 7.07066 -8.42649 50.6
      vertex 6.17076 -7.35403 50.6
      vertex 6.78822 -6.78822 50.6
    endloop
  endfacet
  facet normal 0 0 -1
    outer loop
      vertex 6.30934 -9.01067 50.6
      vertex 5.50633 -7.86386 50.6
      vertex 6.17076 -7.35403 50.6
    endloop
  endfacet
  facet normal 0 0 -1
    outer loop
      vertex 5.5 -9.52628 50.6
      vertex 5.50633 -7.86386 50.6
      vertex 6.30934 -9.01067 50.6
    endloop
  endfacet
  facet normal 0 0 -1
    outer loop
      vertex 5.5 -9.52628 50.6
      vertex 4.8 -8.31384 50.6
      vertex 5.50633 -7.86386 50.6
    endloop
  endfacet
  facet normal 0 0 -1
    outer loop
      vertex 4.6488 -9.96939 50.6
      vertex 4.8 -8.31384 50.6
      vertex 5.5 -9.52628 50.6
    endloop
  endfacet
  facet normal 0 0 -1
    outer loop
      vertex 4.6488 -9.96939 50.6
      vertex 4.05713 -8.70055 50.6
      vertex 4.8 -8.31384 50.6
    endloop
  endfacet
  facet normal 0 0 -1
    outer loop
      vertex 3.76222 -10.3366 50.6
      vertex 4.05713 -8.70055 50.6
      vertex 4.6488 -9.96939 50.6
    endloop
  endfacet
  facet normal 0 0 -1
    outer loop
      vertex 3.76222 -10.3366 50.6
      vertex 3.28339 -9.02105 50.6
      vertex 4.05713 -8.70055 50.6
    endloop
  endfacet
  facet normal 0 0 -1
    outer loop
      vertex 2.84701 -10.6252 50.6
      vertex 3.28339 -9.02105 50.6
      vertex 3.76222 -10.3366 50.6
    endloop
  endfacet
  facet normal 0 0 -1
    outer loop
      vertex 2.84701 -10.6252 50.6
      vertex 2.48466 -9.27289 50.6
      vertex 3.28339 -9.02105 50.6
    endloop
  endfacet
  facet normal 0 0 -1
    outer loop
      vertex 1.91013 -10.8329 50.6
      vertex 2.48466 -9.27289 50.6
      vertex 2.84701 -10.6252 50.6
    endloop
  endfacet
  facet normal 0 0 -1
    outer loop
      vertex 1.91013 -10.8329 50.6
      vertex 1.66702 -9.45415 50.6
      vertex 2.48466 -9.27289 50.6
    endloop
  endfacet
  facet normal 0 0 -1
    outer loop
      vertex 0.958713 -10.9581 50.6
      vertex 1.66702 -9.45415 50.6
      vertex 1.91013 -10.8329 50.6
    endloop
  endfacet
  facet normal 0 0 -1
    outer loop
      vertex 0.958713 -10.9581 50.6
      vertex 0.836695 -9.56347 50.6
      vertex 1.66702 -9.45415 50.6
    endloop
  endfacet
  facet normal 0 0 -1
    outer loop
      vertex 0 -11 50.6
      vertex 0.836695 -9.56347 50.6
      vertex 0.958713 -10.9581 50.6
    endloop
  endfacet
  facet normal 0 0 -1
    outer loop
      vertex 0 -11 50.6
      vertex 0 -9.6 50.6
      vertex 0.836695 -9.56347 50.6
    endloop
  endfacet
  facet normal 0 0 -1
    outer loop
      vertex 0 -11 50.6
      vertex -0.836695 -9.56347 50.6
      vertex 0 -9.6 50.6
    endloop
  endfacet
  facet normal 0 0 -1
    outer loop
      vertex -0.958713 -10.9581 50.6
      vertex -0.836695 -9.56347 50.6
      vertex 0 -11 50.6
    endloop
  endfacet
  facet normal 0 0 -1
    outer loop
      vertex -0.958713 -10.9581 50.6
      vertex -1.66702 -9.45415 50.6
      vertex -0.836695 -9.56347 50.6
    endloop
  endfacet
  facet normal 0 0 -1
    outer loop
      vertex -1.91013 -10.8329 50.6
      vertex -1.66702 -9.45415 50.6
      vertex -0.958713 -10.9581 50.6
    endloop
  endfacet
  facet normal 0 0 -1
    outer loop
      vertex -1.91013 -10.8329 50.6
      vertex -2.48466 -9.27289 50.6
      vertex -1.66702 -9.45415 50.6
    endloop
  endfacet
  facet normal 0 0 -1
    outer loop
      vertex -2.84701 -10.6252 50.6
      vertex -2.48466 -9.27289 50.6
      vertex -1.91013 -10.8329 50.6
    endloop
  endfacet
  facet normal 0 0 -1
    outer loop
      vertex -2.84701 -10.6252 50.6
      vertex -3.28339 -9.02105 50.6
      vertex -2.48466 -9.27289 50.6
    endloop
  endfacet
  facet normal 0 0 -1
    outer loop
      vertex -3.76222 -10.3366 50.6
      vertex -3.28339 -9.02105 50.6
      vertex -2.84701 -10.6252 50.6
    endloop
  endfacet
  facet normal 0 0 -1
    outer loop
      vertex -3.76222 -10.3366 50.6
      vertex -4.05713 -8.70055 50.6
      vertex -3.28339 -9.02105 50.6
    endloop
  endfacet
  facet normal 0 0 -1
    outer loop
      vertex -4.6488 -9.96939 50.6
      vertex -4.05713 -8.70055 50.6
      vertex -3.76222 -10.3366 50.6
    endloop
  endfacet
  facet normal 0 0 -1
    outer loop
      vertex -4.6488 -9.96939 50.6
      vertex -4.8 -8.31384 50.6
      vertex -4.05713 -8.70055 50.6
    endloop
  endfacet
  facet normal 0 0 -1
    outer loop
      vertex -5.5 -9.52628 50.6
      vertex -4.8 -8.31384 50.6
      vertex -4.6488 -9.96939 50.6
    endloop
  endfacet
  facet normal 0 0 -1
    outer loop
      vertex -5.5 -9.52628 50.6
      vertex -5.50633 -7.86386 50.6
      vertex -4.8 -8.31384 50.6
    endloop
  endfacet
  facet normal 0 0 -1
    outer loop
      vertex -6.30934 -9.01067 50.6
      vertex -5.50633 -7.86386 50.6
      vertex -5.5 -9.52628 50.6
    endloop
  endfacet
  facet normal -0 0 -1
    outer loop
      vertex -5.50633 -7.86386 50.6
      vertex -6.30934 -9.01067 50.6
      vertex -6.17076 -7.35403 50.6
    endloop
  endfacet
  facet normal 0 0 -1
    outer loop
      vertex -7.07066 -8.42649 50.6
      vertex -6.17076 -7.35403 50.6
      vertex -6.30934 -9.01067 50.6
    endloop
  endfacet
  facet normal -0 0 -1
    outer loop
      vertex -6.17076 -7.35403 50.6
      vertex -7.07066 -8.42649 50.6
      vertex -6.78822 -6.78822 50.6
    endloop
  endfacet
  facet normal 0 0 -1
    outer loop
      vertex -7.77817 -7.77817 50.6
      vertex -6.78822 -6.78822 50.6
      vertex -7.07066 -8.42649 50.6
    endloop
  endfacet
  facet normal -0 0 -1
    outer loop
      vertex -6.78822 -6.78822 50.6
      vertex -7.77817 -7.77817 50.6
      vertex -7.35403 -6.17076 50.6
    endloop
  endfacet
  facet normal 0 0 -1
    outer loop
      vertex -8.42649 -7.07066 50.6
      vertex -7.35403 -6.17076 50.6
      vertex -7.77817 -7.77817 50.6
    endloop
  endfacet
  facet normal -0 0 -1
    outer loop
      vertex -7.35403 -6.17076 50.6
      vertex -8.42649 -7.07066 50.6
      vertex -7.86386 -5.50633 50.6
    endloop
  endfacet
  facet normal 0 0 -1
    outer loop
      vertex -9.01067 -6.30934 50.6
      vertex -7.86386 -5.50633 50.6
      vertex -8.42649 -7.07066 50.6
    endloop
  endfacet
  facet normal -0 0 -1
    outer loop
      vertex -7.86386 -5.50633 50.6
      vertex -9.01067 -6.30934 50.6
      vertex -8.31384 -4.8 50.6
    endloop
  endfacet
  facet normal 0 0 -1
    outer loop
      vertex -9.52628 -5.5 50.6
      vertex -8.31384 -4.8 50.6
      vertex -9.01067 -6.30934 50.6
    endloop
  endfacet
  facet normal -0 0 -1
    outer loop
      vertex -8.31384 -4.8 50.6
      vertex -9.52628 -5.5 50.6
      vertex -8.70055 -4.05713 50.6
    endloop
  endfacet
  facet normal 0 0 -1
    outer loop
      vertex -9.96939 -4.6488 50.6
      vertex -8.70055 -4.05713 50.6
      vertex -9.52628 -5.5 50.6
    endloop
  endfacet
  facet normal -0 0 -1
    outer loop
      vertex -8.70055 -4.05713 50.6
      vertex -9.96939 -4.6488 50.6
      vertex -9.02105 -3.28339 50.6
    endloop
  endfacet
  facet normal 0 0 -1
    outer loop
      vertex -10.3366 -3.76222 50.6
      vertex -9.02105 -3.28339 50.6
      vertex -9.96939 -4.6488 50.6
    endloop
  endfacet
  facet normal -0 0 -1
    outer loop
      vertex -9.02105 -3.28339 50.6
      vertex -10.3366 -3.76222 50.6
      vertex -9.27289 -2.48466 50.6
    endloop
  endfacet
  facet normal 0 0 -1
    outer loop
      vertex -10.6252 -2.84701 50.6
      vertex -9.27289 -2.48466 50.6
      vertex -10.3366 -3.76222 50.6
    endloop
  endfacet
  facet normal -0 0 -1
    outer loop
      vertex -9.27289 -2.48466 50.6
      vertex -10.6252 -2.84701 50.6
      vertex -9.45415 -1.66702 50.6
    endloop
  endfacet
  facet normal 0 0 -1
    outer loop
      vertex 9.27289 2.48466 50.6
      vertex 10.6252 2.84701 50.6
      vertex 9.45415 1.66702 50.6
    endloop
  endfacet
  facet normal -0 0 -1
    outer loop
      vertex 10.6252 2.84701 50.6
      vertex 9.27289 2.48466 50.6
      vertex 10.3366 3.76222 50.6
    endloop
  endfacet
  facet normal 0 0 -1
    outer loop
      vertex 9.02105 3.28339 50.6
      vertex 10.3366 3.76222 50.6
      vertex 9.27289 2.48466 50.6
    endloop
  endfacet
  facet normal -0 0 -1
    outer loop
      vertex 10.3366 3.76222 50.6
      vertex 9.02105 3.28339 50.6
      vertex 9.96939 4.6488 50.6
    endloop
  endfacet
  facet normal 0 0 -1
    outer loop
      vertex 8.70055 4.05713 50.6
      vertex 9.96939 4.6488 50.6
      vertex 9.02105 3.28339 50.6
    endloop
  endfacet
  facet normal -0 0 -1
    outer loop
      vertex 9.96939 4.6488 50.6
      vertex 8.70055 4.05713 50.6
      vertex 9.52628 5.5 50.6
    endloop
  endfacet
  facet normal 0 0 -1
    outer loop
      vertex 8.31384 4.8 50.6
      vertex 9.52628 5.5 50.6
      vertex 8.70055 4.05713 50.6
    endloop
  endfacet
  facet normal -0 0 -1
    outer loop
      vertex 9.52628 5.5 50.6
      vertex 8.31384 4.8 50.6
      vertex 9.01067 6.30934 50.6
    endloop
  endfacet
  facet normal 0 0 -1
    outer loop
      vertex 7.86386 5.50633 50.6
      vertex 9.01067 6.30934 50.6
      vertex 8.31384 4.8 50.6
    endloop
  endfacet
  facet normal -0 0 -1
    outer loop
      vertex 9.01067 6.30934 50.6
      vertex 7.86386 5.50633 50.6
      vertex 8.42649 7.07066 50.6
    endloop
  endfacet
  facet normal 0 0 -1
    outer loop
      vertex 7.35403 6.17076 50.6
      vertex 8.42649 7.07066 50.6
      vertex 7.86386 5.50633 50.6
    endloop
  endfacet
  facet normal -0 0 -1
    outer loop
      vertex 8.42649 7.07066 50.6
      vertex 7.35403 6.17076 50.6
      vertex 7.77817 7.77817 50.6
    endloop
  endfacet
  facet normal 0 0 -1
    outer loop
      vertex 6.78822 6.78822 50.6
      vertex 7.77817 7.77817 50.6
      vertex 7.35403 6.17076 50.6
    endloop
  endfacet
  facet normal -0 0 -1
    outer loop
      vertex 7.77817 7.77817 50.6
      vertex 6.78822 6.78822 50.6
      vertex 7.07066 8.42649 50.6
    endloop
  endfacet
  facet normal 0 0 -1
    outer loop
      vertex 6.17076 7.35403 50.6
      vertex 7.07066 8.42649 50.6
      vertex 6.78822 6.78822 50.6
    endloop
  endfacet
  facet normal -0 0 -1
    outer loop
      vertex 7.07066 8.42649 50.6
      vertex 6.17076 7.35403 50.6
      vertex 6.30934 9.01067 50.6
    endloop
  endfacet
  facet normal 0 0 -1
    outer loop
      vertex 5.50633 7.86386 50.6
      vertex 6.30934 9.01067 50.6
      vertex 6.17076 7.35403 50.6
    endloop
  endfacet
  facet normal 0 0 -1
    outer loop
      vertex 5.50633 7.86386 50.6
      vertex 5.5 9.52628 50.6
      vertex 6.30934 9.01067 50.6
    endloop
  endfacet
  facet normal 0 0 -1
    outer loop
      vertex 4.8 8.31384 50.6
      vertex 5.5 9.52628 50.6
      vertex 5.50633 7.86386 50.6
    endloop
  endfacet
  facet normal 0 0 -1
    outer loop
      vertex 4.8 8.31384 50.6
      vertex 4.6488 9.96939 50.6
      vertex 5.5 9.52628 50.6
    endloop
  endfacet
  facet normal 0 0 -1
    outer loop
      vertex 4.05713 8.70055 50.6
      vertex 4.6488 9.96939 50.6
      vertex 4.8 8.31384 50.6
    endloop
  endfacet
  facet normal 0 0 -1
    outer loop
      vertex 4.05713 8.70055 50.6
      vertex 3.76222 10.3366 50.6
      vertex 4.6488 9.96939 50.6
    endloop
  endfacet
  facet normal 0 0 -1
    outer loop
      vertex 3.28339 9.02105 50.6
      vertex 3.76222 10.3366 50.6
      vertex 4.05713 8.70055 50.6
    endloop
  endfacet
  facet normal 0 0 -1
    outer loop
      vertex 3.28339 9.02105 50.6
      vertex 2.84701 10.6252 50.6
      vertex 3.76222 10.3366 50.6
    endloop
  endfacet
  facet normal 0 0 -1
    outer loop
      vertex 2.48466 9.27289 50.6
      vertex 2.84701 10.6252 50.6
      vertex 3.28339 9.02105 50.6
    endloop
  endfacet
  facet normal 0 0 -1
    outer loop
      vertex 2.48466 9.27289 50.6
      vertex 1.91013 10.8329 50.6
      vertex 2.84701 10.6252 50.6
    endloop
  endfacet
  facet normal 0 0 -1
    outer loop
      vertex 1.66702 9.45415 50.6
      vertex 1.91013 10.8329 50.6
      vertex 2.48466 9.27289 50.6
    endloop
  endfacet
  facet normal 0 0 -1
    outer loop
      vertex 1.66702 9.45415 50.6
      vertex 0.958713 10.9581 50.6
      vertex 1.91013 10.8329 50.6
    endloop
  endfacet
  facet normal 0 0 -1
    outer loop
      vertex 0.836695 9.56347 50.6
      vertex 0.958713 10.9581 50.6
      vertex 1.66702 9.45415 50.6
    endloop
  endfacet
  facet normal 0 0 -1
    outer loop
      vertex 0 9.6 50.6
      vertex 0.958713 10.9581 50.6
      vertex 0.836695 9.56347 50.6
    endloop
  endfacet
  facet normal 0 0 -1
    outer loop
      vertex 0 9.6 50.6
      vertex 0 11 50.6
      vertex 0.958713 10.9581 50.6
    endloop
  endfacet
  facet normal 0 0 -1
    outer loop
      vertex -0.836695 9.56347 50.6
      vertex 0 11 50.6
      vertex 0 9.6 50.6
    endloop
  endfacet
  facet normal 0 0 -1
    outer loop
      vertex -0.836695 9.56347 50.6
      vertex -0.958713 10.9581 50.6
      vertex 0 11 50.6
    endloop
  endfacet
  facet normal 0 0 -1
    outer loop
      vertex -1.66702 9.45415 50.6
      vertex -0.958713 10.9581 50.6
      vertex -0.836695 9.56347 50.6
    endloop
  endfacet
  facet normal 0 0 -1
    outer loop
      vertex -1.66702 9.45415 50.6
      vertex -1.91013 10.8329 50.6
      vertex -0.958713 10.9581 50.6
    endloop
  endfacet
  facet normal 0 0 -1
    outer loop
      vertex -2.48466 9.27289 50.6
      vertex -1.91013 10.8329 50.6
      vertex -1.66702 9.45415 50.6
    endloop
  endfacet
  facet normal 0 0 -1
    outer loop
      vertex -2.48466 9.27289 50.6
      vertex -2.84701 10.6252 50.6
      vertex -1.91013 10.8329 50.6
    endloop
  endfacet
  facet normal 0 0 -1
    outer loop
      vertex -3.28339 9.02105 50.6
      vertex -2.84701 10.6252 50.6
      vertex -2.48466 9.27289 50.6
    endloop
  endfacet
  facet normal 0 0 -1
    outer loop
      vertex -3.28339 9.02105 50.6
      vertex -3.76222 10.3366 50.6
      vertex -2.84701 10.6252 50.6
    endloop
  endfacet
  facet normal 0 0 -1
    outer loop
      vertex -4.05713 8.70055 50.6
      vertex -3.76222 10.3366 50.6
      vertex -3.28339 9.02105 50.6
    endloop
  endfacet
  facet normal 0 0 -1
    outer loop
      vertex -4.05713 8.70055 50.6
      vertex -4.6488 9.96939 50.6
      vertex -3.76222 10.3366 50.6
    endloop
  endfacet
  facet normal 0 0 -1
    outer loop
      vertex -4.8 8.31384 50.6
      vertex -4.6488 9.96939 50.6
      vertex -4.05713 8.70055 50.6
    endloop
  endfacet
  facet normal 0 0 -1
    outer loop
      vertex -4.8 8.31384 50.6
      vertex -5.5 9.52628 50.6
      vertex -4.6488 9.96939 50.6
    endloop
  endfacet
  facet normal 0 0 -1
    outer loop
      vertex -5.50633 7.86386 50.6
      vertex -5.5 9.52628 50.6
      vertex -4.8 8.31384 50.6
    endloop
  endfacet
  facet normal 0 0 -1
    outer loop
      vertex -6.30934 9.01067 50.6
      vertex -5.50633 7.86386 50.6
      vertex -6.17076 7.35403 50.6
    endloop
  endfacet
  facet normal 0 0 -1
    outer loop
      vertex -5.50633 7.86386 50.6
      vertex -6.30934 9.01067 50.6
      vertex -5.5 9.52628 50.6
    endloop
  endfacet
  facet normal 0 0 -1
    outer loop
      vertex -7.07066 8.42649 50.6
      vertex -6.17076 7.35403 50.6
      vertex -6.78822 6.78822 50.6
    endloop
  endfacet
  facet normal 0 0 -1
    outer loop
      vertex -6.17076 7.35403 50.6
      vertex -7.07066 8.42649 50.6
      vertex -6.30934 9.01067 50.6
    endloop
  endfacet
  facet normal 0 0 -1
    outer loop
      vertex -7.77817 7.77817 50.6
      vertex -6.78822 6.78822 50.6
      vertex -7.35403 6.17076 50.6
    endloop
  endfacet
  facet normal 0 0 -1
    outer loop
      vertex -6.78822 6.78822 50.6
      vertex -7.77817 7.77817 50.6
      vertex -7.07066 8.42649 50.6
    endloop
  endfacet
  facet normal 0 0 -1
    outer loop
      vertex -8.42649 7.07066 50.6
      vertex -7.35403 6.17076 50.6
      vertex -7.86386 5.50633 50.6
    endloop
  endfacet
  facet normal 0 0 -1
    outer loop
      vertex -9.01067 6.30934 50.6
      vertex -7.86386 5.50633 50.6
      vertex -8.31384 4.8 50.6
    endloop
  endfacet
  facet normal 0 0 -1
    outer loop
      vertex -7.35403 6.17076 50.6
      vertex -8.42649 7.07066 50.6
      vertex -7.77817 7.77817 50.6
    endloop
  endfacet
  facet normal 0 0 -1
    outer loop
      vertex -9.52628 5.5 50.6
      vertex -8.31384 4.8 50.6
      vertex -8.70055 4.05713 50.6
    endloop
  endfacet
  facet normal 0 0 -1
    outer loop
      vertex -7.86386 5.50633 50.6
      vertex -9.01067 6.30934 50.6
      vertex -8.42649 7.07066 50.6
    endloop
  endfacet
  facet normal 0 0 -1
    outer loop
      vertex -9.96939 4.6488 50.6
      vertex -8.70055 4.05713 50.6
      vertex -9.02105 3.28339 50.6
    endloop
  endfacet
  facet normal 0 0 -1
    outer loop
      vertex -10.3366 3.76222 50.6
      vertex -9.02105 3.28339 50.6
      vertex -9.27289 2.48466 50.6
    endloop
  endfacet
  facet normal 0 0 -1
    outer loop
      vertex -10.6252 2.84701 50.6
      vertex -9.27289 2.48466 50.6
      vertex -9.45415 1.66702 50.6
    endloop
  endfacet
  facet normal 0 0 -1
    outer loop
      vertex -8.31384 4.8 50.6
      vertex -9.52628 5.5 50.6
      vertex -9.01067 6.30934 50.6
    endloop
  endfacet
  facet normal 0 0 -1
    outer loop
      vertex -10.8329 1.91013 50.6
      vertex -9.45415 1.66702 50.6
      vertex -9.56347 0.836695 50.6
    endloop
  endfacet
  facet normal 0 0 -1
    outer loop
      vertex -10.9581 0.958713 50.6
      vertex -9.56347 0.836695 50.6
      vertex -9.6 0 50.6
    endloop
  endfacet
  facet normal 0 0 -1
    outer loop
      vertex -10.8329 -1.91013 50.6
      vertex -9.45415 -1.66702 50.6
      vertex -10.6252 -2.84701 50.6
    endloop
  endfacet
  facet normal 0 0 -1
    outer loop
      vertex -8.70055 4.05713 50.6
      vertex -9.96939 4.6488 50.6
      vertex -9.52628 5.5 50.6
    endloop
  endfacet
  facet normal -0 0 -1
    outer loop
      vertex -9.45415 -1.66702 50.6
      vertex -10.8329 -1.91013 50.6
      vertex -9.56347 -0.836695 50.6
    endloop
  endfacet
  facet normal 0 0 -1
    outer loop
      vertex -9.02105 3.28339 50.6
      vertex -10.3366 3.76222 50.6
      vertex -9.96939 4.6488 50.6
    endloop
  endfacet
  facet normal 0 0 -1
    outer loop
      vertex -10.9581 -0.958713 50.6
      vertex -9.56347 -0.836695 50.6
      vertex -10.8329 -1.91013 50.6
    endloop
  endfacet
  facet normal 0 0 -1
    outer loop
      vertex -9.27289 2.48466 50.6
      vertex -10.6252 2.84701 50.6
      vertex -10.3366 3.76222 50.6
    endloop
  endfacet
  facet normal -0 0 -1
    outer loop
      vertex -9.56347 -0.836695 50.6
      vertex -10.9581 -0.958713 50.6
      vertex -9.6 0 50.6
    endloop
  endfacet
  facet normal 0 0 -1
    outer loop
      vertex -9.45415 1.66702 50.6
      vertex -10.8329 1.91013 50.6
      vertex -10.6252 2.84701 50.6
    endloop
  endfacet
  facet normal 0 0 -1
    outer loop
      vertex -11 0 50.6
      vertex -9.6 0 50.6
      vertex -10.9581 -0.958713 50.6
    endloop
  endfacet
  facet normal 0 0 -1
    outer loop
      vertex -9.56347 0.836695 50.6
      vertex -10.9581 0.958713 50.6
      vertex -10.8329 1.91013 50.6
    endloop
  endfacet
  facet normal 0 0 -1
    outer loop
      vertex -9.6 0 50.6
      vertex -11 0 50.6
      vertex -10.9581 0.958713 50.6
    endloop
  endfacet
  facet normal 0.953716 0.300707 0
    outer loop
      vertex 9.27289 2.48466 50.6
      vertex 9.02105 3.28339 48.4
      vertex 9.02105 3.28339 50.6
    endloop
  endfacet
  facet normal 0.953716 0.300707 0
    outer loop
      vertex 9.02105 3.28339 48.4
      vertex 9.27289 2.48466 50.6
      vertex 9.27289 2.48466 48.4
    endloop
  endfacet
  facet normal 0.991444 0.130533 0
    outer loop
      vertex 9.56347 0.836695 50.6
      vertex 9.45415 1.66702 48.4
      vertex 9.45415 1.66702 50.6
    endloop
  endfacet
  facet normal 0.991444 0.130533 0
    outer loop
      vertex 9.45415 1.66702 48.4
      vertex 9.56347 0.836695 50.6
      vertex 9.56347 0.836695 48.4
    endloop
  endfacet
  facet normal 0.999048 0.0436183 0
    outer loop
      vertex 9.6 0 50.6
      vertex 9.56347 0.836695 48.4
      vertex 9.56347 0.836695 50.6
    endloop
  endfacet
  facet normal 0.999048 0.0436183 0
    outer loop
      vertex 9.56347 0.836695 48.4
      vertex 9.6 0 50.6
      vertex 9.6 0 48.4
    endloop
  endfacet
  facet normal 0.216432 -0.976298 0
    outer loop
      vertex 1.66702 -9.45415 48.4
      vertex 2.48466 -9.27289 50.6
      vertex 1.66702 -9.45415 50.6
    endloop
  endfacet
  facet normal 0.216432 -0.976298 0
    outer loop
      vertex 2.48466 -9.27289 50.6
      vertex 1.66702 -9.45415 48.4
      vertex 2.48466 -9.27289 48.4
    endloop
  endfacet
  facet normal 0.923877 -0.38269 0
    outer loop
      vertex 8.70055 -4.05713 50.6
      vertex 9.02105 -3.28339 48.4
      vertex 9.02105 -3.28339 50.6
    endloop
  endfacet
  facet normal 0.923877 -0.38269 0
    outer loop
      vertex 9.02105 -3.28339 48.4
      vertex 8.70055 -4.05713 50.6
      vertex 8.70055 -4.05713 48.4
    endloop
  endfacet
  facet normal 0.923877 0.38269 0
    outer loop
      vertex 9.02105 3.28339 50.6
      vertex 8.70055 4.05713 48.4
      vertex 8.70055 4.05713 50.6
    endloop
  endfacet
  facet normal 0.923877 0.38269 0
    outer loop
      vertex 8.70055 4.05713 48.4
      vertex 9.02105 3.28339 50.6
      vertex 9.02105 3.28339 48.4
    endloop
  endfacet
  facet normal -0.999048 0.0436183 0
    outer loop
      vertex -9.6 0 48.4
      vertex -9.56347 0.836695 50.6
      vertex -9.56347 0.836695 48.4
    endloop
  endfacet
  facet normal -0.999048 0.0436183 0
    outer loop
      vertex -9.56347 0.836695 50.6
      vertex -9.6 0 48.4
      vertex -9.6 0 50.6
    endloop
  endfacet
  facet normal 0.793356 0.608758 0
    outer loop
      vertex 7.86386 5.50633 50.6
      vertex 7.35403 6.17076 48.4
      vertex 7.35403 6.17076 50.6
    endloop
  endfacet
  facet normal 0.793356 0.608758 0
    outer loop
      vertex 7.35403 6.17076 48.4
      vertex 7.86386 5.50633 50.6
      vertex 7.86386 5.50633 48.4
    endloop
  endfacet
  facet normal 0.843392 -0.537298 0
    outer loop
      vertex 7.86386 -5.50633 50.6
      vertex 8.31384 -4.8 48.4
      vertex 8.31384 -4.8 50.6
    endloop
  endfacet
  facet normal 0.843392 -0.537298 0
    outer loop
      vertex 8.31384 -4.8 48.4
      vertex 7.86386 -5.50633 50.6
      vertex 7.86386 -5.50633 48.4
    endloop
  endfacet
  facet normal -0.216432 -0.976298 0
    outer loop
      vertex -2.48466 -9.27289 48.4
      vertex -1.66702 -9.45415 50.6
      vertex -2.48466 -9.27289 50.6
    endloop
  endfacet
  facet normal -0.216432 -0.976298 -0
    outer loop
      vertex -1.66702 -9.45415 50.6
      vertex -2.48466 -9.27289 48.4
      vertex -1.66702 -9.45415 48.4
    endloop
  endfacet
  facet normal -0.537298 0.843392 0
    outer loop
      vertex -4.8 8.31384 48.4
      vertex -5.50633 7.86386 50.6
      vertex -4.8 8.31384 50.6
    endloop
  endfacet
  facet normal -0.537298 0.843392 0
    outer loop
      vertex -5.50633 7.86386 50.6
      vertex -4.8 8.31384 48.4
      vertex -5.50633 7.86386 48.4
    endloop
  endfacet
  facet normal -0.793356 0.608758 0
    outer loop
      vertex -7.86386 5.50633 48.4
      vertex -7.35403 6.17076 50.6
      vertex -7.35403 6.17076 48.4
    endloop
  endfacet
  facet normal -0.793356 0.608758 0
    outer loop
      vertex -7.35403 6.17076 50.6
      vertex -7.86386 5.50633 48.4
      vertex -7.86386 5.50633 50.6
    endloop
  endfacet
  facet normal -0.953716 0.300707 0
    outer loop
      vertex -9.27289 2.48466 48.4
      vertex -9.02105 3.28339 50.6
      vertex -9.02105 3.28339 48.4
    endloop
  endfacet
  facet normal -0.953716 0.300707 0
    outer loop
      vertex -9.02105 3.28339 50.6
      vertex -9.27289 2.48466 48.4
      vertex -9.27289 2.48466 50.6
    endloop
  endfacet
  facet normal -0.300707 -0.953716 0
    outer loop
      vertex -3.28339 -9.02105 48.4
      vertex -2.48466 -9.27289 50.6
      vertex -3.28339 -9.02105 50.6
    endloop
  endfacet
  facet normal -0.300707 -0.953716 -0
    outer loop
      vertex -2.48466 -9.27289 50.6
      vertex -3.28339 -9.02105 48.4
      vertex -2.48466 -9.27289 48.4
    endloop
  endfacet
  facet normal 0.608758 0.793356 -0
    outer loop
      vertex 6.17076 7.35403 48.4
      vertex 5.50633 7.86386 50.6
      vertex 6.17076 7.35403 50.6
    endloop
  endfacet
  facet normal 0.608758 0.793356 0
    outer loop
      vertex 5.50633 7.86386 50.6
      vertex 6.17076 7.35403 48.4
      vertex 5.50633 7.86386 48.4
    endloop
  endfacet
  facet normal -0.300707 0.953716 0
    outer loop
      vertex -2.48466 9.27289 48.4
      vertex -3.28339 9.02105 50.6
      vertex -2.48466 9.27289 50.6
    endloop
  endfacet
  facet normal -0.300707 0.953716 0
    outer loop
      vertex -3.28339 9.02105 50.6
      vertex -2.48466 9.27289 48.4
      vertex -3.28339 9.02105 48.4
    endloop
  endfacet
  facet normal 0.0436183 0.999048 -0
    outer loop
      vertex 0.836695 9.56347 48.4
      vertex 0 9.6 50.6
      vertex 0.836695 9.56347 50.6
    endloop
  endfacet
  facet normal 0.0436183 0.999048 0
    outer loop
      vertex 0 9.6 50.6
      vertex 0.836695 9.56347 48.4
      vertex 0 9.6 48.4
    endloop
  endfacet
  facet normal 0.976298 -0.216432 0
    outer loop
      vertex 9.27289 -2.48466 50.6
      vertex 9.45415 -1.66702 48.4
      vertex 9.45415 -1.66702 50.6
    endloop
  endfacet
  facet normal 0.976298 -0.216432 0
    outer loop
      vertex 9.45415 -1.66702 48.4
      vertex 9.27289 -2.48466 50.6
      vertex 9.27289 -2.48466 48.4
    endloop
  endfacet
  facet normal -0.991444 0.130533 0
    outer loop
      vertex -9.56347 0.836695 48.4
      vertex -9.45415 1.66702 50.6
      vertex -9.45415 1.66702 48.4
    endloop
  endfacet
  facet normal -0.991444 0.130533 0
    outer loop
      vertex -9.45415 1.66702 50.6
      vertex -9.56347 0.836695 48.4
      vertex -9.56347 0.836695 50.6
    endloop
  endfacet
  facet normal 0.38269 0.923877 -0
    outer loop
      vertex 4.05713 8.70055 48.4
      vertex 3.28339 9.02105 50.6
      vertex 4.05713 8.70055 50.6
    endloop
  endfacet
  facet normal 0.38269 0.923877 0
    outer loop
      vertex 3.28339 9.02105 50.6
      vertex 4.05713 8.70055 48.4
      vertex 3.28339 9.02105 48.4
    endloop
  endfacet
  facet normal 0.999048 -0.0436183 0
    outer loop
      vertex 9.56347 -0.836695 50.6
      vertex 9.6 0 48.4
      vertex 9.6 0 50.6
    endloop
  endfacet
  facet normal 0.999048 -0.0436183 0
    outer loop
      vertex 9.6 0 48.4
      vertex 9.56347 -0.836695 50.6
      vertex 9.56347 -0.836695 48.4
    endloop
  endfacet
  facet normal -0.38269 0.923877 0
    outer loop
      vertex -3.28339 9.02105 48.4
      vertex -4.05713 8.70055 50.6
      vertex -3.28339 9.02105 50.6
    endloop
  endfacet
  facet normal -0.38269 0.923877 0
    outer loop
      vertex -4.05713 8.70055 50.6
      vertex -3.28339 9.02105 48.4
      vertex -4.05713 8.70055 48.4
    endloop
  endfacet
  facet normal 0.73727 -0.675598 0
    outer loop
      vertex 6.78822 -6.78822 50.6
      vertex 7.35403 -6.17076 48.4
      vertex 7.35403 -6.17076 50.6
    endloop
  endfacet
  facet normal 0.73727 -0.675598 0
    outer loop
      vertex 7.35403 -6.17076 48.4
      vertex 6.78822 -6.78822 50.6
      vertex 6.78822 -6.78822 48.4
    endloop
  endfacet
  facet normal -0.976298 -0.216432 0
    outer loop
      vertex -9.27289 -2.48466 48.4
      vertex -9.45415 -1.66702 50.6
      vertex -9.45415 -1.66702 48.4
    endloop
  endfacet
  facet normal -0.976298 -0.216432 0
    outer loop
      vertex -9.45415 -1.66702 50.6
      vertex -9.27289 -2.48466 48.4
      vertex -9.27289 -2.48466 50.6
    endloop
  endfacet
  facet normal 0.608758 -0.793356 0
    outer loop
      vertex 5.50633 -7.86386 48.4
      vertex 6.17076 -7.35403 50.6
      vertex 5.50633 -7.86386 50.6
    endloop
  endfacet
  facet normal 0.608758 -0.793356 0
    outer loop
      vertex 6.17076 -7.35403 50.6
      vertex 5.50633 -7.86386 48.4
      vertex 6.17076 -7.35403 48.4
    endloop
  endfacet
  facet normal -0.843392 0.537298 0
    outer loop
      vertex -8.31384 4.8 48.4
      vertex -7.86386 5.50633 50.6
      vertex -7.86386 5.50633 48.4
    endloop
  endfacet
  facet normal -0.843392 0.537298 0
    outer loop
      vertex -7.86386 5.50633 50.6
      vertex -8.31384 4.8 48.4
      vertex -8.31384 4.8 50.6
    endloop
  endfacet
  facet normal 0.537298 -0.843392 0
    outer loop
      vertex 4.8 -8.31384 48.4
      vertex 5.50633 -7.86386 50.6
      vertex 4.8 -8.31384 50.6
    endloop
  endfacet
  facet normal 0.537298 -0.843392 0
    outer loop
      vertex 5.50633 -7.86386 50.6
      vertex 4.8 -8.31384 48.4
      vertex 5.50633 -7.86386 48.4
    endloop
  endfacet
  facet normal -0.675598 0.73727 0
    outer loop
      vertex -6.17076 7.35403 48.4
      vertex -6.78822 6.78822 50.6
      vertex -6.17076 7.35403 50.6
    endloop
  endfacet
  facet normal -0.675598 0.73727 0
    outer loop
      vertex -6.78822 6.78822 50.6
      vertex -6.17076 7.35403 48.4
      vertex -6.78822 6.78822 48.4
    endloop
  endfacet
  facet normal 0.887013 -0.461745 0
    outer loop
      vertex 8.31384 -4.8 50.6
      vertex 8.70055 -4.05713 48.4
      vertex 8.70055 -4.05713 50.6
    endloop
  endfacet
  facet normal 0.887013 -0.461745 0
    outer loop
      vertex 8.70055 -4.05713 48.4
      vertex 8.31384 -4.8 50.6
      vertex 8.31384 -4.8 48.4
    endloop
  endfacet
  facet normal -0.675598 -0.73727 0
    outer loop
      vertex -6.78822 -6.78822 48.4
      vertex -6.17076 -7.35403 50.6
      vertex -6.78822 -6.78822 50.6
    endloop
  endfacet
  facet normal -0.675598 -0.73727 -0
    outer loop
      vertex -6.17076 -7.35403 50.6
      vertex -6.78822 -6.78822 48.4
      vertex -6.17076 -7.35403 48.4
    endloop
  endfacet
  facet normal 0.953716 -0.300707 0
    outer loop
      vertex 9.02105 -3.28339 50.6
      vertex 9.27289 -2.48466 48.4
      vertex 9.27289 -2.48466 50.6
    endloop
  endfacet
  facet normal 0.953716 -0.300707 0
    outer loop
      vertex 9.27289 -2.48466 48.4
      vertex 9.02105 -3.28339 50.6
      vertex 9.02105 -3.28339 48.4
    endloop
  endfacet
  facet normal 0.793356 -0.608758 0
    outer loop
      vertex 7.35403 -6.17076 50.6
      vertex 7.86386 -5.50633 48.4
      vertex 7.86386 -5.50633 50.6
    endloop
  endfacet
  facet normal 0.793356 -0.608758 0
    outer loop
      vertex 7.86386 -5.50633 48.4
      vertex 7.35403 -6.17076 50.6
      vertex 7.35403 -6.17076 48.4
    endloop
  endfacet
  facet normal 0.0436183 -0.999048 0
    outer loop
      vertex 0 -9.6 48.4
      vertex 0.836695 -9.56347 50.6
      vertex 0 -9.6 50.6
    endloop
  endfacet
  facet normal 0.0436183 -0.999048 0
    outer loop
      vertex 0.836695 -9.56347 50.6
      vertex 0 -9.6 48.4
      vertex 0.836695 -9.56347 48.4
    endloop
  endfacet
  facet normal -0.216432 0.976298 0
    outer loop
      vertex -1.66702 9.45415 48.4
      vertex -2.48466 9.27289 50.6
      vertex -1.66702 9.45415 50.6
    endloop
  endfacet
  facet normal -0.216432 0.976298 0
    outer loop
      vertex -2.48466 9.27289 50.6
      vertex -1.66702 9.45415 48.4
      vertex -2.48466 9.27289 48.4
    endloop
  endfacet
  facet normal 0.216432 0.976298 -0
    outer loop
      vertex 2.48466 9.27289 48.4
      vertex 1.66702 9.45415 50.6
      vertex 2.48466 9.27289 50.6
    endloop
  endfacet
  facet normal 0.216432 0.976298 0
    outer loop
      vertex 1.66702 9.45415 50.6
      vertex 2.48466 9.27289 48.4
      vertex 1.66702 9.45415 48.4
    endloop
  endfacet
  facet normal 0.991444 -0.130533 0
    outer loop
      vertex 9.45415 -1.66702 50.6
      vertex 9.56347 -0.836695 48.4
      vertex 9.56347 -0.836695 50.6
    endloop
  endfacet
  facet normal 0.991444 -0.130533 0
    outer loop
      vertex 9.56347 -0.836695 48.4
      vertex 9.45415 -1.66702 50.6
      vertex 9.45415 -1.66702 48.4
    endloop
  endfacet
  facet normal -0.887013 0.461745 0
    outer loop
      vertex -8.70055 4.05713 48.4
      vertex -8.31384 4.8 50.6
      vertex -8.31384 4.8 48.4
    endloop
  endfacet
  facet normal -0.887013 0.461745 0
    outer loop
      vertex -8.31384 4.8 50.6
      vertex -8.70055 4.05713 48.4
      vertex -8.70055 4.05713 50.6
    endloop
  endfacet
  facet normal 0.461745 0.887013 -0
    outer loop
      vertex 4.8 8.31384 48.4
      vertex 4.05713 8.70055 50.6
      vertex 4.8 8.31384 50.6
    endloop
  endfacet
  facet normal 0.461745 0.887013 0
    outer loop
      vertex 4.05713 8.70055 50.6
      vertex 4.8 8.31384 48.4
      vertex 4.05713 8.70055 48.4
    endloop
  endfacet
  facet normal 0.537298 0.843392 -0
    outer loop
      vertex 5.50633 7.86386 48.4
      vertex 4.8 8.31384 50.6
      vertex 5.50633 7.86386 50.6
    endloop
  endfacet
  facet normal 0.537298 0.843392 0
    outer loop
      vertex 4.8 8.31384 50.6
      vertex 5.50633 7.86386 48.4
      vertex 4.8 8.31384 48.4
    endloop
  endfacet
  facet normal 0.461745 -0.887013 0
    outer loop
      vertex 4.05713 -8.70055 48.4
      vertex 4.8 -8.31384 50.6
      vertex 4.05713 -8.70055 50.6
    endloop
  endfacet
  facet normal 0.461745 -0.887013 0
    outer loop
      vertex 4.8 -8.31384 50.6
      vertex 4.05713 -8.70055 48.4
      vertex 4.8 -8.31384 48.4
    endloop
  endfacet
  facet normal -0.0436183 -0.999048 0
    outer loop
      vertex -0.836695 -9.56347 48.4
      vertex 0 -9.6 50.6
      vertex -0.836695 -9.56347 50.6
    endloop
  endfacet
  facet normal -0.0436183 -0.999048 -0
    outer loop
      vertex 0 -9.6 50.6
      vertex -0.836695 -9.56347 48.4
      vertex 0 -9.6 48.4
    endloop
  endfacet
  facet normal 0.887013 0.461745 0
    outer loop
      vertex 8.70055 4.05713 50.6
      vertex 8.31384 4.8 48.4
      vertex 8.31384 4.8 50.6
    endloop
  endfacet
  facet normal 0.887013 0.461745 0
    outer loop
      vertex 8.31384 4.8 48.4
      vertex 8.70055 4.05713 50.6
      vertex 8.70055 4.05713 48.4
    endloop
  endfacet
  facet normal 0.38269 -0.923877 0
    outer loop
      vertex 3.28339 -9.02105 48.4
      vertex 4.05713 -8.70055 50.6
      vertex 3.28339 -9.02105 50.6
    endloop
  endfacet
  facet normal 0.38269 -0.923877 0
    outer loop
      vertex 4.05713 -8.70055 50.6
      vertex 3.28339 -9.02105 48.4
      vertex 4.05713 -8.70055 48.4
    endloop
  endfacet
  facet normal 0.843392 0.537298 0
    outer loop
      vertex 8.31384 4.8 50.6
      vertex 7.86386 5.50633 48.4
      vertex 7.86386 5.50633 50.6
    endloop
  endfacet
  facet normal 0.843392 0.537298 0
    outer loop
      vertex 7.86386 5.50633 48.4
      vertex 8.31384 4.8 50.6
      vertex 8.31384 4.8 48.4
    endloop
  endfacet
  facet normal -0.73727 0.675598 0
    outer loop
      vertex -7.35403 6.17076 48.4
      vertex -6.78822 6.78822 50.6
      vertex -6.78822 6.78822 48.4
    endloop
  endfacet
  facet normal -0.73727 0.675598 0
    outer loop
      vertex -6.78822 6.78822 50.6
      vertex -7.35403 6.17076 48.4
      vertex -7.35403 6.17076 50.6
    endloop
  endfacet
  facet normal -0.537298 -0.843392 0
    outer loop
      vertex -5.50633 -7.86386 48.4
      vertex -4.8 -8.31384 50.6
      vertex -5.50633 -7.86386 50.6
    endloop
  endfacet
  facet normal -0.537298 -0.843392 -0
    outer loop
      vertex -4.8 -8.31384 50.6
      vertex -5.50633 -7.86386 48.4
      vertex -4.8 -8.31384 48.4
    endloop
  endfacet
  facet normal -0.843392 -0.537298 0
    outer loop
      vertex -7.86386 -5.50633 48.4
      vertex -8.31384 -4.8 50.6
      vertex -8.31384 -4.8 48.4
    endloop
  endfacet
  facet normal -0.843392 -0.537298 0
    outer loop
      vertex -8.31384 -4.8 50.6
      vertex -7.86386 -5.50633 48.4
      vertex -7.86386 -5.50633 50.6
    endloop
  endfacet
  facet normal -0.608758 -0.793356 0
    outer loop
      vertex -6.17076 -7.35403 48.4
      vertex -5.50633 -7.86386 50.6
      vertex -6.17076 -7.35403 50.6
    endloop
  endfacet
  facet normal -0.608758 -0.793356 -0
    outer loop
      vertex -5.50633 -7.86386 50.6
      vertex -6.17076 -7.35403 48.4
      vertex -5.50633 -7.86386 48.4
    endloop
  endfacet
  facet normal -0.461745 0.887013 0
    outer loop
      vertex -4.05713 8.70055 48.4
      vertex -4.8 8.31384 50.6
      vertex -4.05713 8.70055 50.6
    endloop
  endfacet
  facet normal -0.461745 0.887013 0
    outer loop
      vertex -4.8 8.31384 50.6
      vertex -4.05713 8.70055 48.4
      vertex -4.8 8.31384 48.4
    endloop
  endfacet
  facet normal 0.130533 -0.991444 0
    outer loop
      vertex 0.836695 -9.56347 48.4
      vertex 1.66702 -9.45415 50.6
      vertex 0.836695 -9.56347 50.6
    endloop
  endfacet
  facet normal 0.130533 -0.991444 0
    outer loop
      vertex 1.66702 -9.45415 50.6
      vertex 0.836695 -9.56347 48.4
      vertex 1.66702 -9.45415 48.4
    endloop
  endfacet
  facet normal -0.130533 0.991444 0
    outer loop
      vertex -0.836695 9.56347 48.4
      vertex -1.66702 9.45415 50.6
      vertex -0.836695 9.56347 50.6
    endloop
  endfacet
  facet normal -0.130533 0.991444 0
    outer loop
      vertex -1.66702 9.45415 50.6
      vertex -0.836695 9.56347 48.4
      vertex -1.66702 9.45415 48.4
    endloop
  endfacet
  facet normal -0.0436183 0.999048 0
    outer loop
      vertex 0 9.6 48.4
      vertex -0.836695 9.56347 50.6
      vertex 0 9.6 50.6
    endloop
  endfacet
  facet normal -0.0436183 0.999048 0
    outer loop
      vertex -0.836695 9.56347 50.6
      vertex 0 9.6 48.4
      vertex -0.836695 9.56347 48.4
    endloop
  endfacet
  facet normal 0.130533 0.991444 -0
    outer loop
      vertex 1.66702 9.45415 48.4
      vertex 0.836695 9.56347 50.6
      vertex 1.66702 9.45415 50.6
    endloop
  endfacet
  facet normal 0.130533 0.991444 0
    outer loop
      vertex 0.836695 9.56347 50.6
      vertex 1.66702 9.45415 48.4
      vertex 0.836695 9.56347 48.4
    endloop
  endfacet
  facet normal 0.300707 -0.953716 0
    outer loop
      vertex 2.48466 -9.27289 48.4
      vertex 3.28339 -9.02105 50.6
      vertex 2.48466 -9.27289 50.6
    endloop
  endfacet
  facet normal 0.300707 -0.953716 0
    outer loop
      vertex 3.28339 -9.02105 50.6
      vertex 2.48466 -9.27289 48.4
      vertex 3.28339 -9.02105 48.4
    endloop
  endfacet
  facet normal -0.793356 -0.608758 0
    outer loop
      vertex -7.35403 -6.17076 48.4
      vertex -7.86386 -5.50633 50.6
      vertex -7.86386 -5.50633 48.4
    endloop
  endfacet
  facet normal -0.793356 -0.608758 0
    outer loop
      vertex -7.86386 -5.50633 50.6
      vertex -7.35403 -6.17076 48.4
      vertex -7.35403 -6.17076 50.6
    endloop
  endfacet
  facet normal 0.675598 -0.73727 0
    outer loop
      vertex 6.17076 -7.35403 48.4
      vertex 6.78822 -6.78822 50.6
      vertex 6.17076 -7.35403 50.6
    endloop
  endfacet
  facet normal 0.675598 -0.73727 0
    outer loop
      vertex 6.78822 -6.78822 50.6
      vertex 6.17076 -7.35403 48.4
      vertex 6.78822 -6.78822 48.4
    endloop
  endfacet
  facet normal -0.608758 0.793356 0
    outer loop
      vertex -5.50633 7.86386 48.4
      vertex -6.17076 7.35403 50.6
      vertex -5.50633 7.86386 50.6
    endloop
  endfacet
  facet normal -0.608758 0.793356 0
    outer loop
      vertex -6.17076 7.35403 50.6
      vertex -5.50633 7.86386 48.4
      vertex -6.17076 7.35403 48.4
    endloop
  endfacet
  facet normal -0.999048 -0.0436183 0
    outer loop
      vertex -9.56347 -0.836695 48.4
      vertex -9.6 0 50.6
      vertex -9.6 0 48.4
    endloop
  endfacet
  facet normal -0.999048 -0.0436183 0
    outer loop
      vertex -9.6 0 50.6
      vertex -9.56347 -0.836695 48.4
      vertex -9.56347 -0.836695 50.6
    endloop
  endfacet
  facet normal -0.130533 -0.991444 0
    outer loop
      vertex -1.66702 -9.45415 48.4
      vertex -0.836695 -9.56347 50.6
      vertex -1.66702 -9.45415 50.6
    endloop
  endfacet
  facet normal -0.130533 -0.991444 -0
    outer loop
      vertex -0.836695 -9.56347 50.6
      vertex -1.66702 -9.45415 48.4
      vertex -0.836695 -9.56347 48.4
    endloop
  endfacet
  facet normal 0.300707 0.953716 -0
    outer loop
      vertex 3.28339 9.02105 48.4
      vertex 2.48466 9.27289 50.6
      vertex 3.28339 9.02105 50.6
    endloop
  endfacet
  facet normal 0.300707 0.953716 0
    outer loop
      vertex 2.48466 9.27289 50.6
      vertex 3.28339 9.02105 48.4
      vertex 2.48466 9.27289 48.4
    endloop
  endfacet
  facet normal 0.73727 0.675598 0
    outer loop
      vertex 7.35403 6.17076 50.6
      vertex 6.78822 6.78822 48.4
      vertex 6.78822 6.78822 50.6
    endloop
  endfacet
  facet normal 0.73727 0.675598 0
    outer loop
      vertex 6.78822 6.78822 48.4
      vertex 7.35403 6.17076 50.6
      vertex 7.35403 6.17076 48.4
    endloop
  endfacet
  facet normal 0.675598 0.73727 -0
    outer loop
      vertex 6.78822 6.78822 48.4
      vertex 6.17076 7.35403 50.6
      vertex 6.78822 6.78822 50.6
    endloop
  endfacet
  facet normal 0.675598 0.73727 0
    outer loop
      vertex 6.17076 7.35403 50.6
      vertex 6.78822 6.78822 48.4
      vertex 6.17076 7.35403 48.4
    endloop
  endfacet
  facet normal 0.976298 0.216432 0
    outer loop
      vertex 9.45415 1.66702 50.6
      vertex 9.27289 2.48466 48.4
      vertex 9.27289 2.48466 50.6
    endloop
  endfacet
  facet normal 0.976298 0.216432 0
    outer loop
      vertex 9.27289 2.48466 48.4
      vertex 9.45415 1.66702 50.6
      vertex 9.45415 1.66702 48.4
    endloop
  endfacet
  facet normal -0.976298 0.216432 0
    outer loop
      vertex -9.45415 1.66702 48.4
      vertex -9.27289 2.48466 50.6
      vertex -9.27289 2.48466 48.4
    endloop
  endfacet
  facet normal -0.976298 0.216432 0
    outer loop
      vertex -9.27289 2.48466 50.6
      vertex -9.45415 1.66702 48.4
      vertex -9.45415 1.66702 50.6
    endloop
  endfacet
  facet normal -0.73727 -0.675598 0
    outer loop
      vertex -6.78822 -6.78822 48.4
      vertex -7.35403 -6.17076 50.6
      vertex -7.35403 -6.17076 48.4
    endloop
  endfacet
  facet normal -0.73727 -0.675598 0
    outer loop
      vertex -7.35403 -6.17076 50.6
      vertex -6.78822 -6.78822 48.4
      vertex -6.78822 -6.78822 50.6
    endloop
  endfacet
  facet normal -0.461745 -0.887013 0
    outer loop
      vertex -4.8 -8.31384 48.4
      vertex -4.05713 -8.70055 50.6
      vertex -4.8 -8.31384 50.6
    endloop
  endfacet
  facet normal -0.461745 -0.887013 -0
    outer loop
      vertex -4.05713 -8.70055 50.6
      vertex -4.8 -8.31384 48.4
      vertex -4.05713 -8.70055 48.4
    endloop
  endfacet
  facet normal -0.38269 -0.923877 0
    outer loop
      vertex -4.05713 -8.70055 48.4
      vertex -3.28339 -9.02105 50.6
      vertex -4.05713 -8.70055 50.6
    endloop
  endfacet
  facet normal -0.38269 -0.923877 -0
    outer loop
      vertex -3.28339 -9.02105 50.6
      vertex -4.05713 -8.70055 48.4
      vertex -3.28339 -9.02105 48.4
    endloop
  endfacet
  facet normal -0.991444 -0.130533 0
    outer loop
      vertex -9.45415 -1.66702 48.4
      vertex -9.56347 -0.836695 50.6
      vertex -9.56347 -0.836695 48.4
    endloop
  endfacet
  facet normal -0.991444 -0.130533 0
    outer loop
      vertex -9.56347 -0.836695 50.6
      vertex -9.45415 -1.66702 48.4
      vertex -9.45415 -1.66702 50.6
    endloop
  endfacet
  facet normal -0.953716 -0.300707 0
    outer loop
      vertex -9.02105 -3.28339 48.4
      vertex -9.27289 -2.48466 50.6
      vertex -9.27289 -2.48466 48.4
    endloop
  endfacet
  facet normal -0.953716 -0.300707 0
    outer loop
      vertex -9.27289 -2.48466 50.6
      vertex -9.02105 -3.28339 48.4
      vertex -9.02105 -3.28339 50.6
    endloop
  endfacet
  facet normal -0.923877 0.38269 0
    outer loop
      vertex -9.02105 3.28339 48.4
      vertex -8.70055 4.05713 50.6
      vertex -8.70055 4.05713 48.4
    endloop
  endfacet
  facet normal -0.923877 0.38269 0
    outer loop
      vertex -8.70055 4.05713 50.6
      vertex -9.02105 3.28339 48.4
      vertex -9.02105 3.28339 50.6
    endloop
  endfacet
  facet normal -0.923877 -0.38269 0
    outer loop
      vertex -8.70055 -4.05713 48.4
      vertex -9.02105 -3.28339 50.6
      vertex -9.02105 -3.28339 48.4
    endloop
  endfacet
  facet normal -0.923877 -0.38269 0
    outer loop
      vertex -9.02105 -3.28339 50.6
      vertex -8.70055 -4.05713 48.4
      vertex -8.70055 -4.05713 50.6
    endloop
  endfacet
  facet normal -0.887013 -0.461745 0
    outer loop
      vertex -8.31384 -4.8 48.4
      vertex -8.70055 -4.05713 50.6
      vertex -8.70055 -4.05713 48.4
    endloop
  endfacet
  facet normal -0.887013 -0.461745 0
    outer loop
      vertex -8.70055 -4.05713 50.6
      vertex -8.31384 -4.8 48.4
      vertex -8.31384 -4.8 50.6
    endloop
  endfacet
  facet normal 0 0 1
    outer loop
      vertex 9.6 0 65.4
      vertex 11 0 65.4
      vertex 10.9581 0.958713 65.4
    endloop
  endfacet
  facet normal 0 0 1
    outer loop
      vertex 9.56347 0.836695 65.4
      vertex 10.9581 0.958713 65.4
      vertex 10.8329 1.91013 65.4
    endloop
  endfacet
  facet normal 0 0 1
    outer loop
      vertex 11 0 65.4
      vertex 9.6 0 65.4
      vertex 10.9581 -0.958713 65.4
    endloop
  endfacet
  facet normal 0 0 1
    outer loop
      vertex 9.45415 1.66702 65.4
      vertex 10.8329 1.91013 65.4
      vertex 10.6252 2.84701 65.4
    endloop
  endfacet
  facet normal -0 0 1
    outer loop
      vertex 9.56347 -0.836695 65.4
      vertex 10.9581 -0.958713 65.4
      vertex 9.6 0 65.4
    endloop
  endfacet
  facet normal 0 0 1
    outer loop
      vertex 9.27289 2.48466 65.4
      vertex 10.6252 2.84701 65.4
      vertex 10.3366 3.76222 65.4
    endloop
  endfacet
  facet normal 0 0 1
    outer loop
      vertex 10.9581 -0.958713 65.4
      vertex 9.56347 -0.836695 65.4
      vertex 10.8329 -1.91013 65.4
    endloop
  endfacet
  facet normal 0 0 1
    outer loop
      vertex 9.02105 3.28339 65.4
      vertex 10.3366 3.76222 65.4
      vertex 9.96939 4.6488 65.4
    endloop
  endfacet
  facet normal -0 0 1
    outer loop
      vertex 9.45415 -1.66702 65.4
      vertex 10.8329 -1.91013 65.4
      vertex 9.56347 -0.836695 65.4
    endloop
  endfacet
  facet normal 0 0 1
    outer loop
      vertex 10.8329 -1.91013 65.4
      vertex 9.45415 -1.66702 65.4
      vertex 10.6252 -2.84701 65.4
    endloop
  endfacet
  facet normal 0 0 1
    outer loop
      vertex 10.9581 0.958713 65.4
      vertex 9.56347 0.836695 65.4
      vertex 9.6 0 65.4
    endloop
  endfacet
  facet normal 0 0 1
    outer loop
      vertex 8.70055 4.05713 65.4
      vertex 9.96939 4.6488 65.4
      vertex 9.52628 5.5 65.4
    endloop
  endfacet
  facet normal 0 0 1
    outer loop
      vertex 10.8329 1.91013 65.4
      vertex 9.45415 1.66702 65.4
      vertex 9.56347 0.836695 65.4
    endloop
  endfacet
  facet normal 0 0 1
    outer loop
      vertex 10.6252 2.84701 65.4
      vertex 9.27289 2.48466 65.4
      vertex 9.45415 1.66702 65.4
    endloop
  endfacet
  facet normal 0 0 1
    outer loop
      vertex 10.3366 3.76222 65.4
      vertex 9.02105 3.28339 65.4
      vertex 9.27289 2.48466 65.4
    endloop
  endfacet
  facet normal 0 0 1
    outer loop
      vertex 8.31384 4.8 65.4
      vertex 9.52628 5.5 65.4
      vertex 9.01067 6.30934 65.4
    endloop
  endfacet
  facet normal 0 0 1
    outer loop
      vertex 9.96939 4.6488 65.4
      vertex 8.70055 4.05713 65.4
      vertex 9.02105 3.28339 65.4
    endloop
  endfacet
  facet normal 0 0 1
    outer loop
      vertex 7.86386 5.50633 65.4
      vertex 9.01067 6.30934 65.4
      vertex 8.42649 7.07066 65.4
    endloop
  endfacet
  facet normal 0 0 1
    outer loop
      vertex 9.52628 5.5 65.4
      vertex 8.31384 4.8 65.4
      vertex 8.70055 4.05713 65.4
    endloop
  endfacet
  facet normal 0 0 1
    outer loop
      vertex 9.01067 6.30934 65.4
      vertex 7.86386 5.50633 65.4
      vertex 8.31384 4.8 65.4
    endloop
  endfacet
  facet normal 0 0 1
    outer loop
      vertex 7.35403 6.17076 65.4
      vertex 8.42649 7.07066 65.4
      vertex 7.77817 7.77817 65.4
    endloop
  endfacet
  facet normal 0 0 1
    outer loop
      vertex 8.42649 7.07066 65.4
      vertex 7.35403 6.17076 65.4
      vertex 7.86386 5.50633 65.4
    endloop
  endfacet
  facet normal 0 0 1
    outer loop
      vertex 6.78822 6.78822 65.4
      vertex 7.77817 7.77817 65.4
      vertex 7.07066 8.42649 65.4
    endloop
  endfacet
  facet normal 0 0 1
    outer loop
      vertex 7.77817 7.77817 65.4
      vertex 6.78822 6.78822 65.4
      vertex 7.35403 6.17076 65.4
    endloop
  endfacet
  facet normal 0 0 1
    outer loop
      vertex 6.17076 7.35403 65.4
      vertex 7.07066 8.42649 65.4
      vertex 6.30934 9.01067 65.4
    endloop
  endfacet
  facet normal 0 0 1
    outer loop
      vertex 7.07066 8.42649 65.4
      vertex 6.17076 7.35403 65.4
      vertex 6.78822 6.78822 65.4
    endloop
  endfacet
  facet normal 0 0 1
    outer loop
      vertex 6.30934 9.01067 65.4
      vertex 5.50633 7.86386 65.4
      vertex 6.17076 7.35403 65.4
    endloop
  endfacet
  facet normal 0 0 1
    outer loop
      vertex 5.5 9.52628 65.4
      vertex 5.50633 7.86386 65.4
      vertex 6.30934 9.01067 65.4
    endloop
  endfacet
  facet normal 0 0 1
    outer loop
      vertex 5.5 9.52628 65.4
      vertex 4.8 8.31384 65.4
      vertex 5.50633 7.86386 65.4
    endloop
  endfacet
  facet normal 0 0 1
    outer loop
      vertex 4.6488 9.96939 65.4
      vertex 4.8 8.31384 65.4
      vertex 5.5 9.52628 65.4
    endloop
  endfacet
  facet normal 0 0 1
    outer loop
      vertex 4.6488 9.96939 65.4
      vertex 4.05713 8.70055 65.4
      vertex 4.8 8.31384 65.4
    endloop
  endfacet
  facet normal 0 0 1
    outer loop
      vertex 3.76222 10.3366 65.4
      vertex 4.05713 8.70055 65.4
      vertex 4.6488 9.96939 65.4
    endloop
  endfacet
  facet normal 0 0 1
    outer loop
      vertex 3.76222 10.3366 65.4
      vertex 3.28339 9.02105 65.4
      vertex 4.05713 8.70055 65.4
    endloop
  endfacet
  facet normal 0 0 1
    outer loop
      vertex 2.84701 10.6252 65.4
      vertex 3.28339 9.02105 65.4
      vertex 3.76222 10.3366 65.4
    endloop
  endfacet
  facet normal 0 0 1
    outer loop
      vertex 2.84701 10.6252 65.4
      vertex 2.48466 9.27289 65.4
      vertex 3.28339 9.02105 65.4
    endloop
  endfacet
  facet normal 0 0 1
    outer loop
      vertex 1.91013 10.8329 65.4
      vertex 2.48466 9.27289 65.4
      vertex 2.84701 10.6252 65.4
    endloop
  endfacet
  facet normal 0 0 1
    outer loop
      vertex 1.91013 10.8329 65.4
      vertex 1.66702 9.45415 65.4
      vertex 2.48466 9.27289 65.4
    endloop
  endfacet
  facet normal 0 0 1
    outer loop
      vertex 0.958713 10.9581 65.4
      vertex 1.66702 9.45415 65.4
      vertex 1.91013 10.8329 65.4
    endloop
  endfacet
  facet normal 0 0 1
    outer loop
      vertex 0.958713 10.9581 65.4
      vertex 0.836695 9.56347 65.4
      vertex 1.66702 9.45415 65.4
    endloop
  endfacet
  facet normal 0 0 1
    outer loop
      vertex 0 11 65.4
      vertex 0.836695 9.56347 65.4
      vertex 0.958713 10.9581 65.4
    endloop
  endfacet
  facet normal 0 0 1
    outer loop
      vertex 0 11 65.4
      vertex 0 9.6 65.4
      vertex 0.836695 9.56347 65.4
    endloop
  endfacet
  facet normal 0 0 1
    outer loop
      vertex 0 11 65.4
      vertex -0.836695 9.56347 65.4
      vertex 0 9.6 65.4
    endloop
  endfacet
  facet normal -0 0 1
    outer loop
      vertex -0.958713 10.9581 65.4
      vertex -0.836695 9.56347 65.4
      vertex 0 11 65.4
    endloop
  endfacet
  facet normal 0 0 1
    outer loop
      vertex -0.958713 10.9581 65.4
      vertex -1.66702 9.45415 65.4
      vertex -0.836695 9.56347 65.4
    endloop
  endfacet
  facet normal -0 0 1
    outer loop
      vertex -1.91013 10.8329 65.4
      vertex -1.66702 9.45415 65.4
      vertex -0.958713 10.9581 65.4
    endloop
  endfacet
  facet normal 0 0 1
    outer loop
      vertex -1.91013 10.8329 65.4
      vertex -2.48466 9.27289 65.4
      vertex -1.66702 9.45415 65.4
    endloop
  endfacet
  facet normal -0 0 1
    outer loop
      vertex -2.84701 10.6252 65.4
      vertex -2.48466 9.27289 65.4
      vertex -1.91013 10.8329 65.4
    endloop
  endfacet
  facet normal 0 0 1
    outer loop
      vertex -2.84701 10.6252 65.4
      vertex -3.28339 9.02105 65.4
      vertex -2.48466 9.27289 65.4
    endloop
  endfacet
  facet normal -0 0 1
    outer loop
      vertex -3.76222 10.3366 65.4
      vertex -3.28339 9.02105 65.4
      vertex -2.84701 10.6252 65.4
    endloop
  endfacet
  facet normal 0 0 1
    outer loop
      vertex -3.76222 10.3366 65.4
      vertex -4.05713 8.70055 65.4
      vertex -3.28339 9.02105 65.4
    endloop
  endfacet
  facet normal -0 0 1
    outer loop
      vertex -4.6488 9.96939 65.4
      vertex -4.05713 8.70055 65.4
      vertex -3.76222 10.3366 65.4
    endloop
  endfacet
  facet normal 0 0 1
    outer loop
      vertex -4.6488 9.96939 65.4
      vertex -4.8 8.31384 65.4
      vertex -4.05713 8.70055 65.4
    endloop
  endfacet
  facet normal -0 0 1
    outer loop
      vertex -5.5 9.52628 65.4
      vertex -4.8 8.31384 65.4
      vertex -4.6488 9.96939 65.4
    endloop
  endfacet
  facet normal 0 0 1
    outer loop
      vertex -5.5 9.52628 65.4
      vertex -5.50633 7.86386 65.4
      vertex -4.8 8.31384 65.4
    endloop
  endfacet
  facet normal -0 0 1
    outer loop
      vertex -6.30934 9.01067 65.4
      vertex -5.50633 7.86386 65.4
      vertex -5.5 9.52628 65.4
    endloop
  endfacet
  facet normal 0 0 1
    outer loop
      vertex -5.50633 7.86386 65.4
      vertex -6.30934 9.01067 65.4
      vertex -6.17076 7.35403 65.4
    endloop
  endfacet
  facet normal -0 0 1
    outer loop
      vertex -7.07066 8.42649 65.4
      vertex -6.17076 7.35403 65.4
      vertex -6.30934 9.01067 65.4
    endloop
  endfacet
  facet normal 0 0 1
    outer loop
      vertex -6.17076 7.35403 65.4
      vertex -7.07066 8.42649 65.4
      vertex -6.78822 6.78822 65.4
    endloop
  endfacet
  facet normal -0 0 1
    outer loop
      vertex -7.77817 7.77817 65.4
      vertex -6.78822 6.78822 65.4
      vertex -7.07066 8.42649 65.4
    endloop
  endfacet
  facet normal 0 0 1
    outer loop
      vertex -6.78822 6.78822 65.4
      vertex -7.77817 7.77817 65.4
      vertex -7.35403 6.17076 65.4
    endloop
  endfacet
  facet normal -0 0 1
    outer loop
      vertex -8.42649 7.07066 65.4
      vertex -7.35403 6.17076 65.4
      vertex -7.77817 7.77817 65.4
    endloop
  endfacet
  facet normal 0 0 1
    outer loop
      vertex -7.35403 6.17076 65.4
      vertex -8.42649 7.07066 65.4
      vertex -7.86386 5.50633 65.4
    endloop
  endfacet
  facet normal -0 0 1
    outer loop
      vertex -9.01067 6.30934 65.4
      vertex -7.86386 5.50633 65.4
      vertex -8.42649 7.07066 65.4
    endloop
  endfacet
  facet normal 0 0 1
    outer loop
      vertex -7.86386 5.50633 65.4
      vertex -9.01067 6.30934 65.4
      vertex -8.31384 4.8 65.4
    endloop
  endfacet
  facet normal -0 0 1
    outer loop
      vertex -9.52628 5.5 65.4
      vertex -8.31384 4.8 65.4
      vertex -9.01067 6.30934 65.4
    endloop
  endfacet
  facet normal 0 0 1
    outer loop
      vertex -8.31384 4.8 65.4
      vertex -9.52628 5.5 65.4
      vertex -8.70055 4.05713 65.4
    endloop
  endfacet
  facet normal -0 0 1
    outer loop
      vertex -9.96939 4.6488 65.4
      vertex -8.70055 4.05713 65.4
      vertex -9.52628 5.5 65.4
    endloop
  endfacet
  facet normal 0 0 1
    outer loop
      vertex -8.70055 4.05713 65.4
      vertex -9.96939 4.6488 65.4
      vertex -9.02105 3.28339 65.4
    endloop
  endfacet
  facet normal -0 0 1
    outer loop
      vertex -10.3366 3.76222 65.4
      vertex -9.02105 3.28339 65.4
      vertex -9.96939 4.6488 65.4
    endloop
  endfacet
  facet normal 0 0 1
    outer loop
      vertex -9.02105 3.28339 65.4
      vertex -10.3366 3.76222 65.4
      vertex -9.27289 2.48466 65.4
    endloop
  endfacet
  facet normal -0 0 1
    outer loop
      vertex -10.6252 2.84701 65.4
      vertex -9.27289 2.48466 65.4
      vertex -10.3366 3.76222 65.4
    endloop
  endfacet
  facet normal 0 0 1
    outer loop
      vertex -9.27289 2.48466 65.4
      vertex -10.6252 2.84701 65.4
      vertex -9.45415 1.66702 65.4
    endloop
  endfacet
  facet normal -0 0 1
    outer loop
      vertex 9.27289 -2.48466 65.4
      vertex 10.6252 -2.84701 65.4
      vertex 9.45415 -1.66702 65.4
    endloop
  endfacet
  facet normal 0 0 1
    outer loop
      vertex 10.6252 -2.84701 65.4
      vertex 9.27289 -2.48466 65.4
      vertex 10.3366 -3.76222 65.4
    endloop
  endfacet
  facet normal -0 0 1
    outer loop
      vertex 9.02105 -3.28339 65.4
      vertex 10.3366 -3.76222 65.4
      vertex 9.27289 -2.48466 65.4
    endloop
  endfacet
  facet normal 0 0 1
    outer loop
      vertex 10.3366 -3.76222 65.4
      vertex 9.02105 -3.28339 65.4
      vertex 9.96939 -4.6488 65.4
    endloop
  endfacet
  facet normal -0 0 1
    outer loop
      vertex 8.70055 -4.05713 65.4
      vertex 9.96939 -4.6488 65.4
      vertex 9.02105 -3.28339 65.4
    endloop
  endfacet
  facet normal 0 0 1
    outer loop
      vertex 9.96939 -4.6488 65.4
      vertex 8.70055 -4.05713 65.4
      vertex 9.52628 -5.5 65.4
    endloop
  endfacet
  facet normal -0 0 1
    outer loop
      vertex 8.31384 -4.8 65.4
      vertex 9.52628 -5.5 65.4
      vertex 8.70055 -4.05713 65.4
    endloop
  endfacet
  facet normal 0 0 1
    outer loop
      vertex 9.52628 -5.5 65.4
      vertex 8.31384 -4.8 65.4
      vertex 9.01067 -6.30934 65.4
    endloop
  endfacet
  facet normal -0 0 1
    outer loop
      vertex 7.86386 -5.50633 65.4
      vertex 9.01067 -6.30934 65.4
      vertex 8.31384 -4.8 65.4
    endloop
  endfacet
  facet normal 0 0 1
    outer loop
      vertex 9.01067 -6.30934 65.4
      vertex 7.86386 -5.50633 65.4
      vertex 8.42649 -7.07066 65.4
    endloop
  endfacet
  facet normal -0 0 1
    outer loop
      vertex 7.35403 -6.17076 65.4
      vertex 8.42649 -7.07066 65.4
      vertex 7.86386 -5.50633 65.4
    endloop
  endfacet
  facet normal 0 0 1
    outer loop
      vertex 8.42649 -7.07066 65.4
      vertex 7.35403 -6.17076 65.4
      vertex 7.77817 -7.77817 65.4
    endloop
  endfacet
  facet normal -0 0 1
    outer loop
      vertex 6.78822 -6.78822 65.4
      vertex 7.77817 -7.77817 65.4
      vertex 7.35403 -6.17076 65.4
    endloop
  endfacet
  facet normal 0 0 1
    outer loop
      vertex 7.77817 -7.77817 65.4
      vertex 6.78822 -6.78822 65.4
      vertex 7.07066 -8.42649 65.4
    endloop
  endfacet
  facet normal -0 0 1
    outer loop
      vertex 6.17076 -7.35403 65.4
      vertex 7.07066 -8.42649 65.4
      vertex 6.78822 -6.78822 65.4
    endloop
  endfacet
  facet normal 0 0 1
    outer loop
      vertex 7.07066 -8.42649 65.4
      vertex 6.17076 -7.35403 65.4
      vertex 6.30934 -9.01067 65.4
    endloop
  endfacet
  facet normal -0 0 1
    outer loop
      vertex 5.50633 -7.86386 65.4
      vertex 6.30934 -9.01067 65.4
      vertex 6.17076 -7.35403 65.4
    endloop
  endfacet
  facet normal 0 0 1
    outer loop
      vertex 5.50633 -7.86386 65.4
      vertex 5.5 -9.52628 65.4
      vertex 6.30934 -9.01067 65.4
    endloop
  endfacet
  facet normal -0 0 1
    outer loop
      vertex 4.8 -8.31384 65.4
      vertex 5.5 -9.52628 65.4
      vertex 5.50633 -7.86386 65.4
    endloop
  endfacet
  facet normal 0 0 1
    outer loop
      vertex 4.8 -8.31384 65.4
      vertex 4.6488 -9.96939 65.4
      vertex 5.5 -9.52628 65.4
    endloop
  endfacet
  facet normal -0 0 1
    outer loop
      vertex 4.05713 -8.70055 65.4
      vertex 4.6488 -9.96939 65.4
      vertex 4.8 -8.31384 65.4
    endloop
  endfacet
  facet normal 0 0 1
    outer loop
      vertex 4.05713 -8.70055 65.4
      vertex 3.76222 -10.3366 65.4
      vertex 4.6488 -9.96939 65.4
    endloop
  endfacet
  facet normal -0 0 1
    outer loop
      vertex 3.28339 -9.02105 65.4
      vertex 3.76222 -10.3366 65.4
      vertex 4.05713 -8.70055 65.4
    endloop
  endfacet
  facet normal 0 0 1
    outer loop
      vertex 3.28339 -9.02105 65.4
      vertex 2.84701 -10.6252 65.4
      vertex 3.76222 -10.3366 65.4
    endloop
  endfacet
  facet normal -0 0 1
    outer loop
      vertex 2.48466 -9.27289 65.4
      vertex 2.84701 -10.6252 65.4
      vertex 3.28339 -9.02105 65.4
    endloop
  endfacet
  facet normal 0 0 1
    outer loop
      vertex 2.48466 -9.27289 65.4
      vertex 1.91013 -10.8329 65.4
      vertex 2.84701 -10.6252 65.4
    endloop
  endfacet
  facet normal -0 0 1
    outer loop
      vertex 1.66702 -9.45415 65.4
      vertex 1.91013 -10.8329 65.4
      vertex 2.48466 -9.27289 65.4
    endloop
  endfacet
  facet normal 0 0 1
    outer loop
      vertex 1.66702 -9.45415 65.4
      vertex 0.958713 -10.9581 65.4
      vertex 1.91013 -10.8329 65.4
    endloop
  endfacet
  facet normal -0 0 1
    outer loop
      vertex 0.836695 -9.56347 65.4
      vertex 0.958713 -10.9581 65.4
      vertex 1.66702 -9.45415 65.4
    endloop
  endfacet
  facet normal -0 0 1
    outer loop
      vertex 0 -9.6 65.4
      vertex 0.958713 -10.9581 65.4
      vertex 0.836695 -9.56347 65.4
    endloop
  endfacet
  facet normal 0 0 1
    outer loop
      vertex 0 -9.6 65.4
      vertex 0 -11 65.4
      vertex 0.958713 -10.9581 65.4
    endloop
  endfacet
  facet normal 0 0 1
    outer loop
      vertex -0.836695 -9.56347 65.4
      vertex 0 -11 65.4
      vertex 0 -9.6 65.4
    endloop
  endfacet
  facet normal 0 0 1
    outer loop
      vertex -0.836695 -9.56347 65.4
      vertex -0.958713 -10.9581 65.4
      vertex 0 -11 65.4
    endloop
  endfacet
  facet normal 0 0 1
    outer loop
      vertex -1.66702 -9.45415 65.4
      vertex -0.958713 -10.9581 65.4
      vertex -0.836695 -9.56347 65.4
    endloop
  endfacet
  facet normal 0 0 1
    outer loop
      vertex -1.66702 -9.45415 65.4
      vertex -1.91013 -10.8329 65.4
      vertex -0.958713 -10.9581 65.4
    endloop
  endfacet
  facet normal 0 0 1
    outer loop
      vertex -2.48466 -9.27289 65.4
      vertex -1.91013 -10.8329 65.4
      vertex -1.66702 -9.45415 65.4
    endloop
  endfacet
  facet normal 0 0 1
    outer loop
      vertex -2.48466 -9.27289 65.4
      vertex -2.84701 -10.6252 65.4
      vertex -1.91013 -10.8329 65.4
    endloop
  endfacet
  facet normal 0 0 1
    outer loop
      vertex -3.28339 -9.02105 65.4
      vertex -2.84701 -10.6252 65.4
      vertex -2.48466 -9.27289 65.4
    endloop
  endfacet
  facet normal 0 0 1
    outer loop
      vertex -3.28339 -9.02105 65.4
      vertex -3.76222 -10.3366 65.4
      vertex -2.84701 -10.6252 65.4
    endloop
  endfacet
  facet normal 0 0 1
    outer loop
      vertex -4.05713 -8.70055 65.4
      vertex -3.76222 -10.3366 65.4
      vertex -3.28339 -9.02105 65.4
    endloop
  endfacet
  facet normal 0 0 1
    outer loop
      vertex -4.05713 -8.70055 65.4
      vertex -4.6488 -9.96939 65.4
      vertex -3.76222 -10.3366 65.4
    endloop
  endfacet
  facet normal 0 0 1
    outer loop
      vertex -4.8 -8.31384 65.4
      vertex -4.6488 -9.96939 65.4
      vertex -4.05713 -8.70055 65.4
    endloop
  endfacet
  facet normal 0 0 1
    outer loop
      vertex -4.8 -8.31384 65.4
      vertex -5.5 -9.52628 65.4
      vertex -4.6488 -9.96939 65.4
    endloop
  endfacet
  facet normal 0 0 1
    outer loop
      vertex -5.50633 -7.86386 65.4
      vertex -5.5 -9.52628 65.4
      vertex -4.8 -8.31384 65.4
    endloop
  endfacet
  facet normal 0 0 1
    outer loop
      vertex -6.30934 -9.01067 65.4
      vertex -5.50633 -7.86386 65.4
      vertex -6.17076 -7.35403 65.4
    endloop
  endfacet
  facet normal 0 0 1
    outer loop
      vertex -5.50633 -7.86386 65.4
      vertex -6.30934 -9.01067 65.4
      vertex -5.5 -9.52628 65.4
    endloop
  endfacet
  facet normal 0 0 1
    outer loop
      vertex -7.07066 -8.42649 65.4
      vertex -6.17076 -7.35403 65.4
      vertex -6.78822 -6.78822 65.4
    endloop
  endfacet
  facet normal 0 0 1
    outer loop
      vertex -6.17076 -7.35403 65.4
      vertex -7.07066 -8.42649 65.4
      vertex -6.30934 -9.01067 65.4
    endloop
  endfacet
  facet normal 0 0 1
    outer loop
      vertex -7.77817 -7.77817 65.4
      vertex -6.78822 -6.78822 65.4
      vertex -7.35403 -6.17076 65.4
    endloop
  endfacet
  facet normal 0 0 1
    outer loop
      vertex -6.78822 -6.78822 65.4
      vertex -7.77817 -7.77817 65.4
      vertex -7.07066 -8.42649 65.4
    endloop
  endfacet
  facet normal 0 0 1
    outer loop
      vertex -8.42649 -7.07066 65.4
      vertex -7.35403 -6.17076 65.4
      vertex -7.86386 -5.50633 65.4
    endloop
  endfacet
  facet normal 0 0 1
    outer loop
      vertex -9.01067 -6.30934 65.4
      vertex -7.86386 -5.50633 65.4
      vertex -8.31384 -4.8 65.4
    endloop
  endfacet
  facet normal 0 0 1
    outer loop
      vertex -7.35403 -6.17076 65.4
      vertex -8.42649 -7.07066 65.4
      vertex -7.77817 -7.77817 65.4
    endloop
  endfacet
  facet normal 0 0 1
    outer loop
      vertex -9.52628 -5.5 65.4
      vertex -8.31384 -4.8 65.4
      vertex -8.70055 -4.05713 65.4
    endloop
  endfacet
  facet normal 0 0 1
    outer loop
      vertex -7.86386 -5.50633 65.4
      vertex -9.01067 -6.30934 65.4
      vertex -8.42649 -7.07066 65.4
    endloop
  endfacet
  facet normal 0 0 1
    outer loop
      vertex -9.96939 -4.6488 65.4
      vertex -8.70055 -4.05713 65.4
      vertex -9.02105 -3.28339 65.4
    endloop
  endfacet
  facet normal 0 0 1
    outer loop
      vertex -10.3366 -3.76222 65.4
      vertex -9.02105 -3.28339 65.4
      vertex -9.27289 -2.48466 65.4
    endloop
  endfacet
  facet normal 0 0 1
    outer loop
      vertex -10.6252 -2.84701 65.4
      vertex -9.27289 -2.48466 65.4
      vertex -9.45415 -1.66702 65.4
    endloop
  endfacet
  facet normal 0 0 1
    outer loop
      vertex -8.31384 -4.8 65.4
      vertex -9.52628 -5.5 65.4
      vertex -9.01067 -6.30934 65.4
    endloop
  endfacet
  facet normal 0 0 1
    outer loop
      vertex -10.8329 -1.91013 65.4
      vertex -9.45415 -1.66702 65.4
      vertex -9.56347 -0.836695 65.4
    endloop
  endfacet
  facet normal 0 0 1
    outer loop
      vertex -10.9581 -0.958713 65.4
      vertex -9.56347 -0.836695 65.4
      vertex -9.6 0 65.4
    endloop
  endfacet
  facet normal -0 0 1
    outer loop
      vertex -10.8329 1.91013 65.4
      vertex -9.45415 1.66702 65.4
      vertex -10.6252 2.84701 65.4
    endloop
  endfacet
  facet normal 0 0 1
    outer loop
      vertex -8.70055 -4.05713 65.4
      vertex -9.96939 -4.6488 65.4
      vertex -9.52628 -5.5 65.4
    endloop
  endfacet
  facet normal 0 0 1
    outer loop
      vertex -9.45415 1.66702 65.4
      vertex -10.8329 1.91013 65.4
      vertex -9.56347 0.836695 65.4
    endloop
  endfacet
  facet normal 0 0 1
    outer loop
      vertex -9.02105 -3.28339 65.4
      vertex -10.3366 -3.76222 65.4
      vertex -9.96939 -4.6488 65.4
    endloop
  endfacet
  facet normal -0 0 1
    outer loop
      vertex -10.9581 0.958713 65.4
      vertex -9.56347 0.836695 65.4
      vertex -10.8329 1.91013 65.4
    endloop
  endfacet
  facet normal 0 0 1
    outer loop
      vertex -9.27289 -2.48466 65.4
      vertex -10.6252 -2.84701 65.4
      vertex -10.3366 -3.76222 65.4
    endloop
  endfacet
  facet normal 0 0 1
    outer loop
      vertex -9.56347 0.836695 65.4
      vertex -10.9581 0.958713 65.4
      vertex -9.6 0 65.4
    endloop
  endfacet
  facet normal 0 0 1
    outer loop
      vertex -9.45415 -1.66702 65.4
      vertex -10.8329 -1.91013 65.4
      vertex -10.6252 -2.84701 65.4
    endloop
  endfacet
  facet normal 0 0 1
    outer loop
      vertex -11 0 65.4
      vertex -9.6 0 65.4
      vertex -10.9581 0.958713 65.4
    endloop
  endfacet
  facet normal 0 0 1
    outer loop
      vertex -9.56347 -0.836695 65.4
      vertex -10.9581 -0.958713 65.4
      vertex -10.8329 -1.91013 65.4
    endloop
  endfacet
  facet normal 0 0 1
    outer loop
      vertex -9.6 0 65.4
      vertex -11 0 65.4
      vertex -10.9581 -0.958713 65.4
    endloop
  endfacet
  facet normal 0 0 -1
    outer loop
      vertex 9.6 0 67.6
      vertex 11 0 67.6
      vertex 10.9581 -0.958713 67.6
    endloop
  endfacet
  facet normal 0 0 -1
    outer loop
      vertex 9.56347 -0.836695 67.6
      vertex 10.9581 -0.958713 67.6
      vertex 10.8329 -1.91013 67.6
    endloop
  endfacet
  facet normal 0 0 -1
    outer loop
      vertex 11 0 67.6
      vertex 9.6 0 67.6
      vertex 10.9581 0.958713 67.6
    endloop
  endfacet
  facet normal 0 0 -1
    outer loop
      vertex 9.45415 -1.66702 67.6
      vertex 10.8329 -1.91013 67.6
      vertex 10.6252 -2.84701 67.6
    endloop
  endfacet
  facet normal 0 0 -1
    outer loop
      vertex 9.56347 0.836695 67.6
      vertex 10.9581 0.958713 67.6
      vertex 9.6 0 67.6
    endloop
  endfacet
  facet normal 0 0 -1
    outer loop
      vertex 9.27289 -2.48466 67.6
      vertex 10.6252 -2.84701 67.6
      vertex 10.3366 -3.76222 67.6
    endloop
  endfacet
  facet normal -0 0 -1
    outer loop
      vertex 10.9581 0.958713 67.6
      vertex 9.56347 0.836695 67.6
      vertex 10.8329 1.91013 67.6
    endloop
  endfacet
  facet normal 0 0 -1
    outer loop
      vertex 9.02105 -3.28339 67.6
      vertex 10.3366 -3.76222 67.6
      vertex 9.96939 -4.6488 67.6
    endloop
  endfacet
  facet normal 0 0 -1
    outer loop
      vertex 9.45415 1.66702 67.6
      vertex 10.8329 1.91013 67.6
      vertex 9.56347 0.836695 67.6
    endloop
  endfacet
  facet normal -0 0 -1
    outer loop
      vertex 10.8329 1.91013 67.6
      vertex 9.45415 1.66702 67.6
      vertex 10.6252 2.84701 67.6
    endloop
  endfacet
  facet normal 0 0 -1
    outer loop
      vertex 10.9581 -0.958713 67.6
      vertex 9.56347 -0.836695 67.6
      vertex 9.6 0 67.6
    endloop
  endfacet
  facet normal 0 0 -1
    outer loop
      vertex 8.70055 -4.05713 67.6
      vertex 9.96939 -4.6488 67.6
      vertex 9.52628 -5.5 67.6
    endloop
  endfacet
  facet normal 0 0 -1
    outer loop
      vertex 10.8329 -1.91013 67.6
      vertex 9.45415 -1.66702 67.6
      vertex 9.56347 -0.836695 67.6
    endloop
  endfacet
  facet normal 0 0 -1
    outer loop
      vertex 10.6252 -2.84701 67.6
      vertex 9.27289 -2.48466 67.6
      vertex 9.45415 -1.66702 67.6
    endloop
  endfacet
  facet normal 0 0 -1
    outer loop
      vertex 10.3366 -3.76222 67.6
      vertex 9.02105 -3.28339 67.6
      vertex 9.27289 -2.48466 67.6
    endloop
  endfacet
  facet normal 0 0 -1
    outer loop
      vertex 8.31384 -4.8 67.6
      vertex 9.52628 -5.5 67.6
      vertex 9.01067 -6.30934 67.6
    endloop
  endfacet
  facet normal 0 0 -1
    outer loop
      vertex 9.96939 -4.6488 67.6
      vertex 8.70055 -4.05713 67.6
      vertex 9.02105 -3.28339 67.6
    endloop
  endfacet
  facet normal 0 0 -1
    outer loop
      vertex 7.86386 -5.50633 67.6
      vertex 9.01067 -6.30934 67.6
      vertex 8.42649 -7.07066 67.6
    endloop
  endfacet
  facet normal 0 0 -1
    outer loop
      vertex 9.52628 -5.5 67.6
      vertex 8.31384 -4.8 67.6
      vertex 8.70055 -4.05713 67.6
    endloop
  endfacet
  facet normal 0 0 -1
    outer loop
      vertex 9.01067 -6.30934 67.6
      vertex 7.86386 -5.50633 67.6
      vertex 8.31384 -4.8 67.6
    endloop
  endfacet
  facet normal 0 0 -1
    outer loop
      vertex 7.35403 -6.17076 67.6
      vertex 8.42649 -7.07066 67.6
      vertex 7.77817 -7.77817 67.6
    endloop
  endfacet
  facet normal 0 0 -1
    outer loop
      vertex 8.42649 -7.07066 67.6
      vertex 7.35403 -6.17076 67.6
      vertex 7.86386 -5.50633 67.6
    endloop
  endfacet
  facet normal 0 0 -1
    outer loop
      vertex 6.78822 -6.78822 67.6
      vertex 7.77817 -7.77817 67.6
      vertex 7.07066 -8.42649 67.6
    endloop
  endfacet
  facet normal 0 0 -1
    outer loop
      vertex 7.77817 -7.77817 67.6
      vertex 6.78822 -6.78822 67.6
      vertex 7.35403 -6.17076 67.6
    endloop
  endfacet
  facet normal 0 0 -1
    outer loop
      vertex 6.17076 -7.35403 67.6
      vertex 7.07066 -8.42649 67.6
      vertex 6.30934 -9.01067 67.6
    endloop
  endfacet
  facet normal 0 0 -1
    outer loop
      vertex 7.07066 -8.42649 67.6
      vertex 6.17076 -7.35403 67.6
      vertex 6.78822 -6.78822 67.6
    endloop
  endfacet
  facet normal 0 0 -1
    outer loop
      vertex 6.30934 -9.01067 67.6
      vertex 5.50633 -7.86386 67.6
      vertex 6.17076 -7.35403 67.6
    endloop
  endfacet
  facet normal 0 0 -1
    outer loop
      vertex 5.5 -9.52628 67.6
      vertex 5.50633 -7.86386 67.6
      vertex 6.30934 -9.01067 67.6
    endloop
  endfacet
  facet normal 0 0 -1
    outer loop
      vertex 5.5 -9.52628 67.6
      vertex 4.8 -8.31384 67.6
      vertex 5.50633 -7.86386 67.6
    endloop
  endfacet
  facet normal 0 0 -1
    outer loop
      vertex 4.6488 -9.96939 67.6
      vertex 4.8 -8.31384 67.6
      vertex 5.5 -9.52628 67.6
    endloop
  endfacet
  facet normal 0 0 -1
    outer loop
      vertex 4.6488 -9.96939 67.6
      vertex 4.05713 -8.70055 67.6
      vertex 4.8 -8.31384 67.6
    endloop
  endfacet
  facet normal 0 0 -1
    outer loop
      vertex 3.76222 -10.3366 67.6
      vertex 4.05713 -8.70055 67.6
      vertex 4.6488 -9.96939 67.6
    endloop
  endfacet
  facet normal 0 0 -1
    outer loop
      vertex 3.76222 -10.3366 67.6
      vertex 3.28339 -9.02105 67.6
      vertex 4.05713 -8.70055 67.6
    endloop
  endfacet
  facet normal 0 0 -1
    outer loop
      vertex 2.84701 -10.6252 67.6
      vertex 3.28339 -9.02105 67.6
      vertex 3.76222 -10.3366 67.6
    endloop
  endfacet
  facet normal 0 0 -1
    outer loop
      vertex 2.84701 -10.6252 67.6
      vertex 2.48466 -9.27289 67.6
      vertex 3.28339 -9.02105 67.6
    endloop
  endfacet
  facet normal 0 0 -1
    outer loop
      vertex 1.91013 -10.8329 67.6
      vertex 2.48466 -9.27289 67.6
      vertex 2.84701 -10.6252 67.6
    endloop
  endfacet
  facet normal 0 0 -1
    outer loop
      vertex 1.91013 -10.8329 67.6
      vertex 1.66702 -9.45415 67.6
      vertex 2.48466 -9.27289 67.6
    endloop
  endfacet
  facet normal 0 0 -1
    outer loop
      vertex 0.958713 -10.9581 67.6
      vertex 1.66702 -9.45415 67.6
      vertex 1.91013 -10.8329 67.6
    endloop
  endfacet
  facet normal 0 0 -1
    outer loop
      vertex 0.958713 -10.9581 67.6
      vertex 0.836695 -9.56347 67.6
      vertex 1.66702 -9.45415 67.6
    endloop
  endfacet
  facet normal 0 0 -1
    outer loop
      vertex 0 -11 67.6
      vertex 0.836695 -9.56347 67.6
      vertex 0.958713 -10.9581 67.6
    endloop
  endfacet
  facet normal 0 0 -1
    outer loop
      vertex 0 -11 67.6
      vertex 0 -9.6 67.6
      vertex 0.836695 -9.56347 67.6
    endloop
  endfacet
  facet normal 0 0 -1
    outer loop
      vertex 0 -11 67.6
      vertex -0.836695 -9.56347 67.6
      vertex 0 -9.6 67.6
    endloop
  endfacet
  facet normal 0 0 -1
    outer loop
      vertex -0.958713 -10.9581 67.6
      vertex -0.836695 -9.56347 67.6
      vertex 0 -11 67.6
    endloop
  endfacet
  facet normal 0 0 -1
    outer loop
      vertex -0.958713 -10.9581 67.6
      vertex -1.66702 -9.45415 67.6
      vertex -0.836695 -9.56347 67.6
    endloop
  endfacet
  facet normal 0 0 -1
    outer loop
      vertex -1.91013 -10.8329 67.6
      vertex -1.66702 -9.45415 67.6
      vertex -0.958713 -10.9581 67.6
    endloop
  endfacet
  facet normal 0 0 -1
    outer loop
      vertex -1.91013 -10.8329 67.6
      vertex -2.48466 -9.27289 67.6
      vertex -1.66702 -9.45415 67.6
    endloop
  endfacet
  facet normal 0 0 -1
    outer loop
      vertex -2.84701 -10.6252 67.6
      vertex -2.48466 -9.27289 67.6
      vertex -1.91013 -10.8329 67.6
    endloop
  endfacet
  facet normal 0 0 -1
    outer loop
      vertex -2.84701 -10.6252 67.6
      vertex -3.28339 -9.02105 67.6
      vertex -2.48466 -9.27289 67.6
    endloop
  endfacet
  facet normal 0 0 -1
    outer loop
      vertex -3.76222 -10.3366 67.6
      vertex -3.28339 -9.02105 67.6
      vertex -2.84701 -10.6252 67.6
    endloop
  endfacet
  facet normal 0 0 -1
    outer loop
      vertex -3.76222 -10.3366 67.6
      vertex -4.05713 -8.70055 67.6
      vertex -3.28339 -9.02105 67.6
    endloop
  endfacet
  facet normal 0 0 -1
    outer loop
      vertex -4.6488 -9.96939 67.6
      vertex -4.05713 -8.70055 67.6
      vertex -3.76222 -10.3366 67.6
    endloop
  endfacet
  facet normal 0 0 -1
    outer loop
      vertex -4.6488 -9.96939 67.6
      vertex -4.8 -8.31384 67.6
      vertex -4.05713 -8.70055 67.6
    endloop
  endfacet
  facet normal 0 0 -1
    outer loop
      vertex -5.5 -9.52628 67.6
      vertex -4.8 -8.31384 67.6
      vertex -4.6488 -9.96939 67.6
    endloop
  endfacet
  facet normal 0 0 -1
    outer loop
      vertex -5.5 -9.52628 67.6
      vertex -5.50633 -7.86386 67.6
      vertex -4.8 -8.31384 67.6
    endloop
  endfacet
  facet normal 0 0 -1
    outer loop
      vertex -6.30934 -9.01067 67.6
      vertex -5.50633 -7.86386 67.6
      vertex -5.5 -9.52628 67.6
    endloop
  endfacet
  facet normal -0 0 -1
    outer loop
      vertex -5.50633 -7.86386 67.6
      vertex -6.30934 -9.01067 67.6
      vertex -6.17076 -7.35403 67.6
    endloop
  endfacet
  facet normal 0 0 -1
    outer loop
      vertex -7.07066 -8.42649 67.6
      vertex -6.17076 -7.35403 67.6
      vertex -6.30934 -9.01067 67.6
    endloop
  endfacet
  facet normal -0 0 -1
    outer loop
      vertex -6.17076 -7.35403 67.6
      vertex -7.07066 -8.42649 67.6
      vertex -6.78822 -6.78822 67.6
    endloop
  endfacet
  facet normal 0 0 -1
    outer loop
      vertex -7.77817 -7.77817 67.6
      vertex -6.78822 -6.78822 67.6
      vertex -7.07066 -8.42649 67.6
    endloop
  endfacet
  facet normal -0 0 -1
    outer loop
      vertex -6.78822 -6.78822 67.6
      vertex -7.77817 -7.77817 67.6
      vertex -7.35403 -6.17076 67.6
    endloop
  endfacet
  facet normal 0 0 -1
    outer loop
      vertex -8.42649 -7.07066 67.6
      vertex -7.35403 -6.17076 67.6
      vertex -7.77817 -7.77817 67.6
    endloop
  endfacet
  facet normal -0 0 -1
    outer loop
      vertex -7.35403 -6.17076 67.6
      vertex -8.42649 -7.07066 67.6
      vertex -7.86386 -5.50633 67.6
    endloop
  endfacet
  facet normal 0 0 -1
    outer loop
      vertex -9.01067 -6.30934 67.6
      vertex -7.86386 -5.50633 67.6
      vertex -8.42649 -7.07066 67.6
    endloop
  endfacet
  facet normal -0 0 -1
    outer loop
      vertex -7.86386 -5.50633 67.6
      vertex -9.01067 -6.30934 67.6
      vertex -8.31384 -4.8 67.6
    endloop
  endfacet
  facet normal 0 0 -1
    outer loop
      vertex -9.52628 -5.5 67.6
      vertex -8.31384 -4.8 67.6
      vertex -9.01067 -6.30934 67.6
    endloop
  endfacet
  facet normal -0 0 -1
    outer loop
      vertex -8.31384 -4.8 67.6
      vertex -9.52628 -5.5 67.6
      vertex -8.70055 -4.05713 67.6
    endloop
  endfacet
  facet normal 0 0 -1
    outer loop
      vertex -9.96939 -4.6488 67.6
      vertex -8.70055 -4.05713 67.6
      vertex -9.52628 -5.5 67.6
    endloop
  endfacet
  facet normal -0 0 -1
    outer loop
      vertex -8.70055 -4.05713 67.6
      vertex -9.96939 -4.6488 67.6
      vertex -9.02105 -3.28339 67.6
    endloop
  endfacet
  facet normal 0 0 -1
    outer loop
      vertex -10.3366 -3.76222 67.6
      vertex -9.02105 -3.28339 67.6
      vertex -9.96939 -4.6488 67.6
    endloop
  endfacet
  facet normal -0 0 -1
    outer loop
      vertex -9.02105 -3.28339 67.6
      vertex -10.3366 -3.76222 67.6
      vertex -9.27289 -2.48466 67.6
    endloop
  endfacet
  facet normal 0 0 -1
    outer loop
      vertex -10.6252 -2.84701 67.6
      vertex -9.27289 -2.48466 67.6
      vertex -10.3366 -3.76222 67.6
    endloop
  endfacet
  facet normal -0 0 -1
    outer loop
      vertex -9.27289 -2.48466 67.6
      vertex -10.6252 -2.84701 67.6
      vertex -9.45415 -1.66702 67.6
    endloop
  endfacet
  facet normal 0 0 -1
    outer loop
      vertex 9.27289 2.48466 67.6
      vertex 10.6252 2.84701 67.6
      vertex 9.45415 1.66702 67.6
    endloop
  endfacet
  facet normal -0 0 -1
    outer loop
      vertex 10.6252 2.84701 67.6
      vertex 9.27289 2.48466 67.6
      vertex 10.3366 3.76222 67.6
    endloop
  endfacet
  facet normal 0 0 -1
    outer loop
      vertex 9.02105 3.28339 67.6
      vertex 10.3366 3.76222 67.6
      vertex 9.27289 2.48466 67.6
    endloop
  endfacet
  facet normal -0 0 -1
    outer loop
      vertex 10.3366 3.76222 67.6
      vertex 9.02105 3.28339 67.6
      vertex 9.96939 4.6488 67.6
    endloop
  endfacet
  facet normal 0 0 -1
    outer loop
      vertex 8.70055 4.05713 67.6
      vertex 9.96939 4.6488 67.6
      vertex 9.02105 3.28339 67.6
    endloop
  endfacet
  facet normal -0 0 -1
    outer loop
      vertex 9.96939 4.6488 67.6
      vertex 8.70055 4.05713 67.6
      vertex 9.52628 5.5 67.6
    endloop
  endfacet
  facet normal 0 0 -1
    outer loop
      vertex 8.31384 4.8 67.6
      vertex 9.52628 5.5 67.6
      vertex 8.70055 4.05713 67.6
    endloop
  endfacet
  facet normal -0 0 -1
    outer loop
      vertex 9.52628 5.5 67.6
      vertex 8.31384 4.8 67.6
      vertex 9.01067 6.30934 67.6
    endloop
  endfacet
  facet normal 0 0 -1
    outer loop
      vertex 7.86386 5.50633 67.6
      vertex 9.01067 6.30934 67.6
      vertex 8.31384 4.8 67.6
    endloop
  endfacet
  facet normal -0 0 -1
    outer loop
      vertex 9.01067 6.30934 67.6
      vertex 7.86386 5.50633 67.6
      vertex 8.42649 7.07066 67.6
    endloop
  endfacet
  facet normal 0 0 -1
    outer loop
      vertex 7.35403 6.17076 67.6
      vertex 8.42649 7.07066 67.6
      vertex 7.86386 5.50633 67.6
    endloop
  endfacet
  facet normal -0 0 -1
    outer loop
      vertex 8.42649 7.07066 67.6
      vertex 7.35403 6.17076 67.6
      vertex 7.77817 7.77817 67.6
    endloop
  endfacet
  facet normal 0 0 -1
    outer loop
      vertex 6.78822 6.78822 67.6
      vertex 7.77817 7.77817 67.6
      vertex 7.35403 6.17076 67.6
    endloop
  endfacet
  facet normal -0 0 -1
    outer loop
      vertex 7.77817 7.77817 67.6
      vertex 6.78822 6.78822 67.6
      vertex 7.07066 8.42649 67.6
    endloop
  endfacet
  facet normal 0 0 -1
    outer loop
      vertex 6.17076 7.35403 67.6
      vertex 7.07066 8.42649 67.6
      vertex 6.78822 6.78822 67.6
    endloop
  endfacet
  facet normal -0 0 -1
    outer loop
      vertex 7.07066 8.42649 67.6
      vertex 6.17076 7.35403 67.6
      vertex 6.30934 9.01067 67.6
    endloop
  endfacet
  facet normal 0 0 -1
    outer loop
      vertex 5.50633 7.86386 67.6
      vertex 6.30934 9.01067 67.6
      vertex 6.17076 7.35403 67.6
    endloop
  endfacet
  facet normal 0 0 -1
    outer loop
      vertex 5.50633 7.86386 67.6
      vertex 5.5 9.52628 67.6
      vertex 6.30934 9.01067 67.6
    endloop
  endfacet
  facet normal 0 0 -1
    outer loop
      vertex 4.8 8.31384 67.6
      vertex 5.5 9.52628 67.6
      vertex 5.50633 7.86386 67.6
    endloop
  endfacet
  facet normal 0 0 -1
    outer loop
      vertex 4.8 8.31384 67.6
      vertex 4.6488 9.96939 67.6
      vertex 5.5 9.52628 67.6
    endloop
  endfacet
  facet normal 0 0 -1
    outer loop
      vertex 4.05713 8.70055 67.6
      vertex 4.6488 9.96939 67.6
      vertex 4.8 8.31384 67.6
    endloop
  endfacet
  facet normal 0 0 -1
    outer loop
      vertex 4.05713 8.70055 67.6
      vertex 3.76222 10.3366 67.6
      vertex 4.6488 9.96939 67.6
    endloop
  endfacet
  facet normal 0 0 -1
    outer loop
      vertex 3.28339 9.02105 67.6
      vertex 3.76222 10.3366 67.6
      vertex 4.05713 8.70055 67.6
    endloop
  endfacet
  facet normal 0 0 -1
    outer loop
      vertex 3.28339 9.02105 67.6
      vertex 2.84701 10.6252 67.6
      vertex 3.76222 10.3366 67.6
    endloop
  endfacet
  facet normal 0 0 -1
    outer loop
      vertex 2.48466 9.27289 67.6
      vertex 2.84701 10.6252 67.6
      vertex 3.28339 9.02105 67.6
    endloop
  endfacet
  facet normal 0 0 -1
    outer loop
      vertex 2.48466 9.27289 67.6
      vertex 1.91013 10.8329 67.6
      vertex 2.84701 10.6252 67.6
    endloop
  endfacet
  facet normal 0 0 -1
    outer loop
      vertex 1.66702 9.45415 67.6
      vertex 1.91013 10.8329 67.6
      vertex 2.48466 9.27289 67.6
    endloop
  endfacet
  facet normal 0 0 -1
    outer loop
      vertex 1.66702 9.45415 67.6
      vertex 0.958713 10.9581 67.6
      vertex 1.91013 10.8329 67.6
    endloop
  endfacet
  facet normal 0 0 -1
    outer loop
      vertex 0.836695 9.56347 67.6
      vertex 0.958713 10.9581 67.6
      vertex 1.66702 9.45415 67.6
    endloop
  endfacet
  facet normal 0 0 -1
    outer loop
      vertex 0 9.6 67.6
      vertex 0.958713 10.9581 67.6
      vertex 0.836695 9.56347 67.6
    endloop
  endfacet
  facet normal 0 0 -1
    outer loop
      vertex 0 9.6 67.6
      vertex 0 11 67.6
      vertex 0.958713 10.9581 67.6
    endloop
  endfacet
  facet normal 0 0 -1
    outer loop
      vertex -0.836695 9.56347 67.6
      vertex 0 11 67.6
      vertex 0 9.6 67.6
    endloop
  endfacet
  facet normal 0 0 -1
    outer loop
      vertex -0.836695 9.56347 67.6
      vertex -0.958713 10.9581 67.6
      vertex 0 11 67.6
    endloop
  endfacet
  facet normal 0 0 -1
    outer loop
      vertex -1.66702 9.45415 67.6
      vertex -0.958713 10.9581 67.6
      vertex -0.836695 9.56347 67.6
    endloop
  endfacet
  facet normal 0 0 -1
    outer loop
      vertex -1.66702 9.45415 67.6
      vertex -1.91013 10.8329 67.6
      vertex -0.958713 10.9581 67.6
    endloop
  endfacet
  facet normal 0 0 -1
    outer loop
      vertex -2.48466 9.27289 67.6
      vertex -1.91013 10.8329 67.6
      vertex -1.66702 9.45415 67.6
    endloop
  endfacet
  facet normal 0 0 -1
    outer loop
      vertex -2.48466 9.27289 67.6
      vertex -2.84701 10.6252 67.6
      vertex -1.91013 10.8329 67.6
    endloop
  endfacet
  facet normal 0 0 -1
    outer loop
      vertex -3.28339 9.02105 67.6
      vertex -2.84701 10.6252 67.6
      vertex -2.48466 9.27289 67.6
    endloop
  endfacet
  facet normal 0 0 -1
    outer loop
      vertex -3.28339 9.02105 67.6
      vertex -3.76222 10.3366 67.6
      vertex -2.84701 10.6252 67.6
    endloop
  endfacet
  facet normal 0 0 -1
    outer loop
      vertex -4.05713 8.70055 67.6
      vertex -3.76222 10.3366 67.6
      vertex -3.28339 9.02105 67.6
    endloop
  endfacet
  facet normal 0 0 -1
    outer loop
      vertex -4.05713 8.70055 67.6
      vertex -4.6488 9.96939 67.6
      vertex -3.76222 10.3366 67.6
    endloop
  endfacet
  facet normal 0 0 -1
    outer loop
      vertex -4.8 8.31384 67.6
      vertex -4.6488 9.96939 67.6
      vertex -4.05713 8.70055 67.6
    endloop
  endfacet
  facet normal 0 0 -1
    outer loop
      vertex -4.8 8.31384 67.6
      vertex -5.5 9.52628 67.6
      vertex -4.6488 9.96939 67.6
    endloop
  endfacet
  facet normal 0 0 -1
    outer loop
      vertex -5.50633 7.86386 67.6
      vertex -5.5 9.52628 67.6
      vertex -4.8 8.31384 67.6
    endloop
  endfacet
  facet normal 0 0 -1
    outer loop
      vertex -6.30934 9.01067 67.6
      vertex -5.50633 7.86386 67.6
      vertex -6.17076 7.35403 67.6
    endloop
  endfacet
  facet normal 0 0 -1
    outer loop
      vertex -5.50633 7.86386 67.6
      vertex -6.30934 9.01067 67.6
      vertex -5.5 9.52628 67.6
    endloop
  endfacet
  facet normal 0 0 -1
    outer loop
      vertex -7.07066 8.42649 67.6
      vertex -6.17076 7.35403 67.6
      vertex -6.78822 6.78822 67.6
    endloop
  endfacet
  facet normal 0 0 -1
    outer loop
      vertex -6.17076 7.35403 67.6
      vertex -7.07066 8.42649 67.6
      vertex -6.30934 9.01067 67.6
    endloop
  endfacet
  facet normal 0 0 -1
    outer loop
      vertex -7.77817 7.77817 67.6
      vertex -6.78822 6.78822 67.6
      vertex -7.35403 6.17076 67.6
    endloop
  endfacet
  facet normal 0 0 -1
    outer loop
      vertex -6.78822 6.78822 67.6
      vertex -7.77817 7.77817 67.6
      vertex -7.07066 8.42649 67.6
    endloop
  endfacet
  facet normal 0 0 -1
    outer loop
      vertex -8.42649 7.07066 67.6
      vertex -7.35403 6.17076 67.6
      vertex -7.86386 5.50633 67.6
    endloop
  endfacet
  facet normal 0 0 -1
    outer loop
      vertex -9.01067 6.30934 67.6
      vertex -7.86386 5.50633 67.6
      vertex -8.31384 4.8 67.6
    endloop
  endfacet
  facet normal 0 0 -1
    outer loop
      vertex -7.35403 6.17076 67.6
      vertex -8.42649 7.07066 67.6
      vertex -7.77817 7.77817 67.6
    endloop
  endfacet
  facet normal 0 0 -1
    outer loop
      vertex -9.52628 5.5 67.6
      vertex -8.31384 4.8 67.6
      vertex -8.70055 4.05713 67.6
    endloop
  endfacet
  facet normal 0 0 -1
    outer loop
      vertex -7.86386 5.50633 67.6
      vertex -9.01067 6.30934 67.6
      vertex -8.42649 7.07066 67.6
    endloop
  endfacet
  facet normal 0 0 -1
    outer loop
      vertex -9.96939 4.6488 67.6
      vertex -8.70055 4.05713 67.6
      vertex -9.02105 3.28339 67.6
    endloop
  endfacet
  facet normal 0 0 -1
    outer loop
      vertex -10.3366 3.76222 67.6
      vertex -9.02105 3.28339 67.6
      vertex -9.27289 2.48466 67.6
    endloop
  endfacet
  facet normal 0 0 -1
    outer loop
      vertex -10.6252 2.84701 67.6
      vertex -9.27289 2.48466 67.6
      vertex -9.45415 1.66702 67.6
    endloop
  endfacet
  facet normal 0 0 -1
    outer loop
      vertex -8.31384 4.8 67.6
      vertex -9.52628 5.5 67.6
      vertex -9.01067 6.30934 67.6
    endloop
  endfacet
  facet normal 0 0 -1
    outer loop
      vertex -10.8329 1.91013 67.6
      vertex -9.45415 1.66702 67.6
      vertex -9.56347 0.836695 67.6
    endloop
  endfacet
  facet normal 0 0 -1
    outer loop
      vertex -10.9581 0.958713 67.6
      vertex -9.56347 0.836695 67.6
      vertex -9.6 0 67.6
    endloop
  endfacet
  facet normal 0 0 -1
    outer loop
      vertex -10.8329 -1.91013 67.6
      vertex -9.45415 -1.66702 67.6
      vertex -10.6252 -2.84701 67.6
    endloop
  endfacet
  facet normal 0 0 -1
    outer loop
      vertex -8.70055 4.05713 67.6
      vertex -9.96939 4.6488 67.6
      vertex -9.52628 5.5 67.6
    endloop
  endfacet
  facet normal -0 0 -1
    outer loop
      vertex -9.45415 -1.66702 67.6
      vertex -10.8329 -1.91013 67.6
      vertex -9.56347 -0.836695 67.6
    endloop
  endfacet
  facet normal 0 0 -1
    outer loop
      vertex -9.02105 3.28339 67.6
      vertex -10.3366 3.76222 67.6
      vertex -9.96939 4.6488 67.6
    endloop
  endfacet
  facet normal 0 0 -1
    outer loop
      vertex -10.9581 -0.958713 67.6
      vertex -9.56347 -0.836695 67.6
      vertex -10.8329 -1.91013 67.6
    endloop
  endfacet
  facet normal 0 0 -1
    outer loop
      vertex -9.27289 2.48466 67.6
      vertex -10.6252 2.84701 67.6
      vertex -10.3366 3.76222 67.6
    endloop
  endfacet
  facet normal -0 0 -1
    outer loop
      vertex -9.56347 -0.836695 67.6
      vertex -10.9581 -0.958713 67.6
      vertex -9.6 0 67.6
    endloop
  endfacet
  facet normal 0 0 -1
    outer loop
      vertex -9.45415 1.66702 67.6
      vertex -10.8329 1.91013 67.6
      vertex -10.6252 2.84701 67.6
    endloop
  endfacet
  facet normal 0 0 -1
    outer loop
      vertex -11 0 67.6
      vertex -9.6 0 67.6
      vertex -10.9581 -0.958713 67.6
    endloop
  endfacet
  facet normal 0 0 -1
    outer loop
      vertex -9.56347 0.836695 67.6
      vertex -10.9581 0.958713 67.6
      vertex -10.8329 1.91013 67.6
    endloop
  endfacet
  facet normal 0 0 -1
    outer loop
      vertex -9.6 0 67.6
      vertex -11 0 67.6
      vertex -10.9581 0.958713 67.6
    endloop
  endfacet
  facet normal 0.953716 0.300707 0
    outer loop
      vertex 9.27289 2.48466 67.6
      vertex 9.02105 3.28339 65.4
      vertex 9.02105 3.28339 67.6
    endloop
  endfacet
  facet normal 0.953716 0.300707 0
    outer loop
      vertex 9.02105 3.28339 65.4
      vertex 9.27289 2.48466 67.6
      vertex 9.27289 2.48466 65.4
    endloop
  endfacet
  facet normal 0.991444 0.130533 0
    outer loop
      vertex 9.56347 0.836695 67.6
      vertex 9.45415 1.66702 65.4
      vertex 9.45415 1.66702 67.6
    endloop
  endfacet
  facet normal 0.991444 0.130533 0
    outer loop
      vertex 9.45415 1.66702 65.4
      vertex 9.56347 0.836695 67.6
      vertex 9.56347 0.836695 65.4
    endloop
  endfacet
  facet normal 0.999048 0.0436183 0
    outer loop
      vertex 9.6 0 67.6
      vertex 9.56347 0.836695 65.4
      vertex 9.56347 0.836695 67.6
    endloop
  endfacet
  facet normal 0.999048 0.0436183 0
    outer loop
      vertex 9.56347 0.836695 65.4
      vertex 9.6 0 67.6
      vertex 9.6 0 65.4
    endloop
  endfacet
  facet normal 0.216432 -0.976298 0
    outer loop
      vertex 1.66702 -9.45415 65.4
      vertex 2.48466 -9.27289 67.6
      vertex 1.66702 -9.45415 67.6
    endloop
  endfacet
  facet normal 0.216432 -0.976298 0
    outer loop
      vertex 2.48466 -9.27289 67.6
      vertex 1.66702 -9.45415 65.4
      vertex 2.48466 -9.27289 65.4
    endloop
  endfacet
  facet normal 0.923877 -0.38269 0
    outer loop
      vertex 8.70055 -4.05713 67.6
      vertex 9.02105 -3.28339 65.4
      vertex 9.02105 -3.28339 67.6
    endloop
  endfacet
  facet normal 0.923877 -0.38269 0
    outer loop
      vertex 9.02105 -3.28339 65.4
      vertex 8.70055 -4.05713 67.6
      vertex 8.70055 -4.05713 65.4
    endloop
  endfacet
  facet normal 0.923877 0.38269 0
    outer loop
      vertex 9.02105 3.28339 67.6
      vertex 8.70055 4.05713 65.4
      vertex 8.70055 4.05713 67.6
    endloop
  endfacet
  facet normal 0.923877 0.38269 0
    outer loop
      vertex 8.70055 4.05713 65.4
      vertex 9.02105 3.28339 67.6
      vertex 9.02105 3.28339 65.4
    endloop
  endfacet
  facet normal -0.999048 0.0436183 0
    outer loop
      vertex -9.6 0 65.4
      vertex -9.56347 0.836695 67.6
      vertex -9.56347 0.836695 65.4
    endloop
  endfacet
  facet normal -0.999048 0.0436183 0
    outer loop
      vertex -9.56347 0.836695 67.6
      vertex -9.6 0 65.4
      vertex -9.6 0 67.6
    endloop
  endfacet
  facet normal 0.793356 0.608758 0
    outer loop
      vertex 7.86386 5.50633 67.6
      vertex 7.35403 6.17076 65.4
      vertex 7.35403 6.17076 67.6
    endloop
  endfacet
  facet normal 0.793356 0.608758 0
    outer loop
      vertex 7.35403 6.17076 65.4
      vertex 7.86386 5.50633 67.6
      vertex 7.86386 5.50633 65.4
    endloop
  endfacet
  facet normal 0.843392 -0.537298 0
    outer loop
      vertex 7.86386 -5.50633 67.6
      vertex 8.31384 -4.8 65.4
      vertex 8.31384 -4.8 67.6
    endloop
  endfacet
  facet normal 0.843392 -0.537298 0
    outer loop
      vertex 8.31384 -4.8 65.4
      vertex 7.86386 -5.50633 67.6
      vertex 7.86386 -5.50633 65.4
    endloop
  endfacet
  facet normal -0.216432 -0.976298 0
    outer loop
      vertex -2.48466 -9.27289 65.4
      vertex -1.66702 -9.45415 67.6
      vertex -2.48466 -9.27289 67.6
    endloop
  endfacet
  facet normal -0.216432 -0.976298 -0
    outer loop
      vertex -1.66702 -9.45415 67.6
      vertex -2.48466 -9.27289 65.4
      vertex -1.66702 -9.45415 65.4
    endloop
  endfacet
  facet normal -0.537298 0.843392 0
    outer loop
      vertex -4.8 8.31384 65.4
      vertex -5.50633 7.86386 67.6
      vertex -4.8 8.31384 67.6
    endloop
  endfacet
  facet normal -0.537298 0.843392 0
    outer loop
      vertex -5.50633 7.86386 67.6
      vertex -4.8 8.31384 65.4
      vertex -5.50633 7.86386 65.4
    endloop
  endfacet
  facet normal -0.793356 0.608758 0
    outer loop
      vertex -7.86386 5.50633 65.4
      vertex -7.35403 6.17076 67.6
      vertex -7.35403 6.17076 65.4
    endloop
  endfacet
  facet normal -0.793356 0.608758 0
    outer loop
      vertex -7.35403 6.17076 67.6
      vertex -7.86386 5.50633 65.4
      vertex -7.86386 5.50633 67.6
    endloop
  endfacet
  facet normal -0.953716 0.300707 0
    outer loop
      vertex -9.27289 2.48466 65.4
      vertex -9.02105 3.28339 67.6
      vertex -9.02105 3.28339 65.4
    endloop
  endfacet
  facet normal -0.953716 0.300707 0
    outer loop
      vertex -9.02105 3.28339 67.6
      vertex -9.27289 2.48466 65.4
      vertex -9.27289 2.48466 67.6
    endloop
  endfacet
  facet normal -0.300707 -0.953716 0
    outer loop
      vertex -3.28339 -9.02105 65.4
      vertex -2.48466 -9.27289 67.6
      vertex -3.28339 -9.02105 67.6
    endloop
  endfacet
  facet normal -0.300707 -0.953716 -0
    outer loop
      vertex -2.48466 -9.27289 67.6
      vertex -3.28339 -9.02105 65.4
      vertex -2.48466 -9.27289 65.4
    endloop
  endfacet
  facet normal 0.608758 0.793356 -0
    outer loop
      vertex 6.17076 7.35403 65.4
      vertex 5.50633 7.86386 67.6
      vertex 6.17076 7.35403 67.6
    endloop
  endfacet
  facet normal 0.608758 0.793356 0
    outer loop
      vertex 5.50633 7.86386 67.6
      vertex 6.17076 7.35403 65.4
      vertex 5.50633 7.86386 65.4
    endloop
  endfacet
  facet normal -0.300707 0.953716 0
    outer loop
      vertex -2.48466 9.27289 65.4
      vertex -3.28339 9.02105 67.6
      vertex -2.48466 9.27289 67.6
    endloop
  endfacet
  facet normal -0.300707 0.953716 0
    outer loop
      vertex -3.28339 9.02105 67.6
      vertex -2.48466 9.27289 65.4
      vertex -3.28339 9.02105 65.4
    endloop
  endfacet
  facet normal 0.0436183 0.999048 -0
    outer loop
      vertex 0.836695 9.56347 65.4
      vertex 0 9.6 67.6
      vertex 0.836695 9.56347 67.6
    endloop
  endfacet
  facet normal 0.0436183 0.999048 0
    outer loop
      vertex 0 9.6 67.6
      vertex 0.836695 9.56347 65.4
      vertex 0 9.6 65.4
    endloop
  endfacet
  facet normal 0.976298 -0.216432 0
    outer loop
      vertex 9.27289 -2.48466 67.6
      vertex 9.45415 -1.66702 65.4
      vertex 9.45415 -1.66702 67.6
    endloop
  endfacet
  facet normal 0.976298 -0.216432 0
    outer loop
      vertex 9.45415 -1.66702 65.4
      vertex 9.27289 -2.48466 67.6
      vertex 9.27289 -2.48466 65.4
    endloop
  endfacet
  facet normal -0.991444 0.130533 0
    outer loop
      vertex -9.56347 0.836695 65.4
      vertex -9.45415 1.66702 67.6
      vertex -9.45415 1.66702 65.4
    endloop
  endfacet
  facet normal -0.991444 0.130533 0
    outer loop
      vertex -9.45415 1.66702 67.6
      vertex -9.56347 0.836695 65.4
      vertex -9.56347 0.836695 67.6
    endloop
  endfacet
  facet normal 0.38269 0.923877 -0
    outer loop
      vertex 4.05713 8.70055 65.4
      vertex 3.28339 9.02105 67.6
      vertex 4.05713 8.70055 67.6
    endloop
  endfacet
  facet normal 0.38269 0.923877 0
    outer loop
      vertex 3.28339 9.02105 67.6
      vertex 4.05713 8.70055 65.4
      vertex 3.28339 9.02105 65.4
    endloop
  endfacet
  facet normal 0.999048 -0.0436183 0
    outer loop
      vertex 9.56347 -0.836695 67.6
      vertex 9.6 0 65.4
      vertex 9.6 0 67.6
    endloop
  endfacet
  facet normal 0.999048 -0.0436183 0
    outer loop
      vertex 9.6 0 65.4
      vertex 9.56347 -0.836695 67.6
      vertex 9.56347 -0.836695 65.4
    endloop
  endfacet
  facet normal -0.38269 0.923877 0
    outer loop
      vertex -3.28339 9.02105 65.4
      vertex -4.05713 8.70055 67.6
      vertex -3.28339 9.02105 67.6
    endloop
  endfacet
  facet normal -0.38269 0.923877 0
    outer loop
      vertex -4.05713 8.70055 67.6
      vertex -3.28339 9.02105 65.4
      vertex -4.05713 8.70055 65.4
    endloop
  endfacet
  facet normal 0.73727 -0.675598 0
    outer loop
      vertex 6.78822 -6.78822 67.6
      vertex 7.35403 -6.17076 65.4
      vertex 7.35403 -6.17076 67.6
    endloop
  endfacet
  facet normal 0.73727 -0.675598 0
    outer loop
      vertex 7.35403 -6.17076 65.4
      vertex 6.78822 -6.78822 67.6
      vertex 6.78822 -6.78822 65.4
    endloop
  endfacet
  facet normal -0.976298 -0.216432 0
    outer loop
      vertex -9.27289 -2.48466 65.4
      vertex -9.45415 -1.66702 67.6
      vertex -9.45415 -1.66702 65.4
    endloop
  endfacet
  facet normal -0.976298 -0.216432 0
    outer loop
      vertex -9.45415 -1.66702 67.6
      vertex -9.27289 -2.48466 65.4
      vertex -9.27289 -2.48466 67.6
    endloop
  endfacet
  facet normal 0.608758 -0.793356 0
    outer loop
      vertex 5.50633 -7.86386 65.4
      vertex 6.17076 -7.35403 67.6
      vertex 5.50633 -7.86386 67.6
    endloop
  endfacet
  facet normal 0.608758 -0.793356 0
    outer loop
      vertex 6.17076 -7.35403 67.6
      vertex 5.50633 -7.86386 65.4
      vertex 6.17076 -7.35403 65.4
    endloop
  endfacet
  facet normal -0.843392 0.537298 0
    outer loop
      vertex -8.31384 4.8 65.4
      vertex -7.86386 5.50633 67.6
      vertex -7.86386 5.50633 65.4
    endloop
  endfacet
  facet normal -0.843392 0.537298 0
    outer loop
      vertex -7.86386 5.50633 67.6
      vertex -8.31384 4.8 65.4
      vertex -8.31384 4.8 67.6
    endloop
  endfacet
  facet normal 0.537298 -0.843392 0
    outer loop
      vertex 4.8 -8.31384 65.4
      vertex 5.50633 -7.86386 67.6
      vertex 4.8 -8.31384 67.6
    endloop
  endfacet
  facet normal 0.537298 -0.843392 0
    outer loop
      vertex 5.50633 -7.86386 67.6
      vertex 4.8 -8.31384 65.4
      vertex 5.50633 -7.86386 65.4
    endloop
  endfacet
  facet normal -0.675598 0.73727 0
    outer loop
      vertex -6.17076 7.35403 65.4
      vertex -6.78822 6.78822 67.6
      vertex -6.17076 7.35403 67.6
    endloop
  endfacet
  facet normal -0.675598 0.73727 0
    outer loop
      vertex -6.78822 6.78822 67.6
      vertex -6.17076 7.35403 65.4
      vertex -6.78822 6.78822 65.4
    endloop
  endfacet
  facet normal 0.887013 -0.461745 0
    outer loop
      vertex 8.31384 -4.8 67.6
      vertex 8.70055 -4.05713 65.4
      vertex 8.70055 -4.05713 67.6
    endloop
  endfacet
  facet normal 0.887013 -0.461745 0
    outer loop
      vertex 8.70055 -4.05713 65.4
      vertex 8.31384 -4.8 67.6
      vertex 8.31384 -4.8 65.4
    endloop
  endfacet
  facet normal -0.675598 -0.73727 0
    outer loop
      vertex -6.78822 -6.78822 65.4
      vertex -6.17076 -7.35403 67.6
      vertex -6.78822 -6.78822 67.6
    endloop
  endfacet
  facet normal -0.675598 -0.73727 -0
    outer loop
      vertex -6.17076 -7.35403 67.6
      vertex -6.78822 -6.78822 65.4
      vertex -6.17076 -7.35403 65.4
    endloop
  endfacet
  facet normal 0.953716 -0.300707 0
    outer loop
      vertex 9.02105 -3.28339 67.6
      vertex 9.27289 -2.48466 65.4
      vertex 9.27289 -2.48466 67.6
    endloop
  endfacet
  facet normal 0.953716 -0.300707 0
    outer loop
      vertex 9.27289 -2.48466 65.4
      vertex 9.02105 -3.28339 67.6
      vertex 9.02105 -3.28339 65.4
    endloop
  endfacet
  facet normal 0.793356 -0.608758 0
    outer loop
      vertex 7.35403 -6.17076 67.6
      vertex 7.86386 -5.50633 65.4
      vertex 7.86386 -5.50633 67.6
    endloop
  endfacet
  facet normal 0.793356 -0.608758 0
    outer loop
      vertex 7.86386 -5.50633 65.4
      vertex 7.35403 -6.17076 67.6
      vertex 7.35403 -6.17076 65.4
    endloop
  endfacet
  facet normal 0.0436183 -0.999048 0
    outer loop
      vertex 0 -9.6 65.4
      vertex 0.836695 -9.56347 67.6
      vertex 0 -9.6 67.6
    endloop
  endfacet
  facet normal 0.0436183 -0.999048 0
    outer loop
      vertex 0.836695 -9.56347 67.6
      vertex 0 -9.6 65.4
      vertex 0.836695 -9.56347 65.4
    endloop
  endfacet
  facet normal -0.216432 0.976298 0
    outer loop
      vertex -1.66702 9.45415 65.4
      vertex -2.48466 9.27289 67.6
      vertex -1.66702 9.45415 67.6
    endloop
  endfacet
  facet normal -0.216432 0.976298 0
    outer loop
      vertex -2.48466 9.27289 67.6
      vertex -1.66702 9.45415 65.4
      vertex -2.48466 9.27289 65.4
    endloop
  endfacet
  facet normal 0.216432 0.976298 -0
    outer loop
      vertex 2.48466 9.27289 65.4
      vertex 1.66702 9.45415 67.6
      vertex 2.48466 9.27289 67.6
    endloop
  endfacet
  facet normal 0.216432 0.976298 0
    outer loop
      vertex 1.66702 9.45415 67.6
      vertex 2.48466 9.27289 65.4
      vertex 1.66702 9.45415 65.4
    endloop
  endfacet
  facet normal 0.991444 -0.130533 0
    outer loop
      vertex 9.45415 -1.66702 67.6
      vertex 9.56347 -0.836695 65.4
      vertex 9.56347 -0.836695 67.6
    endloop
  endfacet
  facet normal 0.991444 -0.130533 0
    outer loop
      vertex 9.56347 -0.836695 65.4
      vertex 9.45415 -1.66702 67.6
      vertex 9.45415 -1.66702 65.4
    endloop
  endfacet
  facet normal -0.887013 0.461745 0
    outer loop
      vertex -8.70055 4.05713 65.4
      vertex -8.31384 4.8 67.6
      vertex -8.31384 4.8 65.4
    endloop
  endfacet
  facet normal -0.887013 0.461745 0
    outer loop
      vertex -8.31384 4.8 67.6
      vertex -8.70055 4.05713 65.4
      vertex -8.70055 4.05713 67.6
    endloop
  endfacet
  facet normal 0.461745 0.887013 -0
    outer loop
      vertex 4.8 8.31384 65.4
      vertex 4.05713 8.70055 67.6
      vertex 4.8 8.31384 67.6
    endloop
  endfacet
  facet normal 0.461745 0.887013 0
    outer loop
      vertex 4.05713 8.70055 67.6
      vertex 4.8 8.31384 65.4
      vertex 4.05713 8.70055 65.4
    endloop
  endfacet
  facet normal 0.537298 0.843392 -0
    outer loop
      vertex 5.50633 7.86386 65.4
      vertex 4.8 8.31384 67.6
      vertex 5.50633 7.86386 67.6
    endloop
  endfacet
  facet normal 0.537298 0.843392 0
    outer loop
      vertex 4.8 8.31384 67.6
      vertex 5.50633 7.86386 65.4
      vertex 4.8 8.31384 65.4
    endloop
  endfacet
  facet normal 0.461745 -0.887013 0
    outer loop
      vertex 4.05713 -8.70055 65.4
      vertex 4.8 -8.31384 67.6
      vertex 4.05713 -8.70055 67.6
    endloop
  endfacet
  facet normal 0.461745 -0.887013 0
    outer loop
      vertex 4.8 -8.31384 67.6
      vertex 4.05713 -8.70055 65.4
      vertex 4.8 -8.31384 65.4
    endloop
  endfacet
  facet normal -0.0436183 -0.999048 0
    outer loop
      vertex -0.836695 -9.56347 65.4
      vertex 0 -9.6 67.6
      vertex -0.836695 -9.56347 67.6
    endloop
  endfacet
  facet normal -0.0436183 -0.999048 -0
    outer loop
      vertex 0 -9.6 67.6
      vertex -0.836695 -9.56347 65.4
      vertex 0 -9.6 65.4
    endloop
  endfacet
  facet normal 0.887013 0.461745 0
    outer loop
      vertex 8.70055 4.05713 67.6
      vertex 8.31384 4.8 65.4
      vertex 8.31384 4.8 67.6
    endloop
  endfacet
  facet normal 0.887013 0.461745 0
    outer loop
      vertex 8.31384 4.8 65.4
      vertex 8.70055 4.05713 67.6
      vertex 8.70055 4.05713 65.4
    endloop
  endfacet
  facet normal 0.38269 -0.923877 0
    outer loop
      vertex 3.28339 -9.02105 65.4
      vertex 4.05713 -8.70055 67.6
      vertex 3.28339 -9.02105 67.6
    endloop
  endfacet
  facet normal 0.38269 -0.923877 0
    outer loop
      vertex 4.05713 -8.70055 67.6
      vertex 3.28339 -9.02105 65.4
      vertex 4.05713 -8.70055 65.4
    endloop
  endfacet
  facet normal 0.843392 0.537298 0
    outer loop
      vertex 8.31384 4.8 67.6
      vertex 7.86386 5.50633 65.4
      vertex 7.86386 5.50633 67.6
    endloop
  endfacet
  facet normal 0.843392 0.537298 0
    outer loop
      vertex 7.86386 5.50633 65.4
      vertex 8.31384 4.8 67.6
      vertex 8.31384 4.8 65.4
    endloop
  endfacet
  facet normal -0.73727 0.675598 0
    outer loop
      vertex -7.35403 6.17076 65.4
      vertex -6.78822 6.78822 67.6
      vertex -6.78822 6.78822 65.4
    endloop
  endfacet
  facet normal -0.73727 0.675598 0
    outer loop
      vertex -6.78822 6.78822 67.6
      vertex -7.35403 6.17076 65.4
      vertex -7.35403 6.17076 67.6
    endloop
  endfacet
  facet normal -0.537298 -0.843392 0
    outer loop
      vertex -5.50633 -7.86386 65.4
      vertex -4.8 -8.31384 67.6
      vertex -5.50633 -7.86386 67.6
    endloop
  endfacet
  facet normal -0.537298 -0.843392 -0
    outer loop
      vertex -4.8 -8.31384 67.6
      vertex -5.50633 -7.86386 65.4
      vertex -4.8 -8.31384 65.4
    endloop
  endfacet
  facet normal -0.843392 -0.537298 0
    outer loop
      vertex -7.86386 -5.50633 65.4
      vertex -8.31384 -4.8 67.6
      vertex -8.31384 -4.8 65.4
    endloop
  endfacet
  facet normal -0.843392 -0.537298 0
    outer loop
      vertex -8.31384 -4.8 67.6
      vertex -7.86386 -5.50633 65.4
      vertex -7.86386 -5.50633 67.6
    endloop
  endfacet
  facet normal -0.608758 -0.793356 0
    outer loop
      vertex -6.17076 -7.35403 65.4
      vertex -5.50633 -7.86386 67.6
      vertex -6.17076 -7.35403 67.6
    endloop
  endfacet
  facet normal -0.608758 -0.793356 -0
    outer loop
      vertex -5.50633 -7.86386 67.6
      vertex -6.17076 -7.35403 65.4
      vertex -5.50633 -7.86386 65.4
    endloop
  endfacet
  facet normal -0.461745 0.887013 0
    outer loop
      vertex -4.05713 8.70055 65.4
      vertex -4.8 8.31384 67.6
      vertex -4.05713 8.70055 67.6
    endloop
  endfacet
  facet normal -0.461745 0.887013 0
    outer loop
      vertex -4.8 8.31384 67.6
      vertex -4.05713 8.70055 65.4
      vertex -4.8 8.31384 65.4
    endloop
  endfacet
  facet normal 0.130533 -0.991444 0
    outer loop
      vertex 0.836695 -9.56347 65.4
      vertex 1.66702 -9.45415 67.6
      vertex 0.836695 -9.56347 67.6
    endloop
  endfacet
  facet normal 0.130533 -0.991444 0
    outer loop
      vertex 1.66702 -9.45415 67.6
      vertex 0.836695 -9.56347 65.4
      vertex 1.66702 -9.45415 65.4
    endloop
  endfacet
  facet normal -0.130533 0.991444 0
    outer loop
      vertex -0.836695 9.56347 65.4
      vertex -1.66702 9.45415 67.6
      vertex -0.836695 9.56347 67.6
    endloop
  endfacet
  facet normal -0.130533 0.991444 0
    outer loop
      vertex -1.66702 9.45415 67.6
      vertex -0.836695 9.56347 65.4
      vertex -1.66702 9.45415 65.4
    endloop
  endfacet
  facet normal -0.0436183 0.999048 0
    outer loop
      vertex 0 9.6 65.4
      vertex -0.836695 9.56347 67.6
      vertex 0 9.6 67.6
    endloop
  endfacet
  facet normal -0.0436183 0.999048 0
    outer loop
      vertex -0.836695 9.56347 67.6
      vertex 0 9.6 65.4
      vertex -0.836695 9.56347 65.4
    endloop
  endfacet
  facet normal 0.130533 0.991444 -0
    outer loop
      vertex 1.66702 9.45415 65.4
      vertex 0.836695 9.56347 67.6
      vertex 1.66702 9.45415 67.6
    endloop
  endfacet
  facet normal 0.130533 0.991444 0
    outer loop
      vertex 0.836695 9.56347 67.6
      vertex 1.66702 9.45415 65.4
      vertex 0.836695 9.56347 65.4
    endloop
  endfacet
  facet normal 0.300707 -0.953716 0
    outer loop
      vertex 2.48466 -9.27289 65.4
      vertex 3.28339 -9.02105 67.6
      vertex 2.48466 -9.27289 67.6
    endloop
  endfacet
  facet normal 0.300707 -0.953716 0
    outer loop
      vertex 3.28339 -9.02105 67.6
      vertex 2.48466 -9.27289 65.4
      vertex 3.28339 -9.02105 65.4
    endloop
  endfacet
  facet normal -0.793356 -0.608758 0
    outer loop
      vertex -7.35403 -6.17076 65.4
      vertex -7.86386 -5.50633 67.6
      vertex -7.86386 -5.50633 65.4
    endloop
  endfacet
  facet normal -0.793356 -0.608758 0
    outer loop
      vertex -7.86386 -5.50633 67.6
      vertex -7.35403 -6.17076 65.4
      vertex -7.35403 -6.17076 67.6
    endloop
  endfacet
  facet normal 0.675598 -0.73727 0
    outer loop
      vertex 6.17076 -7.35403 65.4
      vertex 6.78822 -6.78822 67.6
      vertex 6.17076 -7.35403 67.6
    endloop
  endfacet
  facet normal 0.675598 -0.73727 0
    outer loop
      vertex 6.78822 -6.78822 67.6
      vertex 6.17076 -7.35403 65.4
      vertex 6.78822 -6.78822 65.4
    endloop
  endfacet
  facet normal -0.608758 0.793356 0
    outer loop
      vertex -5.50633 7.86386 65.4
      vertex -6.17076 7.35403 67.6
      vertex -5.50633 7.86386 67.6
    endloop
  endfacet
  facet normal -0.608758 0.793356 0
    outer loop
      vertex -6.17076 7.35403 67.6
      vertex -5.50633 7.86386 65.4
      vertex -6.17076 7.35403 65.4
    endloop
  endfacet
  facet normal -0.999048 -0.0436183 0
    outer loop
      vertex -9.56347 -0.836695 65.4
      vertex -9.6 0 67.6
      vertex -9.6 0 65.4
    endloop
  endfacet
  facet normal -0.999048 -0.0436183 0
    outer loop
      vertex -9.6 0 67.6
      vertex -9.56347 -0.836695 65.4
      vertex -9.56347 -0.836695 67.6
    endloop
  endfacet
  facet normal -0.130533 -0.991444 0
    outer loop
      vertex -1.66702 -9.45415 65.4
      vertex -0.836695 -9.56347 67.6
      vertex -1.66702 -9.45415 67.6
    endloop
  endfacet
  facet normal -0.130533 -0.991444 -0
    outer loop
      vertex -0.836695 -9.56347 67.6
      vertex -1.66702 -9.45415 65.4
      vertex -0.836695 -9.56347 65.4
    endloop
  endfacet
  facet normal 0.300707 0.953716 -0
    outer loop
      vertex 3.28339 9.02105 65.4
      vertex 2.48466 9.27289 67.6
      vertex 3.28339 9.02105 67.6
    endloop
  endfacet
  facet normal 0.300707 0.953716 0
    outer loop
      vertex 2.48466 9.27289 67.6
      vertex 3.28339 9.02105 65.4
      vertex 2.48466 9.27289 65.4
    endloop
  endfacet
  facet normal 0.73727 0.675598 0
    outer loop
      vertex 7.35403 6.17076 67.6
      vertex 6.78822 6.78822 65.4
      vertex 6.78822 6.78822 67.6
    endloop
  endfacet
  facet normal 0.73727 0.675598 0
    outer loop
      vertex 6.78822 6.78822 65.4
      vertex 7.35403 6.17076 67.6
      vertex 7.35403 6.17076 65.4
    endloop
  endfacet
  facet normal 0.675598 0.73727 -0
    outer loop
      vertex 6.78822 6.78822 65.4
      vertex 6.17076 7.35403 67.6
      vertex 6.78822 6.78822 67.6
    endloop
  endfacet
  facet normal 0.675598 0.73727 0
    outer loop
      vertex 6.17076 7.35403 67.6
      vertex 6.78822 6.78822 65.4
      vertex 6.17076 7.35403 65.4
    endloop
  endfacet
  facet normal 0.976298 0.216432 0
    outer loop
      vertex 9.45415 1.66702 67.6
      vertex 9.27289 2.48466 65.4
      vertex 9.27289 2.48466 67.6
    endloop
  endfacet
  facet normal 0.976298 0.216432 0
    outer loop
      vertex 9.27289 2.48466 65.4
      vertex 9.45415 1.66702 67.6
      vertex 9.45415 1.66702 65.4
    endloop
  endfacet
  facet normal -0.976298 0.216432 0
    outer loop
      vertex -9.45415 1.66702 65.4
      vertex -9.27289 2.48466 67.6
      vertex -9.27289 2.48466 65.4
    endloop
  endfacet
  facet normal -0.976298 0.216432 0
    outer loop
      vertex -9.27289 2.48466 67.6
      vertex -9.45415 1.66702 65.4
      vertex -9.45415 1.66702 67.6
    endloop
  endfacet
  facet normal -0.73727 -0.675598 0
    outer loop
      vertex -6.78822 -6.78822 65.4
      vertex -7.35403 -6.17076 67.6
      vertex -7.35403 -6.17076 65.4
    endloop
  endfacet
  facet normal -0.73727 -0.675598 0
    outer loop
      vertex -7.35403 -6.17076 67.6
      vertex -6.78822 -6.78822 65.4
      vertex -6.78822 -6.78822 67.6
    endloop
  endfacet
  facet normal -0.461745 -0.887013 0
    outer loop
      vertex -4.8 -8.31384 65.4
      vertex -4.05713 -8.70055 67.6
      vertex -4.8 -8.31384 67.6
    endloop
  endfacet
  facet normal -0.461745 -0.887013 -0
    outer loop
      vertex -4.05713 -8.70055 67.6
      vertex -4.8 -8.31384 65.4
      vertex -4.05713 -8.70055 65.4
    endloop
  endfacet
  facet normal -0.38269 -0.923877 0
    outer loop
      vertex -4.05713 -8.70055 65.4
      vertex -3.28339 -9.02105 67.6
      vertex -4.05713 -8.70055 67.6
    endloop
  endfacet
  facet normal -0.38269 -0.923877 -0
    outer loop
      vertex -3.28339 -9.02105 67.6
      vertex -4.05713 -8.70055 65.4
      vertex -3.28339 -9.02105 65.4
    endloop
  endfacet
  facet normal -0.991444 -0.130533 0
    outer loop
      vertex -9.45415 -1.66702 65.4
      vertex -9.56347 -0.836695 67.6
      vertex -9.56347 -0.836695 65.4
    endloop
  endfacet
  facet normal -0.991444 -0.130533 0
    outer loop
      vertex -9.56347 -0.836695 67.6
      vertex -9.45415 -1.66702 65.4
      vertex -9.45415 -1.66702 67.6
    endloop
  endfacet
  facet normal -0.953716 -0.300707 0
    outer loop
      vertex -9.02105 -3.28339 65.4
      vertex -9.27289 -2.48466 67.6
      vertex -9.27289 -2.48466 65.4
    endloop
  endfacet
  facet normal -0.953716 -0.300707 0
    outer loop
      vertex -9.27289 -2.48466 67.6
      vertex -9.02105 -3.28339 65.4
      vertex -9.02105 -3.28339 67.6
    endloop
  endfacet
  facet normal -0.923877 0.38269 0
    outer loop
      vertex -9.02105 3.28339 65.4
      vertex -8.70055 4.05713 67.6
      vertex -8.70055 4.05713 65.4
    endloop
  endfacet
  facet normal -0.923877 0.38269 0
    outer loop
      vertex -8.70055 4.05713 67.6
      vertex -9.02105 3.28339 65.4
      vertex -9.02105 3.28339 67.6
    endloop
  endfacet
  facet normal -0.923877 -0.38269 0
    outer loop
      vertex -8.70055 -4.05713 65.4
      vertex -9.02105 -3.28339 67.6
      vertex -9.02105 -3.28339 65.4
    endloop
  endfacet
  facet normal -0.923877 -0.38269 0
    outer loop
      vertex -9.02105 -3.28339 67.6
      vertex -8.70055 -4.05713 65.4
      vertex -8.70055 -4.05713 67.6
    endloop
  endfacet
  facet normal -0.887013 -0.461745 0
    outer loop
      vertex -8.31384 -4.8 65.4
      vertex -8.70055 -4.05713 67.6
      vertex -8.70055 -4.05713 65.4
    endloop
  endfacet
  facet normal -0.887013 -0.461745 0
    outer loop
      vertex -8.70055 -4.05713 67.6
      vertex -8.31384 -4.8 65.4
      vertex -8.31384 -4.8 67.6
    endloop
  endfacet
  facet normal 0.991449 0.130493 0
    outer loop
      vertex 10.9073 1.34486 4.11766
      vertex 10.8329 1.91013 0
      vertex 10.8329 1.91013 14.4
    endloop
  endfacet
  facet normal 0.991721 0.128414 -0.000290289
    outer loop
      vertex 10.8329 1.91013 0
      vertex 10.9073 1.34486 4.11766
      vertex 10.9066 1.35 4
    endloop
  endfacet
  facet normal 0.991584 0.129465 5.74838e-05
    outer loop
      vertex 10.8329 1.91013 14.4
      vertex 10.9093 1.32949 4.23442
      vertex 10.9073 1.34486 4.11766
    endloop
  endfacet
  facet normal 0.991269 0.131854 -8.13362e-05
    outer loop
      vertex 10.8329 1.91013 14.4
      vertex 10.9127 1.304 4.34941
      vertex 10.9093 1.32949 4.23442
    endloop
  endfacet
  facet normal 0.991636 0.129068 8.96014e-05
    outer loop
      vertex 10.8329 1.91013 14.4
      vertex 10.9173 1.26858 4.46173
      vertex 10.9127 1.304 4.34941
    endloop
  endfacet
  facet normal 0.991279 0.131781 -8.85454e-05
    outer loop
      vertex 10.8329 1.91013 14.4
      vertex 10.9233 1.22352 4.57053
      vertex 10.9173 1.26858 4.46173
    endloop
  endfacet
  facet normal 0.99157 0.12957 6.85598e-05
    outer loop
      vertex 10.8329 1.91013 14.4
      vertex 10.9304 1.16913 4.675
      vertex 10.9233 1.22352 4.57053
    endloop
  endfacet
  facet normal 0.99132 0.131468 -7.85573e-05
    outer loop
      vertex 10.8329 1.91013 14.4
      vertex 10.9388 1.10585 4.77433
      vertex 10.9304 1.16913 4.675
    endloop
  endfacet
  facet normal 0.991506 0.13006 4.11253e-05
    outer loop
      vertex 10.8329 1.91013 14.4
      vertex 10.9482 1.03416 4.86776
      vertex 10.9388 1.10585 4.77433
    endloop
  endfacet
  facet normal 0.991452 0.130468 -0
    outer loop
      vertex 10.9581 0.958713 4.9501
      vertex 10.8329 1.91013 14.4
      vertex 10.9581 0.958713 14.4
    endloop
  endfacet
  facet normal 0.991496 0.130139 3.37506e-05
    outer loop
      vertex 10.8329 1.91013 14.4
      vertex 10.9581 0.958713 4.9501
      vertex 10.9482 1.03416 4.86776
    endloop
  endfacet
  facet normal 0.991313 0.13152 0.000152174
    outer loop
      vertex 10.9073 1.34486 3.88234
      vertex 10.8329 1.91013 0
      vertex 10.9066 1.35 4
    endloop
  endfacet
  facet normal 0.99154 0.129801 -0.000102469
    outer loop
      vertex 10.9093 1.32949 3.76557
      vertex 10.8329 1.91013 0
      vertex 10.9073 1.34486 3.88234
    endloop
  endfacet
  facet normal 0.991317 0.131493 0.000162878
    outer loop
      vertex 10.9127 1.304 3.65059
      vertex 10.8329 1.91013 0
      vertex 10.9093 1.32949 3.76557
    endloop
  endfacet
  facet normal 0.991594 0.129389 -0.000192497
    outer loop
      vertex 10.9173 1.26858 3.53827
      vertex 10.8329 1.91013 0
      vertex 10.9127 1.304 3.65059
    endloop
  endfacet
  facet normal 0.991314 0.131516 0.000199945
    outer loop
      vertex 10.9233 1.22352 3.42947
      vertex 10.8329 1.91013 0
      vertex 10.9173 1.26858 3.53827
    endloop
  endfacet
  facet normal 0.991547 0.129744 -0.000160965
    outer loop
      vertex 10.9304 1.16913 3.325
      vertex 10.8329 1.91013 0
      vertex 10.9233 1.22352 3.42947
    endloop
  endfacet
  facet normal 0.991343 0.131295 0.000190583
    outer loop
      vertex 10.9388 1.10585 3.22567
      vertex 10.8329 1.91013 0
      vertex 10.9304 1.16913 3.325
    endloop
  endfacet
  facet normal 0.991496 0.130139 -0.000102709
    outer loop
      vertex 10.9482 1.03416 3.13224
      vertex 10.8329 1.91013 0
      vertex 10.9388 1.10585 3.22567
    endloop
  endfacet
  facet normal 0.991488 0.130196 -8.65852e-05
    outer loop
      vertex 10.9581 0.958713 3.0499
      vertex 10.8329 1.91013 0
      vertex 10.9482 1.03416 3.13224
    endloop
  endfacet
  facet normal 0.991452 0.130468 0
    outer loop
      vertex 10.8329 1.91013 0
      vertex 10.9581 0.958713 3.0499
      vertex 10.9581 0.958713 0
    endloop
  endfacet
  facet normal 0.99172 0.128415 0.000290145
    outer loop
      vertex 10.9073 1.34486 77.8823
      vertex 10.8329 1.91013 82
      vertex 10.9066 1.35 78
    endloop
  endfacet
  facet normal 0.991313 0.13152 -0.000152135
    outer loop
      vertex 10.8329 1.91013 82
      vertex 10.9073 1.34486 78.1177
      vertex 10.9066 1.35 78
    endloop
  endfacet
  facet normal 0.99154 0.129801 0.000102502
    outer loop
      vertex 10.8329 1.91013 82
      vertex 10.9093 1.32949 78.2344
      vertex 10.9073 1.34486 78.1177
    endloop
  endfacet
  facet normal 0.991317 0.131493 -0.000162866
    outer loop
      vertex 10.8329 1.91013 82
      vertex 10.9127 1.304 78.3494
      vertex 10.9093 1.32949 78.2344
    endloop
  endfacet
  facet normal 0.991594 0.129389 0.000192508
    outer loop
      vertex 10.8329 1.91013 82
      vertex 10.9173 1.26858 78.4617
      vertex 10.9127 1.304 78.3494
    endloop
  endfacet
  facet normal 0.991314 0.131516 -0.000199944
    outer loop
      vertex 10.8329 1.91013 82
      vertex 10.9233 1.22352 78.5705
      vertex 10.9173 1.26858 78.4617
    endloop
  endfacet
  facet normal 0.991547 0.129745 0.000160951
    outer loop
      vertex 10.8329 1.91013 82
      vertex 10.9304 1.16913 78.675
      vertex 10.9233 1.22352 78.5705
    endloop
  endfacet
  facet normal 0.991343 0.131295 -0.000190598
    outer loop
      vertex 10.8329 1.91013 82
      vertex 10.9388 1.10585 78.7743
      vertex 10.9304 1.16913 78.675
    endloop
  endfacet
  facet normal 0.991496 0.130139 0.000102689
    outer loop
      vertex 10.8329 1.91013 82
      vertex 10.9482 1.03416 78.8678
      vertex 10.9388 1.10585 78.7743
    endloop
  endfacet
  facet normal 0.991452 0.130468 -0
    outer loop
      vertex 10.9581 0.958713 78.9501
      vertex 10.8329 1.91013 82
      vertex 10.9581 0.958713 82
    endloop
  endfacet
  facet normal 0.991488 0.130196 8.65959e-05
    outer loop
      vertex 10.8329 1.91013 82
      vertex 10.9581 0.958713 78.9501
      vertex 10.9482 1.03416 78.8678
    endloop
  endfacet
  facet normal 0.991449 0.130493 0
    outer loop
      vertex 10.8329 1.91013 82
      vertex 10.9073 1.34486 77.8823
      vertex 10.8329 1.91013 67.6
    endloop
  endfacet
  facet normal 0.991584 0.129465 -5.74926e-05
    outer loop
      vertex 10.9093 1.32949 77.7656
      vertex 10.8329 1.91013 67.6
      vertex 10.9073 1.34486 77.8823
    endloop
  endfacet
  facet normal 0.991269 0.131854 8.13347e-05
    outer loop
      vertex 10.9127 1.304 77.6506
      vertex 10.8329 1.91013 67.6
      vertex 10.9093 1.32949 77.7656
    endloop
  endfacet
  facet normal 0.991636 0.129068 -8.96039e-05
    outer loop
      vertex 10.9173 1.26858 77.5383
      vertex 10.8329 1.91013 67.6
      vertex 10.9127 1.304 77.6506
    endloop
  endfacet
  facet normal 0.991279 0.131781 8.85451e-05
    outer loop
      vertex 10.9233 1.22352 77.4295
      vertex 10.8329 1.91013 67.6
      vertex 10.9173 1.26858 77.5383
    endloop
  endfacet
  facet normal 0.99157 0.12957 -6.85573e-05
    outer loop
      vertex 10.9304 1.16913 77.325
      vertex 10.8329 1.91013 67.6
      vertex 10.9233 1.22352 77.4295
    endloop
  endfacet
  facet normal 0.99132 0.131468 7.85598e-05
    outer loop
      vertex 10.9388 1.10585 77.2257
      vertex 10.8329 1.91013 67.6
      vertex 10.9304 1.16913 77.325
    endloop
  endfacet
  facet normal 0.991506 0.13006 -4.11222e-05
    outer loop
      vertex 10.9482 1.03416 77.1322
      vertex 10.8329 1.91013 67.6
      vertex 10.9388 1.10585 77.2257
    endloop
  endfacet
  facet normal 0.991496 0.130139 -3.37522e-05
    outer loop
      vertex 10.9581 0.958713 77.0499
      vertex 10.8329 1.91013 67.6
      vertex 10.9482 1.03416 77.1322
    endloop
  endfacet
  facet normal 0.991452 0.130468 0
    outer loop
      vertex 10.8329 1.91013 67.6
      vertex 10.9581 0.958713 77.0499
      vertex 10.9581 0.958713 67.6
    endloop
  endfacet
  facet normal 0.991452 0.130468 0
    outer loop
      vertex 10.9581 0.958713 31.4
      vertex 10.8329 1.91013 16.6
      vertex 10.8329 1.91013 31.4
    endloop
  endfacet
  facet normal 0.991452 0.130468 0
    outer loop
      vertex 10.8329 1.91013 16.6
      vertex 10.9581 0.958713 31.4
      vertex 10.9581 0.958713 16.6
    endloop
  endfacet
  facet normal 0.991452 0.130468 0
    outer loop
      vertex 10.9581 0.958713 48.4
      vertex 10.8329 1.91013 33.6
      vertex 10.8329 1.91013 48.4
    endloop
  endfacet
  facet normal 0.991452 0.130468 0
    outer loop
      vertex 10.8329 1.91013 33.6
      vertex 10.9581 0.958713 48.4
      vertex 10.9581 0.958713 33.6
    endloop
  endfacet
  facet normal 0.991452 0.130468 0
    outer loop
      vertex 10.9581 0.958713 65.4
      vertex 10.8329 1.91013 50.6
      vertex 10.8329 1.91013 65.4
    endloop
  endfacet
  facet normal 0.991452 0.130468 0
    outer loop
      vertex 10.8329 1.91013 50.6
      vertex 10.9581 0.958713 65.4
      vertex 10.9581 0.958713 50.6
    endloop
  endfacet
  facet normal 0.998823 0.0484983 0
    outer loop
      vertex 10.9583 0.954594 3.04541
      vertex 10.9581 0.958713 0
      vertex 10.9581 0.958713 3.0499
    endloop
  endfacet
  facet normal 0.999044 0.0437272 -6.4675e-06
    outer loop
      vertex 10.9621 0.867763 2.96584
      vertex 10.9581 0.958713 0
      vertex 10.9583 0.954594 3.04541
    endloop
  endfacet
  facet normal 0.999039 0.0438404 -2.99038e-06
    outer loop
      vertex 10.9662 0.774327 2.89414
      vertex 10.9581 0.958713 0
      vertex 10.9621 0.867763 2.96584
    endloop
  endfacet
  facet normal 0.999063 0.0432752 -3.90658e-05
    outer loop
      vertex 10.9705 0.674999 2.83086
      vertex 10.9581 0.958713 0
      vertex 10.9662 0.774327 2.89414
    endloop
  endfacet
  facet normal 0.999033 0.043975 3.12032e-05
    outer loop
      vertex 10.9751 0.570534 2.77648
      vertex 10.9581 0.958713 0
      vertex 10.9705 0.674999 2.83086
    endloop
  endfacet
  facet normal 0.999067 0.0431882 -7.90189e-05
    outer loop
      vertex 10.9798 0.461727 2.73141
      vertex 10.9581 0.958713 0
      vertex 10.9751 0.570534 2.77648
    endloop
  endfacet
  facet normal 0.99905 0.0435852 -6.63989e-06
    outer loop
      vertex 10.9847 0.349405 2.696
      vertex 10.9581 0.958713 0
      vertex 10.9798 0.461727 2.73141
    endloop
  endfacet
  facet normal 0.999019 0.0442787 0.000150391
    outer loop
      vertex 10.9898 0.234425 2.67051
      vertex 10.9581 0.958713 0
      vertex 10.9847 0.349405 2.696
    endloop
  endfacet
  facet normal 0.999047 0.0436378 -1.47952e-05
    outer loop
      vertex 11 0 0
      vertex 10.9898 0.234425 2.67051
      vertex 10.9949 0.11766 2.65514
    endloop
  endfacet
  facet normal 0.999062 0.0433046 -0
    outer loop
      vertex 11 0 0
      vertex 10.9949 0.11766 2.65514
      vertex 11 0 2.65
    endloop
  endfacet
  facet normal 0.999046 0.0436627 -1.69879e-05
    outer loop
      vertex 10.9898 0.234425 2.67051
      vertex 11 0 0
      vertex 10.9581 0.958713 0
    endloop
  endfacet
  facet normal 0.998823 0.0484983 0
    outer loop
      vertex 10.9581 0.958713 82
      vertex 10.9583 0.954594 78.9546
      vertex 10.9581 0.958713 78.9501
    endloop
  endfacet
  facet normal 0.999044 0.0437272 6.46752e-06
    outer loop
      vertex 10.9581 0.958713 82
      vertex 10.9621 0.867763 79.0342
      vertex 10.9583 0.954594 78.9546
    endloop
  endfacet
  facet normal 0.999039 0.0438404 2.99042e-06
    outer loop
      vertex 10.9581 0.958713 82
      vertex 10.9662 0.774327 79.1059
      vertex 10.9621 0.867763 79.0342
    endloop
  endfacet
  facet normal 0.999063 0.0432752 3.90683e-05
    outer loop
      vertex 10.9581 0.958713 82
      vertex 10.9705 0.674999 79.1691
      vertex 10.9662 0.774327 79.1059
    endloop
  endfacet
  facet normal 0.999033 0.043975 -3.12022e-05
    outer loop
      vertex 10.9581 0.958713 82
      vertex 10.9751 0.570534 79.2235
      vertex 10.9705 0.674999 79.1691
    endloop
  endfacet
  facet normal 0.999067 0.0431882 7.90155e-05
    outer loop
      vertex 10.9581 0.958713 82
      vertex 10.9798 0.461727 79.2686
      vertex 10.9751 0.570534 79.2235
    endloop
  endfacet
  facet normal 0.99905 0.0435852 6.64001e-06
    outer loop
      vertex 10.9581 0.958713 82
      vertex 10.9847 0.349405 79.304
      vertex 10.9798 0.461727 79.2686
    endloop
  endfacet
  facet normal 0.999019 0.0442787 -0.000150388
    outer loop
      vertex 10.9581 0.958713 82
      vertex 10.9898 0.234425 79.3295
      vertex 10.9847 0.349405 79.304
    endloop
  endfacet
  facet normal 0.999046 0.0436627 1.6988e-05
    outer loop
      vertex 11 0 82
      vertex 10.9898 0.234425 79.3295
      vertex 10.9581 0.958713 82
    endloop
  endfacet
  facet normal 0.999047 0.0436378 1.47956e-05
    outer loop
      vertex 10.9898 0.234425 79.3295
      vertex 11 0 82
      vertex 10.9949 0.11766 79.3449
    endloop
  endfacet
  facet normal 0.999062 0.0433046 0
    outer loop
      vertex 10.9949 0.11766 79.3449
      vertex 11 0 82
      vertex 11 0 79.35
    endloop
  endfacet
  facet normal 0.998823 0.0484983 0
    outer loop
      vertex 10.9581 0.958713 14.4
      vertex 10.9583 0.954594 4.95459
      vertex 10.9581 0.958713 4.9501
    endloop
  endfacet
  facet normal 0.999044 0.0437232 2.08702e-06
    outer loop
      vertex 10.9581 0.958713 14.4
      vertex 10.9621 0.867763 5.03416
      vertex 10.9583 0.954594 4.95459
    endloop
  endfacet
  facet normal 0.999039 0.0438389 9.62067e-07
    outer loop
      vertex 10.9581 0.958713 14.4
      vertex 10.9662 0.774327 5.10585
      vertex 10.9621 0.867763 5.03416
    endloop
  endfacet
  facet normal 0.999064 0.0432584 1.25006e-05
    outer loop
      vertex 10.9581 0.958713 14.4
      vertex 10.9705 0.674999 5.16913
      vertex 10.9662 0.774327 5.10585
    endloop
  endfacet
  facet normal 0.999032 0.0439861 -9.90983e-06
    outer loop
      vertex 10.9581 0.958713 14.4
      vertex 10.9751 0.570534 5.22352
      vertex 10.9705 0.674999 5.16913
    endloop
  endfacet
  facet normal 0.999068 0.0431658 2.48575e-05
    outer loop
      vertex 10.9581 0.958713 14.4
      vertex 10.9798 0.461727 5.26858
      vertex 10.9751 0.570534 5.22352
    endloop
  endfacet
  facet normal 0.99905 0.0435838 2.06463e-06
    outer loop
      vertex 10.9581 0.958713 14.4
      vertex 10.9847 0.349405 5.304
      vertex 10.9798 0.461727 5.26858
    endloop
  endfacet
  facet normal 0.999018 0.0443018 -4.61232e-05
    outer loop
      vertex 10.9581 0.958713 14.4
      vertex 10.9898 0.234425 5.32949
      vertex 10.9847 0.349405 5.304
    endloop
  endfacet
  facet normal 0.999047 0.0436368 7.0773e-06
    outer loop
      vertex 10.9581 0.958713 14.4
      vertex 10.9949 0.11766 5.34486
      vertex 10.9898 0.234425 5.32949
    endloop
  endfacet
  facet normal 0.999046 0.0436627 4.6628e-06
    outer loop
      vertex 11 0 14.4
      vertex 10.9949 0.11766 5.34486
      vertex 10.9581 0.958713 14.4
    endloop
  endfacet
  facet normal 0.999062 0.0433046 0
    outer loop
      vertex 10.9949 0.11766 5.34486
      vertex 11 0 14.4
      vertex 11 0 5.35
    endloop
  endfacet
  facet normal 0.999046 0.0436627 0
    outer loop
      vertex 11 0 31.4
      vertex 10.9581 0.958713 16.6
      vertex 10.9581 0.958713 31.4
    endloop
  endfacet
  facet normal 0.999046 0.0436627 0
    outer loop
      vertex 10.9581 0.958713 16.6
      vertex 11 0 31.4
      vertex 11 0 16.6
    endloop
  endfacet
  facet normal 0.999046 0.0436627 0
    outer loop
      vertex 11 0 48.4
      vertex 10.9581 0.958713 33.6
      vertex 10.9581 0.958713 48.4
    endloop
  endfacet
  facet normal 0.999046 0.0436627 0
    outer loop
      vertex 10.9581 0.958713 33.6
      vertex 11 0 48.4
      vertex 11 0 33.6
    endloop
  endfacet
  facet normal 0.999046 0.0436627 0
    outer loop
      vertex 11 0 65.4
      vertex 10.9581 0.958713 50.6
      vertex 10.9581 0.958713 65.4
    endloop
  endfacet
  facet normal 0.999046 0.0436627 0
    outer loop
      vertex 10.9581 0.958713 50.6
      vertex 11 0 65.4
      vertex 11 0 50.6
    endloop
  endfacet
  facet normal 0.998823 0.0484983 0
    outer loop
      vertex 10.9583 0.954594 77.0454
      vertex 10.9581 0.958713 67.6
      vertex 10.9581 0.958713 77.0499
    endloop
  endfacet
  facet normal 0.999044 0.0437232 -2.08702e-06
    outer loop
      vertex 10.9621 0.867763 76.9658
      vertex 10.9581 0.958713 67.6
      vertex 10.9583 0.954594 77.0454
    endloop
  endfacet
  facet normal 0.999039 0.0438389 -9.6207e-07
    outer loop
      vertex 10.9662 0.774327 76.8941
      vertex 10.9581 0.958713 67.6
      vertex 10.9621 0.867763 76.9658
    endloop
  endfacet
  facet normal 0.999064 0.0432583 -1.25009e-05
    outer loop
      vertex 10.9705 0.674999 76.8309
      vertex 10.9581 0.958713 67.6
      vertex 10.9662 0.774327 76.8941
    endloop
  endfacet
  facet normal 0.999032 0.0439861 9.90977e-06
    outer loop
      vertex 10.9751 0.570534 76.7765
      vertex 10.9581 0.958713 67.6
      vertex 10.9705 0.674999 76.8309
    endloop
  endfacet
  facet normal 0.999068 0.0431658 -2.48571e-05
    outer loop
      vertex 10.9798 0.461727 76.7314
      vertex 10.9581 0.958713 67.6
      vertex 10.9751 0.570534 76.7765
    endloop
  endfacet
  facet normal 0.99905 0.0435838 -2.06465e-06
    outer loop
      vertex 10.9847 0.349405 76.696
      vertex 10.9581 0.958713 67.6
      vertex 10.9798 0.461727 76.7314
    endloop
  endfacet
  facet normal 0.999018 0.0443018 4.6123e-05
    outer loop
      vertex 10.9898 0.234425 76.6705
      vertex 10.9581 0.958713 67.6
      vertex 10.9847 0.349405 76.696
    endloop
  endfacet
  facet normal 0.999047 0.0436368 -7.07716e-06
    outer loop
      vertex 10.9949 0.11766 76.6551
      vertex 10.9581 0.958713 67.6
      vertex 10.9898 0.234425 76.6705
    endloop
  endfacet
  facet normal 0.999062 0.0433046 -0
    outer loop
      vertex 11 0 67.6
      vertex 10.9949 0.11766 76.6551
      vertex 11 0 76.65
    endloop
  endfacet
  facet normal 0.999046 0.0436627 -4.66282e-06
    outer loop
      vertex 10.9949 0.11766 76.6551
      vertex 11 0 67.6
      vertex 10.9581 0.958713 67.6
    endloop
  endfacet
  facet normal 0.976296 0.216438 0
    outer loop
      vertex 10.8329 1.91013 82
      vertex 10.6252 2.84701 67.6
      vertex 10.6252 2.84701 82
    endloop
  endfacet
  facet normal 0.976296 0.216438 0
    outer loop
      vertex 10.6252 2.84701 67.6
      vertex 10.8329 1.91013 82
      vertex 10.8329 1.91013 67.6
    endloop
  endfacet
  facet normal 0.976296 0.216438 0
    outer loop
      vertex 10.8329 1.91013 14.4
      vertex 10.6252 2.84701 0
      vertex 10.6252 2.84701 14.4
    endloop
  endfacet
  facet normal 0.976296 0.216438 0
    outer loop
      vertex 10.6252 2.84701 0
      vertex 10.8329 1.91013 14.4
      vertex 10.8329 1.91013 0
    endloop
  endfacet
  facet normal 0.976296 0.216438 0
    outer loop
      vertex 10.8329 1.91013 31.4
      vertex 10.6252 2.84701 16.6
      vertex 10.6252 2.84701 31.4
    endloop
  endfacet
  facet normal 0.976296 0.216438 0
    outer loop
      vertex 10.6252 2.84701 16.6
      vertex 10.8329 1.91013 31.4
      vertex 10.8329 1.91013 16.6
    endloop
  endfacet
  facet normal 0.976296 0.216438 0
    outer loop
      vertex 10.8329 1.91013 48.4
      vertex 10.6252 2.84701 33.6
      vertex 10.6252 2.84701 48.4
    endloop
  endfacet
  facet normal 0.976296 0.216438 0
    outer loop
      vertex 10.6252 2.84701 33.6
      vertex 10.8329 1.91013 48.4
      vertex 10.8329 1.91013 33.6
    endloop
  endfacet
  facet normal 0.976296 0.216438 0
    outer loop
      vertex 10.8329 1.91013 65.4
      vertex 10.6252 2.84701 50.6
      vertex 10.6252 2.84701 65.4
    endloop
  endfacet
  facet normal 0.976296 0.216438 0
    outer loop
      vertex 10.6252 2.84701 50.6
      vertex 10.8329 1.91013 65.4
      vertex 10.8329 1.91013 50.6
    endloop
  endfacet
  facet normal 0.608761 -0.793354 0
    outer loop
      vertex 6.30934 -9.01067 67.6
      vertex 7.07066 -8.42649 82
      vertex 6.30934 -9.01067 82
    endloop
  endfacet
  facet normal 0.608761 -0.793354 0
    outer loop
      vertex 7.07066 -8.42649 82
      vertex 6.30934 -9.01067 67.6
      vertex 7.07066 -8.42649 67.6
    endloop
  endfacet
  facet normal 0.608761 -0.793354 0
    outer loop
      vertex 6.30934 -9.01067 0
      vertex 7.07066 -8.42649 14.4
      vertex 6.30934 -9.01067 14.4
    endloop
  endfacet
  facet normal 0.608761 -0.793354 0
    outer loop
      vertex 7.07066 -8.42649 14.4
      vertex 6.30934 -9.01067 0
      vertex 7.07066 -8.42649 0
    endloop
  endfacet
  facet normal 0.608761 -0.793354 0
    outer loop
      vertex 6.30934 -9.01067 16.6
      vertex 7.07066 -8.42649 31.4
      vertex 6.30934 -9.01067 31.4
    endloop
  endfacet
  facet normal 0.608761 -0.793354 0
    outer loop
      vertex 7.07066 -8.42649 31.4
      vertex 6.30934 -9.01067 16.6
      vertex 7.07066 -8.42649 16.6
    endloop
  endfacet
  facet normal 0.608761 -0.793354 0
    outer loop
      vertex 6.30934 -9.01067 33.6
      vertex 7.07066 -8.42649 48.4
      vertex 6.30934 -9.01067 48.4
    endloop
  endfacet
  facet normal 0.608761 -0.793354 0
    outer loop
      vertex 7.07066 -8.42649 48.4
      vertex 6.30934 -9.01067 33.6
      vertex 7.07066 -8.42649 33.6
    endloop
  endfacet
  facet normal 0.608761 -0.793354 0
    outer loop
      vertex 6.30934 -9.01067 50.6
      vertex 7.07066 -8.42649 65.4
      vertex 6.30934 -9.01067 65.4
    endloop
  endfacet
  facet normal 0.608761 -0.793354 0
    outer loop
      vertex 7.07066 -8.42649 65.4
      vertex 6.30934 -9.01067 50.6
      vertex 7.07066 -8.42649 50.6
    endloop
  endfacet
  facet normal -0.461751 0.887009 0
    outer loop
      vertex -4.6488 9.96939 0
      vertex -5.5 9.52628 14.4
      vertex -4.6488 9.96939 14.4
    endloop
  endfacet
  facet normal -0.461751 0.887009 0
    outer loop
      vertex -5.5 9.52628 14.4
      vertex -4.6488 9.96939 0
      vertex -5.5 9.52628 0
    endloop
  endfacet
  facet normal -0.461751 0.887009 0
    outer loop
      vertex -4.6488 9.96939 67.6
      vertex -5.5 9.52628 82
      vertex -4.6488 9.96939 82
    endloop
  endfacet
  facet normal -0.461751 0.887009 0
    outer loop
      vertex -5.5 9.52628 82
      vertex -4.6488 9.96939 67.6
      vertex -5.5 9.52628 67.6
    endloop
  endfacet
  facet normal -0.461751 0.887009 0
    outer loop
      vertex -4.6488 9.96939 16.6
      vertex -5.5 9.52628 31.4
      vertex -4.6488 9.96939 31.4
    endloop
  endfacet
  facet normal -0.461751 0.887009 0
    outer loop
      vertex -5.5 9.52628 31.4
      vertex -4.6488 9.96939 16.6
      vertex -5.5 9.52628 16.6
    endloop
  endfacet
  facet normal -0.461751 0.887009 0
    outer loop
      vertex -4.6488 9.96939 33.6
      vertex -5.5 9.52628 48.4
      vertex -4.6488 9.96939 48.4
    endloop
  endfacet
  facet normal -0.461751 0.887009 0
    outer loop
      vertex -5.5 9.52628 48.4
      vertex -4.6488 9.96939 33.6
      vertex -5.5 9.52628 33.6
    endloop
  endfacet
  facet normal -0.461751 0.887009 0
    outer loop
      vertex -4.6488 9.96939 50.6
      vertex -5.5 9.52628 65.4
      vertex -4.6488 9.96939 65.4
    endloop
  endfacet
  facet normal -0.461751 0.887009 0
    outer loop
      vertex -5.5 9.52628 65.4
      vertex -4.6488 9.96939 50.6
      vertex -5.5 9.52628 50.6
    endloop
  endfacet
  facet normal -0.216438 -0.976296 0
    outer loop
      vertex -2.84701 -10.6252 67.6
      vertex -1.91013 -10.8329 82
      vertex -2.84701 -10.6252 82
    endloop
  endfacet
  facet normal -0.216438 -0.976296 -0
    outer loop
      vertex -1.91013 -10.8329 82
      vertex -2.84701 -10.6252 67.6
      vertex -1.91013 -10.8329 67.6
    endloop
  endfacet
  facet normal -0.216438 -0.976296 0
    outer loop
      vertex -2.84701 -10.6252 0
      vertex -1.91013 -10.8329 14.4
      vertex -2.84701 -10.6252 14.4
    endloop
  endfacet
  facet normal -0.216438 -0.976296 -0
    outer loop
      vertex -1.91013 -10.8329 14.4
      vertex -2.84701 -10.6252 0
      vertex -1.91013 -10.8329 0
    endloop
  endfacet
  facet normal -0.216438 -0.976296 0
    outer loop
      vertex -2.84701 -10.6252 16.6
      vertex -1.91013 -10.8329 31.4
      vertex -2.84701 -10.6252 31.4
    endloop
  endfacet
  facet normal -0.216438 -0.976296 -0
    outer loop
      vertex -1.91013 -10.8329 31.4
      vertex -2.84701 -10.6252 16.6
      vertex -1.91013 -10.8329 16.6
    endloop
  endfacet
  facet normal -0.216438 -0.976296 0
    outer loop
      vertex -2.84701 -10.6252 33.6
      vertex -1.91013 -10.8329 48.4
      vertex -2.84701 -10.6252 48.4
    endloop
  endfacet
  facet normal -0.216438 -0.976296 -0
    outer loop
      vertex -1.91013 -10.8329 48.4
      vertex -2.84701 -10.6252 33.6
      vertex -1.91013 -10.8329 33.6
    endloop
  endfacet
  facet normal -0.216438 -0.976296 0
    outer loop
      vertex -2.84701 -10.6252 50.6
      vertex -1.91013 -10.8329 65.4
      vertex -2.84701 -10.6252 65.4
    endloop
  endfacet
  facet normal -0.216438 -0.976296 -0
    outer loop
      vertex -1.91013 -10.8329 65.4
      vertex -2.84701 -10.6252 50.6
      vertex -1.91013 -10.8329 50.6
    endloop
  endfacet
  facet normal 0.953706 -0.300739 0
    outer loop
      vertex 10.3366 -3.76222 14.4
      vertex 10.6252 -2.84701 0
      vertex 10.6252 -2.84701 14.4
    endloop
  endfacet
  facet normal 0.953706 -0.300739 0
    outer loop
      vertex 10.6252 -2.84701 0
      vertex 10.3366 -3.76222 14.4
      vertex 10.3366 -3.76222 0
    endloop
  endfacet
  facet normal 0.953706 -0.300739 0
    outer loop
      vertex 10.3366 -3.76222 82
      vertex 10.6252 -2.84701 67.6
      vertex 10.6252 -2.84701 82
    endloop
  endfacet
  facet normal 0.953706 -0.300739 0
    outer loop
      vertex 10.6252 -2.84701 67.6
      vertex 10.3366 -3.76222 82
      vertex 10.3366 -3.76222 67.6
    endloop
  endfacet
  facet normal 0.953706 -0.300739 0
    outer loop
      vertex 10.3366 -3.76222 31.4
      vertex 10.6252 -2.84701 16.6
      vertex 10.6252 -2.84701 31.4
    endloop
  endfacet
  facet normal 0.953706 -0.300739 0
    outer loop
      vertex 10.6252 -2.84701 16.6
      vertex 10.3366 -3.76222 31.4
      vertex 10.3366 -3.76222 16.6
    endloop
  endfacet
  facet normal 0.953706 -0.300739 0
    outer loop
      vertex 10.3366 -3.76222 48.4
      vertex 10.6252 -2.84701 33.6
      vertex 10.6252 -2.84701 48.4
    endloop
  endfacet
  facet normal 0.953706 -0.300739 0
    outer loop
      vertex 10.6252 -2.84701 33.6
      vertex 10.3366 -3.76222 48.4
      vertex 10.3366 -3.76222 33.6
    endloop
  endfacet
  facet normal 0.953706 -0.300739 0
    outer loop
      vertex 10.3366 -3.76222 65.4
      vertex 10.6252 -2.84701 50.6
      vertex 10.6252 -2.84701 65.4
    endloop
  endfacet
  facet normal 0.953706 -0.300739 0
    outer loop
      vertex 10.6252 -2.84701 50.6
      vertex 10.3366 -3.76222 65.4
      vertex 10.3366 -3.76222 50.6
    endloop
  endfacet
  facet normal -0.675594 -0.737274 0
    outer loop
      vertex -7.77817 -7.77817 67.6
      vertex -7.07066 -8.42649 82
      vertex -7.77817 -7.77817 82
    endloop
  endfacet
  facet normal -0.675594 -0.737274 -0
    outer loop
      vertex -7.07066 -8.42649 82
      vertex -7.77817 -7.77817 67.6
      vertex -7.07066 -8.42649 67.6
    endloop
  endfacet
  facet normal -0.675594 -0.737274 0
    outer loop
      vertex -7.77817 -7.77817 0
      vertex -7.07066 -8.42649 14.4
      vertex -7.77817 -7.77817 14.4
    endloop
  endfacet
  facet normal -0.675594 -0.737274 -0
    outer loop
      vertex -7.07066 -8.42649 14.4
      vertex -7.77817 -7.77817 0
      vertex -7.07066 -8.42649 0
    endloop
  endfacet
  facet normal -0.675594 -0.737274 0
    outer loop
      vertex -7.77817 -7.77817 16.6
      vertex -7.07066 -8.42649 31.4
      vertex -7.77817 -7.77817 31.4
    endloop
  endfacet
  facet normal -0.675594 -0.737274 -0
    outer loop
      vertex -7.07066 -8.42649 31.4
      vertex -7.77817 -7.77817 16.6
      vertex -7.07066 -8.42649 16.6
    endloop
  endfacet
  facet normal -0.675594 -0.737274 0
    outer loop
      vertex -7.77817 -7.77817 33.6
      vertex -7.07066 -8.42649 48.4
      vertex -7.77817 -7.77817 48.4
    endloop
  endfacet
  facet normal -0.675594 -0.737274 -0
    outer loop
      vertex -7.07066 -8.42649 48.4
      vertex -7.77817 -7.77817 33.6
      vertex -7.07066 -8.42649 33.6
    endloop
  endfacet
  facet normal -0.675594 -0.737274 0
    outer loop
      vertex -7.77817 -7.77817 50.6
      vertex -7.07066 -8.42649 65.4
      vertex -7.77817 -7.77817 65.4
    endloop
  endfacet
  facet normal -0.675594 -0.737274 -0
    outer loop
      vertex -7.07066 -8.42649 65.4
      vertex -7.77817 -7.77817 50.6
      vertex -7.07066 -8.42649 50.6
    endloop
  endfacet
  facet normal -0.953706 0.300739 0
    outer loop
      vertex -10.6252 2.84701 0
      vertex -10.3366 3.76222 14.4
      vertex -10.3366 3.76222 0
    endloop
  endfacet
  facet normal -0.953706 0.300739 0
    outer loop
      vertex -10.3366 3.76222 14.4
      vertex -10.6252 2.84701 0
      vertex -10.6252 2.84701 14.4
    endloop
  endfacet
  facet normal -0.953706 0.300739 0
    outer loop
      vertex -10.6252 2.84701 67.6
      vertex -10.3366 3.76222 82
      vertex -10.3366 3.76222 67.6
    endloop
  endfacet
  facet normal -0.953706 0.300739 0
    outer loop
      vertex -10.3366 3.76222 82
      vertex -10.6252 2.84701 67.6
      vertex -10.6252 2.84701 82
    endloop
  endfacet
  facet normal -0.953706 0.300739 0
    outer loop
      vertex -10.6252 2.84701 16.6
      vertex -10.3366 3.76222 31.4
      vertex -10.3366 3.76222 16.6
    endloop
  endfacet
  facet normal -0.953706 0.300739 0
    outer loop
      vertex -10.3366 3.76222 31.4
      vertex -10.6252 2.84701 16.6
      vertex -10.6252 2.84701 31.4
    endloop
  endfacet
  facet normal -0.953706 0.300739 0
    outer loop
      vertex -10.6252 2.84701 33.6
      vertex -10.3366 3.76222 48.4
      vertex -10.3366 3.76222 33.6
    endloop
  endfacet
  facet normal -0.953706 0.300739 0
    outer loop
      vertex -10.3366 3.76222 48.4
      vertex -10.6252 2.84701 33.6
      vertex -10.6252 2.84701 48.4
    endloop
  endfacet
  facet normal -0.953706 0.300739 0
    outer loop
      vertex -10.6252 2.84701 50.6
      vertex -10.3366 3.76222 65.4
      vertex -10.3366 3.76222 50.6
    endloop
  endfacet
  facet normal -0.953706 0.300739 0
    outer loop
      vertex -10.3366 3.76222 65.4
      vertex -10.6252 2.84701 50.6
      vertex -10.6252 2.84701 65.4
    endloop
  endfacet
  facet normal -0.537302 -0.84339 0
    outer loop
      vertex -6.30934 -9.01067 67.6
      vertex -5.5 -9.52628 82
      vertex -6.30934 -9.01067 82
    endloop
  endfacet
  facet normal -0.537302 -0.84339 -0
    outer loop
      vertex -5.5 -9.52628 82
      vertex -6.30934 -9.01067 67.6
      vertex -5.5 -9.52628 67.6
    endloop
  endfacet
  facet normal -0.537302 -0.84339 0
    outer loop
      vertex -6.30934 -9.01067 0
      vertex -5.5 -9.52628 14.4
      vertex -6.30934 -9.01067 14.4
    endloop
  endfacet
  facet normal -0.537302 -0.84339 -0
    outer loop
      vertex -5.5 -9.52628 14.4
      vertex -6.30934 -9.01067 0
      vertex -5.5 -9.52628 0
    endloop
  endfacet
  facet normal -0.537302 -0.84339 0
    outer loop
      vertex -6.30934 -9.01067 16.6
      vertex -5.5 -9.52628 31.4
      vertex -6.30934 -9.01067 31.4
    endloop
  endfacet
  facet normal -0.537302 -0.84339 -0
    outer loop
      vertex -5.5 -9.52628 31.4
      vertex -6.30934 -9.01067 16.6
      vertex -5.5 -9.52628 16.6
    endloop
  endfacet
  facet normal -0.537302 -0.84339 0
    outer loop
      vertex -6.30934 -9.01067 33.6
      vertex -5.5 -9.52628 48.4
      vertex -6.30934 -9.01067 48.4
    endloop
  endfacet
  facet normal -0.537302 -0.84339 -0
    outer loop
      vertex -5.5 -9.52628 48.4
      vertex -6.30934 -9.01067 33.6
      vertex -5.5 -9.52628 33.6
    endloop
  endfacet
  facet normal -0.537302 -0.84339 0
    outer loop
      vertex -6.30934 -9.01067 50.6
      vertex -5.5 -9.52628 65.4
      vertex -6.30934 -9.01067 65.4
    endloop
  endfacet
  facet normal -0.537302 -0.84339 -0
    outer loop
      vertex -5.5 -9.52628 65.4
      vertex -6.30934 -9.01067 50.6
      vertex -5.5 -9.52628 50.6
    endloop
  endfacet
  facet normal 0.537302 -0.84339 0
    outer loop
      vertex 5.5 -9.52628 67.6
      vertex 6.30934 -9.01067 82
      vertex 5.5 -9.52628 82
    endloop
  endfacet
  facet normal 0.537302 -0.84339 0
    outer loop
      vertex 6.30934 -9.01067 82
      vertex 5.5 -9.52628 67.6
      vertex 6.30934 -9.01067 67.6
    endloop
  endfacet
  facet normal 0.537302 -0.84339 0
    outer loop
      vertex 5.5 -9.52628 0
      vertex 6.30934 -9.01067 14.4
      vertex 5.5 -9.52628 14.4
    endloop
  endfacet
  facet normal 0.537302 -0.84339 0
    outer loop
      vertex 6.30934 -9.01067 14.4
      vertex 5.5 -9.52628 0
      vertex 6.30934 -9.01067 0
    endloop
  endfacet
  facet normal 0.537302 -0.84339 0
    outer loop
      vertex 5.5 -9.52628 16.6
      vertex 6.30934 -9.01067 31.4
      vertex 5.5 -9.52628 31.4
    endloop
  endfacet
  facet normal 0.537302 -0.84339 0
    outer loop
      vertex 6.30934 -9.01067 31.4
      vertex 5.5 -9.52628 16.6
      vertex 6.30934 -9.01067 16.6
    endloop
  endfacet
  facet normal 0.537302 -0.84339 0
    outer loop
      vertex 5.5 -9.52628 33.6
      vertex 6.30934 -9.01067 48.4
      vertex 5.5 -9.52628 48.4
    endloop
  endfacet
  facet normal 0.537302 -0.84339 0
    outer loop
      vertex 6.30934 -9.01067 48.4
      vertex 5.5 -9.52628 33.6
      vertex 6.30934 -9.01067 33.6
    endloop
  endfacet
  facet normal 0.537302 -0.84339 0
    outer loop
      vertex 5.5 -9.52628 50.6
      vertex 6.30934 -9.01067 65.4
      vertex 5.5 -9.52628 65.4
    endloop
  endfacet
  facet normal 0.537302 -0.84339 0
    outer loop
      vertex 6.30934 -9.01067 65.4
      vertex 5.5 -9.52628 50.6
      vertex 6.30934 -9.01067 50.6
    endloop
  endfacet
  facet normal -0.923888 -0.382663 0
    outer loop
      vertex -9.96939 -4.6488 67.6
      vertex -10.3366 -3.76222 82
      vertex -10.3366 -3.76222 67.6
    endloop
  endfacet
  facet normal -0.923888 -0.382663 0
    outer loop
      vertex -10.3366 -3.76222 82
      vertex -9.96939 -4.6488 67.6
      vertex -9.96939 -4.6488 82
    endloop
  endfacet
  facet normal -0.923888 -0.382663 0
    outer loop
      vertex -9.96939 -4.6488 0
      vertex -10.3366 -3.76222 14.4
      vertex -10.3366 -3.76222 0
    endloop
  endfacet
  facet normal -0.923888 -0.382663 0
    outer loop
      vertex -10.3366 -3.76222 14.4
      vertex -9.96939 -4.6488 0
      vertex -9.96939 -4.6488 14.4
    endloop
  endfacet
  facet normal -0.923888 -0.382663 0
    outer loop
      vertex -9.96939 -4.6488 16.6
      vertex -10.3366 -3.76222 31.4
      vertex -10.3366 -3.76222 16.6
    endloop
  endfacet
  facet normal -0.923888 -0.382663 0
    outer loop
      vertex -10.3366 -3.76222 31.4
      vertex -9.96939 -4.6488 16.6
      vertex -9.96939 -4.6488 31.4
    endloop
  endfacet
  facet normal -0.923888 -0.382663 0
    outer loop
      vertex -9.96939 -4.6488 33.6
      vertex -10.3366 -3.76222 48.4
      vertex -10.3366 -3.76222 33.6
    endloop
  endfacet
  facet normal -0.923888 -0.382663 0
    outer loop
      vertex -10.3366 -3.76222 48.4
      vertex -9.96939 -4.6488 33.6
      vertex -9.96939 -4.6488 48.4
    endloop
  endfacet
  facet normal -0.923888 -0.382663 0
    outer loop
      vertex -9.96939 -4.6488 50.6
      vertex -10.3366 -3.76222 65.4
      vertex -10.3366 -3.76222 50.6
    endloop
  endfacet
  facet normal -0.923888 -0.382663 0
    outer loop
      vertex -10.3366 -3.76222 65.4
      vertex -9.96939 -4.6488 50.6
      vertex -9.96939 -4.6488 65.4
    endloop
  endfacet
  facet normal -0.887009 0.461751 0
    outer loop
      vertex -9.96939 4.6488 0
      vertex -9.52628 5.5 14.4
      vertex -9.52628 5.5 0
    endloop
  endfacet
  facet normal -0.887009 0.461751 0
    outer loop
      vertex -9.52628 5.5 14.4
      vertex -9.96939 4.6488 0
      vertex -9.96939 4.6488 14.4
    endloop
  endfacet
  facet normal -0.887009 0.461751 0
    outer loop
      vertex -9.96939 4.6488 67.6
      vertex -9.52628 5.5 82
      vertex -9.52628 5.5 67.6
    endloop
  endfacet
  facet normal -0.887009 0.461751 0
    outer loop
      vertex -9.52628 5.5 82
      vertex -9.96939 4.6488 67.6
      vertex -9.96939 4.6488 82
    endloop
  endfacet
  facet normal -0.887009 0.461751 0
    outer loop
      vertex -9.96939 4.6488 16.6
      vertex -9.52628 5.5 31.4
      vertex -9.52628 5.5 16.6
    endloop
  endfacet
  facet normal -0.887009 0.461751 0
    outer loop
      vertex -9.52628 5.5 31.4
      vertex -9.96939 4.6488 16.6
      vertex -9.96939 4.6488 31.4
    endloop
  endfacet
  facet normal -0.887009 0.461751 0
    outer loop
      vertex -9.96939 4.6488 33.6
      vertex -9.52628 5.5 48.4
      vertex -9.52628 5.5 33.6
    endloop
  endfacet
  facet normal -0.887009 0.461751 0
    outer loop
      vertex -9.52628 5.5 48.4
      vertex -9.96939 4.6488 33.6
      vertex -9.96939 4.6488 48.4
    endloop
  endfacet
  facet normal -0.887009 0.461751 0
    outer loop
      vertex -9.96939 4.6488 50.6
      vertex -9.52628 5.5 65.4
      vertex -9.52628 5.5 50.6
    endloop
  endfacet
  facet normal -0.887009 0.461751 0
    outer loop
      vertex -9.52628 5.5 65.4
      vertex -9.96939 4.6488 50.6
      vertex -9.96939 4.6488 65.4
    endloop
  endfacet
  facet normal -0.608761 0.793354 0
    outer loop
      vertex -6.30934 9.01067 0
      vertex -7.07066 8.42649 14.4
      vertex -6.30934 9.01067 14.4
    endloop
  endfacet
  facet normal -0.608761 0.793354 0
    outer loop
      vertex -7.07066 8.42649 14.4
      vertex -6.30934 9.01067 0
      vertex -7.07066 8.42649 0
    endloop
  endfacet
  facet normal -0.608761 0.793354 0
    outer loop
      vertex -6.30934 9.01067 67.6
      vertex -7.07066 8.42649 82
      vertex -6.30934 9.01067 82
    endloop
  endfacet
  facet normal -0.608761 0.793354 0
    outer loop
      vertex -7.07066 8.42649 82
      vertex -6.30934 9.01067 67.6
      vertex -7.07066 8.42649 67.6
    endloop
  endfacet
  facet normal -0.608761 0.793354 0
    outer loop
      vertex -6.30934 9.01067 16.6
      vertex -7.07066 8.42649 31.4
      vertex -6.30934 9.01067 31.4
    endloop
  endfacet
  facet normal -0.608761 0.793354 0
    outer loop
      vertex -7.07066 8.42649 31.4
      vertex -6.30934 9.01067 16.6
      vertex -7.07066 8.42649 16.6
    endloop
  endfacet
  facet normal -0.608761 0.793354 0
    outer loop
      vertex -6.30934 9.01067 33.6
      vertex -7.07066 8.42649 48.4
      vertex -6.30934 9.01067 48.4
    endloop
  endfacet
  facet normal -0.608761 0.793354 0
    outer loop
      vertex -7.07066 8.42649 48.4
      vertex -6.30934 9.01067 33.6
      vertex -7.07066 8.42649 33.6
    endloop
  endfacet
  facet normal -0.608761 0.793354 0
    outer loop
      vertex -6.30934 9.01067 50.6
      vertex -7.07066 8.42649 65.4
      vertex -6.30934 9.01067 65.4
    endloop
  endfacet
  facet normal -0.608761 0.793354 0
    outer loop
      vertex -7.07066 8.42649 65.4
      vertex -6.30934 9.01067 50.6
      vertex -7.07066 8.42649 50.6
    endloop
  endfacet
  facet normal -0.130468 -0.991452 0
    outer loop
      vertex -1.91013 -10.8329 67.6
      vertex -0.958713 -10.9581 82
      vertex -1.91013 -10.8329 82
    endloop
  endfacet
  facet normal -0.130468 -0.991452 -0
    outer loop
      vertex -0.958713 -10.9581 82
      vertex -1.91013 -10.8329 67.6
      vertex -0.958713 -10.9581 67.6
    endloop
  endfacet
  facet normal -0.130468 -0.991452 0
    outer loop
      vertex -1.91013 -10.8329 0
      vertex -0.958713 -10.9581 14.4
      vertex -1.91013 -10.8329 14.4
    endloop
  endfacet
  facet normal -0.130468 -0.991452 -0
    outer loop
      vertex -0.958713 -10.9581 14.4
      vertex -1.91013 -10.8329 0
      vertex -0.958713 -10.9581 0
    endloop
  endfacet
  facet normal -0.130468 -0.991452 0
    outer loop
      vertex -1.91013 -10.8329 16.6
      vertex -0.958713 -10.9581 31.4
      vertex -1.91013 -10.8329 31.4
    endloop
  endfacet
  facet normal -0.130468 -0.991452 -0
    outer loop
      vertex -0.958713 -10.9581 31.4
      vertex -1.91013 -10.8329 16.6
      vertex -0.958713 -10.9581 16.6
    endloop
  endfacet
  facet normal -0.130468 -0.991452 0
    outer loop
      vertex -1.91013 -10.8329 33.6
      vertex -0.958713 -10.9581 48.4
      vertex -1.91013 -10.8329 48.4
    endloop
  endfacet
  facet normal -0.130468 -0.991452 -0
    outer loop
      vertex -0.958713 -10.9581 48.4
      vertex -1.91013 -10.8329 33.6
      vertex -0.958713 -10.9581 33.6
    endloop
  endfacet
  facet normal -0.130468 -0.991452 0
    outer loop
      vertex -1.91013 -10.8329 50.6
      vertex -0.958713 -10.9581 65.4
      vertex -1.91013 -10.8329 65.4
    endloop
  endfacet
  facet normal -0.130468 -0.991452 -0
    outer loop
      vertex -0.958713 -10.9581 65.4
      vertex -1.91013 -10.8329 50.6
      vertex -0.958713 -10.9581 50.6
    endloop
  endfacet
  facet normal -0.976296 -0.216438 0
    outer loop
      vertex -10.6252 -2.84701 67.6
      vertex -10.8329 -1.91013 82
      vertex -10.8329 -1.91013 67.6
    endloop
  endfacet
  facet normal -0.976296 -0.216438 0
    outer loop
      vertex -10.8329 -1.91013 82
      vertex -10.6252 -2.84701 67.6
      vertex -10.6252 -2.84701 82
    endloop
  endfacet
  facet normal -0.976296 -0.216438 0
    outer loop
      vertex -10.6252 -2.84701 0
      vertex -10.8329 -1.91013 14.4
      vertex -10.8329 -1.91013 0
    endloop
  endfacet
  facet normal -0.976296 -0.216438 0
    outer loop
      vertex -10.8329 -1.91013 14.4
      vertex -10.6252 -2.84701 0
      vertex -10.6252 -2.84701 14.4
    endloop
  endfacet
  facet normal -0.976296 -0.216438 0
    outer loop
      vertex -10.6252 -2.84701 16.6
      vertex -10.8329 -1.91013 31.4
      vertex -10.8329 -1.91013 16.6
    endloop
  endfacet
  facet normal -0.976296 -0.216438 0
    outer loop
      vertex -10.8329 -1.91013 31.4
      vertex -10.6252 -2.84701 16.6
      vertex -10.6252 -2.84701 31.4
    endloop
  endfacet
  facet normal -0.976296 -0.216438 0
    outer loop
      vertex -10.6252 -2.84701 33.6
      vertex -10.8329 -1.91013 48.4
      vertex -10.8329 -1.91013 33.6
    endloop
  endfacet
  facet normal -0.976296 -0.216438 0
    outer loop
      vertex -10.8329 -1.91013 48.4
      vertex -10.6252 -2.84701 33.6
      vertex -10.6252 -2.84701 48.4
    endloop
  endfacet
  facet normal -0.976296 -0.216438 0
    outer loop
      vertex -10.6252 -2.84701 50.6
      vertex -10.8329 -1.91013 65.4
      vertex -10.8329 -1.91013 50.6
    endloop
  endfacet
  facet normal -0.976296 -0.216438 0
    outer loop
      vertex -10.8329 -1.91013 65.4
      vertex -10.6252 -2.84701 50.6
      vertex -10.6252 -2.84701 65.4
    endloop
  endfacet
  facet normal 0.675594 0.737274 -0
    outer loop
      vertex 7.77817 7.77817 67.6
      vertex 7.07066 8.42649 82
      vertex 7.77817 7.77817 82
    endloop
  endfacet
  facet normal 0.675594 0.737274 0
    outer loop
      vertex 7.07066 8.42649 82
      vertex 7.77817 7.77817 67.6
      vertex 7.07066 8.42649 67.6
    endloop
  endfacet
  facet normal 0.675594 0.737274 -0
    outer loop
      vertex 7.77817 7.77817 0
      vertex 7.07066 8.42649 14.4
      vertex 7.77817 7.77817 14.4
    endloop
  endfacet
  facet normal 0.675594 0.737274 0
    outer loop
      vertex 7.07066 8.42649 14.4
      vertex 7.77817 7.77817 0
      vertex 7.07066 8.42649 0
    endloop
  endfacet
  facet normal 0.675594 0.737274 -0
    outer loop
      vertex 7.77817 7.77817 16.6
      vertex 7.07066 8.42649 31.4
      vertex 7.77817 7.77817 31.4
    endloop
  endfacet
  facet normal 0.675594 0.737274 0
    outer loop
      vertex 7.07066 8.42649 31.4
      vertex 7.77817 7.77817 16.6
      vertex 7.07066 8.42649 16.6
    endloop
  endfacet
  facet normal 0.675594 0.737274 -0
    outer loop
      vertex 7.77817 7.77817 33.6
      vertex 7.07066 8.42649 48.4
      vertex 7.77817 7.77817 48.4
    endloop
  endfacet
  facet normal 0.675594 0.737274 0
    outer loop
      vertex 7.07066 8.42649 48.4
      vertex 7.77817 7.77817 33.6
      vertex 7.07066 8.42649 33.6
    endloop
  endfacet
  facet normal 0.675594 0.737274 -0
    outer loop
      vertex 7.77817 7.77817 50.6
      vertex 7.07066 8.42649 65.4
      vertex 7.77817 7.77817 65.4
    endloop
  endfacet
  facet normal 0.675594 0.737274 0
    outer loop
      vertex 7.07066 8.42649 65.4
      vertex 7.77817 7.77817 50.6
      vertex 7.07066 8.42649 50.6
    endloop
  endfacet
  facet normal 0.608761 0.793354 -0
    outer loop
      vertex 7.07066 8.42649 67.6
      vertex 6.30934 9.01067 82
      vertex 7.07066 8.42649 82
    endloop
  endfacet
  facet normal 0.608761 0.793354 0
    outer loop
      vertex 6.30934 9.01067 82
      vertex 7.07066 8.42649 67.6
      vertex 6.30934 9.01067 67.6
    endloop
  endfacet
  facet normal 0.608761 0.793354 -0
    outer loop
      vertex 7.07066 8.42649 0
      vertex 6.30934 9.01067 14.4
      vertex 7.07066 8.42649 14.4
    endloop
  endfacet
  facet normal 0.608761 0.793354 0
    outer loop
      vertex 6.30934 9.01067 14.4
      vertex 7.07066 8.42649 0
      vertex 6.30934 9.01067 0
    endloop
  endfacet
  facet normal 0.608761 0.793354 -0
    outer loop
      vertex 7.07066 8.42649 16.6
      vertex 6.30934 9.01067 31.4
      vertex 7.07066 8.42649 31.4
    endloop
  endfacet
  facet normal 0.608761 0.793354 0
    outer loop
      vertex 6.30934 9.01067 31.4
      vertex 7.07066 8.42649 16.6
      vertex 6.30934 9.01067 16.6
    endloop
  endfacet
  facet normal 0.608761 0.793354 -0
    outer loop
      vertex 7.07066 8.42649 33.6
      vertex 6.30934 9.01067 48.4
      vertex 7.07066 8.42649 48.4
    endloop
  endfacet
  facet normal 0.608761 0.793354 0
    outer loop
      vertex 6.30934 9.01067 48.4
      vertex 7.07066 8.42649 33.6
      vertex 6.30934 9.01067 33.6
    endloop
  endfacet
  facet normal 0.608761 0.793354 -0
    outer loop
      vertex 7.07066 8.42649 50.6
      vertex 6.30934 9.01067 65.4
      vertex 7.07066 8.42649 65.4
    endloop
  endfacet
  facet normal 0.608761 0.793354 0
    outer loop
      vertex 6.30934 9.01067 65.4
      vertex 7.07066 8.42649 50.6
      vertex 6.30934 9.01067 50.6
    endloop
  endfacet
  facet normal 0.953706 0.300739 0
    outer loop
      vertex 10.6252 2.84701 82
      vertex 10.3366 3.76222 67.6
      vertex 10.3366 3.76222 82
    endloop
  endfacet
  facet normal 0.953706 0.300739 0
    outer loop
      vertex 10.3366 3.76222 67.6
      vertex 10.6252 2.84701 82
      vertex 10.6252 2.84701 67.6
    endloop
  endfacet
  facet normal 0.953706 0.300739 0
    outer loop
      vertex 10.6252 2.84701 14.4
      vertex 10.3366 3.76222 0
      vertex 10.3366 3.76222 14.4
    endloop
  endfacet
  facet normal 0.953706 0.300739 0
    outer loop
      vertex 10.3366 3.76222 0
      vertex 10.6252 2.84701 14.4
      vertex 10.6252 2.84701 0
    endloop
  endfacet
  facet normal 0.953706 0.300739 0
    outer loop
      vertex 10.6252 2.84701 31.4
      vertex 10.3366 3.76222 16.6
      vertex 10.3366 3.76222 31.4
    endloop
  endfacet
  facet normal 0.953706 0.300739 0
    outer loop
      vertex 10.3366 3.76222 16.6
      vertex 10.6252 2.84701 31.4
      vertex 10.6252 2.84701 16.6
    endloop
  endfacet
  facet normal 0.953706 0.300739 0
    outer loop
      vertex 10.6252 2.84701 48.4
      vertex 10.3366 3.76222 33.6
      vertex 10.3366 3.76222 48.4
    endloop
  endfacet
  facet normal 0.953706 0.300739 0
    outer loop
      vertex 10.3366 3.76222 33.6
      vertex 10.6252 2.84701 48.4
      vertex 10.6252 2.84701 33.6
    endloop
  endfacet
  facet normal 0.953706 0.300739 0
    outer loop
      vertex 10.6252 2.84701 65.4
      vertex 10.3366 3.76222 50.6
      vertex 10.3366 3.76222 65.4
    endloop
  endfacet
  facet normal 0.953706 0.300739 0
    outer loop
      vertex 10.3366 3.76222 50.6
      vertex 10.6252 2.84701 65.4
      vertex 10.6252 2.84701 50.6
    endloop
  endfacet
  facet normal 0.793354 0.608761 0
    outer loop
      vertex 9.01067 6.30934 82
      vertex 8.42649 7.07066 67.6
      vertex 8.42649 7.07066 82
    endloop
  endfacet
  facet normal 0.793354 0.608761 0
    outer loop
      vertex 8.42649 7.07066 67.6
      vertex 9.01067 6.30934 82
      vertex 9.01067 6.30934 67.6
    endloop
  endfacet
  facet normal 0.793354 0.608761 0
    outer loop
      vertex 9.01067 6.30934 14.4
      vertex 8.42649 7.07066 0
      vertex 8.42649 7.07066 14.4
    endloop
  endfacet
  facet normal 0.793354 0.608761 0
    outer loop
      vertex 8.42649 7.07066 0
      vertex 9.01067 6.30934 14.4
      vertex 9.01067 6.30934 0
    endloop
  endfacet
  facet normal 0.793354 0.608761 0
    outer loop
      vertex 9.01067 6.30934 31.4
      vertex 8.42649 7.07066 16.6
      vertex 8.42649 7.07066 31.4
    endloop
  endfacet
  facet normal 0.793354 0.608761 0
    outer loop
      vertex 8.42649 7.07066 16.6
      vertex 9.01067 6.30934 31.4
      vertex 9.01067 6.30934 16.6
    endloop
  endfacet
  facet normal 0.793354 0.608761 0
    outer loop
      vertex 9.01067 6.30934 48.4
      vertex 8.42649 7.07066 33.6
      vertex 8.42649 7.07066 48.4
    endloop
  endfacet
  facet normal 0.793354 0.608761 0
    outer loop
      vertex 8.42649 7.07066 33.6
      vertex 9.01067 6.30934 48.4
      vertex 9.01067 6.30934 33.6
    endloop
  endfacet
  facet normal 0.793354 0.608761 0
    outer loop
      vertex 9.01067 6.30934 65.4
      vertex 8.42649 7.07066 50.6
      vertex 8.42649 7.07066 65.4
    endloop
  endfacet
  facet normal 0.793354 0.608761 0
    outer loop
      vertex 8.42649 7.07066 50.6
      vertex 9.01067 6.30934 65.4
      vertex 9.01067 6.30934 50.6
    endloop
  endfacet
  facet normal 0.84339 0.537302 0
    outer loop
      vertex 9.52628 5.5 14.4
      vertex 9.01067 6.30934 0
      vertex 9.01067 6.30934 14.4
    endloop
  endfacet
  facet normal 0.84339 0.537302 0
    outer loop
      vertex 9.01067 6.30934 0
      vertex 9.52628 5.5 14.4
      vertex 9.52628 5.5 0
    endloop
  endfacet
  facet normal 0.84339 0.537302 0
    outer loop
      vertex 9.52628 5.5 82
      vertex 9.01067 6.30934 67.6
      vertex 9.01067 6.30934 82
    endloop
  endfacet
  facet normal 0.84339 0.537302 0
    outer loop
      vertex 9.01067 6.30934 67.6
      vertex 9.52628 5.5 82
      vertex 9.52628 5.5 67.6
    endloop
  endfacet
  facet normal 0.84339 0.537302 0
    outer loop
      vertex 9.52628 5.5 31.4
      vertex 9.01067 6.30934 16.6
      vertex 9.01067 6.30934 31.4
    endloop
  endfacet
  facet normal 0.84339 0.537302 0
    outer loop
      vertex 9.01067 6.30934 16.6
      vertex 9.52628 5.5 31.4
      vertex 9.52628 5.5 16.6
    endloop
  endfacet
  facet normal 0.84339 0.537302 0
    outer loop
      vertex 9.52628 5.5 48.4
      vertex 9.01067 6.30934 33.6
      vertex 9.01067 6.30934 48.4
    endloop
  endfacet
  facet normal 0.84339 0.537302 0
    outer loop
      vertex 9.01067 6.30934 33.6
      vertex 9.52628 5.5 48.4
      vertex 9.52628 5.5 33.6
    endloop
  endfacet
  facet normal 0.84339 0.537302 0
    outer loop
      vertex 9.52628 5.5 65.4
      vertex 9.01067 6.30934 50.6
      vertex 9.01067 6.30934 65.4
    endloop
  endfacet
  facet normal 0.84339 0.537302 0
    outer loop
      vertex 9.01067 6.30934 50.6
      vertex 9.52628 5.5 65.4
      vertex 9.52628 5.5 50.6
    endloop
  endfacet
  facet normal -0.793354 -0.608761 0
    outer loop
      vertex -8.42649 -7.07066 0
      vertex -9.01067 -6.30934 14.4
      vertex -9.01067 -6.30934 0
    endloop
  endfacet
  facet normal -0.793354 -0.608761 0
    outer loop
      vertex -9.01067 -6.30934 14.4
      vertex -8.42649 -7.07066 0
      vertex -8.42649 -7.07066 14.4
    endloop
  endfacet
  facet normal -0.793354 -0.608761 0
    outer loop
      vertex -8.42649 -7.07066 67.6
      vertex -9.01067 -6.30934 82
      vertex -9.01067 -6.30934 67.6
    endloop
  endfacet
  facet normal -0.793354 -0.608761 0
    outer loop
      vertex -9.01067 -6.30934 82
      vertex -8.42649 -7.07066 67.6
      vertex -8.42649 -7.07066 82
    endloop
  endfacet
  facet normal -0.793354 -0.608761 0
    outer loop
      vertex -8.42649 -7.07066 16.6
      vertex -9.01067 -6.30934 31.4
      vertex -9.01067 -6.30934 16.6
    endloop
  endfacet
  facet normal -0.793354 -0.608761 0
    outer loop
      vertex -9.01067 -6.30934 31.4
      vertex -8.42649 -7.07066 16.6
      vertex -8.42649 -7.07066 31.4
    endloop
  endfacet
  facet normal -0.793354 -0.608761 0
    outer loop
      vertex -8.42649 -7.07066 33.6
      vertex -9.01067 -6.30934 48.4
      vertex -9.01067 -6.30934 33.6
    endloop
  endfacet
  facet normal -0.793354 -0.608761 0
    outer loop
      vertex -9.01067 -6.30934 48.4
      vertex -8.42649 -7.07066 33.6
      vertex -8.42649 -7.07066 48.4
    endloop
  endfacet
  facet normal -0.793354 -0.608761 0
    outer loop
      vertex -8.42649 -7.07066 50.6
      vertex -9.01067 -6.30934 65.4
      vertex -9.01067 -6.30934 50.6
    endloop
  endfacet
  facet normal -0.793354 -0.608761 0
    outer loop
      vertex -9.01067 -6.30934 65.4
      vertex -8.42649 -7.07066 50.6
      vertex -8.42649 -7.07066 65.4
    endloop
  endfacet
  facet normal 0.130468 -0.991452 0
    outer loop
      vertex 0.958713 -10.9581 0
      vertex 1.91013 -10.8329 14.4
      vertex 0.958713 -10.9581 14.4
    endloop
  endfacet
  facet normal 0.130468 -0.991452 0
    outer loop
      vertex 1.91013 -10.8329 14.4
      vertex 0.958713 -10.9581 0
      vertex 1.91013 -10.8329 0
    endloop
  endfacet
  facet normal 0.130468 -0.991452 0
    outer loop
      vertex 0.958713 -10.9581 67.6
      vertex 1.91013 -10.8329 82
      vertex 0.958713 -10.9581 82
    endloop
  endfacet
  facet normal 0.130468 -0.991452 0
    outer loop
      vertex 1.91013 -10.8329 82
      vertex 0.958713 -10.9581 67.6
      vertex 1.91013 -10.8329 67.6
    endloop
  endfacet
  facet normal 0.130468 -0.991452 0
    outer loop
      vertex 0.958713 -10.9581 16.6
      vertex 1.91013 -10.8329 31.4
      vertex 0.958713 -10.9581 31.4
    endloop
  endfacet
  facet normal 0.130468 -0.991452 0
    outer loop
      vertex 1.91013 -10.8329 31.4
      vertex 0.958713 -10.9581 16.6
      vertex 1.91013 -10.8329 16.6
    endloop
  endfacet
  facet normal 0.130468 -0.991452 0
    outer loop
      vertex 0.958713 -10.9581 33.6
      vertex 1.91013 -10.8329 48.4
      vertex 0.958713 -10.9581 48.4
    endloop
  endfacet
  facet normal 0.130468 -0.991452 0
    outer loop
      vertex 1.91013 -10.8329 48.4
      vertex 0.958713 -10.9581 33.6
      vertex 1.91013 -10.8329 33.6
    endloop
  endfacet
  facet normal 0.130468 -0.991452 0
    outer loop
      vertex 0.958713 -10.9581 50.6
      vertex 1.91013 -10.8329 65.4
      vertex 0.958713 -10.9581 65.4
    endloop
  endfacet
  facet normal 0.130468 -0.991452 0
    outer loop
      vertex 1.91013 -10.8329 65.4
      vertex 0.958713 -10.9581 50.6
      vertex 1.91013 -10.8329 50.6
    endloop
  endfacet
  facet normal 0.999062 -0.0433046 0
    outer loop
      vertex 11 0 82
      vertex 10.9949 -0.11766 79.3449
      vertex 11 0 79.35
    endloop
  endfacet
  facet normal 0.999047 -0.0436378 1.47956e-05
    outer loop
      vertex 11 0 82
      vertex 10.9898 -0.234425 79.3295
      vertex 10.9949 -0.11766 79.3449
    endloop
  endfacet
  facet normal 0.999046 -0.0436627 1.6988e-05
    outer loop
      vertex 10.9581 -0.958713 82
      vertex 10.9898 -0.234425 79.3295
      vertex 11 0 82
    endloop
  endfacet
  facet normal 0.999019 -0.0442787 -0.000150388
    outer loop
      vertex 10.9898 -0.234425 79.3295
      vertex 10.9581 -0.958713 82
      vertex 10.9847 -0.349405 79.304
    endloop
  endfacet
  facet normal 0.99905 -0.0435852 6.64001e-06
    outer loop
      vertex 10.9847 -0.349405 79.304
      vertex 10.9581 -0.958713 82
      vertex 10.9798 -0.461727 79.2686
    endloop
  endfacet
  facet normal 0.999067 -0.0431882 7.90155e-05
    outer loop
      vertex 10.9798 -0.461727 79.2686
      vertex 10.9581 -0.958713 82
      vertex 10.9751 -0.570534 79.2235
    endloop
  endfacet
  facet normal 0.999033 -0.043975 -3.12022e-05
    outer loop
      vertex 10.9751 -0.570534 79.2235
      vertex 10.9581 -0.958713 82
      vertex 10.9705 -0.674999 79.1691
    endloop
  endfacet
  facet normal 0.999063 -0.0432752 3.90683e-05
    outer loop
      vertex 10.9705 -0.674999 79.1691
      vertex 10.9581 -0.958713 82
      vertex 10.9662 -0.774327 79.1059
    endloop
  endfacet
  facet normal 0.999039 -0.0438404 2.99042e-06
    outer loop
      vertex 10.9662 -0.774327 79.1059
      vertex 10.9581 -0.958713 82
      vertex 10.9621 -0.867763 79.0342
    endloop
  endfacet
  facet normal 0.999044 -0.0437272 6.46752e-06
    outer loop
      vertex 10.9621 -0.867763 79.0342
      vertex 10.9581 -0.958713 82
      vertex 10.9583 -0.954594 78.9546
    endloop
  endfacet
  facet normal 0.998823 -0.0484983 0
    outer loop
      vertex 10.9583 -0.954594 78.9546
      vertex 10.9581 -0.958713 82
      vertex 10.9581 -0.958713 78.9501
    endloop
  endfacet
  facet normal 0.999062 -0.0433046 0
    outer loop
      vertex 10.9949 -0.11766 2.65514
      vertex 11 0 0
      vertex 11 0 2.65
    endloop
  endfacet
  facet normal 0.999047 -0.0436378 -1.47952e-05
    outer loop
      vertex 10.9898 -0.234425 2.67051
      vertex 11 0 0
      vertex 10.9949 -0.11766 2.65514
    endloop
  endfacet
  facet normal 0.999019 -0.0442787 0.000150391
    outer loop
      vertex 10.9581 -0.958713 0
      vertex 10.9898 -0.234425 2.67051
      vertex 10.9847 -0.349405 2.696
    endloop
  endfacet
  facet normal 0.99905 -0.0435852 -6.63989e-06
    outer loop
      vertex 10.9581 -0.958713 0
      vertex 10.9847 -0.349405 2.696
      vertex 10.9798 -0.461727 2.73141
    endloop
  endfacet
  facet normal 0.999067 -0.0431882 -7.90189e-05
    outer loop
      vertex 10.9581 -0.958713 0
      vertex 10.9798 -0.461727 2.73141
      vertex 10.9751 -0.570534 2.77648
    endloop
  endfacet
  facet normal 0.999033 -0.043975 3.12032e-05
    outer loop
      vertex 10.9581 -0.958713 0
      vertex 10.9751 -0.570534 2.77648
      vertex 10.9705 -0.674999 2.83086
    endloop
  endfacet
  facet normal 0.999063 -0.0432752 -3.90658e-05
    outer loop
      vertex 10.9581 -0.958713 0
      vertex 10.9705 -0.674999 2.83086
      vertex 10.9662 -0.774327 2.89414
    endloop
  endfacet
  facet normal 0.999039 -0.0438404 -2.99038e-06
    outer loop
      vertex 10.9581 -0.958713 0
      vertex 10.9662 -0.774327 2.89414
      vertex 10.9621 -0.867763 2.96584
    endloop
  endfacet
  facet normal 0.999044 -0.0437272 -6.4675e-06
    outer loop
      vertex 10.9581 -0.958713 0
      vertex 10.9621 -0.867763 2.96584
      vertex 10.9583 -0.954594 3.04541
    endloop
  endfacet
  facet normal 0.998823 -0.0484983 0
    outer loop
      vertex 10.9581 -0.958713 0
      vertex 10.9583 -0.954594 3.04541
      vertex 10.9581 -0.958713 3.0499
    endloop
  endfacet
  facet normal 0.999046 -0.0436627 -1.69879e-05
    outer loop
      vertex 10.9898 -0.234425 2.67051
      vertex 10.9581 -0.958713 0
      vertex 11 0 0
    endloop
  endfacet
  facet normal 0.999062 -0.0433046 0
    outer loop
      vertex 11 0 14.4
      vertex 10.9949 -0.11766 5.34486
      vertex 11 0 5.35
    endloop
  endfacet
  facet normal 0.999046 -0.0436627 4.6628e-06
    outer loop
      vertex 10.9581 -0.958713 14.4
      vertex 10.9949 -0.11766 5.34486
      vertex 11 0 14.4
    endloop
  endfacet
  facet normal 0.999047 -0.0436368 7.0773e-06
    outer loop
      vertex 10.9949 -0.11766 5.34486
      vertex 10.9581 -0.958713 14.4
      vertex 10.9898 -0.234425 5.32949
    endloop
  endfacet
  facet normal 0.999018 -0.0443018 -4.61232e-05
    outer loop
      vertex 10.9898 -0.234425 5.32949
      vertex 10.9581 -0.958713 14.4
      vertex 10.9847 -0.349405 5.304
    endloop
  endfacet
  facet normal 0.99905 -0.0435838 2.06463e-06
    outer loop
      vertex 10.9847 -0.349405 5.304
      vertex 10.9581 -0.958713 14.4
      vertex 10.9798 -0.461727 5.26858
    endloop
  endfacet
  facet normal 0.999068 -0.0431658 2.48575e-05
    outer loop
      vertex 10.9798 -0.461727 5.26858
      vertex 10.9581 -0.958713 14.4
      vertex 10.9751 -0.570534 5.22352
    endloop
  endfacet
  facet normal 0.999032 -0.0439861 -9.90983e-06
    outer loop
      vertex 10.9751 -0.570534 5.22352
      vertex 10.9581 -0.958713 14.4
      vertex 10.9705 -0.674999 5.16913
    endloop
  endfacet
  facet normal 0.999064 -0.0432584 1.25006e-05
    outer loop
      vertex 10.9705 -0.674999 5.16913
      vertex 10.9581 -0.958713 14.4
      vertex 10.9662 -0.774327 5.10585
    endloop
  endfacet
  facet normal 0.999039 -0.0438389 9.62067e-07
    outer loop
      vertex 10.9662 -0.774327 5.10585
      vertex 10.9581 -0.958713 14.4
      vertex 10.9621 -0.867763 5.03416
    endloop
  endfacet
  facet normal 0.999044 -0.0437232 2.08702e-06
    outer loop
      vertex 10.9621 -0.867763 5.03416
      vertex 10.9581 -0.958713 14.4
      vertex 10.9583 -0.954594 4.95459
    endloop
  endfacet
  facet normal 0.998823 -0.0484983 0
    outer loop
      vertex 10.9583 -0.954594 4.95459
      vertex 10.9581 -0.958713 14.4
      vertex 10.9581 -0.958713 4.9501
    endloop
  endfacet
  facet normal 0.999046 -0.0436627 0
    outer loop
      vertex 10.9581 -0.958713 31.4
      vertex 11 0 16.6
      vertex 11 0 31.4
    endloop
  endfacet
  facet normal 0.999046 -0.0436627 0
    outer loop
      vertex 11 0 16.6
      vertex 10.9581 -0.958713 31.4
      vertex 10.9581 -0.958713 16.6
    endloop
  endfacet
  facet normal 0.999046 -0.0436627 0
    outer loop
      vertex 10.9581 -0.958713 48.4
      vertex 11 0 33.6
      vertex 11 0 48.4
    endloop
  endfacet
  facet normal 0.999046 -0.0436627 0
    outer loop
      vertex 11 0 33.6
      vertex 10.9581 -0.958713 48.4
      vertex 10.9581 -0.958713 33.6
    endloop
  endfacet
  facet normal 0.999046 -0.0436627 0
    outer loop
      vertex 10.9581 -0.958713 65.4
      vertex 11 0 50.6
      vertex 11 0 65.4
    endloop
  endfacet
  facet normal 0.999046 -0.0436627 0
    outer loop
      vertex 11 0 50.6
      vertex 10.9581 -0.958713 65.4
      vertex 10.9581 -0.958713 50.6
    endloop
  endfacet
  facet normal 0.999062 -0.0433046 0
    outer loop
      vertex 10.9949 -0.11766 76.6551
      vertex 11 0 67.6
      vertex 11 0 76.65
    endloop
  endfacet
  facet normal 0.999047 -0.0436368 -7.07716e-06
    outer loop
      vertex 10.9581 -0.958713 67.6
      vertex 10.9949 -0.11766 76.6551
      vertex 10.9898 -0.234425 76.6705
    endloop
  endfacet
  facet normal 0.999018 -0.0443018 4.6123e-05
    outer loop
      vertex 10.9581 -0.958713 67.6
      vertex 10.9898 -0.234425 76.6705
      vertex 10.9847 -0.349405 76.696
    endloop
  endfacet
  facet normal 0.99905 -0.0435838 -2.06465e-06
    outer loop
      vertex 10.9581 -0.958713 67.6
      vertex 10.9847 -0.349405 76.696
      vertex 10.9798 -0.461727 76.7314
    endloop
  endfacet
  facet normal 0.999068 -0.0431658 -2.48571e-05
    outer loop
      vertex 10.9581 -0.958713 67.6
      vertex 10.9798 -0.461727 76.7314
      vertex 10.9751 -0.570534 76.7765
    endloop
  endfacet
  facet normal 0.999032 -0.0439861 9.90977e-06
    outer loop
      vertex 10.9581 -0.958713 67.6
      vertex 10.9751 -0.570534 76.7765
      vertex 10.9705 -0.674999 76.8309
    endloop
  endfacet
  facet normal 0.999064 -0.0432583 -1.25009e-05
    outer loop
      vertex 10.9581 -0.958713 67.6
      vertex 10.9705 -0.674999 76.8309
      vertex 10.9662 -0.774327 76.8941
    endloop
  endfacet
  facet normal 0.999039 -0.0438389 -9.6207e-07
    outer loop
      vertex 10.9581 -0.958713 67.6
      vertex 10.9662 -0.774327 76.8941
      vertex 10.9621 -0.867763 76.9658
    endloop
  endfacet
  facet normal 0.999044 -0.0437232 -2.08702e-06
    outer loop
      vertex 10.9581 -0.958713 67.6
      vertex 10.9621 -0.867763 76.9658
      vertex 10.9583 -0.954594 77.0454
    endloop
  endfacet
  facet normal 0.998823 -0.0484983 0
    outer loop
      vertex 10.9581 -0.958713 67.6
      vertex 10.9583 -0.954594 77.0454
      vertex 10.9581 -0.958713 77.0499
    endloop
  endfacet
  facet normal 0.999046 -0.0436627 -4.66282e-06
    outer loop
      vertex 10.9949 -0.11766 76.6551
      vertex 10.9581 -0.958713 67.6
      vertex 11 0 67.6
    endloop
  endfacet
  facet normal 0.887009 -0.461751 0
    outer loop
      vertex 9.52628 -5.5 14.4
      vertex 9.96939 -4.6488 0
      vertex 9.96939 -4.6488 14.4
    endloop
  endfacet
  facet normal 0.887009 -0.461751 0
    outer loop
      vertex 9.96939 -4.6488 0
      vertex 9.52628 -5.5 14.4
      vertex 9.52628 -5.5 0
    endloop
  endfacet
  facet normal 0.887009 -0.461751 0
    outer loop
      vertex 9.52628 -5.5 82
      vertex 9.96939 -4.6488 67.6
      vertex 9.96939 -4.6488 82
    endloop
  endfacet
  facet normal 0.887009 -0.461751 0
    outer loop
      vertex 9.96939 -4.6488 67.6
      vertex 9.52628 -5.5 82
      vertex 9.52628 -5.5 67.6
    endloop
  endfacet
  facet normal 0.887009 -0.461751 0
    outer loop
      vertex 9.52628 -5.5 31.4
      vertex 9.96939 -4.6488 16.6
      vertex 9.96939 -4.6488 31.4
    endloop
  endfacet
  facet normal 0.887009 -0.461751 0
    outer loop
      vertex 9.96939 -4.6488 16.6
      vertex 9.52628 -5.5 31.4
      vertex 9.52628 -5.5 16.6
    endloop
  endfacet
  facet normal 0.887009 -0.461751 0
    outer loop
      vertex 9.52628 -5.5 48.4
      vertex 9.96939 -4.6488 33.6
      vertex 9.96939 -4.6488 48.4
    endloop
  endfacet
  facet normal 0.887009 -0.461751 0
    outer loop
      vertex 9.96939 -4.6488 33.6
      vertex 9.52628 -5.5 48.4
      vertex 9.52628 -5.5 33.6
    endloop
  endfacet
  facet normal 0.887009 -0.461751 0
    outer loop
      vertex 9.52628 -5.5 65.4
      vertex 9.96939 -4.6488 50.6
      vertex 9.96939 -4.6488 65.4
    endloop
  endfacet
  facet normal 0.887009 -0.461751 0
    outer loop
      vertex 9.96939 -4.6488 50.6
      vertex 9.52628 -5.5 65.4
      vertex 9.52628 -5.5 50.6
    endloop
  endfacet
  facet normal 0.737274 -0.675594 0
    outer loop
      vertex 7.77817 -7.77817 14.4
      vertex 8.42649 -7.07066 0
      vertex 8.42649 -7.07066 14.4
    endloop
  endfacet
  facet normal 0.737274 -0.675594 0
    outer loop
      vertex 8.42649 -7.07066 0
      vertex 7.77817 -7.77817 14.4
      vertex 7.77817 -7.77817 0
    endloop
  endfacet
  facet normal 0.737274 -0.675594 0
    outer loop
      vertex 7.77817 -7.77817 82
      vertex 8.42649 -7.07066 67.6
      vertex 8.42649 -7.07066 82
    endloop
  endfacet
  facet normal 0.737274 -0.675594 0
    outer loop
      vertex 8.42649 -7.07066 67.6
      vertex 7.77817 -7.77817 82
      vertex 7.77817 -7.77817 67.6
    endloop
  endfacet
  facet normal 0.737274 -0.675594 0
    outer loop
      vertex 7.77817 -7.77817 31.4
      vertex 8.42649 -7.07066 16.6
      vertex 8.42649 -7.07066 31.4
    endloop
  endfacet
  facet normal 0.737274 -0.675594 0
    outer loop
      vertex 8.42649 -7.07066 16.6
      vertex 7.77817 -7.77817 31.4
      vertex 7.77817 -7.77817 16.6
    endloop
  endfacet
  facet normal 0.737274 -0.675594 0
    outer loop
      vertex 7.77817 -7.77817 48.4
      vertex 8.42649 -7.07066 33.6
      vertex 8.42649 -7.07066 48.4
    endloop
  endfacet
  facet normal 0.737274 -0.675594 0
    outer loop
      vertex 8.42649 -7.07066 33.6
      vertex 7.77817 -7.77817 48.4
      vertex 7.77817 -7.77817 33.6
    endloop
  endfacet
  facet normal 0.737274 -0.675594 0
    outer loop
      vertex 7.77817 -7.77817 65.4
      vertex 8.42649 -7.07066 50.6
      vertex 8.42649 -7.07066 65.4
    endloop
  endfacet
  facet normal 0.737274 -0.675594 0
    outer loop
      vertex 8.42649 -7.07066 50.6
      vertex 7.77817 -7.77817 65.4
      vertex 7.77817 -7.77817 50.6
    endloop
  endfacet
  facet normal -0.461751 -0.887009 0
    outer loop
      vertex -5.5 -9.52628 67.6
      vertex -4.6488 -9.96939 82
      vertex -5.5 -9.52628 82
    endloop
  endfacet
  facet normal -0.461751 -0.887009 -0
    outer loop
      vertex -4.6488 -9.96939 82
      vertex -5.5 -9.52628 67.6
      vertex -4.6488 -9.96939 67.6
    endloop
  endfacet
  facet normal -0.461751 -0.887009 0
    outer loop
      vertex -5.5 -9.52628 0
      vertex -4.6488 -9.96939 14.4
      vertex -5.5 -9.52628 14.4
    endloop
  endfacet
  facet normal -0.461751 -0.887009 -0
    outer loop
      vertex -4.6488 -9.96939 14.4
      vertex -5.5 -9.52628 0
      vertex -4.6488 -9.96939 0
    endloop
  endfacet
  facet normal -0.461751 -0.887009 0
    outer loop
      vertex -5.5 -9.52628 16.6
      vertex -4.6488 -9.96939 31.4
      vertex -5.5 -9.52628 31.4
    endloop
  endfacet
  facet normal -0.461751 -0.887009 -0
    outer loop
      vertex -4.6488 -9.96939 31.4
      vertex -5.5 -9.52628 16.6
      vertex -4.6488 -9.96939 16.6
    endloop
  endfacet
  facet normal -0.461751 -0.887009 0
    outer loop
      vertex -5.5 -9.52628 33.6
      vertex -4.6488 -9.96939 48.4
      vertex -5.5 -9.52628 48.4
    endloop
  endfacet
  facet normal -0.461751 -0.887009 -0
    outer loop
      vertex -4.6488 -9.96939 48.4
      vertex -5.5 -9.52628 33.6
      vertex -4.6488 -9.96939 33.6
    endloop
  endfacet
  facet normal -0.461751 -0.887009 0
    outer loop
      vertex -5.5 -9.52628 50.6
      vertex -4.6488 -9.96939 65.4
      vertex -5.5 -9.52628 65.4
    endloop
  endfacet
  facet normal -0.461751 -0.887009 -0
    outer loop
      vertex -4.6488 -9.96939 65.4
      vertex -5.5 -9.52628 50.6
      vertex -4.6488 -9.96939 50.6
    endloop
  endfacet
  facet normal 0.461751 -0.887009 0
    outer loop
      vertex 4.6488 -9.96939 0
      vertex 5.5 -9.52628 14.4
      vertex 4.6488 -9.96939 14.4
    endloop
  endfacet
  facet normal 0.461751 -0.887009 0
    outer loop
      vertex 5.5 -9.52628 14.4
      vertex 4.6488 -9.96939 0
      vertex 5.5 -9.52628 0
    endloop
  endfacet
  facet normal 0.461751 -0.887009 0
    outer loop
      vertex 4.6488 -9.96939 67.6
      vertex 5.5 -9.52628 82
      vertex 4.6488 -9.96939 82
    endloop
  endfacet
  facet normal 0.461751 -0.887009 0
    outer loop
      vertex 5.5 -9.52628 82
      vertex 4.6488 -9.96939 67.6
      vertex 5.5 -9.52628 67.6
    endloop
  endfacet
  facet normal 0.461751 -0.887009 0
    outer loop
      vertex 4.6488 -9.96939 16.6
      vertex 5.5 -9.52628 31.4
      vertex 4.6488 -9.96939 31.4
    endloop
  endfacet
  facet normal 0.461751 -0.887009 0
    outer loop
      vertex 5.5 -9.52628 31.4
      vertex 4.6488 -9.96939 16.6
      vertex 5.5 -9.52628 16.6
    endloop
  endfacet
  facet normal 0.461751 -0.887009 0
    outer loop
      vertex 4.6488 -9.96939 33.6
      vertex 5.5 -9.52628 48.4
      vertex 4.6488 -9.96939 48.4
    endloop
  endfacet
  facet normal 0.461751 -0.887009 0
    outer loop
      vertex 5.5 -9.52628 48.4
      vertex 4.6488 -9.96939 33.6
      vertex 5.5 -9.52628 33.6
    endloop
  endfacet
  facet normal 0.461751 -0.887009 0
    outer loop
      vertex 4.6488 -9.96939 50.6
      vertex 5.5 -9.52628 65.4
      vertex 4.6488 -9.96939 65.4
    endloop
  endfacet
  facet normal 0.461751 -0.887009 0
    outer loop
      vertex 5.5 -9.52628 65.4
      vertex 4.6488 -9.96939 50.6
      vertex 5.5 -9.52628 50.6
    endloop
  endfacet
  facet normal -0.953706 -0.300739 0
    outer loop
      vertex -10.3366 -3.76222 67.6
      vertex -10.6252 -2.84701 82
      vertex -10.6252 -2.84701 67.6
    endloop
  endfacet
  facet normal -0.953706 -0.300739 0
    outer loop
      vertex -10.6252 -2.84701 82
      vertex -10.3366 -3.76222 67.6
      vertex -10.3366 -3.76222 82
    endloop
  endfacet
  facet normal -0.953706 -0.300739 0
    outer loop
      vertex -10.3366 -3.76222 0
      vertex -10.6252 -2.84701 14.4
      vertex -10.6252 -2.84701 0
    endloop
  endfacet
  facet normal -0.953706 -0.300739 0
    outer loop
      vertex -10.6252 -2.84701 14.4
      vertex -10.3366 -3.76222 0
      vertex -10.3366 -3.76222 14.4
    endloop
  endfacet
  facet normal -0.953706 -0.300739 0
    outer loop
      vertex -10.3366 -3.76222 16.6
      vertex -10.6252 -2.84701 31.4
      vertex -10.6252 -2.84701 16.6
    endloop
  endfacet
  facet normal -0.953706 -0.300739 0
    outer loop
      vertex -10.6252 -2.84701 31.4
      vertex -10.3366 -3.76222 16.6
      vertex -10.3366 -3.76222 31.4
    endloop
  endfacet
  facet normal -0.953706 -0.300739 0
    outer loop
      vertex -10.3366 -3.76222 33.6
      vertex -10.6252 -2.84701 48.4
      vertex -10.6252 -2.84701 33.6
    endloop
  endfacet
  facet normal -0.953706 -0.300739 0
    outer loop
      vertex -10.6252 -2.84701 48.4
      vertex -10.3366 -3.76222 33.6
      vertex -10.3366 -3.76222 48.4
    endloop
  endfacet
  facet normal -0.953706 -0.300739 0
    outer loop
      vertex -10.3366 -3.76222 50.6
      vertex -10.6252 -2.84701 65.4
      vertex -10.6252 -2.84701 50.6
    endloop
  endfacet
  facet normal -0.953706 -0.300739 0
    outer loop
      vertex -10.6252 -2.84701 65.4
      vertex -10.3366 -3.76222 50.6
      vertex -10.3366 -3.76222 65.4
    endloop
  endfacet
  facet normal 0.537302 0.84339 -0
    outer loop
      vertex 6.30934 9.01067 67.6
      vertex 5.5 9.52628 82
      vertex 6.30934 9.01067 82
    endloop
  endfacet
  facet normal 0.537302 0.84339 0
    outer loop
      vertex 5.5 9.52628 82
      vertex 6.30934 9.01067 67.6
      vertex 5.5 9.52628 67.6
    endloop
  endfacet
  facet normal 0.537302 0.84339 -0
    outer loop
      vertex 6.30934 9.01067 0
      vertex 5.5 9.52628 14.4
      vertex 6.30934 9.01067 14.4
    endloop
  endfacet
  facet normal 0.537302 0.84339 0
    outer loop
      vertex 5.5 9.52628 14.4
      vertex 6.30934 9.01067 0
      vertex 5.5 9.52628 0
    endloop
  endfacet
  facet normal 0.537302 0.84339 -0
    outer loop
      vertex 6.30934 9.01067 16.6
      vertex 5.5 9.52628 31.4
      vertex 6.30934 9.01067 31.4
    endloop
  endfacet
  facet normal 0.537302 0.84339 0
    outer loop
      vertex 5.5 9.52628 31.4
      vertex 6.30934 9.01067 16.6
      vertex 5.5 9.52628 16.6
    endloop
  endfacet
  facet normal 0.537302 0.84339 -0
    outer loop
      vertex 6.30934 9.01067 33.6
      vertex 5.5 9.52628 48.4
      vertex 6.30934 9.01067 48.4
    endloop
  endfacet
  facet normal 0.537302 0.84339 0
    outer loop
      vertex 5.5 9.52628 48.4
      vertex 6.30934 9.01067 33.6
      vertex 5.5 9.52628 33.6
    endloop
  endfacet
  facet normal 0.537302 0.84339 -0
    outer loop
      vertex 6.30934 9.01067 50.6
      vertex 5.5 9.52628 65.4
      vertex 6.30934 9.01067 65.4
    endloop
  endfacet
  facet normal 0.537302 0.84339 0
    outer loop
      vertex 5.5 9.52628 65.4
      vertex 6.30934 9.01067 50.6
      vertex 5.5 9.52628 50.6
    endloop
  endfacet
  facet normal 0.382663 0.923888 -0
    outer loop
      vertex 4.6488 9.96939 0
      vertex 3.76222 10.3366 14.4
      vertex 4.6488 9.96939 14.4
    endloop
  endfacet
  facet normal 0.382663 0.923888 0
    outer loop
      vertex 3.76222 10.3366 14.4
      vertex 4.6488 9.96939 0
      vertex 3.76222 10.3366 0
    endloop
  endfacet
  facet normal 0.382663 0.923888 -0
    outer loop
      vertex 4.6488 9.96939 67.6
      vertex 3.76222 10.3366 82
      vertex 4.6488 9.96939 82
    endloop
  endfacet
  facet normal 0.382663 0.923888 0
    outer loop
      vertex 3.76222 10.3366 82
      vertex 4.6488 9.96939 67.6
      vertex 3.76222 10.3366 67.6
    endloop
  endfacet
  facet normal 0.382663 0.923888 -0
    outer loop
      vertex 4.6488 9.96939 16.6
      vertex 3.76222 10.3366 31.4
      vertex 4.6488 9.96939 31.4
    endloop
  endfacet
  facet normal 0.382663 0.923888 0
    outer loop
      vertex 3.76222 10.3366 31.4
      vertex 4.6488 9.96939 16.6
      vertex 3.76222 10.3366 16.6
    endloop
  endfacet
  facet normal 0.382663 0.923888 -0
    outer loop
      vertex 4.6488 9.96939 33.6
      vertex 3.76222 10.3366 48.4
      vertex 4.6488 9.96939 48.4
    endloop
  endfacet
  facet normal 0.382663 0.923888 0
    outer loop
      vertex 3.76222 10.3366 48.4
      vertex 4.6488 9.96939 33.6
      vertex 3.76222 10.3366 33.6
    endloop
  endfacet
  facet normal 0.382663 0.923888 -0
    outer loop
      vertex 4.6488 9.96939 50.6
      vertex 3.76222 10.3366 65.4
      vertex 4.6488 9.96939 65.4
    endloop
  endfacet
  facet normal 0.382663 0.923888 0
    outer loop
      vertex 3.76222 10.3366 65.4
      vertex 4.6488 9.96939 50.6
      vertex 3.76222 10.3366 50.6
    endloop
  endfacet
  facet normal -0.300739 0.953706 0
    outer loop
      vertex -2.84701 10.6252 67.6
      vertex -3.76222 10.3366 82
      vertex -2.84701 10.6252 82
    endloop
  endfacet
  facet normal -0.300739 0.953706 0
    outer loop
      vertex -3.76222 10.3366 82
      vertex -2.84701 10.6252 67.6
      vertex -3.76222 10.3366 67.6
    endloop
  endfacet
  facet normal -0.300739 0.953706 0
    outer loop
      vertex -2.84701 10.6252 0
      vertex -3.76222 10.3366 14.4
      vertex -2.84701 10.6252 14.4
    endloop
  endfacet
  facet normal -0.300739 0.953706 0
    outer loop
      vertex -3.76222 10.3366 14.4
      vertex -2.84701 10.6252 0
      vertex -3.76222 10.3366 0
    endloop
  endfacet
  facet normal -0.300739 0.953706 0
    outer loop
      vertex -2.84701 10.6252 16.6
      vertex -3.76222 10.3366 31.4
      vertex -2.84701 10.6252 31.4
    endloop
  endfacet
  facet normal -0.300739 0.953706 0
    outer loop
      vertex -3.76222 10.3366 31.4
      vertex -2.84701 10.6252 16.6
      vertex -3.76222 10.3366 16.6
    endloop
  endfacet
  facet normal -0.300739 0.953706 0
    outer loop
      vertex -2.84701 10.6252 33.6
      vertex -3.76222 10.3366 48.4
      vertex -2.84701 10.6252 48.4
    endloop
  endfacet
  facet normal -0.300739 0.953706 0
    outer loop
      vertex -3.76222 10.3366 48.4
      vertex -2.84701 10.6252 33.6
      vertex -3.76222 10.3366 33.6
    endloop
  endfacet
  facet normal -0.300739 0.953706 0
    outer loop
      vertex -2.84701 10.6252 50.6
      vertex -3.76222 10.3366 65.4
      vertex -2.84701 10.6252 65.4
    endloop
  endfacet
  facet normal -0.300739 0.953706 0
    outer loop
      vertex -3.76222 10.3366 65.4
      vertex -2.84701 10.6252 50.6
      vertex -3.76222 10.3366 50.6
    endloop
  endfacet
  facet normal 0.0436627 -0.999046 0
    outer loop
      vertex 0 -11 0
      vertex 0.958713 -10.9581 14.4
      vertex 0 -11 14.4
    endloop
  endfacet
  facet normal 0.0436627 -0.999046 0
    outer loop
      vertex 0.958713 -10.9581 14.4
      vertex 0 -11 0
      vertex 0.958713 -10.9581 0
    endloop
  endfacet
  facet normal 0.0436627 -0.999046 0
    outer loop
      vertex 0 -11 67.6
      vertex 0.958713 -10.9581 82
      vertex 0 -11 82
    endloop
  endfacet
  facet normal 0.0436627 -0.999046 0
    outer loop
      vertex 0.958713 -10.9581 82
      vertex 0 -11 67.6
      vertex 0.958713 -10.9581 67.6
    endloop
  endfacet
  facet normal 0.0436627 -0.999046 0
    outer loop
      vertex 0 -11 16.6
      vertex 0.958713 -10.9581 31.4
      vertex 0 -11 31.4
    endloop
  endfacet
  facet normal 0.0436627 -0.999046 0
    outer loop
      vertex 0.958713 -10.9581 31.4
      vertex 0 -11 16.6
      vertex 0.958713 -10.9581 16.6
    endloop
  endfacet
  facet normal 0.0436627 -0.999046 0
    outer loop
      vertex 0 -11 33.6
      vertex 0.958713 -10.9581 48.4
      vertex 0 -11 48.4
    endloop
  endfacet
  facet normal 0.0436627 -0.999046 0
    outer loop
      vertex 0.958713 -10.9581 48.4
      vertex 0 -11 33.6
      vertex 0.958713 -10.9581 33.6
    endloop
  endfacet
  facet normal 0.0436627 -0.999046 0
    outer loop
      vertex 0 -11 50.6
      vertex 0.958713 -10.9581 65.4
      vertex 0 -11 65.4
    endloop
  endfacet
  facet normal 0.0436627 -0.999046 0
    outer loop
      vertex 0.958713 -10.9581 65.4
      vertex 0 -11 50.6
      vertex 0.958713 -10.9581 50.6
    endloop
  endfacet
  facet normal 0.84339 -0.537302 0
    outer loop
      vertex 9.01067 -6.30934 14.4
      vertex 9.52628 -5.5 0
      vertex 9.52628 -5.5 14.4
    endloop
  endfacet
  facet normal 0.84339 -0.537302 0
    outer loop
      vertex 9.52628 -5.5 0
      vertex 9.01067 -6.30934 14.4
      vertex 9.01067 -6.30934 0
    endloop
  endfacet
  facet normal 0.84339 -0.537302 0
    outer loop
      vertex 9.01067 -6.30934 82
      vertex 9.52628 -5.5 67.6
      vertex 9.52628 -5.5 82
    endloop
  endfacet
  facet normal 0.84339 -0.537302 0
    outer loop
      vertex 9.52628 -5.5 67.6
      vertex 9.01067 -6.30934 82
      vertex 9.01067 -6.30934 67.6
    endloop
  endfacet
  facet normal 0.84339 -0.537302 0
    outer loop
      vertex 9.01067 -6.30934 31.4
      vertex 9.52628 -5.5 16.6
      vertex 9.52628 -5.5 31.4
    endloop
  endfacet
  facet normal 0.84339 -0.537302 0
    outer loop
      vertex 9.52628 -5.5 16.6
      vertex 9.01067 -6.30934 31.4
      vertex 9.01067 -6.30934 16.6
    endloop
  endfacet
  facet normal 0.84339 -0.537302 0
    outer loop
      vertex 9.01067 -6.30934 48.4
      vertex 9.52628 -5.5 33.6
      vertex 9.52628 -5.5 48.4
    endloop
  endfacet
  facet normal 0.84339 -0.537302 0
    outer loop
      vertex 9.52628 -5.5 33.6
      vertex 9.01067 -6.30934 48.4
      vertex 9.01067 -6.30934 33.6
    endloop
  endfacet
  facet normal 0.84339 -0.537302 0
    outer loop
      vertex 9.01067 -6.30934 65.4
      vertex 9.52628 -5.5 50.6
      vertex 9.52628 -5.5 65.4
    endloop
  endfacet
  facet normal 0.84339 -0.537302 0
    outer loop
      vertex 9.52628 -5.5 50.6
      vertex 9.01067 -6.30934 65.4
      vertex 9.01067 -6.30934 50.6
    endloop
  endfacet
  facet normal 0.737274 0.675594 0
    outer loop
      vertex 8.42649 7.07066 82
      vertex 7.77817 7.77817 67.6
      vertex 7.77817 7.77817 82
    endloop
  endfacet
  facet normal 0.737274 0.675594 0
    outer loop
      vertex 7.77817 7.77817 67.6
      vertex 8.42649 7.07066 82
      vertex 8.42649 7.07066 67.6
    endloop
  endfacet
  facet normal 0.737274 0.675594 0
    outer loop
      vertex 8.42649 7.07066 14.4
      vertex 7.77817 7.77817 0
      vertex 7.77817 7.77817 14.4
    endloop
  endfacet
  facet normal 0.737274 0.675594 0
    outer loop
      vertex 7.77817 7.77817 0
      vertex 8.42649 7.07066 14.4
      vertex 8.42649 7.07066 0
    endloop
  endfacet
  facet normal 0.737274 0.675594 0
    outer loop
      vertex 8.42649 7.07066 31.4
      vertex 7.77817 7.77817 16.6
      vertex 7.77817 7.77817 31.4
    endloop
  endfacet
  facet normal 0.737274 0.675594 0
    outer loop
      vertex 7.77817 7.77817 16.6
      vertex 8.42649 7.07066 31.4
      vertex 8.42649 7.07066 16.6
    endloop
  endfacet
  facet normal 0.737274 0.675594 0
    outer loop
      vertex 8.42649 7.07066 48.4
      vertex 7.77817 7.77817 33.6
      vertex 7.77817 7.77817 48.4
    endloop
  endfacet
  facet normal 0.737274 0.675594 0
    outer loop
      vertex 7.77817 7.77817 33.6
      vertex 8.42649 7.07066 48.4
      vertex 8.42649 7.07066 33.6
    endloop
  endfacet
  facet normal 0.737274 0.675594 0
    outer loop
      vertex 8.42649 7.07066 65.4
      vertex 7.77817 7.77817 50.6
      vertex 7.77817 7.77817 65.4
    endloop
  endfacet
  facet normal 0.737274 0.675594 0
    outer loop
      vertex 7.77817 7.77817 50.6
      vertex 8.42649 7.07066 65.4
      vertex 8.42649 7.07066 50.6
    endloop
  endfacet
  facet normal 0.923888 -0.382663 0
    outer loop
      vertex 9.96939 -4.6488 82
      vertex 10.3366 -3.76222 67.6
      vertex 10.3366 -3.76222 82
    endloop
  endfacet
  facet normal 0.923888 -0.382663 0
    outer loop
      vertex 10.3366 -3.76222 67.6
      vertex 9.96939 -4.6488 82
      vertex 9.96939 -4.6488 67.6
    endloop
  endfacet
  facet normal 0.923888 -0.382663 0
    outer loop
      vertex 9.96939 -4.6488 14.4
      vertex 10.3366 -3.76222 0
      vertex 10.3366 -3.76222 14.4
    endloop
  endfacet
  facet normal 0.923888 -0.382663 0
    outer loop
      vertex 10.3366 -3.76222 0
      vertex 9.96939 -4.6488 14.4
      vertex 9.96939 -4.6488 0
    endloop
  endfacet
  facet normal 0.923888 -0.382663 0
    outer loop
      vertex 9.96939 -4.6488 31.4
      vertex 10.3366 -3.76222 16.6
      vertex 10.3366 -3.76222 31.4
    endloop
  endfacet
  facet normal 0.923888 -0.382663 0
    outer loop
      vertex 10.3366 -3.76222 16.6
      vertex 9.96939 -4.6488 31.4
      vertex 9.96939 -4.6488 16.6
    endloop
  endfacet
  facet normal 0.923888 -0.382663 0
    outer loop
      vertex 9.96939 -4.6488 48.4
      vertex 10.3366 -3.76222 33.6
      vertex 10.3366 -3.76222 48.4
    endloop
  endfacet
  facet normal 0.923888 -0.382663 0
    outer loop
      vertex 10.3366 -3.76222 33.6
      vertex 9.96939 -4.6488 48.4
      vertex 9.96939 -4.6488 33.6
    endloop
  endfacet
  facet normal 0.923888 -0.382663 0
    outer loop
      vertex 9.96939 -4.6488 65.4
      vertex 10.3366 -3.76222 50.6
      vertex 10.3366 -3.76222 65.4
    endloop
  endfacet
  facet normal 0.923888 -0.382663 0
    outer loop
      vertex 10.3366 -3.76222 50.6
      vertex 9.96939 -4.6488 65.4
      vertex 9.96939 -4.6488 50.6
    endloop
  endfacet
  facet normal 0.461751 0.887009 -0
    outer loop
      vertex 5.5 9.52628 67.6
      vertex 4.6488 9.96939 82
      vertex 5.5 9.52628 82
    endloop
  endfacet
  facet normal 0.461751 0.887009 0
    outer loop
      vertex 4.6488 9.96939 82
      vertex 5.5 9.52628 67.6
      vertex 4.6488 9.96939 67.6
    endloop
  endfacet
  facet normal 0.461751 0.887009 -0
    outer loop
      vertex 5.5 9.52628 0
      vertex 4.6488 9.96939 14.4
      vertex 5.5 9.52628 14.4
    endloop
  endfacet
  facet normal 0.461751 0.887009 0
    outer loop
      vertex 4.6488 9.96939 14.4
      vertex 5.5 9.52628 0
      vertex 4.6488 9.96939 0
    endloop
  endfacet
  facet normal 0.461751 0.887009 -0
    outer loop
      vertex 5.5 9.52628 16.6
      vertex 4.6488 9.96939 31.4
      vertex 5.5 9.52628 31.4
    endloop
  endfacet
  facet normal 0.461751 0.887009 0
    outer loop
      vertex 4.6488 9.96939 31.4
      vertex 5.5 9.52628 16.6
      vertex 4.6488 9.96939 16.6
    endloop
  endfacet
  facet normal 0.461751 0.887009 -0
    outer loop
      vertex 5.5 9.52628 33.6
      vertex 4.6488 9.96939 48.4
      vertex 5.5 9.52628 48.4
    endloop
  endfacet
  facet normal 0.461751 0.887009 0
    outer loop
      vertex 4.6488 9.96939 48.4
      vertex 5.5 9.52628 33.6
      vertex 4.6488 9.96939 33.6
    endloop
  endfacet
  facet normal 0.461751 0.887009 -0
    outer loop
      vertex 5.5 9.52628 50.6
      vertex 4.6488 9.96939 65.4
      vertex 5.5 9.52628 65.4
    endloop
  endfacet
  facet normal 0.461751 0.887009 0
    outer loop
      vertex 4.6488 9.96939 65.4
      vertex 5.5 9.52628 50.6
      vertex 4.6488 9.96939 50.6
    endloop
  endfacet
  facet normal 0.976296 -0.216438 0
    outer loop
      vertex 10.6252 -2.84701 14.4
      vertex 10.8329 -1.91013 0
      vertex 10.8329 -1.91013 14.4
    endloop
  endfacet
  facet normal 0.976296 -0.216438 0
    outer loop
      vertex 10.8329 -1.91013 0
      vertex 10.6252 -2.84701 14.4
      vertex 10.6252 -2.84701 0
    endloop
  endfacet
  facet normal 0.976296 -0.216438 0
    outer loop
      vertex 10.6252 -2.84701 82
      vertex 10.8329 -1.91013 67.6
      vertex 10.8329 -1.91013 82
    endloop
  endfacet
  facet normal 0.976296 -0.216438 0
    outer loop
      vertex 10.8329 -1.91013 67.6
      vertex 10.6252 -2.84701 82
      vertex 10.6252 -2.84701 67.6
    endloop
  endfacet
  facet normal 0.976296 -0.216438 0
    outer loop
      vertex 10.6252 -2.84701 31.4
      vertex 10.8329 -1.91013 16.6
      vertex 10.8329 -1.91013 31.4
    endloop
  endfacet
  facet normal 0.976296 -0.216438 0
    outer loop
      vertex 10.8329 -1.91013 16.6
      vertex 10.6252 -2.84701 31.4
      vertex 10.6252 -2.84701 16.6
    endloop
  endfacet
  facet normal 0.976296 -0.216438 0
    outer loop
      vertex 10.6252 -2.84701 48.4
      vertex 10.8329 -1.91013 33.6
      vertex 10.8329 -1.91013 48.4
    endloop
  endfacet
  facet normal 0.976296 -0.216438 0
    outer loop
      vertex 10.8329 -1.91013 33.6
      vertex 10.6252 -2.84701 48.4
      vertex 10.6252 -2.84701 33.6
    endloop
  endfacet
  facet normal 0.976296 -0.216438 0
    outer loop
      vertex 10.6252 -2.84701 65.4
      vertex 10.8329 -1.91013 50.6
      vertex 10.8329 -1.91013 65.4
    endloop
  endfacet
  facet normal 0.976296 -0.216438 0
    outer loop
      vertex 10.8329 -1.91013 50.6
      vertex 10.6252 -2.84701 65.4
      vertex 10.6252 -2.84701 50.6
    endloop
  endfacet
  facet normal 0.793354 -0.608761 0
    outer loop
      vertex 8.42649 -7.07066 14.4
      vertex 9.01067 -6.30934 0
      vertex 9.01067 -6.30934 14.4
    endloop
  endfacet
  facet normal 0.793354 -0.608761 0
    outer loop
      vertex 9.01067 -6.30934 0
      vertex 8.42649 -7.07066 14.4
      vertex 8.42649 -7.07066 0
    endloop
  endfacet
  facet normal 0.793354 -0.608761 0
    outer loop
      vertex 8.42649 -7.07066 82
      vertex 9.01067 -6.30934 67.6
      vertex 9.01067 -6.30934 82
    endloop
  endfacet
  facet normal 0.793354 -0.608761 0
    outer loop
      vertex 9.01067 -6.30934 67.6
      vertex 8.42649 -7.07066 82
      vertex 8.42649 -7.07066 67.6
    endloop
  endfacet
  facet normal 0.793354 -0.608761 0
    outer loop
      vertex 8.42649 -7.07066 31.4
      vertex 9.01067 -6.30934 16.6
      vertex 9.01067 -6.30934 31.4
    endloop
  endfacet
  facet normal 0.793354 -0.608761 0
    outer loop
      vertex 9.01067 -6.30934 16.6
      vertex 8.42649 -7.07066 31.4
      vertex 8.42649 -7.07066 16.6
    endloop
  endfacet
  facet normal 0.793354 -0.608761 0
    outer loop
      vertex 8.42649 -7.07066 48.4
      vertex 9.01067 -6.30934 33.6
      vertex 9.01067 -6.30934 48.4
    endloop
  endfacet
  facet normal 0.793354 -0.608761 0
    outer loop
      vertex 9.01067 -6.30934 33.6
      vertex 8.42649 -7.07066 48.4
      vertex 8.42649 -7.07066 33.6
    endloop
  endfacet
  facet normal 0.793354 -0.608761 0
    outer loop
      vertex 8.42649 -7.07066 65.4
      vertex 9.01067 -6.30934 50.6
      vertex 9.01067 -6.30934 65.4
    endloop
  endfacet
  facet normal 0.793354 -0.608761 0
    outer loop
      vertex 9.01067 -6.30934 50.6
      vertex 8.42649 -7.07066 65.4
      vertex 8.42649 -7.07066 50.6
    endloop
  endfacet
  facet normal 0.991452 -0.130468 0
    outer loop
      vertex 10.8329 -1.91013 14.4
      vertex 10.9581 -0.958713 4.9501
      vertex 10.9581 -0.958713 14.4
    endloop
  endfacet
  facet normal 0.991496 -0.130139 3.37506e-05
    outer loop
      vertex 10.9581 -0.958713 4.9501
      vertex 10.8329 -1.91013 14.4
      vertex 10.9482 -1.03416 4.86776
    endloop
  endfacet
  facet normal 0.991506 -0.13006 4.11253e-05
    outer loop
      vertex 10.9482 -1.03416 4.86776
      vertex 10.8329 -1.91013 14.4
      vertex 10.9388 -1.10585 4.77433
    endloop
  endfacet
  facet normal 0.99132 -0.131468 -7.85573e-05
    outer loop
      vertex 10.9388 -1.10585 4.77433
      vertex 10.8329 -1.91013 14.4
      vertex 10.9304 -1.16913 4.675
    endloop
  endfacet
  facet normal 0.99157 -0.12957 6.85598e-05
    outer loop
      vertex 10.9304 -1.16913 4.675
      vertex 10.8329 -1.91013 14.4
      vertex 10.9233 -1.22352 4.57053
    endloop
  endfacet
  facet normal 0.991279 -0.131781 -8.85454e-05
    outer loop
      vertex 10.9233 -1.22352 4.57053
      vertex 10.8329 -1.91013 14.4
      vertex 10.9173 -1.26858 4.46173
    endloop
  endfacet
  facet normal 0.991636 -0.129068 8.96014e-05
    outer loop
      vertex 10.9173 -1.26858 4.46173
      vertex 10.8329 -1.91013 14.4
      vertex 10.9127 -1.304 4.34941
    endloop
  endfacet
  facet normal 0.991269 -0.131854 -8.13362e-05
    outer loop
      vertex 10.9127 -1.304 4.34941
      vertex 10.8329 -1.91013 14.4
      vertex 10.9093 -1.32949 4.23442
    endloop
  endfacet
  facet normal 0.991584 -0.129465 5.74838e-05
    outer loop
      vertex 10.9093 -1.32949 4.23442
      vertex 10.8329 -1.91013 14.4
      vertex 10.9073 -1.34486 4.11766
    endloop
  endfacet
  facet normal 0.991449 -0.130493 0
    outer loop
      vertex 10.8329 -1.91013 0
      vertex 10.9073 -1.34486 4.11766
      vertex 10.8329 -1.91013 14.4
    endloop
  endfacet
  facet normal 0.991488 -0.130196 -8.65852e-05
    outer loop
      vertex 10.8329 -1.91013 0
      vertex 10.9581 -0.958713 3.0499
      vertex 10.9482 -1.03416 3.13224
    endloop
  endfacet
  facet normal 0.991496 -0.130139 -0.000102709
    outer loop
      vertex 10.8329 -1.91013 0
      vertex 10.9482 -1.03416 3.13224
      vertex 10.9388 -1.10585 3.22567
    endloop
  endfacet
  facet normal 0.991343 -0.131295 0.000190583
    outer loop
      vertex 10.8329 -1.91013 0
      vertex 10.9388 -1.10585 3.22567
      vertex 10.9304 -1.16913 3.325
    endloop
  endfacet
  facet normal 0.991547 -0.129744 -0.000160965
    outer loop
      vertex 10.8329 -1.91013 0
      vertex 10.9304 -1.16913 3.325
      vertex 10.9233 -1.22352 3.42947
    endloop
  endfacet
  facet normal 0.991314 -0.131516 0.000199945
    outer loop
      vertex 10.8329 -1.91013 0
      vertex 10.9233 -1.22352 3.42947
      vertex 10.9173 -1.26858 3.53827
    endloop
  endfacet
  facet normal 0.991594 -0.129389 -0.000192497
    outer loop
      vertex 10.8329 -1.91013 0
      vertex 10.9173 -1.26858 3.53827
      vertex 10.9127 -1.304 3.65059
    endloop
  endfacet
  facet normal 0.991317 -0.131493 0.000162878
    outer loop
      vertex 10.8329 -1.91013 0
      vertex 10.9127 -1.304 3.65059
      vertex 10.9093 -1.32949 3.76557
    endloop
  endfacet
  facet normal 0.99154 -0.129801 -0.000102469
    outer loop
      vertex 10.8329 -1.91013 0
      vertex 10.9093 -1.32949 3.76557
      vertex 10.9073 -1.34486 3.88234
    endloop
  endfacet
  facet normal 0.991721 -0.128414 -0.000290289
    outer loop
      vertex 10.9073 -1.34486 4.11766
      vertex 10.8329 -1.91013 0
      vertex 10.9066 -1.35 4
    endloop
  endfacet
  facet normal 0.991452 -0.130468 0
    outer loop
      vertex 10.9581 -0.958713 3.0499
      vertex 10.8329 -1.91013 0
      vertex 10.9581 -0.958713 0
    endloop
  endfacet
  facet normal 0.991313 -0.13152 0.000152174
    outer loop
      vertex 10.9066 -1.35 4
      vertex 10.8329 -1.91013 0
      vertex 10.9073 -1.34486 3.88234
    endloop
  endfacet
  facet normal 0.991452 -0.130468 0
    outer loop
      vertex 10.8329 -1.91013 82
      vertex 10.9581 -0.958713 78.9501
      vertex 10.9581 -0.958713 82
    endloop
  endfacet
  facet normal 0.991488 -0.130196 8.65959e-05
    outer loop
      vertex 10.9581 -0.958713 78.9501
      vertex 10.8329 -1.91013 82
      vertex 10.9482 -1.03416 78.8678
    endloop
  endfacet
  facet normal 0.991496 -0.130139 0.000102689
    outer loop
      vertex 10.9482 -1.03416 78.8678
      vertex 10.8329 -1.91013 82
      vertex 10.9388 -1.10585 78.7743
    endloop
  endfacet
  facet normal 0.991343 -0.131295 -0.000190598
    outer loop
      vertex 10.9388 -1.10585 78.7743
      vertex 10.8329 -1.91013 82
      vertex 10.9304 -1.16913 78.675
    endloop
  endfacet
  facet normal 0.991547 -0.129745 0.000160951
    outer loop
      vertex 10.9304 -1.16913 78.675
      vertex 10.8329 -1.91013 82
      vertex 10.9233 -1.22352 78.5705
    endloop
  endfacet
  facet normal 0.991314 -0.131516 -0.000199944
    outer loop
      vertex 10.9233 -1.22352 78.5705
      vertex 10.8329 -1.91013 82
      vertex 10.9173 -1.26858 78.4617
    endloop
  endfacet
  facet normal 0.991594 -0.129389 0.000192508
    outer loop
      vertex 10.9173 -1.26858 78.4617
      vertex 10.8329 -1.91013 82
      vertex 10.9127 -1.304 78.3494
    endloop
  endfacet
  facet normal 0.991317 -0.131493 -0.000162866
    outer loop
      vertex 10.9127 -1.304 78.3494
      vertex 10.8329 -1.91013 82
      vertex 10.9093 -1.32949 78.2344
    endloop
  endfacet
  facet normal 0.991313 -0.13152 -0.000152135
    outer loop
      vertex 10.9073 -1.34486 78.1177
      vertex 10.8329 -1.91013 82
      vertex 10.9066 -1.35 78
    endloop
  endfacet
  facet normal 0.99154 -0.129801 0.000102502
    outer loop
      vertex 10.9093 -1.32949 78.2344
      vertex 10.8329 -1.91013 82
      vertex 10.9073 -1.34486 78.1177
    endloop
  endfacet
  facet normal 0.991496 -0.130139 -3.37522e-05
    outer loop
      vertex 10.8329 -1.91013 67.6
      vertex 10.9581 -0.958713 77.0499
      vertex 10.9482 -1.03416 77.1322
    endloop
  endfacet
  facet normal 0.991506 -0.13006 -4.11222e-05
    outer loop
      vertex 10.8329 -1.91013 67.6
      vertex 10.9482 -1.03416 77.1322
      vertex 10.9388 -1.10585 77.2257
    endloop
  endfacet
  facet normal 0.99132 -0.131468 7.85598e-05
    outer loop
      vertex 10.8329 -1.91013 67.6
      vertex 10.9388 -1.10585 77.2257
      vertex 10.9304 -1.16913 77.325
    endloop
  endfacet
  facet normal 0.99157 -0.12957 -6.85573e-05
    outer loop
      vertex 10.8329 -1.91013 67.6
      vertex 10.9304 -1.16913 77.325
      vertex 10.9233 -1.22352 77.4295
    endloop
  endfacet
  facet normal 0.991279 -0.131781 8.85451e-05
    outer loop
      vertex 10.8329 -1.91013 67.6
      vertex 10.9233 -1.22352 77.4295
      vertex 10.9173 -1.26858 77.5383
    endloop
  endfacet
  facet normal 0.991636 -0.129068 -8.96039e-05
    outer loop
      vertex 10.8329 -1.91013 67.6
      vertex 10.9173 -1.26858 77.5383
      vertex 10.9127 -1.304 77.6506
    endloop
  endfacet
  facet normal 0.991269 -0.131854 8.13347e-05
    outer loop
      vertex 10.8329 -1.91013 67.6
      vertex 10.9127 -1.304 77.6506
      vertex 10.9093 -1.32949 77.7656
    endloop
  endfacet
  facet normal 0.991584 -0.129465 -5.74926e-05
    outer loop
      vertex 10.8329 -1.91013 67.6
      vertex 10.9093 -1.32949 77.7656
      vertex 10.9073 -1.34486 77.8823
    endloop
  endfacet
  facet normal 0.99172 -0.128415 0.000290145
    outer loop
      vertex 10.8329 -1.91013 82
      vertex 10.9073 -1.34486 77.8823
      vertex 10.9066 -1.35 78
    endloop
  endfacet
  facet normal 0.991449 -0.130493 0
    outer loop
      vertex 10.9073 -1.34486 77.8823
      vertex 10.8329 -1.91013 82
      vertex 10.8329 -1.91013 67.6
    endloop
  endfacet
  facet normal 0.991452 -0.130468 0
    outer loop
      vertex 10.9581 -0.958713 77.0499
      vertex 10.8329 -1.91013 67.6
      vertex 10.9581 -0.958713 67.6
    endloop
  endfacet
  facet normal 0.991452 -0.130468 0
    outer loop
      vertex 10.8329 -1.91013 31.4
      vertex 10.9581 -0.958713 16.6
      vertex 10.9581 -0.958713 31.4
    endloop
  endfacet
  facet normal 0.991452 -0.130468 0
    outer loop
      vertex 10.9581 -0.958713 16.6
      vertex 10.8329 -1.91013 31.4
      vertex 10.8329 -1.91013 16.6
    endloop
  endfacet
  facet normal 0.991452 -0.130468 0
    outer loop
      vertex 10.8329 -1.91013 48.4
      vertex 10.9581 -0.958713 33.6
      vertex 10.9581 -0.958713 48.4
    endloop
  endfacet
  facet normal 0.991452 -0.130468 0
    outer loop
      vertex 10.9581 -0.958713 33.6
      vertex 10.8329 -1.91013 48.4
      vertex 10.8329 -1.91013 33.6
    endloop
  endfacet
  facet normal 0.991452 -0.130468 0
    outer loop
      vertex 10.8329 -1.91013 65.4
      vertex 10.9581 -0.958713 50.6
      vertex 10.9581 -0.958713 65.4
    endloop
  endfacet
  facet normal 0.991452 -0.130468 0
    outer loop
      vertex 10.9581 -0.958713 50.6
      vertex 10.8329 -1.91013 65.4
      vertex 10.8329 -1.91013 50.6
    endloop
  endfacet
  facet normal -0.999046 0.0436627 0
    outer loop
      vertex -11 0 0
      vertex -10.9581 0.958713 14.4
      vertex -10.9581 0.958713 0
    endloop
  endfacet
  facet normal -0.999046 0.0436627 0
    outer loop
      vertex -10.9581 0.958713 14.4
      vertex -11 0 0
      vertex -11 0 14.4
    endloop
  endfacet
  facet normal -0.999046 0.0436627 0
    outer loop
      vertex -11 0 67.6
      vertex -10.9581 0.958713 82
      vertex -10.9581 0.958713 67.6
    endloop
  endfacet
  facet normal -0.999046 0.0436627 0
    outer loop
      vertex -10.9581 0.958713 82
      vertex -11 0 67.6
      vertex -11 0 82
    endloop
  endfacet
  facet normal -0.999046 0.0436627 0
    outer loop
      vertex -11 0 16.6
      vertex -10.9581 0.958713 31.4
      vertex -10.9581 0.958713 16.6
    endloop
  endfacet
  facet normal -0.999046 0.0436627 0
    outer loop
      vertex -10.9581 0.958713 31.4
      vertex -11 0 16.6
      vertex -11 0 31.4
    endloop
  endfacet
  facet normal -0.999046 0.0436627 0
    outer loop
      vertex -11 0 33.6
      vertex -10.9581 0.958713 48.4
      vertex -10.9581 0.958713 33.6
    endloop
  endfacet
  facet normal -0.999046 0.0436627 0
    outer loop
      vertex -10.9581 0.958713 48.4
      vertex -11 0 33.6
      vertex -11 0 48.4
    endloop
  endfacet
  facet normal -0.999046 0.0436627 0
    outer loop
      vertex -11 0 50.6
      vertex -10.9581 0.958713 65.4
      vertex -10.9581 0.958713 50.6
    endloop
  endfacet
  facet normal -0.999046 0.0436627 0
    outer loop
      vertex -10.9581 0.958713 65.4
      vertex -11 0 50.6
      vertex -11 0 65.4
    endloop
  endfacet
  facet normal 0.923888 0.382663 0
    outer loop
      vertex 10.3366 3.76222 82
      vertex 9.96939 4.6488 67.6
      vertex 9.96939 4.6488 82
    endloop
  endfacet
  facet normal 0.923888 0.382663 0
    outer loop
      vertex 9.96939 4.6488 67.6
      vertex 10.3366 3.76222 82
      vertex 10.3366 3.76222 67.6
    endloop
  endfacet
  facet normal 0.923888 0.382663 0
    outer loop
      vertex 10.3366 3.76222 14.4
      vertex 9.96939 4.6488 0
      vertex 9.96939 4.6488 14.4
    endloop
  endfacet
  facet normal 0.923888 0.382663 0
    outer loop
      vertex 9.96939 4.6488 0
      vertex 10.3366 3.76222 14.4
      vertex 10.3366 3.76222 0
    endloop
  endfacet
  facet normal 0.923888 0.382663 0
    outer loop
      vertex 10.3366 3.76222 31.4
      vertex 9.96939 4.6488 16.6
      vertex 9.96939 4.6488 31.4
    endloop
  endfacet
  facet normal 0.923888 0.382663 0
    outer loop
      vertex 9.96939 4.6488 16.6
      vertex 10.3366 3.76222 31.4
      vertex 10.3366 3.76222 16.6
    endloop
  endfacet
  facet normal 0.923888 0.382663 0
    outer loop
      vertex 10.3366 3.76222 48.4
      vertex 9.96939 4.6488 33.6
      vertex 9.96939 4.6488 48.4
    endloop
  endfacet
  facet normal 0.923888 0.382663 0
    outer loop
      vertex 9.96939 4.6488 33.6
      vertex 10.3366 3.76222 48.4
      vertex 10.3366 3.76222 33.6
    endloop
  endfacet
  facet normal 0.923888 0.382663 0
    outer loop
      vertex 10.3366 3.76222 65.4
      vertex 9.96939 4.6488 50.6
      vertex 9.96939 4.6488 65.4
    endloop
  endfacet
  facet normal 0.923888 0.382663 0
    outer loop
      vertex 9.96939 4.6488 50.6
      vertex 10.3366 3.76222 65.4
      vertex 10.3366 3.76222 50.6
    endloop
  endfacet
  facet normal 0.216438 0.976296 -0
    outer loop
      vertex 2.84701 10.6252 67.6
      vertex 1.91013 10.8329 82
      vertex 2.84701 10.6252 82
    endloop
  endfacet
  facet normal 0.216438 0.976296 0
    outer loop
      vertex 1.91013 10.8329 82
      vertex 2.84701 10.6252 67.6
      vertex 1.91013 10.8329 67.6
    endloop
  endfacet
  facet normal 0.216438 0.976296 -0
    outer loop
      vertex 2.84701 10.6252 0
      vertex 1.91013 10.8329 14.4
      vertex 2.84701 10.6252 14.4
    endloop
  endfacet
  facet normal 0.216438 0.976296 0
    outer loop
      vertex 1.91013 10.8329 14.4
      vertex 2.84701 10.6252 0
      vertex 1.91013 10.8329 0
    endloop
  endfacet
  facet normal 0.216438 0.976296 -0
    outer loop
      vertex 2.84701 10.6252 16.6
      vertex 1.91013 10.8329 31.4
      vertex 2.84701 10.6252 31.4
    endloop
  endfacet
  facet normal 0.216438 0.976296 0
    outer loop
      vertex 1.91013 10.8329 31.4
      vertex 2.84701 10.6252 16.6
      vertex 1.91013 10.8329 16.6
    endloop
  endfacet
  facet normal 0.216438 0.976296 -0
    outer loop
      vertex 2.84701 10.6252 33.6
      vertex 1.91013 10.8329 48.4
      vertex 2.84701 10.6252 48.4
    endloop
  endfacet
  facet normal 0.216438 0.976296 0
    outer loop
      vertex 1.91013 10.8329 48.4
      vertex 2.84701 10.6252 33.6
      vertex 1.91013 10.8329 33.6
    endloop
  endfacet
  facet normal 0.216438 0.976296 -0
    outer loop
      vertex 2.84701 10.6252 50.6
      vertex 1.91013 10.8329 65.4
      vertex 2.84701 10.6252 65.4
    endloop
  endfacet
  facet normal 0.216438 0.976296 0
    outer loop
      vertex 1.91013 10.8329 65.4
      vertex 2.84701 10.6252 50.6
      vertex 1.91013 10.8329 50.6
    endloop
  endfacet
  facet normal 0.887009 0.461751 0
    outer loop
      vertex 9.96939 4.6488 82
      vertex 9.52628 5.5 67.6
      vertex 9.52628 5.5 82
    endloop
  endfacet
  facet normal 0.887009 0.461751 0
    outer loop
      vertex 9.52628 5.5 67.6
      vertex 9.96939 4.6488 82
      vertex 9.96939 4.6488 67.6
    endloop
  endfacet
  facet normal 0.887009 0.461751 0
    outer loop
      vertex 9.96939 4.6488 14.4
      vertex 9.52628 5.5 0
      vertex 9.52628 5.5 14.4
    endloop
  endfacet
  facet normal 0.887009 0.461751 0
    outer loop
      vertex 9.52628 5.5 0
      vertex 9.96939 4.6488 14.4
      vertex 9.96939 4.6488 0
    endloop
  endfacet
  facet normal 0.887009 0.461751 0
    outer loop
      vertex 9.96939 4.6488 31.4
      vertex 9.52628 5.5 16.6
      vertex 9.52628 5.5 31.4
    endloop
  endfacet
  facet normal 0.887009 0.461751 0
    outer loop
      vertex 9.52628 5.5 16.6
      vertex 9.96939 4.6488 31.4
      vertex 9.96939 4.6488 16.6
    endloop
  endfacet
  facet normal 0.887009 0.461751 0
    outer loop
      vertex 9.96939 4.6488 48.4
      vertex 9.52628 5.5 33.6
      vertex 9.52628 5.5 48.4
    endloop
  endfacet
  facet normal 0.887009 0.461751 0
    outer loop
      vertex 9.52628 5.5 33.6
      vertex 9.96939 4.6488 48.4
      vertex 9.96939 4.6488 33.6
    endloop
  endfacet
  facet normal 0.887009 0.461751 0
    outer loop
      vertex 9.96939 4.6488 65.4
      vertex 9.52628 5.5 50.6
      vertex 9.52628 5.5 65.4
    endloop
  endfacet
  facet normal 0.887009 0.461751 0
    outer loop
      vertex 9.52628 5.5 50.6
      vertex 9.96939 4.6488 65.4
      vertex 9.96939 4.6488 50.6
    endloop
  endfacet
  facet normal 0 0 1
    outer loop
      vertex 4.125 0 82
      vertex 11 0 82
      vertex 10.9581 0.958713 82
    endloop
  endfacet
  facet normal 0 0 1
    outer loop
      vertex 4.1093 0.359517 82
      vertex 10.9581 0.958713 82
      vertex 10.8329 1.91013 82
    endloop
  endfacet
  facet normal 0 0 1
    outer loop
      vertex 11 0 82
      vertex 4.125 0 82
      vertex 10.9581 -0.958713 82
    endloop
  endfacet
  facet normal 0 0 1
    outer loop
      vertex 4.06233 0.716298 82
      vertex 10.8329 1.91013 82
      vertex 10.6252 2.84701 82
    endloop
  endfacet
  facet normal -0 0 1
    outer loop
      vertex 4.1093 -0.359517 82
      vertex 10.9581 -0.958713 82
      vertex 4.125 0 82
    endloop
  endfacet
  facet normal 0 0 1
    outer loop
      vertex 3.98444 1.06763 82
      vertex 10.6252 2.84701 82
      vertex 10.3366 3.76222 82
    endloop
  endfacet
  facet normal 0 0 1
    outer loop
      vertex 10.9581 -0.958713 82
      vertex 4.1093 -0.359517 82
      vertex 10.8329 -1.91013 82
    endloop
  endfacet
  facet normal 0 0 1
    outer loop
      vertex 3.87623 1.41083 82
      vertex 10.3366 3.76222 82
      vertex 9.96939 4.6488 82
    endloop
  endfacet
  facet normal -0 0 1
    outer loop
      vertex 4.06233 -0.716298 82
      vertex 10.8329 -1.91013 82
      vertex 4.1093 -0.359517 82
    endloop
  endfacet
  facet normal 0 0 1
    outer loop
      vertex 3.73852 1.7433 82
      vertex 9.96939 4.6488 82
      vertex 9.52628 5.5 82
    endloop
  endfacet
  facet normal 0 0 1
    outer loop
      vertex 10.8329 -1.91013 82
      vertex 4.06233 -0.716298 82
      vertex 10.6252 -2.84701 82
    endloop
  endfacet
  facet normal 0 0 1
    outer loop
      vertex 3.57235 2.0625 82
      vertex 9.52628 5.5 82
      vertex 9.01067 6.30934 82
    endloop
  endfacet
  facet normal -0 0 1
    outer loop
      vertex 3.98444 -1.06763 82
      vertex 10.6252 -2.84701 82
      vertex 4.06233 -0.716298 82
    endloop
  endfacet
  facet normal 0 0 1
    outer loop
      vertex 3.379 2.366 82
      vertex 9.01067 6.30934 82
      vertex 8.42649 7.07066 82
    endloop
  endfacet
  facet normal 0 0 1
    outer loop
      vertex 10.6252 -2.84701 82
      vertex 3.98444 -1.06763 82
      vertex 10.3366 -3.76222 82
    endloop
  endfacet
  facet normal 0 0 1
    outer loop
      vertex 3.15993 2.6515 82
      vertex 8.42649 7.07066 82
      vertex 7.77817 7.77817 82
    endloop
  endfacet
  facet normal -0 0 1
    outer loop
      vertex 3.87623 -1.41083 82
      vertex 10.3366 -3.76222 82
      vertex 3.98444 -1.06763 82
    endloop
  endfacet
  facet normal 0 0 1
    outer loop
      vertex 2.91681 2.91681 82
      vertex 7.77817 7.77817 82
      vertex 7.07066 8.42649 82
    endloop
  endfacet
  facet normal 0 0 1
    outer loop
      vertex 10.3366 -3.76222 82
      vertex 3.87623 -1.41083 82
      vertex 9.96939 -4.6488 82
    endloop
  endfacet
  facet normal 0 0 1
    outer loop
      vertex 2.6515 3.15993 82
      vertex 7.07066 8.42649 82
      vertex 6.30934 9.01067 82
    endloop
  endfacet
  facet normal -0 0 1
    outer loop
      vertex 3.73852 -1.7433 82
      vertex 9.96939 -4.6488 82
      vertex 3.87623 -1.41083 82
    endloop
  endfacet
  facet normal 0 0 1
    outer loop
      vertex 2.366 3.379 82
      vertex 6.30934 9.01067 82
      vertex 5.5 9.52628 82
    endloop
  endfacet
  facet normal 0 0 1
    outer loop
      vertex 9.96939 -4.6488 82
      vertex 3.73852 -1.7433 82
      vertex 9.52628 -5.5 82
    endloop
  endfacet
  facet normal 0 0 1
    outer loop
      vertex 2.0625 3.57235 82
      vertex 5.5 9.52628 82
      vertex 4.6488 9.96939 82
    endloop
  endfacet
  facet normal -0 0 1
    outer loop
      vertex 3.57235 -2.0625 82
      vertex 9.52628 -5.5 82
      vertex 3.73852 -1.7433 82
    endloop
  endfacet
  facet normal 0 0 1
    outer loop
      vertex 9.52628 -5.5 82
      vertex 3.57235 -2.0625 82
      vertex 9.01067 -6.30934 82
    endloop
  endfacet
  facet normal 0 0 1
    outer loop
      vertex 10.9581 0.958713 82
      vertex 4.1093 0.359517 82
      vertex 4.125 0 82
    endloop
  endfacet
  facet normal 0 0 1
    outer loop
      vertex 10.8329 1.91013 82
      vertex 4.06233 0.716298 82
      vertex 4.1093 0.359517 82
    endloop
  endfacet
  facet normal 0 0 1
    outer loop
      vertex 10.6252 2.84701 82
      vertex 3.98444 1.06763 82
      vertex 4.06233 0.716298 82
    endloop
  endfacet
  facet normal 0 0 1
    outer loop
      vertex 10.3366 3.76222 82
      vertex 3.87623 1.41083 82
      vertex 3.98444 1.06763 82
    endloop
  endfacet
  facet normal 0 0 1
    outer loop
      vertex 1.7433 3.73852 82
      vertex 4.6488 9.96939 82
      vertex 3.76222 10.3366 82
    endloop
  endfacet
  facet normal 0 0 1
    outer loop
      vertex 9.96939 4.6488 82
      vertex 3.73852 1.7433 82
      vertex 3.87623 1.41083 82
    endloop
  endfacet
  facet normal 0 0 1
    outer loop
      vertex 9.52628 5.5 82
      vertex 3.57235 2.0625 82
      vertex 3.73852 1.7433 82
    endloop
  endfacet
  facet normal 0 0 1
    outer loop
      vertex 9.01067 6.30934 82
      vertex 3.379 2.366 82
      vertex 3.57235 2.0625 82
    endloop
  endfacet
  facet normal 0 0 1
    outer loop
      vertex 8.42649 7.07066 82
      vertex 3.15993 2.6515 82
      vertex 3.379 2.366 82
    endloop
  endfacet
  facet normal 0 0 1
    outer loop
      vertex 7.77817 7.77817 82
      vertex 2.91681 2.91681 82
      vertex 3.15993 2.6515 82
    endloop
  endfacet
  facet normal 0 0 1
    outer loop
      vertex 1.41083 3.87623 82
      vertex 3.76222 10.3366 82
      vertex 2.84701 10.6252 82
    endloop
  endfacet
  facet normal 0 0 1
    outer loop
      vertex 7.07066 8.42649 82
      vertex 2.6515 3.15993 82
      vertex 2.91681 2.91681 82
    endloop
  endfacet
  facet normal 0 0 1
    outer loop
      vertex 6.30934 9.01067 82
      vertex 2.366 3.379 82
      vertex 2.6515 3.15993 82
    endloop
  endfacet
  facet normal 0 0 1
    outer loop
      vertex 5.5 9.52628 82
      vertex 2.0625 3.57235 82
      vertex 2.366 3.379 82
    endloop
  endfacet
  facet normal 0 0 1
    outer loop
      vertex 1.06763 3.98444 82
      vertex 2.84701 10.6252 82
      vertex 1.91013 10.8329 82
    endloop
  endfacet
  facet normal 0 0 1
    outer loop
      vertex 4.6488 9.96939 82
      vertex 1.7433 3.73852 82
      vertex 2.0625 3.57235 82
    endloop
  endfacet
  facet normal 0 0 1
    outer loop
      vertex 3.76222 10.3366 82
      vertex 1.41083 3.87623 82
      vertex 1.7433 3.73852 82
    endloop
  endfacet
  facet normal 0 0 1
    outer loop
      vertex 2.84701 10.6252 82
      vertex 1.06763 3.98444 82
      vertex 1.41083 3.87623 82
    endloop
  endfacet
  facet normal 0 0 1
    outer loop
      vertex 0.716298 4.06233 82
      vertex 1.91013 10.8329 82
      vertex 0.958713 10.9581 82
    endloop
  endfacet
  facet normal 0 0 1
    outer loop
      vertex 1.91013 10.8329 82
      vertex 0.716298 4.06233 82
      vertex 1.06763 3.98444 82
    endloop
  endfacet
  facet normal 0 0 1
    outer loop
      vertex 0.958713 10.9581 82
      vertex 0.359517 4.1093 82
      vertex 0.716298 4.06233 82
    endloop
  endfacet
  facet normal 0 0 1
    outer loop
      vertex 0 11 82
      vertex 0.359517 4.1093 82
      vertex 0.958713 10.9581 82
    endloop
  endfacet
  facet normal 0 0 1
    outer loop
      vertex 0 11 82
      vertex 0 4.125 82
      vertex 0.359517 4.1093 82
    endloop
  endfacet
  facet normal 0 0 1
    outer loop
      vertex 0 11 82
      vertex -0.359517 4.1093 82
      vertex 0 4.125 82
    endloop
  endfacet
  facet normal -0 0 1
    outer loop
      vertex -0.958713 10.9581 82
      vertex -0.359517 4.1093 82
      vertex 0 11 82
    endloop
  endfacet
  facet normal 0 0 1
    outer loop
      vertex -0.359517 4.1093 82
      vertex -0.958713 10.9581 82
      vertex -0.716298 4.06233 82
    endloop
  endfacet
  facet normal -0 0 1
    outer loop
      vertex -1.91013 10.8329 82
      vertex -0.716298 4.06233 82
      vertex -0.958713 10.9581 82
    endloop
  endfacet
  facet normal 0 0 1
    outer loop
      vertex -0.716298 4.06233 82
      vertex -1.91013 10.8329 82
      vertex -1.06763 3.98444 82
    endloop
  endfacet
  facet normal -0 0 1
    outer loop
      vertex -2.84701 10.6252 82
      vertex -1.06763 3.98444 82
      vertex -1.91013 10.8329 82
    endloop
  endfacet
  facet normal 0 0 1
    outer loop
      vertex -1.06763 3.98444 82
      vertex -2.84701 10.6252 82
      vertex -1.41083 3.87623 82
    endloop
  endfacet
  facet normal -0 0 1
    outer loop
      vertex -3.76222 10.3366 82
      vertex -1.41083 3.87623 82
      vertex -2.84701 10.6252 82
    endloop
  endfacet
  facet normal 0 0 1
    outer loop
      vertex -1.41083 3.87623 82
      vertex -3.76222 10.3366 82
      vertex -1.7433 3.73852 82
    endloop
  endfacet
  facet normal -0 0 1
    outer loop
      vertex -4.6488 9.96939 82
      vertex -1.7433 3.73852 82
      vertex -3.76222 10.3366 82
    endloop
  endfacet
  facet normal 0 0 1
    outer loop
      vertex -1.7433 3.73852 82
      vertex -4.6488 9.96939 82
      vertex -2.0625 3.57235 82
    endloop
  endfacet
  facet normal -0 0 1
    outer loop
      vertex -5.5 9.52628 82
      vertex -2.0625 3.57235 82
      vertex -4.6488 9.96939 82
    endloop
  endfacet
  facet normal 0 0 1
    outer loop
      vertex -2.0625 3.57235 82
      vertex -5.5 9.52628 82
      vertex -2.366 3.379 82
    endloop
  endfacet
  facet normal -0 0 1
    outer loop
      vertex -6.30934 9.01067 82
      vertex -2.366 3.379 82
      vertex -5.5 9.52628 82
    endloop
  endfacet
  facet normal 0 0 1
    outer loop
      vertex -2.366 3.379 82
      vertex -6.30934 9.01067 82
      vertex -2.6515 3.15993 82
    endloop
  endfacet
  facet normal -0 0 1
    outer loop
      vertex -7.07066 8.42649 82
      vertex -2.6515 3.15993 82
      vertex -6.30934 9.01067 82
    endloop
  endfacet
  facet normal 0 0 1
    outer loop
      vertex -2.6515 3.15993 82
      vertex -7.07066 8.42649 82
      vertex -2.91681 2.91681 82
    endloop
  endfacet
  facet normal -0 0 1
    outer loop
      vertex -7.77817 7.77817 82
      vertex -2.91681 2.91681 82
      vertex -7.07066 8.42649 82
    endloop
  endfacet
  facet normal 0 0 1
    outer loop
      vertex -2.91681 2.91681 82
      vertex -7.77817 7.77817 82
      vertex -3.15993 2.6515 82
    endloop
  endfacet
  facet normal -0 0 1
    outer loop
      vertex -8.42649 7.07066 82
      vertex -3.15993 2.6515 82
      vertex -7.77817 7.77817 82
    endloop
  endfacet
  facet normal 0 0 1
    outer loop
      vertex -3.15993 2.6515 82
      vertex -8.42649 7.07066 82
      vertex -3.379 2.366 82
    endloop
  endfacet
  facet normal -0 0 1
    outer loop
      vertex -9.01067 6.30934 82
      vertex -3.379 2.366 82
      vertex -8.42649 7.07066 82
    endloop
  endfacet
  facet normal 0 0 1
    outer loop
      vertex -3.379 2.366 82
      vertex -9.01067 6.30934 82
      vertex -3.57235 2.0625 82
    endloop
  endfacet
  facet normal -0 0 1
    outer loop
      vertex 3.379 -2.366 82
      vertex 9.01067 -6.30934 82
      vertex 3.57235 -2.0625 82
    endloop
  endfacet
  facet normal 0 0 1
    outer loop
      vertex 9.01067 -6.30934 82
      vertex 3.379 -2.366 82
      vertex 8.42649 -7.07066 82
    endloop
  endfacet
  facet normal -0 0 1
    outer loop
      vertex 3.15993 -2.6515 82
      vertex 8.42649 -7.07066 82
      vertex 3.379 -2.366 82
    endloop
  endfacet
  facet normal 0 0 1
    outer loop
      vertex 8.42649 -7.07066 82
      vertex 3.15993 -2.6515 82
      vertex 7.77817 -7.77817 82
    endloop
  endfacet
  facet normal -0 0 1
    outer loop
      vertex 2.91681 -2.91681 82
      vertex 7.77817 -7.77817 82
      vertex 3.15993 -2.6515 82
    endloop
  endfacet
  facet normal 0 0 1
    outer loop
      vertex 7.77817 -7.77817 82
      vertex 2.91681 -2.91681 82
      vertex 7.07066 -8.42649 82
    endloop
  endfacet
  facet normal -0 0 1
    outer loop
      vertex 2.6515 -3.15993 82
      vertex 7.07066 -8.42649 82
      vertex 2.91681 -2.91681 82
    endloop
  endfacet
  facet normal 0 0 1
    outer loop
      vertex 7.07066 -8.42649 82
      vertex 2.6515 -3.15993 82
      vertex 6.30934 -9.01067 82
    endloop
  endfacet
  facet normal -0 0 1
    outer loop
      vertex 2.366 -3.379 82
      vertex 6.30934 -9.01067 82
      vertex 2.6515 -3.15993 82
    endloop
  endfacet
  facet normal 0 0 1
    outer loop
      vertex 6.30934 -9.01067 82
      vertex 2.366 -3.379 82
      vertex 5.5 -9.52628 82
    endloop
  endfacet
  facet normal -0 0 1
    outer loop
      vertex 2.0625 -3.57235 82
      vertex 5.5 -9.52628 82
      vertex 2.366 -3.379 82
    endloop
  endfacet
  facet normal 0 0 1
    outer loop
      vertex 5.5 -9.52628 82
      vertex 2.0625 -3.57235 82
      vertex 4.6488 -9.96939 82
    endloop
  endfacet
  facet normal -0 0 1
    outer loop
      vertex 1.7433 -3.73852 82
      vertex 4.6488 -9.96939 82
      vertex 2.0625 -3.57235 82
    endloop
  endfacet
  facet normal 0 0 1
    outer loop
      vertex 4.6488 -9.96939 82
      vertex 1.7433 -3.73852 82
      vertex 3.76222 -10.3366 82
    endloop
  endfacet
  facet normal -0 0 1
    outer loop
      vertex 1.41083 -3.87623 82
      vertex 3.76222 -10.3366 82
      vertex 1.7433 -3.73852 82
    endloop
  endfacet
  facet normal 0 0 1
    outer loop
      vertex 3.76222 -10.3366 82
      vertex 1.41083 -3.87623 82
      vertex 2.84701 -10.6252 82
    endloop
  endfacet
  facet normal -0 0 1
    outer loop
      vertex 1.06763 -3.98444 82
      vertex 2.84701 -10.6252 82
      vertex 1.41083 -3.87623 82
    endloop
  endfacet
  facet normal 0 0 1
    outer loop
      vertex 2.84701 -10.6252 82
      vertex 1.06763 -3.98444 82
      vertex 1.91013 -10.8329 82
    endloop
  endfacet
  facet normal -0 0 1
    outer loop
      vertex 0.716298 -4.06233 82
      vertex 1.91013 -10.8329 82
      vertex 1.06763 -3.98444 82
    endloop
  endfacet
  facet normal 0 0 1
    outer loop
      vertex 1.91013 -10.8329 82
      vertex 0.716298 -4.06233 82
      vertex 0.958713 -10.9581 82
    endloop
  endfacet
  facet normal -0 0 1
    outer loop
      vertex 0.359517 -4.1093 82
      vertex 0.958713 -10.9581 82
      vertex 0.716298 -4.06233 82
    endloop
  endfacet
  facet normal -0 0 1
    outer loop
      vertex 0 -4.125 82
      vertex 0.958713 -10.9581 82
      vertex 0.359517 -4.1093 82
    endloop
  endfacet
  facet normal 0 0 1
    outer loop
      vertex 0 -4.125 82
      vertex 0 -11 82
      vertex 0.958713 -10.9581 82
    endloop
  endfacet
  facet normal 0 0 1
    outer loop
      vertex -0.359517 -4.1093 82
      vertex 0 -11 82
      vertex 0 -4.125 82
    endloop
  endfacet
  facet normal 0 0 1
    outer loop
      vertex -0.958713 -10.9581 82
      vertex -0.359517 -4.1093 82
      vertex -0.716298 -4.06233 82
    endloop
  endfacet
  facet normal 0 0 1
    outer loop
      vertex -0.359517 -4.1093 82
      vertex -0.958713 -10.9581 82
      vertex 0 -11 82
    endloop
  endfacet
  facet normal 0 0 1
    outer loop
      vertex -1.91013 -10.8329 82
      vertex -0.716298 -4.06233 82
      vertex -1.06763 -3.98444 82
    endloop
  endfacet
  facet normal 0 0 1
    outer loop
      vertex -2.84701 -10.6252 82
      vertex -1.06763 -3.98444 82
      vertex -1.41083 -3.87623 82
    endloop
  endfacet
  facet normal 0 0 1
    outer loop
      vertex -3.76222 -10.3366 82
      vertex -1.41083 -3.87623 82
      vertex -1.7433 -3.73852 82
    endloop
  endfacet
  facet normal 0 0 1
    outer loop
      vertex -0.716298 -4.06233 82
      vertex -1.91013 -10.8329 82
      vertex -0.958713 -10.9581 82
    endloop
  endfacet
  facet normal 0 0 1
    outer loop
      vertex -4.6488 -9.96939 82
      vertex -1.7433 -3.73852 82
      vertex -2.0625 -3.57235 82
    endloop
  endfacet
  facet normal 0 0 1
    outer loop
      vertex -5.5 -9.52628 82
      vertex -2.0625 -3.57235 82
      vertex -2.366 -3.379 82
    endloop
  endfacet
  facet normal 0 0 1
    outer loop
      vertex -6.30934 -9.01067 82
      vertex -2.366 -3.379 82
      vertex -2.6515 -3.15993 82
    endloop
  endfacet
  facet normal 0 0 1
    outer loop
      vertex -1.06763 -3.98444 82
      vertex -2.84701 -10.6252 82
      vertex -1.91013 -10.8329 82
    endloop
  endfacet
  facet normal 0 0 1
    outer loop
      vertex -7.07066 -8.42649 82
      vertex -2.6515 -3.15993 82
      vertex -2.91681 -2.91681 82
    endloop
  endfacet
  facet normal 0 0 1
    outer loop
      vertex -7.77817 -7.77817 82
      vertex -2.91681 -2.91681 82
      vertex -3.15993 -2.6515 82
    endloop
  endfacet
  facet normal 0 0 1
    outer loop
      vertex -8.42649 -7.07066 82
      vertex -3.15993 -2.6515 82
      vertex -3.379 -2.366 82
    endloop
  endfacet
  facet normal 0 0 1
    outer loop
      vertex -9.01067 -6.30934 82
      vertex -3.379 -2.366 82
      vertex -3.57235 -2.0625 82
    endloop
  endfacet
  facet normal 0 0 1
    outer loop
      vertex -9.52628 -5.5 82
      vertex -3.57235 -2.0625 82
      vertex -3.73852 -1.7433 82
    endloop
  endfacet
  facet normal 0 0 1
    outer loop
      vertex -1.41083 -3.87623 82
      vertex -3.76222 -10.3366 82
      vertex -2.84701 -10.6252 82
    endloop
  endfacet
  facet normal 0 0 1
    outer loop
      vertex -9.96939 -4.6488 82
      vertex -3.73852 -1.7433 82
      vertex -3.87623 -1.41083 82
    endloop
  endfacet
  facet normal 0 0 1
    outer loop
      vertex -10.3366 -3.76222 82
      vertex -3.87623 -1.41083 82
      vertex -3.98444 -1.06763 82
    endloop
  endfacet
  facet normal 0 0 1
    outer loop
      vertex -10.6252 -2.84701 82
      vertex -3.98444 -1.06763 82
      vertex -4.06233 -0.716298 82
    endloop
  endfacet
  facet normal 0 0 1
    outer loop
      vertex -10.8329 -1.91013 82
      vertex -4.06233 -0.716298 82
      vertex -4.1093 -0.359517 82
    endloop
  endfacet
  facet normal 0 0 1
    outer loop
      vertex -10.9581 -0.958713 82
      vertex -4.1093 -0.359517 82
      vertex -4.125 0 82
    endloop
  endfacet
  facet normal -0 0 1
    outer loop
      vertex -9.52628 5.5 82
      vertex -3.57235 2.0625 82
      vertex -9.01067 6.30934 82
    endloop
  endfacet
  facet normal 0 0 1
    outer loop
      vertex -1.7433 -3.73852 82
      vertex -4.6488 -9.96939 82
      vertex -3.76222 -10.3366 82
    endloop
  endfacet
  facet normal 0 0 1
    outer loop
      vertex -3.57235 2.0625 82
      vertex -9.52628 5.5 82
      vertex -3.73852 1.7433 82
    endloop
  endfacet
  facet normal 0 0 1
    outer loop
      vertex -2.0625 -3.57235 82
      vertex -5.5 -9.52628 82
      vertex -4.6488 -9.96939 82
    endloop
  endfacet
  facet normal -0 0 1
    outer loop
      vertex -9.96939 4.6488 82
      vertex -3.73852 1.7433 82
      vertex -9.52628 5.5 82
    endloop
  endfacet
  facet normal 0 0 1
    outer loop
      vertex -2.366 -3.379 82
      vertex -6.30934 -9.01067 82
      vertex -5.5 -9.52628 82
    endloop
  endfacet
  facet normal 0 0 1
    outer loop
      vertex -3.73852 1.7433 82
      vertex -9.96939 4.6488 82
      vertex -3.87623 1.41083 82
    endloop
  endfacet
  facet normal 0 0 1
    outer loop
      vertex -2.6515 -3.15993 82
      vertex -7.07066 -8.42649 82
      vertex -6.30934 -9.01067 82
    endloop
  endfacet
  facet normal -0 0 1
    outer loop
      vertex -10.3366 3.76222 82
      vertex -3.87623 1.41083 82
      vertex -9.96939 4.6488 82
    endloop
  endfacet
  facet normal 0 0 1
    outer loop
      vertex -2.91681 -2.91681 82
      vertex -7.77817 -7.77817 82
      vertex -7.07066 -8.42649 82
    endloop
  endfacet
  facet normal 0 0 1
    outer loop
      vertex -3.87623 1.41083 82
      vertex -10.3366 3.76222 82
      vertex -3.98444 1.06763 82
    endloop
  endfacet
  facet normal 0 0 1
    outer loop
      vertex -3.15993 -2.6515 82
      vertex -8.42649 -7.07066 82
      vertex -7.77817 -7.77817 82
    endloop
  endfacet
  facet normal -0 0 1
    outer loop
      vertex -10.6252 2.84701 82
      vertex -3.98444 1.06763 82
      vertex -10.3366 3.76222 82
    endloop
  endfacet
  facet normal 0 0 1
    outer loop
      vertex -3.379 -2.366 82
      vertex -9.01067 -6.30934 82
      vertex -8.42649 -7.07066 82
    endloop
  endfacet
  facet normal 0 0 1
    outer loop
      vertex -3.98444 1.06763 82
      vertex -10.6252 2.84701 82
      vertex -4.06233 0.716298 82
    endloop
  endfacet
  facet normal 0 0 1
    outer loop
      vertex -3.57235 -2.0625 82
      vertex -9.52628 -5.5 82
      vertex -9.01067 -6.30934 82
    endloop
  endfacet
  facet normal -0 0 1
    outer loop
      vertex -10.8329 1.91013 82
      vertex -4.06233 0.716298 82
      vertex -10.6252 2.84701 82
    endloop
  endfacet
  facet normal 0 0 1
    outer loop
      vertex -3.73852 -1.7433 82
      vertex -9.96939 -4.6488 82
      vertex -9.52628 -5.5 82
    endloop
  endfacet
  facet normal 0 0 1
    outer loop
      vertex -4.06233 0.716298 82
      vertex -10.8329 1.91013 82
      vertex -4.1093 0.359517 82
    endloop
  endfacet
  facet normal 0 0 1
    outer loop
      vertex -3.87623 -1.41083 82
      vertex -10.3366 -3.76222 82
      vertex -9.96939 -4.6488 82
    endloop
  endfacet
  facet normal -0 0 1
    outer loop
      vertex -10.9581 0.958713 82
      vertex -4.1093 0.359517 82
      vertex -10.8329 1.91013 82
    endloop
  endfacet
  facet normal 0 0 1
    outer loop
      vertex -3.98444 -1.06763 82
      vertex -10.6252 -2.84701 82
      vertex -10.3366 -3.76222 82
    endloop
  endfacet
  facet normal 0 0 1
    outer loop
      vertex -4.1093 0.359517 82
      vertex -10.9581 0.958713 82
      vertex -4.125 0 82
    endloop
  endfacet
  facet normal 0 0 1
    outer loop
      vertex -4.06233 -0.716298 82
      vertex -10.8329 -1.91013 82
      vertex -10.6252 -2.84701 82
    endloop
  endfacet
  facet normal 0 0 1
    outer loop
      vertex -11 0 82
      vertex -4.125 0 82
      vertex -10.9581 0.958713 82
    endloop
  endfacet
  facet normal 0 0 1
    outer loop
      vertex -4.1093 -0.359517 82
      vertex -10.9581 -0.958713 82
      vertex -10.8329 -1.91013 82
    endloop
  endfacet
  facet normal 0 0 1
    outer loop
      vertex -4.125 0 82
      vertex -11 0 82
      vertex -10.9581 -0.958713 82
    endloop
  endfacet
  facet normal -0.675594 0.737274 0
    outer loop
      vertex -7.07066 8.42649 67.6
      vertex -7.77817 7.77817 82
      vertex -7.07066 8.42649 82
    endloop
  endfacet
  facet normal -0.675594 0.737274 0
    outer loop
      vertex -7.77817 7.77817 82
      vertex -7.07066 8.42649 67.6
      vertex -7.77817 7.77817 67.6
    endloop
  endfacet
  facet normal -0.675594 0.737274 0
    outer loop
      vertex -7.07066 8.42649 0
      vertex -7.77817 7.77817 14.4
      vertex -7.07066 8.42649 14.4
    endloop
  endfacet
  facet normal -0.675594 0.737274 0
    outer loop
      vertex -7.77817 7.77817 14.4
      vertex -7.07066 8.42649 0
      vertex -7.77817 7.77817 0
    endloop
  endfacet
  facet normal -0.675594 0.737274 0
    outer loop
      vertex -7.07066 8.42649 16.6
      vertex -7.77817 7.77817 31.4
      vertex -7.07066 8.42649 31.4
    endloop
  endfacet
  facet normal -0.675594 0.737274 0
    outer loop
      vertex -7.77817 7.77817 31.4
      vertex -7.07066 8.42649 16.6
      vertex -7.77817 7.77817 16.6
    endloop
  endfacet
  facet normal -0.675594 0.737274 0
    outer loop
      vertex -7.07066 8.42649 33.6
      vertex -7.77817 7.77817 48.4
      vertex -7.07066 8.42649 48.4
    endloop
  endfacet
  facet normal -0.675594 0.737274 0
    outer loop
      vertex -7.77817 7.77817 48.4
      vertex -7.07066 8.42649 33.6
      vertex -7.77817 7.77817 33.6
    endloop
  endfacet
  facet normal -0.675594 0.737274 0
    outer loop
      vertex -7.07066 8.42649 50.6
      vertex -7.77817 7.77817 65.4
      vertex -7.07066 8.42649 65.4
    endloop
  endfacet
  facet normal -0.675594 0.737274 0
    outer loop
      vertex -7.77817 7.77817 65.4
      vertex -7.07066 8.42649 50.6
      vertex -7.77817 7.77817 50.6
    endloop
  endfacet
  facet normal -0.887009 -0.461751 0
    outer loop
      vertex -9.52628 -5.5 67.6
      vertex -9.96939 -4.6488 82
      vertex -9.96939 -4.6488 67.6
    endloop
  endfacet
  facet normal -0.887009 -0.461751 0
    outer loop
      vertex -9.96939 -4.6488 82
      vertex -9.52628 -5.5 67.6
      vertex -9.52628 -5.5 82
    endloop
  endfacet
  facet normal -0.887009 -0.461751 0
    outer loop
      vertex -9.52628 -5.5 0
      vertex -9.96939 -4.6488 14.4
      vertex -9.96939 -4.6488 0
    endloop
  endfacet
  facet normal -0.887009 -0.461751 0
    outer loop
      vertex -9.96939 -4.6488 14.4
      vertex -9.52628 -5.5 0
      vertex -9.52628 -5.5 14.4
    endloop
  endfacet
  facet normal -0.887009 -0.461751 0
    outer loop
      vertex -9.52628 -5.5 16.6
      vertex -9.96939 -4.6488 31.4
      vertex -9.96939 -4.6488 16.6
    endloop
  endfacet
  facet normal -0.887009 -0.461751 0
    outer loop
      vertex -9.96939 -4.6488 31.4
      vertex -9.52628 -5.5 16.6
      vertex -9.52628 -5.5 31.4
    endloop
  endfacet
  facet normal -0.887009 -0.461751 0
    outer loop
      vertex -9.52628 -5.5 33.6
      vertex -9.96939 -4.6488 48.4
      vertex -9.96939 -4.6488 33.6
    endloop
  endfacet
  facet normal -0.887009 -0.461751 0
    outer loop
      vertex -9.96939 -4.6488 48.4
      vertex -9.52628 -5.5 33.6
      vertex -9.52628 -5.5 48.4
    endloop
  endfacet
  facet normal -0.887009 -0.461751 0
    outer loop
      vertex -9.52628 -5.5 50.6
      vertex -9.96939 -4.6488 65.4
      vertex -9.96939 -4.6488 50.6
    endloop
  endfacet
  facet normal -0.887009 -0.461751 0
    outer loop
      vertex -9.96939 -4.6488 65.4
      vertex -9.52628 -5.5 50.6
      vertex -9.52628 -5.5 65.4
    endloop
  endfacet
  facet normal -0.382663 0.923888 0
    outer loop
      vertex -3.76222 10.3366 67.6
      vertex -4.6488 9.96939 82
      vertex -3.76222 10.3366 82
    endloop
  endfacet
  facet normal -0.382663 0.923888 0
    outer loop
      vertex -4.6488 9.96939 82
      vertex -3.76222 10.3366 67.6
      vertex -4.6488 9.96939 67.6
    endloop
  endfacet
  facet normal -0.382663 0.923888 0
    outer loop
      vertex -3.76222 10.3366 0
      vertex -4.6488 9.96939 14.4
      vertex -3.76222 10.3366 14.4
    endloop
  endfacet
  facet normal -0.382663 0.923888 0
    outer loop
      vertex -4.6488 9.96939 14.4
      vertex -3.76222 10.3366 0
      vertex -4.6488 9.96939 0
    endloop
  endfacet
  facet normal -0.382663 0.923888 0
    outer loop
      vertex -3.76222 10.3366 16.6
      vertex -4.6488 9.96939 31.4
      vertex -3.76222 10.3366 31.4
    endloop
  endfacet
  facet normal -0.382663 0.923888 0
    outer loop
      vertex -4.6488 9.96939 31.4
      vertex -3.76222 10.3366 16.6
      vertex -4.6488 9.96939 16.6
    endloop
  endfacet
  facet normal -0.382663 0.923888 0
    outer loop
      vertex -3.76222 10.3366 33.6
      vertex -4.6488 9.96939 48.4
      vertex -3.76222 10.3366 48.4
    endloop
  endfacet
  facet normal -0.382663 0.923888 0
    outer loop
      vertex -4.6488 9.96939 48.4
      vertex -3.76222 10.3366 33.6
      vertex -4.6488 9.96939 33.6
    endloop
  endfacet
  facet normal -0.382663 0.923888 0
    outer loop
      vertex -3.76222 10.3366 50.6
      vertex -4.6488 9.96939 65.4
      vertex -3.76222 10.3366 65.4
    endloop
  endfacet
  facet normal -0.382663 0.923888 0
    outer loop
      vertex -4.6488 9.96939 65.4
      vertex -3.76222 10.3366 50.6
      vertex -4.6488 9.96939 50.6
    endloop
  endfacet
  facet normal -0.999046 -0.0436627 0
    outer loop
      vertex -10.9581 -0.958713 0
      vertex -11 0 14.4
      vertex -11 0 0
    endloop
  endfacet
  facet normal -0.999046 -0.0436627 0
    outer loop
      vertex -11 0 14.4
      vertex -10.9581 -0.958713 0
      vertex -10.9581 -0.958713 14.4
    endloop
  endfacet
  facet normal -0.999046 -0.0436627 0
    outer loop
      vertex -10.9581 -0.958713 67.6
      vertex -11 0 82
      vertex -11 0 67.6
    endloop
  endfacet
  facet normal -0.999046 -0.0436627 0
    outer loop
      vertex -11 0 82
      vertex -10.9581 -0.958713 67.6
      vertex -10.9581 -0.958713 82
    endloop
  endfacet
  facet normal -0.999046 -0.0436627 0
    outer loop
      vertex -10.9581 -0.958713 16.6
      vertex -11 0 31.4
      vertex -11 0 16.6
    endloop
  endfacet
  facet normal -0.999046 -0.0436627 0
    outer loop
      vertex -11 0 31.4
      vertex -10.9581 -0.958713 16.6
      vertex -10.9581 -0.958713 31.4
    endloop
  endfacet
  facet normal -0.999046 -0.0436627 0
    outer loop
      vertex -10.9581 -0.958713 33.6
      vertex -11 0 48.4
      vertex -11 0 33.6
    endloop
  endfacet
  facet normal -0.999046 -0.0436627 0
    outer loop
      vertex -11 0 48.4
      vertex -10.9581 -0.958713 33.6
      vertex -10.9581 -0.958713 48.4
    endloop
  endfacet
  facet normal -0.999046 -0.0436627 0
    outer loop
      vertex -10.9581 -0.958713 50.6
      vertex -11 0 65.4
      vertex -11 0 50.6
    endloop
  endfacet
  facet normal -0.999046 -0.0436627 0
    outer loop
      vertex -11 0 65.4
      vertex -10.9581 -0.958713 50.6
      vertex -10.9581 -0.958713 65.4
    endloop
  endfacet
  facet normal -0.0436627 0.999046 0
    outer loop
      vertex 0 11 67.6
      vertex -0.958713 10.9581 82
      vertex 0 11 82
    endloop
  endfacet
  facet normal -0.0436627 0.999046 0
    outer loop
      vertex -0.958713 10.9581 82
      vertex 0 11 67.6
      vertex -0.958713 10.9581 67.6
    endloop
  endfacet
  facet normal -0.0436627 0.999046 0
    outer loop
      vertex 0 11 0
      vertex -0.958713 10.9581 14.4
      vertex 0 11 14.4
    endloop
  endfacet
  facet normal -0.0436627 0.999046 0
    outer loop
      vertex -0.958713 10.9581 14.4
      vertex 0 11 0
      vertex -0.958713 10.9581 0
    endloop
  endfacet
  facet normal -0.0436627 0.999046 0
    outer loop
      vertex 0 11 16.6
      vertex -0.958713 10.9581 31.4
      vertex 0 11 31.4
    endloop
  endfacet
  facet normal -0.0436627 0.999046 0
    outer loop
      vertex -0.958713 10.9581 31.4
      vertex 0 11 16.6
      vertex -0.958713 10.9581 16.6
    endloop
  endfacet
  facet normal -0.0436627 0.999046 0
    outer loop
      vertex 0 11 33.6
      vertex -0.958713 10.9581 48.4
      vertex 0 11 48.4
    endloop
  endfacet
  facet normal -0.0436627 0.999046 0
    outer loop
      vertex -0.958713 10.9581 48.4
      vertex 0 11 33.6
      vertex -0.958713 10.9581 33.6
    endloop
  endfacet
  facet normal -0.0436627 0.999046 0
    outer loop
      vertex 0 11 50.6
      vertex -0.958713 10.9581 65.4
      vertex 0 11 65.4
    endloop
  endfacet
  facet normal -0.0436627 0.999046 0
    outer loop
      vertex -0.958713 10.9581 65.4
      vertex 0 11 50.6
      vertex -0.958713 10.9581 50.6
    endloop
  endfacet
  facet normal -0.991452 -0.130468 0
    outer loop
      vertex -10.8329 -1.91013 67.6
      vertex -10.9581 -0.958713 82
      vertex -10.9581 -0.958713 67.6
    endloop
  endfacet
  facet normal -0.991452 -0.130468 0
    outer loop
      vertex -10.9581 -0.958713 82
      vertex -10.8329 -1.91013 67.6
      vertex -10.8329 -1.91013 82
    endloop
  endfacet
  facet normal -0.991452 -0.130468 0
    outer loop
      vertex -10.8329 -1.91013 0
      vertex -10.9581 -0.958713 14.4
      vertex -10.9581 -0.958713 0
    endloop
  endfacet
  facet normal -0.991452 -0.130468 0
    outer loop
      vertex -10.9581 -0.958713 14.4
      vertex -10.8329 -1.91013 0
      vertex -10.8329 -1.91013 14.4
    endloop
  endfacet
  facet normal -0.991452 -0.130468 0
    outer loop
      vertex -10.8329 -1.91013 16.6
      vertex -10.9581 -0.958713 31.4
      vertex -10.9581 -0.958713 16.6
    endloop
  endfacet
  facet normal -0.991452 -0.130468 0
    outer loop
      vertex -10.9581 -0.958713 31.4
      vertex -10.8329 -1.91013 16.6
      vertex -10.8329 -1.91013 31.4
    endloop
  endfacet
  facet normal -0.991452 -0.130468 0
    outer loop
      vertex -10.8329 -1.91013 33.6
      vertex -10.9581 -0.958713 48.4
      vertex -10.9581 -0.958713 33.6
    endloop
  endfacet
  facet normal -0.991452 -0.130468 0
    outer loop
      vertex -10.9581 -0.958713 48.4
      vertex -10.8329 -1.91013 33.6
      vertex -10.8329 -1.91013 48.4
    endloop
  endfacet
  facet normal -0.991452 -0.130468 0
    outer loop
      vertex -10.8329 -1.91013 50.6
      vertex -10.9581 -0.958713 65.4
      vertex -10.9581 -0.958713 50.6
    endloop
  endfacet
  facet normal -0.991452 -0.130468 0
    outer loop
      vertex -10.9581 -0.958713 65.4
      vertex -10.8329 -1.91013 50.6
      vertex -10.8329 -1.91013 65.4
    endloop
  endfacet
  facet normal 0.382663 -0.923888 0
    outer loop
      vertex 3.76222 -10.3366 0
      vertex 4.6488 -9.96939 14.4
      vertex 3.76222 -10.3366 14.4
    endloop
  endfacet
  facet normal 0.382663 -0.923888 0
    outer loop
      vertex 4.6488 -9.96939 14.4
      vertex 3.76222 -10.3366 0
      vertex 4.6488 -9.96939 0
    endloop
  endfacet
  facet normal 0.382663 -0.923888 0
    outer loop
      vertex 3.76222 -10.3366 67.6
      vertex 4.6488 -9.96939 82
      vertex 3.76222 -10.3366 82
    endloop
  endfacet
  facet normal 0.382663 -0.923888 0
    outer loop
      vertex 4.6488 -9.96939 82
      vertex 3.76222 -10.3366 67.6
      vertex 4.6488 -9.96939 67.6
    endloop
  endfacet
  facet normal 0.382663 -0.923888 0
    outer loop
      vertex 3.76222 -10.3366 16.6
      vertex 4.6488 -9.96939 31.4
      vertex 3.76222 -10.3366 31.4
    endloop
  endfacet
  facet normal 0.382663 -0.923888 0
    outer loop
      vertex 4.6488 -9.96939 31.4
      vertex 3.76222 -10.3366 16.6
      vertex 4.6488 -9.96939 16.6
    endloop
  endfacet
  facet normal 0.382663 -0.923888 0
    outer loop
      vertex 3.76222 -10.3366 33.6
      vertex 4.6488 -9.96939 48.4
      vertex 3.76222 -10.3366 48.4
    endloop
  endfacet
  facet normal 0.382663 -0.923888 0
    outer loop
      vertex 4.6488 -9.96939 48.4
      vertex 3.76222 -10.3366 33.6
      vertex 4.6488 -9.96939 33.6
    endloop
  endfacet
  facet normal 0.382663 -0.923888 0
    outer loop
      vertex 3.76222 -10.3366 50.6
      vertex 4.6488 -9.96939 65.4
      vertex 3.76222 -10.3366 65.4
    endloop
  endfacet
  facet normal 0.382663 -0.923888 0
    outer loop
      vertex 4.6488 -9.96939 65.4
      vertex 3.76222 -10.3366 50.6
      vertex 4.6488 -9.96939 50.6
    endloop
  endfacet
  facet normal 0.300739 -0.953706 0
    outer loop
      vertex 2.84701 -10.6252 0
      vertex 3.76222 -10.3366 14.4
      vertex 2.84701 -10.6252 14.4
    endloop
  endfacet
  facet normal 0.300739 -0.953706 0
    outer loop
      vertex 3.76222 -10.3366 14.4
      vertex 2.84701 -10.6252 0
      vertex 3.76222 -10.3366 0
    endloop
  endfacet
  facet normal 0.300739 -0.953706 0
    outer loop
      vertex 2.84701 -10.6252 67.6
      vertex 3.76222 -10.3366 82
      vertex 2.84701 -10.6252 82
    endloop
  endfacet
  facet normal 0.300739 -0.953706 0
    outer loop
      vertex 3.76222 -10.3366 82
      vertex 2.84701 -10.6252 67.6
      vertex 3.76222 -10.3366 67.6
    endloop
  endfacet
  facet normal 0.300739 -0.953706 0
    outer loop
      vertex 2.84701 -10.6252 16.6
      vertex 3.76222 -10.3366 31.4
      vertex 2.84701 -10.6252 31.4
    endloop
  endfacet
  facet normal 0.300739 -0.953706 0
    outer loop
      vertex 3.76222 -10.3366 31.4
      vertex 2.84701 -10.6252 16.6
      vertex 3.76222 -10.3366 16.6
    endloop
  endfacet
  facet normal 0.300739 -0.953706 0
    outer loop
      vertex 2.84701 -10.6252 33.6
      vertex 3.76222 -10.3366 48.4
      vertex 2.84701 -10.6252 48.4
    endloop
  endfacet
  facet normal 0.300739 -0.953706 0
    outer loop
      vertex 3.76222 -10.3366 48.4
      vertex 2.84701 -10.6252 33.6
      vertex 3.76222 -10.3366 33.6
    endloop
  endfacet
  facet normal 0.300739 -0.953706 0
    outer loop
      vertex 2.84701 -10.6252 50.6
      vertex 3.76222 -10.3366 65.4
      vertex 2.84701 -10.6252 65.4
    endloop
  endfacet
  facet normal 0.300739 -0.953706 0
    outer loop
      vertex 3.76222 -10.3366 65.4
      vertex 2.84701 -10.6252 50.6
      vertex 3.76222 -10.3366 50.6
    endloop
  endfacet
  facet normal -0.737274 0.675594 0
    outer loop
      vertex -8.42649 7.07066 67.6
      vertex -7.77817 7.77817 82
      vertex -7.77817 7.77817 67.6
    endloop
  endfacet
  facet normal -0.737274 0.675594 0
    outer loop
      vertex -7.77817 7.77817 82
      vertex -8.42649 7.07066 67.6
      vertex -8.42649 7.07066 82
    endloop
  endfacet
  facet normal -0.737274 0.675594 0
    outer loop
      vertex -8.42649 7.07066 0
      vertex -7.77817 7.77817 14.4
      vertex -7.77817 7.77817 0
    endloop
  endfacet
  facet normal -0.737274 0.675594 0
    outer loop
      vertex -7.77817 7.77817 14.4
      vertex -8.42649 7.07066 0
      vertex -8.42649 7.07066 14.4
    endloop
  endfacet
  facet normal -0.737274 0.675594 0
    outer loop
      vertex -8.42649 7.07066 16.6
      vertex -7.77817 7.77817 31.4
      vertex -7.77817 7.77817 16.6
    endloop
  endfacet
  facet normal -0.737274 0.675594 0
    outer loop
      vertex -7.77817 7.77817 31.4
      vertex -8.42649 7.07066 16.6
      vertex -8.42649 7.07066 31.4
    endloop
  endfacet
  facet normal -0.737274 0.675594 0
    outer loop
      vertex -8.42649 7.07066 33.6
      vertex -7.77817 7.77817 48.4
      vertex -7.77817 7.77817 33.6
    endloop
  endfacet
  facet normal -0.737274 0.675594 0
    outer loop
      vertex -7.77817 7.77817 48.4
      vertex -8.42649 7.07066 33.6
      vertex -8.42649 7.07066 48.4
    endloop
  endfacet
  facet normal -0.737274 0.675594 0
    outer loop
      vertex -8.42649 7.07066 50.6
      vertex -7.77817 7.77817 65.4
      vertex -7.77817 7.77817 50.6
    endloop
  endfacet
  facet normal -0.737274 0.675594 0
    outer loop
      vertex -7.77817 7.77817 65.4
      vertex -8.42649 7.07066 50.6
      vertex -8.42649 7.07066 65.4
    endloop
  endfacet
  facet normal -0.737274 -0.675594 0
    outer loop
      vertex -7.77817 -7.77817 67.6
      vertex -8.42649 -7.07066 82
      vertex -8.42649 -7.07066 67.6
    endloop
  endfacet
  facet normal -0.737274 -0.675594 0
    outer loop
      vertex -8.42649 -7.07066 82
      vertex -7.77817 -7.77817 67.6
      vertex -7.77817 -7.77817 82
    endloop
  endfacet
  facet normal -0.737274 -0.675594 0
    outer loop
      vertex -7.77817 -7.77817 0
      vertex -8.42649 -7.07066 14.4
      vertex -8.42649 -7.07066 0
    endloop
  endfacet
  facet normal -0.737274 -0.675594 0
    outer loop
      vertex -8.42649 -7.07066 14.4
      vertex -7.77817 -7.77817 0
      vertex -7.77817 -7.77817 14.4
    endloop
  endfacet
  facet normal -0.737274 -0.675594 0
    outer loop
      vertex -7.77817 -7.77817 16.6
      vertex -8.42649 -7.07066 31.4
      vertex -8.42649 -7.07066 16.6
    endloop
  endfacet
  facet normal -0.737274 -0.675594 0
    outer loop
      vertex -8.42649 -7.07066 31.4
      vertex -7.77817 -7.77817 16.6
      vertex -7.77817 -7.77817 31.4
    endloop
  endfacet
  facet normal -0.737274 -0.675594 0
    outer loop
      vertex -7.77817 -7.77817 33.6
      vertex -8.42649 -7.07066 48.4
      vertex -8.42649 -7.07066 33.6
    endloop
  endfacet
  facet normal -0.737274 -0.675594 0
    outer loop
      vertex -8.42649 -7.07066 48.4
      vertex -7.77817 -7.77817 33.6
      vertex -7.77817 -7.77817 48.4
    endloop
  endfacet
  facet normal -0.737274 -0.675594 0
    outer loop
      vertex -7.77817 -7.77817 50.6
      vertex -8.42649 -7.07066 65.4
      vertex -8.42649 -7.07066 50.6
    endloop
  endfacet
  facet normal -0.737274 -0.675594 0
    outer loop
      vertex -8.42649 -7.07066 65.4
      vertex -7.77817 -7.77817 50.6
      vertex -7.77817 -7.77817 65.4
    endloop
  endfacet
  facet normal 0.0436627 0.999046 -0
    outer loop
      vertex 0.958713 10.9581 0
      vertex 0 11 14.4
      vertex 0.958713 10.9581 14.4
    endloop
  endfacet
  facet normal 0.0436627 0.999046 0
    outer loop
      vertex 0 11 14.4
      vertex 0.958713 10.9581 0
      vertex 0 11 0
    endloop
  endfacet
  facet normal 0.0436627 0.999046 -0
    outer loop
      vertex 0.958713 10.9581 67.6
      vertex 0 11 82
      vertex 0.958713 10.9581 82
    endloop
  endfacet
  facet normal 0.0436627 0.999046 0
    outer loop
      vertex 0 11 82
      vertex 0.958713 10.9581 67.6
      vertex 0 11 67.6
    endloop
  endfacet
  facet normal 0.0436627 0.999046 -0
    outer loop
      vertex 0.958713 10.9581 16.6
      vertex 0 11 31.4
      vertex 0.958713 10.9581 31.4
    endloop
  endfacet
  facet normal 0.0436627 0.999046 0
    outer loop
      vertex 0 11 31.4
      vertex 0.958713 10.9581 16.6
      vertex 0 11 16.6
    endloop
  endfacet
  facet normal 0.0436627 0.999046 -0
    outer loop
      vertex 0.958713 10.9581 33.6
      vertex 0 11 48.4
      vertex 0.958713 10.9581 48.4
    endloop
  endfacet
  facet normal 0.0436627 0.999046 0
    outer loop
      vertex 0 11 48.4
      vertex 0.958713 10.9581 33.6
      vertex 0 11 33.6
    endloop
  endfacet
  facet normal 0.0436627 0.999046 -0
    outer loop
      vertex 0.958713 10.9581 50.6
      vertex 0 11 65.4
      vertex 0.958713 10.9581 65.4
    endloop
  endfacet
  facet normal 0.0436627 0.999046 0
    outer loop
      vertex 0 11 65.4
      vertex 0.958713 10.9581 50.6
      vertex 0 11 50.6
    endloop
  endfacet
  facet normal -0.793354 0.608761 0
    outer loop
      vertex -9.01067 6.30934 67.6
      vertex -8.42649 7.07066 82
      vertex -8.42649 7.07066 67.6
    endloop
  endfacet
  facet normal -0.793354 0.608761 0
    outer loop
      vertex -8.42649 7.07066 82
      vertex -9.01067 6.30934 67.6
      vertex -9.01067 6.30934 82
    endloop
  endfacet
  facet normal -0.793354 0.608761 0
    outer loop
      vertex -9.01067 6.30934 0
      vertex -8.42649 7.07066 14.4
      vertex -8.42649 7.07066 0
    endloop
  endfacet
  facet normal -0.793354 0.608761 0
    outer loop
      vertex -8.42649 7.07066 14.4
      vertex -9.01067 6.30934 0
      vertex -9.01067 6.30934 14.4
    endloop
  endfacet
  facet normal -0.793354 0.608761 0
    outer loop
      vertex -9.01067 6.30934 16.6
      vertex -8.42649 7.07066 31.4
      vertex -8.42649 7.07066 16.6
    endloop
  endfacet
  facet normal -0.793354 0.608761 0
    outer loop
      vertex -8.42649 7.07066 31.4
      vertex -9.01067 6.30934 16.6
      vertex -9.01067 6.30934 31.4
    endloop
  endfacet
  facet normal -0.793354 0.608761 0
    outer loop
      vertex -9.01067 6.30934 33.6
      vertex -8.42649 7.07066 48.4
      vertex -8.42649 7.07066 33.6
    endloop
  endfacet
  facet normal -0.793354 0.608761 0
    outer loop
      vertex -8.42649 7.07066 48.4
      vertex -9.01067 6.30934 33.6
      vertex -9.01067 6.30934 48.4
    endloop
  endfacet
  facet normal -0.793354 0.608761 0
    outer loop
      vertex -9.01067 6.30934 50.6
      vertex -8.42649 7.07066 65.4
      vertex -8.42649 7.07066 50.6
    endloop
  endfacet
  facet normal -0.793354 0.608761 0
    outer loop
      vertex -8.42649 7.07066 65.4
      vertex -9.01067 6.30934 50.6
      vertex -9.01067 6.30934 65.4
    endloop
  endfacet
  facet normal -0.976296 0.216438 0
    outer loop
      vertex -10.8329 1.91013 0
      vertex -10.6252 2.84701 14.4
      vertex -10.6252 2.84701 0
    endloop
  endfacet
  facet normal -0.976296 0.216438 0
    outer loop
      vertex -10.6252 2.84701 14.4
      vertex -10.8329 1.91013 0
      vertex -10.8329 1.91013 14.4
    endloop
  endfacet
  facet normal -0.976296 0.216438 0
    outer loop
      vertex -10.8329 1.91013 67.6
      vertex -10.6252 2.84701 82
      vertex -10.6252 2.84701 67.6
    endloop
  endfacet
  facet normal -0.976296 0.216438 0
    outer loop
      vertex -10.6252 2.84701 82
      vertex -10.8329 1.91013 67.6
      vertex -10.8329 1.91013 82
    endloop
  endfacet
  facet normal -0.976296 0.216438 0
    outer loop
      vertex -10.8329 1.91013 16.6
      vertex -10.6252 2.84701 31.4
      vertex -10.6252 2.84701 16.6
    endloop
  endfacet
  facet normal -0.976296 0.216438 0
    outer loop
      vertex -10.6252 2.84701 31.4
      vertex -10.8329 1.91013 16.6
      vertex -10.8329 1.91013 31.4
    endloop
  endfacet
  facet normal -0.976296 0.216438 0
    outer loop
      vertex -10.8329 1.91013 33.6
      vertex -10.6252 2.84701 48.4
      vertex -10.6252 2.84701 33.6
    endloop
  endfacet
  facet normal -0.976296 0.216438 0
    outer loop
      vertex -10.6252 2.84701 48.4
      vertex -10.8329 1.91013 33.6
      vertex -10.8329 1.91013 48.4
    endloop
  endfacet
  facet normal -0.976296 0.216438 0
    outer loop
      vertex -10.8329 1.91013 50.6
      vertex -10.6252 2.84701 65.4
      vertex -10.6252 2.84701 50.6
    endloop
  endfacet
  facet normal -0.976296 0.216438 0
    outer loop
      vertex -10.6252 2.84701 65.4
      vertex -10.8329 1.91013 50.6
      vertex -10.8329 1.91013 65.4
    endloop
  endfacet
  facet normal 0.300739 0.953706 -0
    outer loop
      vertex 3.76222 10.3366 0
      vertex 2.84701 10.6252 14.4
      vertex 3.76222 10.3366 14.4
    endloop
  endfacet
  facet normal 0.300739 0.953706 0
    outer loop
      vertex 2.84701 10.6252 14.4
      vertex 3.76222 10.3366 0
      vertex 2.84701 10.6252 0
    endloop
  endfacet
  facet normal 0.300739 0.953706 -0
    outer loop
      vertex 3.76222 10.3366 67.6
      vertex 2.84701 10.6252 82
      vertex 3.76222 10.3366 82
    endloop
  endfacet
  facet normal 0.300739 0.953706 0
    outer loop
      vertex 2.84701 10.6252 82
      vertex 3.76222 10.3366 67.6
      vertex 2.84701 10.6252 67.6
    endloop
  endfacet
  facet normal 0.300739 0.953706 -0
    outer loop
      vertex 3.76222 10.3366 16.6
      vertex 2.84701 10.6252 31.4
      vertex 3.76222 10.3366 31.4
    endloop
  endfacet
  facet normal 0.300739 0.953706 0
    outer loop
      vertex 2.84701 10.6252 31.4
      vertex 3.76222 10.3366 16.6
      vertex 2.84701 10.6252 16.6
    endloop
  endfacet
  facet normal 0.300739 0.953706 -0
    outer loop
      vertex 3.76222 10.3366 33.6
      vertex 2.84701 10.6252 48.4
      vertex 3.76222 10.3366 48.4
    endloop
  endfacet
  facet normal 0.300739 0.953706 0
    outer loop
      vertex 2.84701 10.6252 48.4
      vertex 3.76222 10.3366 33.6
      vertex 2.84701 10.6252 33.6
    endloop
  endfacet
  facet normal 0.300739 0.953706 -0
    outer loop
      vertex 3.76222 10.3366 50.6
      vertex 2.84701 10.6252 65.4
      vertex 3.76222 10.3366 65.4
    endloop
  endfacet
  facet normal 0.300739 0.953706 0
    outer loop
      vertex 2.84701 10.6252 65.4
      vertex 3.76222 10.3366 50.6
      vertex 2.84701 10.6252 50.6
    endloop
  endfacet
  facet normal -0.923888 0.382663 0
    outer loop
      vertex -10.3366 3.76222 0
      vertex -9.96939 4.6488 14.4
      vertex -9.96939 4.6488 0
    endloop
  endfacet
  facet normal -0.923888 0.382663 0
    outer loop
      vertex -9.96939 4.6488 14.4
      vertex -10.3366 3.76222 0
      vertex -10.3366 3.76222 14.4
    endloop
  endfacet
  facet normal -0.923888 0.382663 0
    outer loop
      vertex -10.3366 3.76222 67.6
      vertex -9.96939 4.6488 82
      vertex -9.96939 4.6488 67.6
    endloop
  endfacet
  facet normal -0.923888 0.382663 0
    outer loop
      vertex -9.96939 4.6488 82
      vertex -10.3366 3.76222 67.6
      vertex -10.3366 3.76222 82
    endloop
  endfacet
  facet normal -0.923888 0.382663 0
    outer loop
      vertex -10.3366 3.76222 16.6
      vertex -9.96939 4.6488 31.4
      vertex -9.96939 4.6488 16.6
    endloop
  endfacet
  facet normal -0.923888 0.382663 0
    outer loop
      vertex -9.96939 4.6488 31.4
      vertex -10.3366 3.76222 16.6
      vertex -10.3366 3.76222 31.4
    endloop
  endfacet
  facet normal -0.923888 0.382663 0
    outer loop
      vertex -10.3366 3.76222 33.6
      vertex -9.96939 4.6488 48.4
      vertex -9.96939 4.6488 33.6
    endloop
  endfacet
  facet normal -0.923888 0.382663 0
    outer loop
      vertex -9.96939 4.6488 48.4
      vertex -10.3366 3.76222 33.6
      vertex -10.3366 3.76222 48.4
    endloop
  endfacet
  facet normal -0.923888 0.382663 0
    outer loop
      vertex -10.3366 3.76222 50.6
      vertex -9.96939 4.6488 65.4
      vertex -9.96939 4.6488 50.6
    endloop
  endfacet
  facet normal -0.923888 0.382663 0
    outer loop
      vertex -9.96939 4.6488 65.4
      vertex -10.3366 3.76222 50.6
      vertex -10.3366 3.76222 65.4
    endloop
  endfacet
  facet normal -0.216438 0.976296 0
    outer loop
      vertex -1.91013 10.8329 67.6
      vertex -2.84701 10.6252 82
      vertex -1.91013 10.8329 82
    endloop
  endfacet
  facet normal -0.216438 0.976296 0
    outer loop
      vertex -2.84701 10.6252 82
      vertex -1.91013 10.8329 67.6
      vertex -2.84701 10.6252 67.6
    endloop
  endfacet
  facet normal -0.216438 0.976296 0
    outer loop
      vertex -1.91013 10.8329 0
      vertex -2.84701 10.6252 14.4
      vertex -1.91013 10.8329 14.4
    endloop
  endfacet
  facet normal -0.216438 0.976296 0
    outer loop
      vertex -2.84701 10.6252 14.4
      vertex -1.91013 10.8329 0
      vertex -2.84701 10.6252 0
    endloop
  endfacet
  facet normal -0.216438 0.976296 0
    outer loop
      vertex -1.91013 10.8329 16.6
      vertex -2.84701 10.6252 31.4
      vertex -1.91013 10.8329 31.4
    endloop
  endfacet
  facet normal -0.216438 0.976296 0
    outer loop
      vertex -2.84701 10.6252 31.4
      vertex -1.91013 10.8329 16.6
      vertex -2.84701 10.6252 16.6
    endloop
  endfacet
  facet normal -0.216438 0.976296 0
    outer loop
      vertex -1.91013 10.8329 33.6
      vertex -2.84701 10.6252 48.4
      vertex -1.91013 10.8329 48.4
    endloop
  endfacet
  facet normal -0.216438 0.976296 0
    outer loop
      vertex -2.84701 10.6252 48.4
      vertex -1.91013 10.8329 33.6
      vertex -2.84701 10.6252 33.6
    endloop
  endfacet
  facet normal -0.216438 0.976296 0
    outer loop
      vertex -1.91013 10.8329 50.6
      vertex -2.84701 10.6252 65.4
      vertex -1.91013 10.8329 65.4
    endloop
  endfacet
  facet normal -0.216438 0.976296 0
    outer loop
      vertex -2.84701 10.6252 65.4
      vertex -1.91013 10.8329 50.6
      vertex -2.84701 10.6252 50.6
    endloop
  endfacet
  facet normal -0.130468 0.991452 0
    outer loop
      vertex -0.958713 10.9581 67.6
      vertex -1.91013 10.8329 82
      vertex -0.958713 10.9581 82
    endloop
  endfacet
  facet normal -0.130468 0.991452 0
    outer loop
      vertex -1.91013 10.8329 82
      vertex -0.958713 10.9581 67.6
      vertex -1.91013 10.8329 67.6
    endloop
  endfacet
  facet normal -0.130468 0.991452 0
    outer loop
      vertex -0.958713 10.9581 0
      vertex -1.91013 10.8329 14.4
      vertex -0.958713 10.9581 14.4
    endloop
  endfacet
  facet normal -0.130468 0.991452 0
    outer loop
      vertex -1.91013 10.8329 14.4
      vertex -0.958713 10.9581 0
      vertex -1.91013 10.8329 0
    endloop
  endfacet
  facet normal -0.130468 0.991452 0
    outer loop
      vertex -0.958713 10.9581 16.6
      vertex -1.91013 10.8329 31.4
      vertex -0.958713 10.9581 31.4
    endloop
  endfacet
  facet normal -0.130468 0.991452 0
    outer loop
      vertex -1.91013 10.8329 31.4
      vertex -0.958713 10.9581 16.6
      vertex -1.91013 10.8329 16.6
    endloop
  endfacet
  facet normal -0.130468 0.991452 0
    outer loop
      vertex -0.958713 10.9581 33.6
      vertex -1.91013 10.8329 48.4
      vertex -0.958713 10.9581 48.4
    endloop
  endfacet
  facet normal -0.130468 0.991452 0
    outer loop
      vertex -1.91013 10.8329 48.4
      vertex -0.958713 10.9581 33.6
      vertex -1.91013 10.8329 33.6
    endloop
  endfacet
  facet normal -0.130468 0.991452 0
    outer loop
      vertex -0.958713 10.9581 50.6
      vertex -1.91013 10.8329 65.4
      vertex -0.958713 10.9581 65.4
    endloop
  endfacet
  facet normal -0.130468 0.991452 0
    outer loop
      vertex -1.91013 10.8329 65.4
      vertex -0.958713 10.9581 50.6
      vertex -1.91013 10.8329 50.6
    endloop
  endfacet
  facet normal -0.84339 -0.537302 0
    outer loop
      vertex -9.01067 -6.30934 67.6
      vertex -9.52628 -5.5 82
      vertex -9.52628 -5.5 67.6
    endloop
  endfacet
  facet normal -0.84339 -0.537302 0
    outer loop
      vertex -9.52628 -5.5 82
      vertex -9.01067 -6.30934 67.6
      vertex -9.01067 -6.30934 82
    endloop
  endfacet
  facet normal -0.84339 -0.537302 0
    outer loop
      vertex -9.01067 -6.30934 0
      vertex -9.52628 -5.5 14.4
      vertex -9.52628 -5.5 0
    endloop
  endfacet
  facet normal -0.84339 -0.537302 0
    outer loop
      vertex -9.52628 -5.5 14.4
      vertex -9.01067 -6.30934 0
      vertex -9.01067 -6.30934 14.4
    endloop
  endfacet
  facet normal -0.84339 -0.537302 0
    outer loop
      vertex -9.01067 -6.30934 16.6
      vertex -9.52628 -5.5 31.4
      vertex -9.52628 -5.5 16.6
    endloop
  endfacet
  facet normal -0.84339 -0.537302 0
    outer loop
      vertex -9.52628 -5.5 31.4
      vertex -9.01067 -6.30934 16.6
      vertex -9.01067 -6.30934 31.4
    endloop
  endfacet
  facet normal -0.84339 -0.537302 0
    outer loop
      vertex -9.01067 -6.30934 33.6
      vertex -9.52628 -5.5 48.4
      vertex -9.52628 -5.5 33.6
    endloop
  endfacet
  facet normal -0.84339 -0.537302 0
    outer loop
      vertex -9.52628 -5.5 48.4
      vertex -9.01067 -6.30934 33.6
      vertex -9.01067 -6.30934 48.4
    endloop
  endfacet
  facet normal -0.84339 -0.537302 0
    outer loop
      vertex -9.01067 -6.30934 50.6
      vertex -9.52628 -5.5 65.4
      vertex -9.52628 -5.5 50.6
    endloop
  endfacet
  facet normal -0.84339 -0.537302 0
    outer loop
      vertex -9.52628 -5.5 65.4
      vertex -9.01067 -6.30934 50.6
      vertex -9.01067 -6.30934 65.4
    endloop
  endfacet
  facet normal -0.0436627 -0.999046 0
    outer loop
      vertex -0.958713 -10.9581 0
      vertex 0 -11 14.4
      vertex -0.958713 -10.9581 14.4
    endloop
  endfacet
  facet normal -0.0436627 -0.999046 -0
    outer loop
      vertex 0 -11 14.4
      vertex -0.958713 -10.9581 0
      vertex 0 -11 0
    endloop
  endfacet
  facet normal -0.0436627 -0.999046 0
    outer loop
      vertex -0.958713 -10.9581 67.6
      vertex 0 -11 82
      vertex -0.958713 -10.9581 82
    endloop
  endfacet
  facet normal -0.0436627 -0.999046 -0
    outer loop
      vertex 0 -11 82
      vertex -0.958713 -10.9581 67.6
      vertex 0 -11 67.6
    endloop
  endfacet
  facet normal -0.0436627 -0.999046 0
    outer loop
      vertex -0.958713 -10.9581 16.6
      vertex 0 -11 31.4
      vertex -0.958713 -10.9581 31.4
    endloop
  endfacet
  facet normal -0.0436627 -0.999046 -0
    outer loop
      vertex 0 -11 31.4
      vertex -0.958713 -10.9581 16.6
      vertex 0 -11 16.6
    endloop
  endfacet
  facet normal -0.0436627 -0.999046 0
    outer loop
      vertex -0.958713 -10.9581 33.6
      vertex 0 -11 48.4
      vertex -0.958713 -10.9581 48.4
    endloop
  endfacet
  facet normal -0.0436627 -0.999046 -0
    outer loop
      vertex 0 -11 48.4
      vertex -0.958713 -10.9581 33.6
      vertex 0 -11 33.6
    endloop
  endfacet
  facet normal -0.0436627 -0.999046 0
    outer loop
      vertex -0.958713 -10.9581 50.6
      vertex 0 -11 65.4
      vertex -0.958713 -10.9581 65.4
    endloop
  endfacet
  facet normal -0.0436627 -0.999046 -0
    outer loop
      vertex 0 -11 65.4
      vertex -0.958713 -10.9581 50.6
      vertex 0 -11 50.6
    endloop
  endfacet
  facet normal -0.537302 0.84339 0
    outer loop
      vertex -5.5 9.52628 0
      vertex -6.30934 9.01067 14.4
      vertex -5.5 9.52628 14.4
    endloop
  endfacet
  facet normal -0.537302 0.84339 0
    outer loop
      vertex -6.30934 9.01067 14.4
      vertex -5.5 9.52628 0
      vertex -6.30934 9.01067 0
    endloop
  endfacet
  facet normal -0.537302 0.84339 0
    outer loop
      vertex -5.5 9.52628 67.6
      vertex -6.30934 9.01067 82
      vertex -5.5 9.52628 82
    endloop
  endfacet
  facet normal -0.537302 0.84339 0
    outer loop
      vertex -6.30934 9.01067 82
      vertex -5.5 9.52628 67.6
      vertex -6.30934 9.01067 67.6
    endloop
  endfacet
  facet normal -0.537302 0.84339 0
    outer loop
      vertex -5.5 9.52628 16.6
      vertex -6.30934 9.01067 31.4
      vertex -5.5 9.52628 31.4
    endloop
  endfacet
  facet normal -0.537302 0.84339 0
    outer loop
      vertex -6.30934 9.01067 31.4
      vertex -5.5 9.52628 16.6
      vertex -6.30934 9.01067 16.6
    endloop
  endfacet
  facet normal -0.537302 0.84339 0
    outer loop
      vertex -5.5 9.52628 33.6
      vertex -6.30934 9.01067 48.4
      vertex -5.5 9.52628 48.4
    endloop
  endfacet
  facet normal -0.537302 0.84339 0
    outer loop
      vertex -6.30934 9.01067 48.4
      vertex -5.5 9.52628 33.6
      vertex -6.30934 9.01067 33.6
    endloop
  endfacet
  facet normal -0.537302 0.84339 0
    outer loop
      vertex -5.5 9.52628 50.6
      vertex -6.30934 9.01067 65.4
      vertex -5.5 9.52628 65.4
    endloop
  endfacet
  facet normal -0.537302 0.84339 0
    outer loop
      vertex -6.30934 9.01067 65.4
      vertex -5.5 9.52628 50.6
      vertex -6.30934 9.01067 50.6
    endloop
  endfacet
  facet normal -0.608761 -0.793354 0
    outer loop
      vertex -7.07066 -8.42649 67.6
      vertex -6.30934 -9.01067 82
      vertex -7.07066 -8.42649 82
    endloop
  endfacet
  facet normal -0.608761 -0.793354 -0
    outer loop
      vertex -6.30934 -9.01067 82
      vertex -7.07066 -8.42649 67.6
      vertex -6.30934 -9.01067 67.6
    endloop
  endfacet
  facet normal -0.608761 -0.793354 0
    outer loop
      vertex -7.07066 -8.42649 0
      vertex -6.30934 -9.01067 14.4
      vertex -7.07066 -8.42649 14.4
    endloop
  endfacet
  facet normal -0.608761 -0.793354 -0
    outer loop
      vertex -6.30934 -9.01067 14.4
      vertex -7.07066 -8.42649 0
      vertex -6.30934 -9.01067 0
    endloop
  endfacet
  facet normal -0.608761 -0.793354 0
    outer loop
      vertex -7.07066 -8.42649 16.6
      vertex -6.30934 -9.01067 31.4
      vertex -7.07066 -8.42649 31.4
    endloop
  endfacet
  facet normal -0.608761 -0.793354 -0
    outer loop
      vertex -6.30934 -9.01067 31.4
      vertex -7.07066 -8.42649 16.6
      vertex -6.30934 -9.01067 16.6
    endloop
  endfacet
  facet normal -0.608761 -0.793354 0
    outer loop
      vertex -7.07066 -8.42649 33.6
      vertex -6.30934 -9.01067 48.4
      vertex -7.07066 -8.42649 48.4
    endloop
  endfacet
  facet normal -0.608761 -0.793354 -0
    outer loop
      vertex -6.30934 -9.01067 48.4
      vertex -7.07066 -8.42649 33.6
      vertex -6.30934 -9.01067 33.6
    endloop
  endfacet
  facet normal -0.608761 -0.793354 0
    outer loop
      vertex -7.07066 -8.42649 50.6
      vertex -6.30934 -9.01067 65.4
      vertex -7.07066 -8.42649 65.4
    endloop
  endfacet
  facet normal -0.608761 -0.793354 -0
    outer loop
      vertex -6.30934 -9.01067 65.4
      vertex -7.07066 -8.42649 50.6
      vertex -6.30934 -9.01067 50.6
    endloop
  endfacet
  facet normal -0.991452 0.130468 0
    outer loop
      vertex -10.9581 0.958713 67.6
      vertex -10.8329 1.91013 82
      vertex -10.8329 1.91013 67.6
    endloop
  endfacet
  facet normal -0.991452 0.130468 0
    outer loop
      vertex -10.8329 1.91013 82
      vertex -10.9581 0.958713 67.6
      vertex -10.9581 0.958713 82
    endloop
  endfacet
  facet normal -0.991452 0.130468 0
    outer loop
      vertex -10.9581 0.958713 0
      vertex -10.8329 1.91013 14.4
      vertex -10.8329 1.91013 0
    endloop
  endfacet
  facet normal -0.991452 0.130468 0
    outer loop
      vertex -10.8329 1.91013 14.4
      vertex -10.9581 0.958713 0
      vertex -10.9581 0.958713 14.4
    endloop
  endfacet
  facet normal -0.991452 0.130468 0
    outer loop
      vertex -10.9581 0.958713 16.6
      vertex -10.8329 1.91013 31.4
      vertex -10.8329 1.91013 16.6
    endloop
  endfacet
  facet normal -0.991452 0.130468 0
    outer loop
      vertex -10.8329 1.91013 31.4
      vertex -10.9581 0.958713 16.6
      vertex -10.9581 0.958713 31.4
    endloop
  endfacet
  facet normal -0.991452 0.130468 0
    outer loop
      vertex -10.9581 0.958713 33.6
      vertex -10.8329 1.91013 48.4
      vertex -10.8329 1.91013 33.6
    endloop
  endfacet
  facet normal -0.991452 0.130468 0
    outer loop
      vertex -10.8329 1.91013 48.4
      vertex -10.9581 0.958713 33.6
      vertex -10.9581 0.958713 48.4
    endloop
  endfacet
  facet normal -0.991452 0.130468 0
    outer loop
      vertex -10.9581 0.958713 50.6
      vertex -10.8329 1.91013 65.4
      vertex -10.8329 1.91013 50.6
    endloop
  endfacet
  facet normal -0.991452 0.130468 0
    outer loop
      vertex -10.8329 1.91013 65.4
      vertex -10.9581 0.958713 50.6
      vertex -10.9581 0.958713 65.4
    endloop
  endfacet
  facet normal -0.382663 -0.923888 0
    outer loop
      vertex -4.6488 -9.96939 0
      vertex -3.76222 -10.3366 14.4
      vertex -4.6488 -9.96939 14.4
    endloop
  endfacet
  facet normal -0.382663 -0.923888 -0
    outer loop
      vertex -3.76222 -10.3366 14.4
      vertex -4.6488 -9.96939 0
      vertex -3.76222 -10.3366 0
    endloop
  endfacet
  facet normal -0.382663 -0.923888 0
    outer loop
      vertex -4.6488 -9.96939 67.6
      vertex -3.76222 -10.3366 82
      vertex -4.6488 -9.96939 82
    endloop
  endfacet
  facet normal -0.382663 -0.923888 -0
    outer loop
      vertex -3.76222 -10.3366 82
      vertex -4.6488 -9.96939 67.6
      vertex -3.76222 -10.3366 67.6
    endloop
  endfacet
  facet normal -0.382663 -0.923888 0
    outer loop
      vertex -4.6488 -9.96939 16.6
      vertex -3.76222 -10.3366 31.4
      vertex -4.6488 -9.96939 31.4
    endloop
  endfacet
  facet normal -0.382663 -0.923888 -0
    outer loop
      vertex -3.76222 -10.3366 31.4
      vertex -4.6488 -9.96939 16.6
      vertex -3.76222 -10.3366 16.6
    endloop
  endfacet
  facet normal -0.382663 -0.923888 0
    outer loop
      vertex -4.6488 -9.96939 33.6
      vertex -3.76222 -10.3366 48.4
      vertex -4.6488 -9.96939 48.4
    endloop
  endfacet
  facet normal -0.382663 -0.923888 -0
    outer loop
      vertex -3.76222 -10.3366 48.4
      vertex -4.6488 -9.96939 33.6
      vertex -3.76222 -10.3366 33.6
    endloop
  endfacet
  facet normal -0.382663 -0.923888 0
    outer loop
      vertex -4.6488 -9.96939 50.6
      vertex -3.76222 -10.3366 65.4
      vertex -4.6488 -9.96939 65.4
    endloop
  endfacet
  facet normal -0.382663 -0.923888 -0
    outer loop
      vertex -3.76222 -10.3366 65.4
      vertex -4.6488 -9.96939 50.6
      vertex -3.76222 -10.3366 50.6
    endloop
  endfacet
  facet normal -0.300739 -0.953706 0
    outer loop
      vertex -3.76222 -10.3366 0
      vertex -2.84701 -10.6252 14.4
      vertex -3.76222 -10.3366 14.4
    endloop
  endfacet
  facet normal -0.300739 -0.953706 -0
    outer loop
      vertex -2.84701 -10.6252 14.4
      vertex -3.76222 -10.3366 0
      vertex -2.84701 -10.6252 0
    endloop
  endfacet
  facet normal -0.300739 -0.953706 0
    outer loop
      vertex -3.76222 -10.3366 67.6
      vertex -2.84701 -10.6252 82
      vertex -3.76222 -10.3366 82
    endloop
  endfacet
  facet normal -0.300739 -0.953706 -0
    outer loop
      vertex -2.84701 -10.6252 82
      vertex -3.76222 -10.3366 67.6
      vertex -2.84701 -10.6252 67.6
    endloop
  endfacet
  facet normal -0.300739 -0.953706 0
    outer loop
      vertex -3.76222 -10.3366 16.6
      vertex -2.84701 -10.6252 31.4
      vertex -3.76222 -10.3366 31.4
    endloop
  endfacet
  facet normal -0.300739 -0.953706 -0
    outer loop
      vertex -2.84701 -10.6252 31.4
      vertex -3.76222 -10.3366 16.6
      vertex -2.84701 -10.6252 16.6
    endloop
  endfacet
  facet normal -0.300739 -0.953706 0
    outer loop
      vertex -3.76222 -10.3366 33.6
      vertex -2.84701 -10.6252 48.4
      vertex -3.76222 -10.3366 48.4
    endloop
  endfacet
  facet normal -0.300739 -0.953706 -0
    outer loop
      vertex -2.84701 -10.6252 48.4
      vertex -3.76222 -10.3366 33.6
      vertex -2.84701 -10.6252 33.6
    endloop
  endfacet
  facet normal -0.300739 -0.953706 0
    outer loop
      vertex -3.76222 -10.3366 50.6
      vertex -2.84701 -10.6252 65.4
      vertex -3.76222 -10.3366 65.4
    endloop
  endfacet
  facet normal -0.300739 -0.953706 -0
    outer loop
      vertex -2.84701 -10.6252 65.4
      vertex -3.76222 -10.3366 50.6
      vertex -2.84701 -10.6252 50.6
    endloop
  endfacet
  facet normal 0 0 -1
    outer loop
      vertex 4.125 0 0
      vertex 11 0 0
      vertex 10.9581 -0.958713 0
    endloop
  endfacet
  facet normal 0 0 -1
    outer loop
      vertex 4.1093 -0.359517 0
      vertex 10.9581 -0.958713 0
      vertex 10.8329 -1.91013 0
    endloop
  endfacet
  facet normal 0 0 -1
    outer loop
      vertex 11 0 0
      vertex 4.125 0 0
      vertex 10.9581 0.958713 0
    endloop
  endfacet
  facet normal 0 0 -1
    outer loop
      vertex 4.06233 -0.716298 0
      vertex 10.8329 -1.91013 0
      vertex 10.6252 -2.84701 0
    endloop
  endfacet
  facet normal 0 0 -1
    outer loop
      vertex 4.1093 0.359517 0
      vertex 10.9581 0.958713 0
      vertex 4.125 0 0
    endloop
  endfacet
  facet normal 0 0 -1
    outer loop
      vertex 3.98444 -1.06763 0
      vertex 10.6252 -2.84701 0
      vertex 10.3366 -3.76222 0
    endloop
  endfacet
  facet normal -0 0 -1
    outer loop
      vertex 10.9581 0.958713 0
      vertex 4.1093 0.359517 0
      vertex 10.8329 1.91013 0
    endloop
  endfacet
  facet normal 0 0 -1
    outer loop
      vertex 3.87623 -1.41083 0
      vertex 10.3366 -3.76222 0
      vertex 9.96939 -4.6488 0
    endloop
  endfacet
  facet normal 0 0 -1
    outer loop
      vertex 4.06233 0.716298 0
      vertex 10.8329 1.91013 0
      vertex 4.1093 0.359517 0
    endloop
  endfacet
  facet normal 0 0 -1
    outer loop
      vertex 3.73852 -1.7433 0
      vertex 9.96939 -4.6488 0
      vertex 9.52628 -5.5 0
    endloop
  endfacet
  facet normal -0 0 -1
    outer loop
      vertex 10.8329 1.91013 0
      vertex 4.06233 0.716298 0
      vertex 10.6252 2.84701 0
    endloop
  endfacet
  facet normal 0 0 -1
    outer loop
      vertex 3.57235 -2.0625 0
      vertex 9.52628 -5.5 0
      vertex 9.01067 -6.30934 0
    endloop
  endfacet
  facet normal 0 0 -1
    outer loop
      vertex 3.98444 1.06763 0
      vertex 10.6252 2.84701 0
      vertex 4.06233 0.716298 0
    endloop
  endfacet
  facet normal 0 0 -1
    outer loop
      vertex 3.379 -2.366 0
      vertex 9.01067 -6.30934 0
      vertex 8.42649 -7.07066 0
    endloop
  endfacet
  facet normal -0 0 -1
    outer loop
      vertex 10.6252 2.84701 0
      vertex 3.98444 1.06763 0
      vertex 10.3366 3.76222 0
    endloop
  endfacet
  facet normal 0 0 -1
    outer loop
      vertex 3.15993 -2.6515 0
      vertex 8.42649 -7.07066 0
      vertex 7.77817 -7.77817 0
    endloop
  endfacet
  facet normal 0 0 -1
    outer loop
      vertex 3.87623 1.41083 0
      vertex 10.3366 3.76222 0
      vertex 3.98444 1.06763 0
    endloop
  endfacet
  facet normal 0 0 -1
    outer loop
      vertex 2.91681 -2.91681 0
      vertex 7.77817 -7.77817 0
      vertex 7.07066 -8.42649 0
    endloop
  endfacet
  facet normal -0 0 -1
    outer loop
      vertex 10.3366 3.76222 0
      vertex 3.87623 1.41083 0
      vertex 9.96939 4.6488 0
    endloop
  endfacet
  facet normal 0 0 -1
    outer loop
      vertex 2.6515 -3.15993 0
      vertex 7.07066 -8.42649 0
      vertex 6.30934 -9.01067 0
    endloop
  endfacet
  facet normal 0 0 -1
    outer loop
      vertex 3.73852 1.7433 0
      vertex 9.96939 4.6488 0
      vertex 3.87623 1.41083 0
    endloop
  endfacet
  facet normal 0 0 -1
    outer loop
      vertex 2.366 -3.379 0
      vertex 6.30934 -9.01067 0
      vertex 5.5 -9.52628 0
    endloop
  endfacet
  facet normal -0 0 -1
    outer loop
      vertex 9.96939 4.6488 0
      vertex 3.73852 1.7433 0
      vertex 9.52628 5.5 0
    endloop
  endfacet
  facet normal 0 0 -1
    outer loop
      vertex 2.0625 -3.57235 0
      vertex 5.5 -9.52628 0
      vertex 4.6488 -9.96939 0
    endloop
  endfacet
  facet normal 0 0 -1
    outer loop
      vertex 3.57235 2.0625 0
      vertex 9.52628 5.5 0
      vertex 3.73852 1.7433 0
    endloop
  endfacet
  facet normal -0 0 -1
    outer loop
      vertex 9.52628 5.5 0
      vertex 3.57235 2.0625 0
      vertex 9.01067 6.30934 0
    endloop
  endfacet
  facet normal 0 0 -1
    outer loop
      vertex 10.9581 -0.958713 0
      vertex 4.1093 -0.359517 0
      vertex 4.125 0 0
    endloop
  endfacet
  facet normal 0 0 -1
    outer loop
      vertex 10.8329 -1.91013 0
      vertex 4.06233 -0.716298 0
      vertex 4.1093 -0.359517 0
    endloop
  endfacet
  facet normal 0 0 -1
    outer loop
      vertex 10.6252 -2.84701 0
      vertex 3.98444 -1.06763 0
      vertex 4.06233 -0.716298 0
    endloop
  endfacet
  facet normal 0 0 -1
    outer loop
      vertex 10.3366 -3.76222 0
      vertex 3.87623 -1.41083 0
      vertex 3.98444 -1.06763 0
    endloop
  endfacet
  facet normal 0 0 -1
    outer loop
      vertex 1.7433 -3.73852 0
      vertex 4.6488 -9.96939 0
      vertex 3.76222 -10.3366 0
    endloop
  endfacet
  facet normal 0 0 -1
    outer loop
      vertex 9.96939 -4.6488 0
      vertex 3.73852 -1.7433 0
      vertex 3.87623 -1.41083 0
    endloop
  endfacet
  facet normal 0 0 -1
    outer loop
      vertex 9.52628 -5.5 0
      vertex 3.57235 -2.0625 0
      vertex 3.73852 -1.7433 0
    endloop
  endfacet
  facet normal 0 0 -1
    outer loop
      vertex 9.01067 -6.30934 0
      vertex 3.379 -2.366 0
      vertex 3.57235 -2.0625 0
    endloop
  endfacet
  facet normal 0 0 -1
    outer loop
      vertex 8.42649 -7.07066 0
      vertex 3.15993 -2.6515 0
      vertex 3.379 -2.366 0
    endloop
  endfacet
  facet normal 0 0 -1
    outer loop
      vertex 7.77817 -7.77817 0
      vertex 2.91681 -2.91681 0
      vertex 3.15993 -2.6515 0
    endloop
  endfacet
  facet normal 0 0 -1
    outer loop
      vertex 1.41083 -3.87623 0
      vertex 3.76222 -10.3366 0
      vertex 2.84701 -10.6252 0
    endloop
  endfacet
  facet normal 0 0 -1
    outer loop
      vertex 7.07066 -8.42649 0
      vertex 2.6515 -3.15993 0
      vertex 2.91681 -2.91681 0
    endloop
  endfacet
  facet normal 0 0 -1
    outer loop
      vertex 6.30934 -9.01067 0
      vertex 2.366 -3.379 0
      vertex 2.6515 -3.15993 0
    endloop
  endfacet
  facet normal 0 0 -1
    outer loop
      vertex 5.5 -9.52628 0
      vertex 2.0625 -3.57235 0
      vertex 2.366 -3.379 0
    endloop
  endfacet
  facet normal 0 0 -1
    outer loop
      vertex 1.06763 -3.98444 0
      vertex 2.84701 -10.6252 0
      vertex 1.91013 -10.8329 0
    endloop
  endfacet
  facet normal 0 0 -1
    outer loop
      vertex 4.6488 -9.96939 0
      vertex 1.7433 -3.73852 0
      vertex 2.0625 -3.57235 0
    endloop
  endfacet
  facet normal 0 0 -1
    outer loop
      vertex 3.76222 -10.3366 0
      vertex 1.41083 -3.87623 0
      vertex 1.7433 -3.73852 0
    endloop
  endfacet
  facet normal 0 0 -1
    outer loop
      vertex 2.84701 -10.6252 0
      vertex 1.06763 -3.98444 0
      vertex 1.41083 -3.87623 0
    endloop
  endfacet
  facet normal 0 0 -1
    outer loop
      vertex 0.716298 -4.06233 0
      vertex 1.91013 -10.8329 0
      vertex 0.958713 -10.9581 0
    endloop
  endfacet
  facet normal 0 0 -1
    outer loop
      vertex 1.91013 -10.8329 0
      vertex 0.716298 -4.06233 0
      vertex 1.06763 -3.98444 0
    endloop
  endfacet
  facet normal 0 0 -1
    outer loop
      vertex 0.958713 -10.9581 0
      vertex 0.359517 -4.1093 0
      vertex 0.716298 -4.06233 0
    endloop
  endfacet
  facet normal 0 0 -1
    outer loop
      vertex 0 -11 0
      vertex 0.359517 -4.1093 0
      vertex 0.958713 -10.9581 0
    endloop
  endfacet
  facet normal 0 0 -1
    outer loop
      vertex 0 -11 0
      vertex 0 -4.125 0
      vertex 0.359517 -4.1093 0
    endloop
  endfacet
  facet normal 0 0 -1
    outer loop
      vertex 0 -11 0
      vertex -0.359517 -4.1093 0
      vertex 0 -4.125 0
    endloop
  endfacet
  facet normal 0 0 -1
    outer loop
      vertex -0.958713 -10.9581 0
      vertex -0.359517 -4.1093 0
      vertex 0 -11 0
    endloop
  endfacet
  facet normal -0 0 -1
    outer loop
      vertex -0.359517 -4.1093 0
      vertex -0.958713 -10.9581 0
      vertex -0.716298 -4.06233 0
    endloop
  endfacet
  facet normal 0 0 -1
    outer loop
      vertex -1.91013 -10.8329 0
      vertex -0.716298 -4.06233 0
      vertex -0.958713 -10.9581 0
    endloop
  endfacet
  facet normal -0 0 -1
    outer loop
      vertex -0.716298 -4.06233 0
      vertex -1.91013 -10.8329 0
      vertex -1.06763 -3.98444 0
    endloop
  endfacet
  facet normal 0 0 -1
    outer loop
      vertex -2.84701 -10.6252 0
      vertex -1.06763 -3.98444 0
      vertex -1.91013 -10.8329 0
    endloop
  endfacet
  facet normal -0 0 -1
    outer loop
      vertex -1.06763 -3.98444 0
      vertex -2.84701 -10.6252 0
      vertex -1.41083 -3.87623 0
    endloop
  endfacet
  facet normal 0 0 -1
    outer loop
      vertex -3.76222 -10.3366 0
      vertex -1.41083 -3.87623 0
      vertex -2.84701 -10.6252 0
    endloop
  endfacet
  facet normal -0 0 -1
    outer loop
      vertex -1.41083 -3.87623 0
      vertex -3.76222 -10.3366 0
      vertex -1.7433 -3.73852 0
    endloop
  endfacet
  facet normal 0 0 -1
    outer loop
      vertex -4.6488 -9.96939 0
      vertex -1.7433 -3.73852 0
      vertex -3.76222 -10.3366 0
    endloop
  endfacet
  facet normal -0 0 -1
    outer loop
      vertex -1.7433 -3.73852 0
      vertex -4.6488 -9.96939 0
      vertex -2.0625 -3.57235 0
    endloop
  endfacet
  facet normal 0 0 -1
    outer loop
      vertex -5.5 -9.52628 0
      vertex -2.0625 -3.57235 0
      vertex -4.6488 -9.96939 0
    endloop
  endfacet
  facet normal -0 0 -1
    outer loop
      vertex -2.0625 -3.57235 0
      vertex -5.5 -9.52628 0
      vertex -2.366 -3.379 0
    endloop
  endfacet
  facet normal 0 0 -1
    outer loop
      vertex -6.30934 -9.01067 0
      vertex -2.366 -3.379 0
      vertex -5.5 -9.52628 0
    endloop
  endfacet
  facet normal -0 0 -1
    outer loop
      vertex -2.366 -3.379 0
      vertex -6.30934 -9.01067 0
      vertex -2.6515 -3.15993 0
    endloop
  endfacet
  facet normal 0 0 -1
    outer loop
      vertex -7.07066 -8.42649 0
      vertex -2.6515 -3.15993 0
      vertex -6.30934 -9.01067 0
    endloop
  endfacet
  facet normal -0 0 -1
    outer loop
      vertex -2.6515 -3.15993 0
      vertex -7.07066 -8.42649 0
      vertex -2.91681 -2.91681 0
    endloop
  endfacet
  facet normal 0 0 -1
    outer loop
      vertex -7.77817 -7.77817 0
      vertex -2.91681 -2.91681 0
      vertex -7.07066 -8.42649 0
    endloop
  endfacet
  facet normal -0 0 -1
    outer loop
      vertex -2.91681 -2.91681 0
      vertex -7.77817 -7.77817 0
      vertex -3.15993 -2.6515 0
    endloop
  endfacet
  facet normal 0 0 -1
    outer loop
      vertex -8.42649 -7.07066 0
      vertex -3.15993 -2.6515 0
      vertex -7.77817 -7.77817 0
    endloop
  endfacet
  facet normal -0 0 -1
    outer loop
      vertex -3.15993 -2.6515 0
      vertex -8.42649 -7.07066 0
      vertex -3.379 -2.366 0
    endloop
  endfacet
  facet normal 0 0 -1
    outer loop
      vertex -9.01067 -6.30934 0
      vertex -3.379 -2.366 0
      vertex -8.42649 -7.07066 0
    endloop
  endfacet
  facet normal -0 0 -1
    outer loop
      vertex -3.379 -2.366 0
      vertex -9.01067 -6.30934 0
      vertex -3.57235 -2.0625 0
    endloop
  endfacet
  facet normal 0 0 -1
    outer loop
      vertex 3.379 2.366 0
      vertex 9.01067 6.30934 0
      vertex 3.57235 2.0625 0
    endloop
  endfacet
  facet normal -0 0 -1
    outer loop
      vertex 9.01067 6.30934 0
      vertex 3.379 2.366 0
      vertex 8.42649 7.07066 0
    endloop
  endfacet
  facet normal 0 0 -1
    outer loop
      vertex 3.15993 2.6515 0
      vertex 8.42649 7.07066 0
      vertex 3.379 2.366 0
    endloop
  endfacet
  facet normal -0 0 -1
    outer loop
      vertex 8.42649 7.07066 0
      vertex 3.15993 2.6515 0
      vertex 7.77817 7.77817 0
    endloop
  endfacet
  facet normal 0 0 -1
    outer loop
      vertex 2.91681 2.91681 0
      vertex 7.77817 7.77817 0
      vertex 3.15993 2.6515 0
    endloop
  endfacet
  facet normal -0 0 -1
    outer loop
      vertex 7.77817 7.77817 0
      vertex 2.91681 2.91681 0
      vertex 7.07066 8.42649 0
    endloop
  endfacet
  facet normal 0 0 -1
    outer loop
      vertex 2.6515 3.15993 0
      vertex 7.07066 8.42649 0
      vertex 2.91681 2.91681 0
    endloop
  endfacet
  facet normal -0 0 -1
    outer loop
      vertex 7.07066 8.42649 0
      vertex 2.6515 3.15993 0
      vertex 6.30934 9.01067 0
    endloop
  endfacet
  facet normal 0 0 -1
    outer loop
      vertex 2.366 3.379 0
      vertex 6.30934 9.01067 0
      vertex 2.6515 3.15993 0
    endloop
  endfacet
  facet normal -0 0 -1
    outer loop
      vertex 6.30934 9.01067 0
      vertex 2.366 3.379 0
      vertex 5.5 9.52628 0
    endloop
  endfacet
  facet normal 0 0 -1
    outer loop
      vertex 2.0625 3.57235 0
      vertex 5.5 9.52628 0
      vertex 2.366 3.379 0
    endloop
  endfacet
  facet normal -0 0 -1
    outer loop
      vertex 5.5 9.52628 0
      vertex 2.0625 3.57235 0
      vertex 4.6488 9.96939 0
    endloop
  endfacet
  facet normal 0 0 -1
    outer loop
      vertex 1.7433 3.73852 0
      vertex 4.6488 9.96939 0
      vertex 2.0625 3.57235 0
    endloop
  endfacet
  facet normal -0 0 -1
    outer loop
      vertex 4.6488 9.96939 0
      vertex 1.7433 3.73852 0
      vertex 3.76222 10.3366 0
    endloop
  endfacet
  facet normal 0 0 -1
    outer loop
      vertex 1.41083 3.87623 0
      vertex 3.76222 10.3366 0
      vertex 1.7433 3.73852 0
    endloop
  endfacet
  facet normal -0 0 -1
    outer loop
      vertex 3.76222 10.3366 0
      vertex 1.41083 3.87623 0
      vertex 2.84701 10.6252 0
    endloop
  endfacet
  facet normal 0 0 -1
    outer loop
      vertex 1.06763 3.98444 0
      vertex 2.84701 10.6252 0
      vertex 1.41083 3.87623 0
    endloop
  endfacet
  facet normal -0 0 -1
    outer loop
      vertex 2.84701 10.6252 0
      vertex 1.06763 3.98444 0
      vertex 1.91013 10.8329 0
    endloop
  endfacet
  facet normal 0 0 -1
    outer loop
      vertex 0.716298 4.06233 0
      vertex 1.91013 10.8329 0
      vertex 1.06763 3.98444 0
    endloop
  endfacet
  facet normal -0 0 -1
    outer loop
      vertex 1.91013 10.8329 0
      vertex 0.716298 4.06233 0
      vertex 0.958713 10.9581 0
    endloop
  endfacet
  facet normal 0 0 -1
    outer loop
      vertex 0.359517 4.1093 0
      vertex 0.958713 10.9581 0
      vertex 0.716298 4.06233 0
    endloop
  endfacet
  facet normal 0 0 -1
    outer loop
      vertex 0 4.125 0
      vertex 0.958713 10.9581 0
      vertex 0.359517 4.1093 0
    endloop
  endfacet
  facet normal 0 0 -1
    outer loop
      vertex 0 4.125 0
      vertex 0 11 0
      vertex 0.958713 10.9581 0
    endloop
  endfacet
  facet normal 0 0 -1
    outer loop
      vertex -0.359517 4.1093 0
      vertex 0 11 0
      vertex 0 4.125 0
    endloop
  endfacet
  facet normal 0 0 -1
    outer loop
      vertex -0.958713 10.9581 0
      vertex -0.359517 4.1093 0
      vertex -0.716298 4.06233 0
    endloop
  endfacet
  facet normal 0 0 -1
    outer loop
      vertex -0.359517 4.1093 0
      vertex -0.958713 10.9581 0
      vertex 0 11 0
    endloop
  endfacet
  facet normal 0 0 -1
    outer loop
      vertex -1.91013 10.8329 0
      vertex -0.716298 4.06233 0
      vertex -1.06763 3.98444 0
    endloop
  endfacet
  facet normal 0 0 -1
    outer loop
      vertex -2.84701 10.6252 0
      vertex -1.06763 3.98444 0
      vertex -1.41083 3.87623 0
    endloop
  endfacet
  facet normal 0 0 -1
    outer loop
      vertex -3.76222 10.3366 0
      vertex -1.41083 3.87623 0
      vertex -1.7433 3.73852 0
    endloop
  endfacet
  facet normal 0 0 -1
    outer loop
      vertex -0.716298 4.06233 0
      vertex -1.91013 10.8329 0
      vertex -0.958713 10.9581 0
    endloop
  endfacet
  facet normal 0 0 -1
    outer loop
      vertex -4.6488 9.96939 0
      vertex -1.7433 3.73852 0
      vertex -2.0625 3.57235 0
    endloop
  endfacet
  facet normal 0 0 -1
    outer loop
      vertex -5.5 9.52628 0
      vertex -2.0625 3.57235 0
      vertex -2.366 3.379 0
    endloop
  endfacet
  facet normal 0 0 -1
    outer loop
      vertex -6.30934 9.01067 0
      vertex -2.366 3.379 0
      vertex -2.6515 3.15993 0
    endloop
  endfacet
  facet normal 0 0 -1
    outer loop
      vertex -1.06763 3.98444 0
      vertex -2.84701 10.6252 0
      vertex -1.91013 10.8329 0
    endloop
  endfacet
  facet normal 0 0 -1
    outer loop
      vertex -7.07066 8.42649 0
      vertex -2.6515 3.15993 0
      vertex -2.91681 2.91681 0
    endloop
  endfacet
  facet normal 0 0 -1
    outer loop
      vertex -7.77817 7.77817 0
      vertex -2.91681 2.91681 0
      vertex -3.15993 2.6515 0
    endloop
  endfacet
  facet normal 0 0 -1
    outer loop
      vertex -8.42649 7.07066 0
      vertex -3.15993 2.6515 0
      vertex -3.379 2.366 0
    endloop
  endfacet
  facet normal 0 0 -1
    outer loop
      vertex -9.01067 6.30934 0
      vertex -3.379 2.366 0
      vertex -3.57235 2.0625 0
    endloop
  endfacet
  facet normal 0 0 -1
    outer loop
      vertex -9.52628 5.5 0
      vertex -3.57235 2.0625 0
      vertex -3.73852 1.7433 0
    endloop
  endfacet
  facet normal 0 0 -1
    outer loop
      vertex -1.41083 3.87623 0
      vertex -3.76222 10.3366 0
      vertex -2.84701 10.6252 0
    endloop
  endfacet
  facet normal 0 0 -1
    outer loop
      vertex -9.96939 4.6488 0
      vertex -3.73852 1.7433 0
      vertex -3.87623 1.41083 0
    endloop
  endfacet
  facet normal 0 0 -1
    outer loop
      vertex -10.3366 3.76222 0
      vertex -3.87623 1.41083 0
      vertex -3.98444 1.06763 0
    endloop
  endfacet
  facet normal 0 0 -1
    outer loop
      vertex -10.6252 2.84701 0
      vertex -3.98444 1.06763 0
      vertex -4.06233 0.716298 0
    endloop
  endfacet
  facet normal 0 0 -1
    outer loop
      vertex -10.8329 1.91013 0
      vertex -4.06233 0.716298 0
      vertex -4.1093 0.359517 0
    endloop
  endfacet
  facet normal 0 0 -1
    outer loop
      vertex -10.9581 0.958713 0
      vertex -4.1093 0.359517 0
      vertex -4.125 0 0
    endloop
  endfacet
  facet normal 0 0 -1
    outer loop
      vertex -9.52628 -5.5 0
      vertex -3.57235 -2.0625 0
      vertex -9.01067 -6.30934 0
    endloop
  endfacet
  facet normal 0 0 -1
    outer loop
      vertex -1.7433 3.73852 0
      vertex -4.6488 9.96939 0
      vertex -3.76222 10.3366 0
    endloop
  endfacet
  facet normal -0 0 -1
    outer loop
      vertex -3.57235 -2.0625 0
      vertex -9.52628 -5.5 0
      vertex -3.73852 -1.7433 0
    endloop
  endfacet
  facet normal 0 0 -1
    outer loop
      vertex -2.0625 3.57235 0
      vertex -5.5 9.52628 0
      vertex -4.6488 9.96939 0
    endloop
  endfacet
  facet normal 0 0 -1
    outer loop
      vertex -9.96939 -4.6488 0
      vertex -3.73852 -1.7433 0
      vertex -9.52628 -5.5 0
    endloop
  endfacet
  facet normal 0 0 -1
    outer loop
      vertex -2.366 3.379 0
      vertex -6.30934 9.01067 0
      vertex -5.5 9.52628 0
    endloop
  endfacet
  facet normal -0 0 -1
    outer loop
      vertex -3.73852 -1.7433 0
      vertex -9.96939 -4.6488 0
      vertex -3.87623 -1.41083 0
    endloop
  endfacet
  facet normal 0 0 -1
    outer loop
      vertex -2.6515 3.15993 0
      vertex -7.07066 8.42649 0
      vertex -6.30934 9.01067 0
    endloop
  endfacet
  facet normal 0 0 -1
    outer loop
      vertex -10.3366 -3.76222 0
      vertex -3.87623 -1.41083 0
      vertex -9.96939 -4.6488 0
    endloop
  endfacet
  facet normal 0 0 -1
    outer loop
      vertex -2.91681 2.91681 0
      vertex -7.77817 7.77817 0
      vertex -7.07066 8.42649 0
    endloop
  endfacet
  facet normal -0 0 -1
    outer loop
      vertex -3.87623 -1.41083 0
      vertex -10.3366 -3.76222 0
      vertex -3.98444 -1.06763 0
    endloop
  endfacet
  facet normal 0 0 -1
    outer loop
      vertex -3.15993 2.6515 0
      vertex -8.42649 7.07066 0
      vertex -7.77817 7.77817 0
    endloop
  endfacet
  facet normal 0 0 -1
    outer loop
      vertex -10.6252 -2.84701 0
      vertex -3.98444 -1.06763 0
      vertex -10.3366 -3.76222 0
    endloop
  endfacet
  facet normal 0 0 -1
    outer loop
      vertex -3.379 2.366 0
      vertex -9.01067 6.30934 0
      vertex -8.42649 7.07066 0
    endloop
  endfacet
  facet normal -0 0 -1
    outer loop
      vertex -3.98444 -1.06763 0
      vertex -10.6252 -2.84701 0
      vertex -4.06233 -0.716298 0
    endloop
  endfacet
  facet normal 0 0 -1
    outer loop
      vertex -3.57235 2.0625 0
      vertex -9.52628 5.5 0
      vertex -9.01067 6.30934 0
    endloop
  endfacet
  facet normal 0 0 -1
    outer loop
      vertex -10.8329 -1.91013 0
      vertex -4.06233 -0.716298 0
      vertex -10.6252 -2.84701 0
    endloop
  endfacet
  facet normal 0 0 -1
    outer loop
      vertex -3.73852 1.7433 0
      vertex -9.96939 4.6488 0
      vertex -9.52628 5.5 0
    endloop
  endfacet
  facet normal -0 0 -1
    outer loop
      vertex -4.06233 -0.716298 0
      vertex -10.8329 -1.91013 0
      vertex -4.1093 -0.359517 0
    endloop
  endfacet
  facet normal 0 0 -1
    outer loop
      vertex -3.87623 1.41083 0
      vertex -10.3366 3.76222 0
      vertex -9.96939 4.6488 0
    endloop
  endfacet
  facet normal 0 0 -1
    outer loop
      vertex -10.9581 -0.958713 0
      vertex -4.1093 -0.359517 0
      vertex -10.8329 -1.91013 0
    endloop
  endfacet
  facet normal 0 0 -1
    outer loop
      vertex -3.98444 1.06763 0
      vertex -10.6252 2.84701 0
      vertex -10.3366 3.76222 0
    endloop
  endfacet
  facet normal -0 0 -1
    outer loop
      vertex -4.1093 -0.359517 0
      vertex -10.9581 -0.958713 0
      vertex -4.125 0 0
    endloop
  endfacet
  facet normal 0 0 -1
    outer loop
      vertex -4.06233 0.716298 0
      vertex -10.8329 1.91013 0
      vertex -10.6252 2.84701 0
    endloop
  endfacet
  facet normal 0 0 -1
    outer loop
      vertex -11 0 0
      vertex -4.125 0 0
      vertex -10.9581 -0.958713 0
    endloop
  endfacet
  facet normal 0 0 -1
    outer loop
      vertex -4.1093 0.359517 0
      vertex -10.9581 0.958713 0
      vertex -10.8329 1.91013 0
    endloop
  endfacet
  facet normal 0 0 -1
    outer loop
      vertex -4.125 0 0
      vertex -11 0 0
      vertex -10.9581 0.958713 0
    endloop
  endfacet
  facet normal 0.216438 -0.976296 0
    outer loop
      vertex 1.91013 -10.8329 0
      vertex 2.84701 -10.6252 14.4
      vertex 1.91013 -10.8329 14.4
    endloop
  endfacet
  facet normal 0.216438 -0.976296 0
    outer loop
      vertex 2.84701 -10.6252 14.4
      vertex 1.91013 -10.8329 0
      vertex 2.84701 -10.6252 0
    endloop
  endfacet
  facet normal 0.216438 -0.976296 0
    outer loop
      vertex 1.91013 -10.8329 67.6
      vertex 2.84701 -10.6252 82
      vertex 1.91013 -10.8329 82
    endloop
  endfacet
  facet normal 0.216438 -0.976296 0
    outer loop
      vertex 2.84701 -10.6252 82
      vertex 1.91013 -10.8329 67.6
      vertex 2.84701 -10.6252 67.6
    endloop
  endfacet
  facet normal 0.216438 -0.976296 0
    outer loop
      vertex 1.91013 -10.8329 16.6
      vertex 2.84701 -10.6252 31.4
      vertex 1.91013 -10.8329 31.4
    endloop
  endfacet
  facet normal 0.216438 -0.976296 0
    outer loop
      vertex 2.84701 -10.6252 31.4
      vertex 1.91013 -10.8329 16.6
      vertex 2.84701 -10.6252 16.6
    endloop
  endfacet
  facet normal 0.216438 -0.976296 0
    outer loop
      vertex 1.91013 -10.8329 33.6
      vertex 2.84701 -10.6252 48.4
      vertex 1.91013 -10.8329 48.4
    endloop
  endfacet
  facet normal 0.216438 -0.976296 0
    outer loop
      vertex 2.84701 -10.6252 48.4
      vertex 1.91013 -10.8329 33.6
      vertex 2.84701 -10.6252 33.6
    endloop
  endfacet
  facet normal 0.216438 -0.976296 0
    outer loop
      vertex 1.91013 -10.8329 50.6
      vertex 2.84701 -10.6252 65.4
      vertex 1.91013 -10.8329 65.4
    endloop
  endfacet
  facet normal 0.216438 -0.976296 0
    outer loop
      vertex 2.84701 -10.6252 65.4
      vertex 1.91013 -10.8329 50.6
      vertex 2.84701 -10.6252 50.6
    endloop
  endfacet
  facet normal -0.84339 0.537302 0
    outer loop
      vertex -9.52628 5.5 67.6
      vertex -9.01067 6.30934 82
      vertex -9.01067 6.30934 67.6
    endloop
  endfacet
  facet normal -0.84339 0.537302 0
    outer loop
      vertex -9.01067 6.30934 82
      vertex -9.52628 5.5 67.6
      vertex -9.52628 5.5 82
    endloop
  endfacet
  facet normal -0.84339 0.537302 0
    outer loop
      vertex -9.52628 5.5 0
      vertex -9.01067 6.30934 14.4
      vertex -9.01067 6.30934 0
    endloop
  endfacet
  facet normal -0.84339 0.537302 0
    outer loop
      vertex -9.01067 6.30934 14.4
      vertex -9.52628 5.5 0
      vertex -9.52628 5.5 14.4
    endloop
  endfacet
  facet normal -0.84339 0.537302 0
    outer loop
      vertex -9.52628 5.5 16.6
      vertex -9.01067 6.30934 31.4
      vertex -9.01067 6.30934 16.6
    endloop
  endfacet
  facet normal -0.84339 0.537302 0
    outer loop
      vertex -9.01067 6.30934 31.4
      vertex -9.52628 5.5 16.6
      vertex -9.52628 5.5 31.4
    endloop
  endfacet
  facet normal -0.84339 0.537302 0
    outer loop
      vertex -9.52628 5.5 33.6
      vertex -9.01067 6.30934 48.4
      vertex -9.01067 6.30934 33.6
    endloop
  endfacet
  facet normal -0.84339 0.537302 0
    outer loop
      vertex -9.01067 6.30934 48.4
      vertex -9.52628 5.5 33.6
      vertex -9.52628 5.5 48.4
    endloop
  endfacet
  facet normal -0.84339 0.537302 0
    outer loop
      vertex -9.52628 5.5 50.6
      vertex -9.01067 6.30934 65.4
      vertex -9.01067 6.30934 50.6
    endloop
  endfacet
  facet normal -0.84339 0.537302 0
    outer loop
      vertex -9.01067 6.30934 65.4
      vertex -9.52628 5.5 50.6
      vertex -9.52628 5.5 65.4
    endloop
  endfacet
  facet normal 0.675594 -0.737274 0
    outer loop
      vertex 7.07066 -8.42649 67.6
      vertex 7.77817 -7.77817 82
      vertex 7.07066 -8.42649 82
    endloop
  endfacet
  facet normal 0.675594 -0.737274 0
    outer loop
      vertex 7.77817 -7.77817 82
      vertex 7.07066 -8.42649 67.6
      vertex 7.77817 -7.77817 67.6
    endloop
  endfacet
  facet normal 0.675594 -0.737274 0
    outer loop
      vertex 7.07066 -8.42649 0
      vertex 7.77817 -7.77817 14.4
      vertex 7.07066 -8.42649 14.4
    endloop
  endfacet
  facet normal 0.675594 -0.737274 0
    outer loop
      vertex 7.77817 -7.77817 14.4
      vertex 7.07066 -8.42649 0
      vertex 7.77817 -7.77817 0
    endloop
  endfacet
  facet normal 0.675594 -0.737274 0
    outer loop
      vertex 7.07066 -8.42649 16.6
      vertex 7.77817 -7.77817 31.4
      vertex 7.07066 -8.42649 31.4
    endloop
  endfacet
  facet normal 0.675594 -0.737274 0
    outer loop
      vertex 7.77817 -7.77817 31.4
      vertex 7.07066 -8.42649 16.6
      vertex 7.77817 -7.77817 16.6
    endloop
  endfacet
  facet normal 0.675594 -0.737274 0
    outer loop
      vertex 7.07066 -8.42649 33.6
      vertex 7.77817 -7.77817 48.4
      vertex 7.07066 -8.42649 48.4
    endloop
  endfacet
  facet normal 0.675594 -0.737274 0
    outer loop
      vertex 7.77817 -7.77817 48.4
      vertex 7.07066 -8.42649 33.6
      vertex 7.77817 -7.77817 33.6
    endloop
  endfacet
  facet normal 0.675594 -0.737274 0
    outer loop
      vertex 7.07066 -8.42649 50.6
      vertex 7.77817 -7.77817 65.4
      vertex 7.07066 -8.42649 65.4
    endloop
  endfacet
  facet normal 0.675594 -0.737274 0
    outer loop
      vertex 7.77817 -7.77817 65.4
      vertex 7.07066 -8.42649 50.6
      vertex 7.77817 -7.77817 50.6
    endloop
  endfacet
  facet normal 0.130468 0.991452 -0
    outer loop
      vertex 1.91013 10.8329 0
      vertex 0.958713 10.9581 14.4
      vertex 1.91013 10.8329 14.4
    endloop
  endfacet
  facet normal 0.130468 0.991452 0
    outer loop
      vertex 0.958713 10.9581 14.4
      vertex 1.91013 10.8329 0
      vertex 0.958713 10.9581 0
    endloop
  endfacet
  facet normal 0.130468 0.991452 -0
    outer loop
      vertex 1.91013 10.8329 67.6
      vertex 0.958713 10.9581 82
      vertex 1.91013 10.8329 82
    endloop
  endfacet
  facet normal 0.130468 0.991452 0
    outer loop
      vertex 0.958713 10.9581 82
      vertex 1.91013 10.8329 67.6
      vertex 0.958713 10.9581 67.6
    endloop
  endfacet
  facet normal 0.130468 0.991452 -0
    outer loop
      vertex 1.91013 10.8329 16.6
      vertex 0.958713 10.9581 31.4
      vertex 1.91013 10.8329 31.4
    endloop
  endfacet
  facet normal 0.130468 0.991452 0
    outer loop
      vertex 0.958713 10.9581 31.4
      vertex 1.91013 10.8329 16.6
      vertex 0.958713 10.9581 16.6
    endloop
  endfacet
  facet normal 0.130468 0.991452 -0
    outer loop
      vertex 1.91013 10.8329 33.6
      vertex 0.958713 10.9581 48.4
      vertex 1.91013 10.8329 48.4
    endloop
  endfacet
  facet normal 0.130468 0.991452 0
    outer loop
      vertex 0.958713 10.9581 48.4
      vertex 1.91013 10.8329 33.6
      vertex 0.958713 10.9581 33.6
    endloop
  endfacet
  facet normal 0.130468 0.991452 -0
    outer loop
      vertex 1.91013 10.8329 50.6
      vertex 0.958713 10.9581 65.4
      vertex 1.91013 10.8329 65.4
    endloop
  endfacet
  facet normal 0.130468 0.991452 0
    outer loop
      vertex 0.958713 10.9581 65.4
      vertex 1.91013 10.8329 50.6
      vertex 0.958713 10.9581 50.6
    endloop
  endfacet
  facet normal 0.130523 0.991445 -0
    outer loop
      vertex -0.359517 -4.1093 0
      vertex -0.716298 -4.06233 82
      vertex -0.359517 -4.1093 82
    endloop
  endfacet
  facet normal 0.130523 0.991445 0
    outer loop
      vertex -0.716298 -4.06233 82
      vertex -0.359517 -4.1093 0
      vertex -0.716298 -4.06233 0
    endloop
  endfacet
  facet normal -0.991436 -0.130594 0
    outer loop
      vertex 4.06777 0.674999 79.1691
      vertex 4.06233 0.716298 82
      vertex 4.06233 0.716298 79.1428
    endloop
  endfacet
  facet normal -0.991449 -0.130498 -1.42524e-06
    outer loop
      vertex 4.08152 0.570534 79.2235
      vertex 4.06233 0.716298 82
      vertex 4.06777 0.674999 79.1691
    endloop
  endfacet
  facet normal -0.991439 -0.130573 2.54315e-06
    outer loop
      vertex 4.09585 0.461727 79.2686
      vertex 4.06233 0.716298 82
      vertex 4.08152 0.570534 79.2235
    endloop
  endfacet
  facet normal -0.991452 -0.130469 -7.24251e-06
    outer loop
      vertex 4.1093 0.359517 79.3008
      vertex 4.06233 0.716298 82
      vertex 4.09585 0.461727 79.2686
    endloop
  endfacet
  facet normal -0.991445 -0.130523 0
    outer loop
      vertex 4.06233 0.716298 82
      vertex 4.1093 0.359517 79.3008
      vertex 4.1093 0.359517 82
    endloop
  endfacet
  facet normal -0.991436 -0.130594 0
    outer loop
      vertex 4.06233 0.716298 0
      vertex 4.06777 0.674999 2.83086
      vertex 4.06233 0.716298 2.85718
    endloop
  endfacet
  facet normal -0.991449 -0.130498 1.42526e-06
    outer loop
      vertex 4.06233 0.716298 0
      vertex 4.08152 0.570534 2.77648
      vertex 4.06777 0.674999 2.83086
    endloop
  endfacet
  facet normal -0.991439 -0.130573 -2.54321e-06
    outer loop
      vertex 4.06233 0.716298 0
      vertex 4.09585 0.461727 2.73141
      vertex 4.08152 0.570534 2.77648
    endloop
  endfacet
  facet normal -0.991445 -0.130523 -0
    outer loop
      vertex 4.1093 0.359517 2.69919
      vertex 4.06233 0.716298 0
      vertex 4.1093 0.359517 0
    endloop
  endfacet
  facet normal -0.991452 -0.130469 7.24236e-06
    outer loop
      vertex 4.06233 0.716298 0
      vertex 4.1093 0.359517 2.69919
      vertex 4.09585 0.461727 2.73141
    endloop
  endfacet
  facet normal -0.991436 -0.130594 0
    outer loop
      vertex 4.06777 0.674999 5.16913
      vertex 4.06233 0.716298 76.8572
      vertex 4.06233 0.716298 5.14282
    endloop
  endfacet
  facet normal -0.991436 -0.130594 0
    outer loop
      vertex 4.06777 0.674999 5.16913
      vertex 4.06777 0.674999 76.8309
      vertex 4.06233 0.716298 76.8572
    endloop
  endfacet
  facet normal -0.991449 -0.130497 0
    outer loop
      vertex 4.08152 0.570534 5.22352
      vertex 4.06777 0.674999 76.8309
      vertex 4.06777 0.674999 5.16913
    endloop
  endfacet
  facet normal -0.991449 -0.130497 0
    outer loop
      vertex 4.08152 0.570534 5.22352
      vertex 4.08152 0.570534 76.7765
      vertex 4.06777 0.674999 76.8309
    endloop
  endfacet
  facet normal -0.991439 -0.130574 0
    outer loop
      vertex 4.09585 0.461727 5.26858
      vertex 4.08152 0.570534 76.7765
      vertex 4.08152 0.570534 5.22352
    endloop
  endfacet
  facet normal -0.991439 -0.130574 0
    outer loop
      vertex 4.09585 0.461727 5.26858
      vertex 4.09585 0.461727 76.7314
      vertex 4.08152 0.570534 76.7765
    endloop
  endfacet
  facet normal -0.991453 -0.130467 0
    outer loop
      vertex 4.1093 0.359517 5.30081
      vertex 4.09585 0.461727 76.7314
      vertex 4.09585 0.461727 5.26858
    endloop
  endfacet
  facet normal -0.991453 -0.130467 0
    outer loop
      vertex 4.09585 0.461727 76.7314
      vertex 4.1093 0.359517 5.30081
      vertex 4.1093 0.359517 76.6992
    endloop
  endfacet
  facet normal -0.999055 -0.0434715 0
    outer loop
      vertex 4.10974 0.349405 79.304
      vertex 4.1093 0.359517 82
      vertex 4.1093 0.359517 79.3008
    endloop
  endfacet
  facet normal -0.999048 -0.0436181 5.50783e-07
    outer loop
      vertex 4.11476 0.234425 79.3295
      vertex 4.1093 0.359517 82
      vertex 4.10974 0.349405 79.304
    endloop
  endfacet
  facet normal -0.999048 -0.0436357 1.37655e-06
    outer loop
      vertex 4.11986 0.11766 79.3449
      vertex 4.1093 0.359517 82
      vertex 4.11476 0.234425 79.3295
    endloop
  endfacet
  facet normal -0.999047 -0.0436436 -0
    outer loop
      vertex 4.125 0 82
      vertex 4.11986 0.11766 79.3449
      vertex 4.125 0 79.35
    endloop
  endfacet
  facet normal -0.999048 -0.0436281 6.85929e-07
    outer loop
      vertex 4.11986 0.11766 79.3449
      vertex 4.125 0 82
      vertex 4.1093 0.359517 82
    endloop
  endfacet
  facet normal -0.999055 -0.0434715 0
    outer loop
      vertex 4.1093 0.359517 0
      vertex 4.10974 0.349405 2.696
      vertex 4.1093 0.359517 2.69919
    endloop
  endfacet
  facet normal -0.999048 -0.0436181 -5.50784e-07
    outer loop
      vertex 4.1093 0.359517 0
      vertex 4.11476 0.234425 2.67051
      vertex 4.10974 0.349405 2.696
    endloop
  endfacet
  facet normal -0.999048 -0.0436357 -1.37656e-06
    outer loop
      vertex 4.1093 0.359517 0
      vertex 4.11986 0.11766 2.65514
      vertex 4.11476 0.234425 2.67051
    endloop
  endfacet
  facet normal -0.999048 -0.0436281 -6.85919e-07
    outer loop
      vertex 4.125 0 0
      vertex 4.11986 0.11766 2.65514
      vertex 4.1093 0.359517 0
    endloop
  endfacet
  facet normal -0.999047 -0.0436436 0
    outer loop
      vertex 4.11986 0.11766 2.65514
      vertex 4.125 0 0
      vertex 4.125 0 2.65
    endloop
  endfacet
  facet normal -0.999055 -0.0434715 0
    outer loop
      vertex 4.10974 0.349405 5.304
      vertex 4.1093 0.359517 76.6992
      vertex 4.1093 0.359517 5.30081
    endloop
  endfacet
  facet normal -0.999055 -0.0434715 0
    outer loop
      vertex 4.10974 0.349405 5.304
      vertex 4.10974 0.349405 76.696
      vertex 4.1093 0.359517 76.6992
    endloop
  endfacet
  facet normal -0.999048 -0.0436182 0
    outer loop
      vertex 4.11476 0.234425 5.32949
      vertex 4.10974 0.349405 76.696
      vertex 4.10974 0.349405 5.304
    endloop
  endfacet
  facet normal -0.999048 -0.0436182 0
    outer loop
      vertex 4.11476 0.234425 5.32949
      vertex 4.11476 0.234425 76.6705
      vertex 4.10974 0.349405 76.696
    endloop
  endfacet
  facet normal -0.999048 -0.0436359 0
    outer loop
      vertex 4.11986 0.11766 5.34486
      vertex 4.11476 0.234425 76.6705
      vertex 4.11476 0.234425 5.32949
    endloop
  endfacet
  facet normal -0.999048 -0.0436359 0
    outer loop
      vertex 4.11986 0.11766 5.34486
      vertex 4.11986 0.11766 76.6551
      vertex 4.11476 0.234425 76.6705
    endloop
  endfacet
  facet normal -0.999047 -0.0436436 0
    outer loop
      vertex 4.125 0 5.35
      vertex 4.11986 0.11766 76.6551
      vertex 4.11986 0.11766 5.34486
    endloop
  endfacet
  facet normal -0.999047 -0.0436436 0
    outer loop
      vertex 4.11986 0.11766 76.6551
      vertex 4.125 0 5.35
      vertex 4.125 0 76.65
    endloop
  endfacet
  facet normal -0.976297 -0.216436 0
    outer loop
      vertex 3.99186 1.03416 78.8678
      vertex 3.98444 1.06763 82
      vertex 3.98444 1.06763 78.8241
    endloop
  endfacet
  facet normal -0.976294 -0.216447 1.20351e-07
    outer loop
      vertex 4.0095 0.954594 78.9546
      vertex 3.98444 1.06763 82
      vertex 3.99186 1.03416 78.8678
    endloop
  endfacet
  facet normal -0.976296 -0.21644 -1.49462e-07
    outer loop
      vertex 4.02875 0.867763 79.0342
      vertex 3.98444 1.06763 82
      vertex 4.0095 0.954594 78.9546
    endloop
  endfacet
  facet normal -0.976284 -0.216494 3.66833e-06
    outer loop
      vertex 4.04947 0.774327 79.1059
      vertex 3.98444 1.06763 82
      vertex 4.02875 0.867763 79.0342
    endloop
  endfacet
  facet normal -0.976311 -0.21637 -9.55364e-06
    outer loop
      vertex 4.06233 0.716298 79.1428
      vertex 3.98444 1.06763 82
      vertex 4.04947 0.774327 79.1059
    endloop
  endfacet
  facet normal -0.976295 -0.216444 0
    outer loop
      vertex 3.98444 1.06763 82
      vertex 4.06233 0.716298 79.1428
      vertex 4.06233 0.716298 82
    endloop
  endfacet
  facet normal -0.976297 -0.216436 0
    outer loop
      vertex 3.98444 1.06763 0
      vertex 3.99186 1.03416 3.13224
      vertex 3.98444 1.06763 3.17585
    endloop
  endfacet
  facet normal -0.976294 -0.216447 -1.20349e-07
    outer loop
      vertex 3.98444 1.06763 0
      vertex 4.0095 0.954594 3.04541
      vertex 3.99186 1.03416 3.13224
    endloop
  endfacet
  facet normal -0.976296 -0.21644 1.49463e-07
    outer loop
      vertex 3.98444 1.06763 0
      vertex 4.02875 0.867763 2.96584
      vertex 4.0095 0.954594 3.04541
    endloop
  endfacet
  facet normal -0.976284 -0.216494 -3.66828e-06
    outer loop
      vertex 3.98444 1.06763 0
      vertex 4.04947 0.774327 2.89414
      vertex 4.02875 0.867763 2.96584
    endloop
  endfacet
  facet normal -0.976295 -0.216444 -0
    outer loop
      vertex 4.06233 0.716298 2.85718
      vertex 3.98444 1.06763 0
      vertex 4.06233 0.716298 0
    endloop
  endfacet
  facet normal -0.976311 -0.21637 9.55257e-06
    outer loop
      vertex 3.98444 1.06763 0
      vertex 4.06233 0.716298 2.85718
      vertex 4.04947 0.774327 2.89414
    endloop
  endfacet
  facet normal -0.976297 -0.216436 0
    outer loop
      vertex 3.99186 1.03416 4.86776
      vertex 3.98444 1.06763 77.1758
      vertex 3.98444 1.06763 4.82415
    endloop
  endfacet
  facet normal -0.976297 -0.216436 0
    outer loop
      vertex 3.99186 1.03416 4.86776
      vertex 3.99186 1.03416 77.1322
      vertex 3.98444 1.06763 77.1758
    endloop
  endfacet
  facet normal -0.976294 -0.216447 0
    outer loop
      vertex 4.0095 0.954594 4.95459
      vertex 3.99186 1.03416 77.1322
      vertex 3.99186 1.03416 4.86776
    endloop
  endfacet
  facet normal -0.976294 -0.216447 0
    outer loop
      vertex 4.0095 0.954594 4.95459
      vertex 4.0095 0.954594 77.0454
      vertex 3.99186 1.03416 77.1322
    endloop
  endfacet
  facet normal -0.976296 -0.21644 0
    outer loop
      vertex 4.02875 0.867763 5.03416
      vertex 4.0095 0.954594 77.0454
      vertex 4.0095 0.954594 4.95459
    endloop
  endfacet
  facet normal -0.976296 -0.21644 0
    outer loop
      vertex 4.02875 0.867763 5.03416
      vertex 4.02875 0.867763 76.9658
      vertex 4.0095 0.954594 77.0454
    endloop
  endfacet
  facet normal -0.976283 -0.216497 0
    outer loop
      vertex 4.04947 0.774327 5.10585
      vertex 4.02875 0.867763 76.9658
      vertex 4.02875 0.867763 5.03416
    endloop
  endfacet
  facet normal -0.976283 -0.216497 0
    outer loop
      vertex 4.04947 0.774327 5.10585
      vertex 4.04947 0.774327 76.8941
      vertex 4.02875 0.867763 76.9658
    endloop
  endfacet
  facet normal -0.976313 -0.216364 0
    outer loop
      vertex 4.06233 0.716298 5.14282
      vertex 4.04947 0.774327 76.8941
      vertex 4.04947 0.774327 5.10585
    endloop
  endfacet
  facet normal -0.976313 -0.216364 0
    outer loop
      vertex 4.04947 0.774327 76.8941
      vertex 4.06233 0.716298 5.14282
      vertex 4.06233 0.716298 76.8572
    endloop
  endfacet
  facet normal -0.887005 0.46176 0
    outer loop
      vertex 3.57235 -2.0625 0
      vertex 3.73852 -1.7433 82
      vertex 3.73852 -1.7433 0
    endloop
  endfacet
  facet normal -0.887005 0.46176 0
    outer loop
      vertex 3.73852 -1.7433 82
      vertex 3.57235 -2.0625 0
      vertex 3.57235 -2.0625 82
    endloop
  endfacet
  facet normal -0.382675 -0.923883 0
    outer loop
      vertex 1.41083 3.87623 0
      vertex 1.7433 3.73852 82
      vertex 1.41083 3.87623 82
    endloop
  endfacet
  facet normal -0.382675 -0.923883 -0
    outer loop
      vertex 1.7433 3.73852 82
      vertex 1.41083 3.87623 0
      vertex 1.7433 3.73852 0
    endloop
  endfacet
  facet normal 0.537298 0.843392 -0
    outer loop
      vertex -2.0625 -3.57235 0
      vertex -2.366 -3.379 82
      vertex -2.0625 -3.57235 82
    endloop
  endfacet
  facet normal 0.537298 0.843392 0
    outer loop
      vertex -2.366 -3.379 82
      vertex -2.0625 -3.57235 0
      vertex -2.366 -3.379 0
    endloop
  endfacet
  facet normal 0.923883 0.382675 0
    outer loop
      vertex -3.73852 -1.7433 82
      vertex -3.87623 -1.41083 0
      vertex -3.87623 -1.41083 82
    endloop
  endfacet
  facet normal 0.923883 0.382675 0
    outer loop
      vertex -3.87623 -1.41083 0
      vertex -3.73852 -1.7433 82
      vertex -3.73852 -1.7433 0
    endloop
  endfacet
  facet normal -0.923883 -0.382675 0
    outer loop
      vertex 3.87623 1.41083 0
      vertex 3.73852 1.7433 82
      vertex 3.73852 1.7433 0
    endloop
  endfacet
  facet normal -0.923883 -0.382675 0
    outer loop
      vertex 3.73852 1.7433 82
      vertex 3.87623 1.41083 0
      vertex 3.87623 1.41083 82
    endloop
  endfacet
  facet normal -0.130523 0.991445 0
    outer loop
      vertex 0.716298 -4.06233 0
      vertex 0.359517 -4.1093 82
      vertex 0.716298 -4.06233 82
    endloop
  endfacet
  facet normal -0.130523 0.991445 0
    outer loop
      vertex 0.359517 -4.1093 82
      vertex 0.716298 -4.06233 0
      vertex 0.359517 -4.1093 0
    endloop
  endfacet
  facet normal -0.46176 0.887005 0
    outer loop
      vertex 2.0625 -3.57235 0
      vertex 1.7433 -3.73852 82
      vertex 2.0625 -3.57235 82
    endloop
  endfacet
  facet normal -0.46176 0.887005 0
    outer loop
      vertex 1.7433 -3.73852 82
      vertex 2.0625 -3.57235 0
      vertex 1.7433 -3.73852 0
    endloop
  endfacet
  facet normal 0.923883 -0.382675 0
    outer loop
      vertex -3.87623 1.41083 82
      vertex -3.73852 1.7433 0
      vertex -3.73852 1.7433 82
    endloop
  endfacet
  facet normal 0.923883 -0.382675 0
    outer loop
      vertex -3.73852 1.7433 0
      vertex -3.87623 1.41083 82
      vertex -3.87623 1.41083 0
    endloop
  endfacet
  facet normal -0.793356 0.608758 0
    outer loop
      vertex 3.15993 -2.6515 0
      vertex 3.379 -2.366 82
      vertex 3.379 -2.366 0
    endloop
  endfacet
  facet normal -0.793356 0.608758 0
    outer loop
      vertex 3.379 -2.366 82
      vertex 3.15993 -2.6515 0
      vertex 3.15993 -2.6515 82
    endloop
  endfacet
  facet normal 0.991445 0.130523 0
    outer loop
      vertex -4.06233 -0.716298 82
      vertex -4.1093 -0.359517 0
      vertex -4.1093 -0.359517 82
    endloop
  endfacet
  facet normal 0.991445 0.130523 0
    outer loop
      vertex -4.1093 -0.359517 0
      vertex -4.06233 -0.716298 82
      vertex -4.06233 -0.716298 0
    endloop
  endfacet
  facet normal -0.382675 0.923883 0
    outer loop
      vertex 1.7433 -3.73852 0
      vertex 1.41083 -3.87623 82
      vertex 1.7433 -3.73852 82
    endloop
  endfacet
  facet normal -0.382675 0.923883 0
    outer loop
      vertex 1.41083 -3.87623 82
      vertex 1.7433 -3.73852 0
      vertex 1.41083 -3.87623 0
    endloop
  endfacet
  facet normal -0.991452 0.130469 -7.24251e-06
    outer loop
      vertex 4.06233 -0.716298 82
      vertex 4.1093 -0.359517 79.3008
      vertex 4.09585 -0.461727 79.2686
    endloop
  endfacet
  facet normal -0.991439 0.130573 2.54315e-06
    outer loop
      vertex 4.06233 -0.716298 82
      vertex 4.09585 -0.461727 79.2686
      vertex 4.08152 -0.570534 79.2235
    endloop
  endfacet
  facet normal -0.991449 0.130498 -1.42524e-06
    outer loop
      vertex 4.06233 -0.716298 82
      vertex 4.08152 -0.570534 79.2235
      vertex 4.06777 -0.674999 79.1691
    endloop
  endfacet
  facet normal -0.991436 0.130594 0
    outer loop
      vertex 4.06233 -0.716298 82
      vertex 4.06777 -0.674999 79.1691
      vertex 4.06233 -0.716298 79.1428
    endloop
  endfacet
  facet normal -0.991445 0.130523 0
    outer loop
      vertex 4.1093 -0.359517 79.3008
      vertex 4.06233 -0.716298 82
      vertex 4.1093 -0.359517 82
    endloop
  endfacet
  facet normal -0.991445 0.130523 0
    outer loop
      vertex 4.06233 -0.716298 0
      vertex 4.1093 -0.359517 2.69919
      vertex 4.1093 -0.359517 0
    endloop
  endfacet
  facet normal -0.991452 0.130469 7.24236e-06
    outer loop
      vertex 4.1093 -0.359517 2.69919
      vertex 4.06233 -0.716298 0
      vertex 4.09585 -0.461727 2.73141
    endloop
  endfacet
  facet normal -0.991439 0.130573 -2.54321e-06
    outer loop
      vertex 4.09585 -0.461727 2.73141
      vertex 4.06233 -0.716298 0
      vertex 4.08152 -0.570534 2.77648
    endloop
  endfacet
  facet normal -0.991449 0.130498 1.42526e-06
    outer loop
      vertex 4.08152 -0.570534 2.77648
      vertex 4.06233 -0.716298 0
      vertex 4.06777 -0.674999 2.83086
    endloop
  endfacet
  facet normal -0.991436 0.130594 0
    outer loop
      vertex 4.06777 -0.674999 2.83086
      vertex 4.06233 -0.716298 0
      vertex 4.06233 -0.716298 2.85718
    endloop
  endfacet
  facet normal -0.991453 0.130467 0
    outer loop
      vertex 4.09585 -0.461727 5.26858
      vertex 4.1093 -0.359517 76.6992
      vertex 4.1093 -0.359517 5.30081
    endloop
  endfacet
  facet normal -0.991453 0.130467 0
    outer loop
      vertex 4.09585 -0.461727 5.26858
      vertex 4.09585 -0.461727 76.7314
      vertex 4.1093 -0.359517 76.6992
    endloop
  endfacet
  facet normal -0.991439 0.130574 0
    outer loop
      vertex 4.08152 -0.570534 5.22352
      vertex 4.09585 -0.461727 76.7314
      vertex 4.09585 -0.461727 5.26858
    endloop
  endfacet
  facet normal -0.991439 0.130574 0
    outer loop
      vertex 4.08152 -0.570534 5.22352
      vertex 4.08152 -0.570534 76.7765
      vertex 4.09585 -0.461727 76.7314
    endloop
  endfacet
  facet normal -0.991449 0.130497 0
    outer loop
      vertex 4.06777 -0.674999 5.16913
      vertex 4.08152 -0.570534 76.7765
      vertex 4.08152 -0.570534 5.22352
    endloop
  endfacet
  facet normal -0.991449 0.130497 0
    outer loop
      vertex 4.06777 -0.674999 5.16913
      vertex 4.06777 -0.674999 76.8309
      vertex 4.08152 -0.570534 76.7765
    endloop
  endfacet
  facet normal -0.991436 0.130594 0
    outer loop
      vertex 4.06233 -0.716298 5.14282
      vertex 4.06777 -0.674999 76.8309
      vertex 4.06777 -0.674999 5.16913
    endloop
  endfacet
  facet normal -0.991436 0.130594 0
    outer loop
      vertex 4.06777 -0.674999 76.8309
      vertex 4.06233 -0.716298 5.14282
      vertex 4.06233 -0.716298 76.8572
    endloop
  endfacet
  facet normal -0.46176 -0.887005 0
    outer loop
      vertex 1.7433 3.73852 0
      vertex 2.0625 3.57235 82
      vertex 1.7433 3.73852 82
    endloop
  endfacet
  facet normal -0.46176 -0.887005 -0
    outer loop
      vertex 2.0625 3.57235 82
      vertex 1.7433 3.73852 0
      vertex 2.0625 3.57235 0
    endloop
  endfacet
  facet normal 0.608758 0.793356 -0
    outer loop
      vertex -2.366 -3.379 0
      vertex -2.6515 -3.15993 82
      vertex -2.366 -3.379 82
    endloop
  endfacet
  facet normal 0.608758 0.793356 0
    outer loop
      vertex -2.6515 -3.15993 82
      vertex -2.366 -3.379 0
      vertex -2.6515 -3.15993 0
    endloop
  endfacet
  facet normal 0.887005 0.46176 0
    outer loop
      vertex -3.57235 -2.0625 82
      vertex -3.73852 -1.7433 0
      vertex -3.73852 -1.7433 82
    endloop
  endfacet
  facet normal 0.887005 0.46176 0
    outer loop
      vertex -3.73852 -1.7433 0
      vertex -3.57235 -2.0625 82
      vertex -3.57235 -2.0625 0
    endloop
  endfacet
  facet normal -0.737266 -0.675603 0
    outer loop
      vertex 3.15993 2.6515 0
      vertex 2.91681 2.91681 82
      vertex 2.91681 2.91681 0
    endloop
  endfacet
  facet normal -0.737266 -0.675603 0
    outer loop
      vertex 2.91681 2.91681 82
      vertex 3.15993 2.6515 0
      vertex 3.15993 2.6515 82
    endloop
  endfacet
  facet normal -0.216444 -0.976295 0
    outer loop
      vertex 0.716298 4.06233 0
      vertex 1.06763 3.98444 82
      vertex 0.716298 4.06233 82
    endloop
  endfacet
  facet normal -0.216444 -0.976295 -0
    outer loop
      vertex 1.06763 3.98444 82
      vertex 0.716298 4.06233 0
      vertex 1.06763 3.98444 0
    endloop
  endfacet
  facet normal 0.953717 0.300704 0
    outer loop
      vertex -3.87623 -1.41083 82
      vertex -3.98444 -1.06763 0
      vertex -3.98444 -1.06763 82
    endloop
  endfacet
  facet normal 0.953717 0.300704 0
    outer loop
      vertex -3.98444 -1.06763 0
      vertex -3.87623 -1.41083 82
      vertex -3.87623 -1.41083 0
    endloop
  endfacet
  facet normal -0.976311 0.21637 -9.55364e-06
    outer loop
      vertex 3.98444 -1.06763 82
      vertex 4.06233 -0.716298 79.1428
      vertex 4.04947 -0.774327 79.1059
    endloop
  endfacet
  facet normal -0.976284 0.216494 3.66833e-06
    outer loop
      vertex 3.98444 -1.06763 82
      vertex 4.04947 -0.774327 79.1059
      vertex 4.02875 -0.867763 79.0342
    endloop
  endfacet
  facet normal -0.976296 0.21644 -1.49462e-07
    outer loop
      vertex 3.98444 -1.06763 82
      vertex 4.02875 -0.867763 79.0342
      vertex 4.0095 -0.954594 78.9546
    endloop
  endfacet
  facet normal -0.976294 0.216447 1.20351e-07
    outer loop
      vertex 3.98444 -1.06763 82
      vertex 4.0095 -0.954594 78.9546
      vertex 3.99186 -1.03416 78.8678
    endloop
  endfacet
  facet normal -0.976297 0.216436 0
    outer loop
      vertex 3.98444 -1.06763 82
      vertex 3.99186 -1.03416 78.8678
      vertex 3.98444 -1.06763 78.8241
    endloop
  endfacet
  facet normal -0.976295 0.216444 0
    outer loop
      vertex 4.06233 -0.716298 79.1428
      vertex 3.98444 -1.06763 82
      vertex 4.06233 -0.716298 82
    endloop
  endfacet
  facet normal -0.976295 0.216444 0
    outer loop
      vertex 3.98444 -1.06763 0
      vertex 4.06233 -0.716298 2.85718
      vertex 4.06233 -0.716298 0
    endloop
  endfacet
  facet normal -0.976311 0.21637 9.55257e-06
    outer loop
      vertex 4.06233 -0.716298 2.85718
      vertex 3.98444 -1.06763 0
      vertex 4.04947 -0.774327 2.89414
    endloop
  endfacet
  facet normal -0.976284 0.216494 -3.66828e-06
    outer loop
      vertex 4.04947 -0.774327 2.89414
      vertex 3.98444 -1.06763 0
      vertex 4.02875 -0.867763 2.96584
    endloop
  endfacet
  facet normal -0.976296 0.21644 1.49463e-07
    outer loop
      vertex 4.02875 -0.867763 2.96584
      vertex 3.98444 -1.06763 0
      vertex 4.0095 -0.954594 3.04541
    endloop
  endfacet
  facet normal -0.976294 0.216447 -1.20349e-07
    outer loop
      vertex 4.0095 -0.954594 3.04541
      vertex 3.98444 -1.06763 0
      vertex 3.99186 -1.03416 3.13224
    endloop
  endfacet
  facet normal -0.976297 0.216436 0
    outer loop
      vertex 3.99186 -1.03416 3.13224
      vertex 3.98444 -1.06763 0
      vertex 3.98444 -1.06763 3.17585
    endloop
  endfacet
  facet normal -0.976313 0.216364 0
    outer loop
      vertex 4.04947 -0.774327 5.10585
      vertex 4.06233 -0.716298 76.8572
      vertex 4.06233 -0.716298 5.14282
    endloop
  endfacet
  facet normal -0.976313 0.216364 0
    outer loop
      vertex 4.04947 -0.774327 5.10585
      vertex 4.04947 -0.774327 76.8941
      vertex 4.06233 -0.716298 76.8572
    endloop
  endfacet
  facet normal -0.976283 0.216497 0
    outer loop
      vertex 4.02875 -0.867763 5.03416
      vertex 4.04947 -0.774327 76.8941
      vertex 4.04947 -0.774327 5.10585
    endloop
  endfacet
  facet normal -0.976283 0.216497 0
    outer loop
      vertex 4.02875 -0.867763 5.03416
      vertex 4.02875 -0.867763 76.9658
      vertex 4.04947 -0.774327 76.8941
    endloop
  endfacet
  facet normal -0.976296 0.21644 0
    outer loop
      vertex 4.0095 -0.954594 4.95459
      vertex 4.02875 -0.867763 76.9658
      vertex 4.02875 -0.867763 5.03416
    endloop
  endfacet
  facet normal -0.976296 0.21644 0
    outer loop
      vertex 4.0095 -0.954594 4.95459
      vertex 4.0095 -0.954594 77.0454
      vertex 4.02875 -0.867763 76.9658
    endloop
  endfacet
  facet normal -0.976294 0.216447 0
    outer loop
      vertex 3.99186 -1.03416 4.86776
      vertex 4.0095 -0.954594 77.0454
      vertex 4.0095 -0.954594 4.95459
    endloop
  endfacet
  facet normal -0.976294 0.216447 0
    outer loop
      vertex 3.99186 -1.03416 4.86776
      vertex 3.99186 -1.03416 77.1322
      vertex 4.0095 -0.954594 77.0454
    endloop
  endfacet
  facet normal -0.976297 0.216436 0
    outer loop
      vertex 3.98444 -1.06763 4.82415
      vertex 3.99186 -1.03416 77.1322
      vertex 3.99186 -1.03416 4.86776
    endloop
  endfacet
  facet normal -0.976297 0.216436 0
    outer loop
      vertex 3.99186 -1.03416 77.1322
      vertex 3.98444 -1.06763 4.82415
      vertex 3.98444 -1.06763 77.1758
    endloop
  endfacet
  facet normal 0.843392 -0.537298 0
    outer loop
      vertex -3.57235 2.0625 82
      vertex -3.379 2.366 0
      vertex -3.379 2.366 82
    endloop
  endfacet
  facet normal 0.843392 -0.537298 0
    outer loop
      vertex -3.379 2.366 0
      vertex -3.57235 2.0625 82
      vertex -3.57235 2.0625 0
    endloop
  endfacet
  facet normal 0.382675 -0.923883 0
    outer loop
      vertex -1.7433 3.73852 0
      vertex -1.41083 3.87623 82
      vertex -1.7433 3.73852 82
    endloop
  endfacet
  facet normal 0.382675 -0.923883 0
    outer loop
      vertex -1.41083 3.87623 82
      vertex -1.7433 3.73852 0
      vertex -1.41083 3.87623 0
    endloop
  endfacet
  facet normal 0.976295 0.216444 0
    outer loop
      vertex -3.98444 -1.06763 82
      vertex -4.06233 -0.716298 0
      vertex -4.06233 -0.716298 82
    endloop
  endfacet
  facet normal 0.976295 0.216444 0
    outer loop
      vertex -4.06233 -0.716298 0
      vertex -3.98444 -1.06763 82
      vertex -3.98444 -1.06763 0
    endloop
  endfacet
  facet normal 0.608758 -0.793356 0
    outer loop
      vertex -2.6515 3.15993 0
      vertex -2.366 3.379 82
      vertex -2.6515 3.15993 82
    endloop
  endfacet
  facet normal 0.608758 -0.793356 0
    outer loop
      vertex -2.366 3.379 82
      vertex -2.6515 3.15993 0
      vertex -2.366 3.379 0
    endloop
  endfacet
  facet normal -0.300704 0.953717 0
    outer loop
      vertex 1.41083 -3.87623 0
      vertex 1.06763 -3.98444 82
      vertex 1.41083 -3.87623 82
    endloop
  endfacet
  facet normal -0.300704 0.953717 0
    outer loop
      vertex 1.06763 -3.98444 82
      vertex 1.41083 -3.87623 0
      vertex 1.06763 -3.98444 0
    endloop
  endfacet
  facet normal 0.300704 -0.953717 0
    outer loop
      vertex -1.41083 3.87623 0
      vertex -1.06763 3.98444 82
      vertex -1.41083 3.87623 82
    endloop
  endfacet
  facet normal 0.300704 -0.953717 0
    outer loop
      vertex -1.06763 3.98444 82
      vertex -1.41083 3.87623 0
      vertex -1.06763 3.98444 0
    endloop
  endfacet
  facet normal -0.793356 -0.608758 0
    outer loop
      vertex 3.379 2.366 0
      vertex 3.15993 2.6515 82
      vertex 3.15993 2.6515 0
    endloop
  endfacet
  facet normal -0.793356 -0.608758 0
    outer loop
      vertex 3.15993 2.6515 82
      vertex 3.379 2.366 0
      vertex 3.379 2.366 82
    endloop
  endfacet
  facet normal -0.999047 0.0436436 0
    outer loop
      vertex 4.11986 -0.11766 79.3449
      vertex 4.125 0 82
      vertex 4.125 0 79.35
    endloop
  endfacet
  facet normal -0.999048 0.0436357 1.37655e-06
    outer loop
      vertex 4.1093 -0.359517 82
      vertex 4.11986 -0.11766 79.3449
      vertex 4.11476 -0.234425 79.3295
    endloop
  endfacet
  facet normal -0.999048 0.0436181 5.50783e-07
    outer loop
      vertex 4.1093 -0.359517 82
      vertex 4.11476 -0.234425 79.3295
      vertex 4.10974 -0.349405 79.304
    endloop
  endfacet
  facet normal -0.999055 0.0434715 0
    outer loop
      vertex 4.1093 -0.359517 82
      vertex 4.10974 -0.349405 79.304
      vertex 4.1093 -0.359517 79.3008
    endloop
  endfacet
  facet normal -0.999048 0.0436281 6.85929e-07
    outer loop
      vertex 4.11986 -0.11766 79.3449
      vertex 4.1093 -0.359517 82
      vertex 4.125 0 82
    endloop
  endfacet
  facet normal -0.999047 0.0436436 0
    outer loop
      vertex 4.125 0 0
      vertex 4.11986 -0.11766 2.65514
      vertex 4.125 0 2.65
    endloop
  endfacet
  facet normal -0.999048 0.0436281 -6.85919e-07
    outer loop
      vertex 4.1093 -0.359517 0
      vertex 4.11986 -0.11766 2.65514
      vertex 4.125 0 0
    endloop
  endfacet
  facet normal -0.999048 0.0436357 -1.37656e-06
    outer loop
      vertex 4.11986 -0.11766 2.65514
      vertex 4.1093 -0.359517 0
      vertex 4.11476 -0.234425 2.67051
    endloop
  endfacet
  facet normal -0.999048 0.0436181 -5.50784e-07
    outer loop
      vertex 4.11476 -0.234425 2.67051
      vertex 4.1093 -0.359517 0
      vertex 4.10974 -0.349405 2.696
    endloop
  endfacet
  facet normal -0.999055 0.0434715 0
    outer loop
      vertex 4.10974 -0.349405 2.696
      vertex 4.1093 -0.359517 0
      vertex 4.1093 -0.359517 2.69919
    endloop
  endfacet
  facet normal -0.999047 0.0436436 0
    outer loop
      vertex 4.11986 -0.11766 5.34486
      vertex 4.125 0 76.65
      vertex 4.125 0 5.35
    endloop
  endfacet
  facet normal -0.999047 0.0436436 0
    outer loop
      vertex 4.11986 -0.11766 5.34486
      vertex 4.11986 -0.11766 76.6551
      vertex 4.125 0 76.65
    endloop
  endfacet
  facet normal -0.999048 0.0436359 0
    outer loop
      vertex 4.11476 -0.234425 5.32949
      vertex 4.11986 -0.11766 76.6551
      vertex 4.11986 -0.11766 5.34486
    endloop
  endfacet
  facet normal -0.999048 0.0436359 0
    outer loop
      vertex 4.11476 -0.234425 5.32949
      vertex 4.11476 -0.234425 76.6705
      vertex 4.11986 -0.11766 76.6551
    endloop
  endfacet
  facet normal -0.999048 0.0436182 0
    outer loop
      vertex 4.10974 -0.349405 5.304
      vertex 4.11476 -0.234425 76.6705
      vertex 4.11476 -0.234425 5.32949
    endloop
  endfacet
  facet normal -0.999048 0.0436182 0
    outer loop
      vertex 4.10974 -0.349405 5.304
      vertex 4.10974 -0.349405 76.696
      vertex 4.11476 -0.234425 76.6705
    endloop
  endfacet
  facet normal -0.999055 0.0434715 0
    outer loop
      vertex 4.1093 -0.359517 5.30081
      vertex 4.10974 -0.349405 76.696
      vertex 4.10974 -0.349405 5.304
    endloop
  endfacet
  facet normal -0.999055 0.0434715 0
    outer loop
      vertex 4.10974 -0.349405 76.696
      vertex 4.1093 -0.359517 5.30081
      vertex 4.1093 -0.359517 76.6992
    endloop
  endfacet
  facet normal -0.608758 -0.793356 0
    outer loop
      vertex 2.366 3.379 0
      vertex 2.6515 3.15993 82
      vertex 2.366 3.379 82
    endloop
  endfacet
  facet normal -0.608758 -0.793356 -0
    outer loop
      vertex 2.6515 3.15993 82
      vertex 2.366 3.379 0
      vertex 2.6515 3.15993 0
    endloop
  endfacet
  facet normal -0.537298 -0.843392 0
    outer loop
      vertex 2.0625 3.57235 0
      vertex 2.366 3.379 82
      vertex 2.0625 3.57235 82
    endloop
  endfacet
  facet normal -0.537298 -0.843392 -0
    outer loop
      vertex 2.366 3.379 82
      vertex 2.0625 3.57235 0
      vertex 2.366 3.379 0
    endloop
  endfacet
  facet normal -0.0436281 0.999048 0
    outer loop
      vertex 0.359517 -4.1093 0
      vertex 0 -4.125 82
      vertex 0.359517 -4.1093 82
    endloop
  endfacet
  facet normal -0.0436281 0.999048 0
    outer loop
      vertex 0 -4.125 82
      vertex 0.359517 -4.1093 0
      vertex 0 -4.125 0
    endloop
  endfacet
  facet normal -0.953751 -0.300598 0
    outer loop
      vertex 3.89703 1.34486 4.11766
      vertex 3.89541 1.35 78
      vertex 3.89541 1.35 4
    endloop
  endfacet
  facet normal -0.953751 -0.300598 0
    outer loop
      vertex 3.89703 1.34486 4.11766
      vertex 3.89703 1.34486 77.8823
      vertex 3.89541 1.35 78
    endloop
  endfacet
  facet normal -0.953648 -0.300923 0
    outer loop
      vertex 3.90188 1.32949 4.23442
      vertex 3.89703 1.34486 77.8823
      vertex 3.89703 1.34486 4.11766
    endloop
  endfacet
  facet normal -0.953648 -0.300923 0
    outer loop
      vertex 3.90188 1.32949 4.23442
      vertex 3.90188 1.32949 77.7656
      vertex 3.89703 1.34486 77.8823
    endloop
  endfacet
  facet normal -0.953684 -0.300809 0
    outer loop
      vertex 3.90992 1.304 4.34941
      vertex 3.90188 1.32949 77.7656
      vertex 3.90188 1.32949 4.23442
    endloop
  endfacet
  facet normal -0.953684 -0.300809 0
    outer loop
      vertex 3.90992 1.304 4.34941
      vertex 3.90992 1.304 77.6506
      vertex 3.90188 1.32949 77.7656
    endloop
  endfacet
  facet normal -0.953778 -0.300513 0
    outer loop
      vertex 3.92108 1.26858 4.46173
      vertex 3.90992 1.304 77.6506
      vertex 3.90992 1.304 4.34941
    endloop
  endfacet
  facet normal -0.953778 -0.300513 0
    outer loop
      vertex 3.92108 1.26858 4.46173
      vertex 3.92108 1.26858 77.5383
      vertex 3.90992 1.304 77.6506
    endloop
  endfacet
  facet normal -0.953701 -0.300757 0
    outer loop
      vertex 3.93529 1.22352 4.57053
      vertex 3.92108 1.26858 77.5383
      vertex 3.92108 1.26858 4.46173
    endloop
  endfacet
  facet normal -0.953701 -0.300757 0
    outer loop
      vertex 3.93529 1.22352 4.57053
      vertex 3.93529 1.22352 77.4295
      vertex 3.92108 1.26858 77.5383
    endloop
  endfacet
  facet normal -0.953712 -0.30072 0
    outer loop
      vertex 3.95244 1.16913 4.675
      vertex 3.93529 1.22352 77.4295
      vertex 3.93529 1.22352 4.57053
    endloop
  endfacet
  facet normal -0.953712 -0.30072 0
    outer loop
      vertex 3.95244 1.16913 4.675
      vertex 3.95244 1.16913 77.325
      vertex 3.93529 1.22352 77.4295
    endloop
  endfacet
  facet normal -0.953726 -0.300677 0
    outer loop
      vertex 3.97239 1.10585 4.77433
      vertex 3.95244 1.16913 77.325
      vertex 3.95244 1.16913 4.675
    endloop
  endfacet
  facet normal -0.953726 -0.300677 0
    outer loop
      vertex 3.97239 1.10585 4.77433
      vertex 3.97239 1.10585 77.2257
      vertex 3.95244 1.16913 77.325
    endloop
  endfacet
  facet normal -0.953722 -0.300689 0
    outer loop
      vertex 3.98444 1.06763 4.82415
      vertex 3.97239 1.10585 77.2257
      vertex 3.97239 1.10585 4.77433
    endloop
  endfacet
  facet normal -0.953722 -0.300689 0
    outer loop
      vertex 3.97239 1.10585 77.2257
      vertex 3.98444 1.06763 4.82415
      vertex 3.98444 1.06763 77.1758
    endloop
  endfacet
  facet normal -0.953715 -0.300711 0
    outer loop
      vertex 3.87623 1.41083 0
      vertex 3.89541 1.35 4
      vertex 3.87623 1.41083 82
    endloop
  endfacet
  facet normal -0.953742 -0.300628 1.39703e-06
    outer loop
      vertex 3.87623 1.41083 0
      vertex 3.89703 1.34486 3.88234
      vertex 3.89541 1.35 4
    endloop
  endfacet
  facet normal -0.953656 -0.300898 -3.65893e-06
    outer loop
      vertex 3.87623 1.41083 0
      vertex 3.90188 1.32949 3.76557
      vertex 3.89703 1.34486 3.88234
    endloop
  endfacet
  facet normal -0.953686 -0.300803 -1.40423e-06
    outer loop
      vertex 3.87623 1.41083 0
      vertex 3.90992 1.304 3.65059
      vertex 3.90188 1.32949 3.76557
    endloop
  endfacet
  facet normal -0.953771 -0.300534 7.26956e-06
    outer loop
      vertex 3.87623 1.41083 0
      vertex 3.92108 1.26858 3.53827
      vertex 3.90992 1.304 3.65059
    endloop
  endfacet
  facet normal -0.953703 -0.300751 -2.35275e-06
    outer loop
      vertex 3.87623 1.41083 0
      vertex 3.93529 1.22352 3.42947
      vertex 3.92108 1.26858 3.53827
    endloop
  endfacet
  facet normal -0.953713 -0.300719 -4.30819e-07
    outer loop
      vertex 3.87623 1.41083 0
      vertex 3.95244 1.16913 3.325
      vertex 3.93529 1.22352 3.42947
    endloop
  endfacet
  facet normal -0.953725 -0.300681 2.66002e-06
    outer loop
      vertex 3.87623 1.41083 0
      vertex 3.97239 1.10585 3.22567
      vertex 3.95244 1.16913 3.325
    endloop
  endfacet
  facet normal -0.953717 -0.300704 -0
    outer loop
      vertex 3.98444 1.06763 3.17585
      vertex 3.87623 1.41083 0
      vertex 3.98444 1.06763 0
    endloop
  endfacet
  facet normal -0.953722 -0.300691 1.55786e-06
    outer loop
      vertex 3.87623 1.41083 0
      vertex 3.98444 1.06763 3.17585
      vertex 3.97239 1.10585 3.22567
    endloop
  endfacet
  facet normal -0.953715 -0.300711 -0
    outer loop
      vertex 3.89541 1.35 78
      vertex 3.87623 1.41083 82
      vertex 3.89541 1.35 4
    endloop
  endfacet
  facet normal -0.953742 -0.300628 -1.39691e-06
    outer loop
      vertex 3.89703 1.34486 78.1177
      vertex 3.87623 1.41083 82
      vertex 3.89541 1.35 78
    endloop
  endfacet
  facet normal -0.953656 -0.300898 3.65922e-06
    outer loop
      vertex 3.90188 1.32949 78.2344
      vertex 3.87623 1.41083 82
      vertex 3.89703 1.34486 78.1177
    endloop
  endfacet
  facet normal -0.953686 -0.300803 1.40419e-06
    outer loop
      vertex 3.90992 1.304 78.3494
      vertex 3.87623 1.41083 82
      vertex 3.90188 1.32949 78.2344
    endloop
  endfacet
  facet normal -0.953771 -0.300534 -7.26966e-06
    outer loop
      vertex 3.92108 1.26858 78.4617
      vertex 3.87623 1.41083 82
      vertex 3.90992 1.304 78.3494
    endloop
  endfacet
  facet normal -0.953703 -0.300751 2.35273e-06
    outer loop
      vertex 3.93529 1.22352 78.5705
      vertex 3.87623 1.41083 82
      vertex 3.92108 1.26858 78.4617
    endloop
  endfacet
  facet normal -0.953713 -0.300719 4.30804e-07
    outer loop
      vertex 3.95244 1.16913 78.675
      vertex 3.87623 1.41083 82
      vertex 3.93529 1.22352 78.5705
    endloop
  endfacet
  facet normal -0.953725 -0.300681 -2.6601e-06
    outer loop
      vertex 3.97239 1.10585 78.7743
      vertex 3.87623 1.41083 82
      vertex 3.95244 1.16913 78.675
    endloop
  endfacet
  facet normal -0.953722 -0.300691 -1.55792e-06
    outer loop
      vertex 3.98444 1.06763 78.8241
      vertex 3.87623 1.41083 82
      vertex 3.97239 1.10585 78.7743
    endloop
  endfacet
  facet normal -0.953717 -0.300704 0
    outer loop
      vertex 3.87623 1.41083 82
      vertex 3.98444 1.06763 78.8241
      vertex 3.98444 1.06763 82
    endloop
  endfacet
  facet normal -0.843392 0.537298 0
    outer loop
      vertex 3.379 -2.366 0
      vertex 3.57235 -2.0625 82
      vertex 3.57235 -2.0625 0
    endloop
  endfacet
  facet normal -0.843392 0.537298 0
    outer loop
      vertex 3.57235 -2.0625 82
      vertex 3.379 -2.366 0
      vertex 3.379 -2.366 82
    endloop
  endfacet
  facet normal 0.991445 -0.130523 0
    outer loop
      vertex -4.1093 0.359517 82
      vertex -4.06233 0.716298 0
      vertex -4.06233 0.716298 82
    endloop
  endfacet
  facet normal 0.991445 -0.130523 0
    outer loop
      vertex -4.06233 0.716298 0
      vertex -4.1093 0.359517 82
      vertex -4.1093 0.359517 0
    endloop
  endfacet
  facet normal 0.0436281 -0.999048 0
    outer loop
      vertex -0.359517 4.1093 0
      vertex 0 4.125 82
      vertex -0.359517 4.1093 82
    endloop
  endfacet
  facet normal 0.0436281 -0.999048 0
    outer loop
      vertex 0 4.125 82
      vertex -0.359517 4.1093 0
      vertex 0 4.125 0
    endloop
  endfacet
  facet normal 0.46176 0.887005 -0
    outer loop
      vertex -1.7433 -3.73852 0
      vertex -2.0625 -3.57235 82
      vertex -1.7433 -3.73852 82
    endloop
  endfacet
  facet normal 0.46176 0.887005 0
    outer loop
      vertex -2.0625 -3.57235 82
      vertex -1.7433 -3.73852 0
      vertex -2.0625 -3.57235 0
    endloop
  endfacet
  facet normal 0.675603 0.737266 -0
    outer loop
      vertex -2.6515 -3.15993 0
      vertex -2.91681 -2.91681 82
      vertex -2.6515 -3.15993 82
    endloop
  endfacet
  facet normal 0.675603 0.737266 0
    outer loop
      vertex -2.91681 -2.91681 82
      vertex -2.6515 -3.15993 0
      vertex -2.91681 -2.91681 0
    endloop
  endfacet
  facet normal 0.887005 -0.46176 0
    outer loop
      vertex -3.73852 1.7433 82
      vertex -3.57235 2.0625 0
      vertex -3.57235 2.0625 82
    endloop
  endfacet
  facet normal 0.887005 -0.46176 0
    outer loop
      vertex -3.57235 2.0625 0
      vertex -3.73852 1.7433 82
      vertex -3.73852 1.7433 0
    endloop
  endfacet
  facet normal -0.537298 0.843392 0
    outer loop
      vertex 2.366 -3.379 0
      vertex 2.0625 -3.57235 82
      vertex 2.366 -3.379 82
    endloop
  endfacet
  facet normal -0.537298 0.843392 0
    outer loop
      vertex 2.0625 -3.57235 82
      vertex 2.366 -3.379 0
      vertex 2.0625 -3.57235 0
    endloop
  endfacet
  facet normal 0.976295 -0.216444 0
    outer loop
      vertex -4.06233 0.716298 82
      vertex -3.98444 1.06763 0
      vertex -3.98444 1.06763 82
    endloop
  endfacet
  facet normal 0.976295 -0.216444 0
    outer loop
      vertex -3.98444 1.06763 0
      vertex -4.06233 0.716298 82
      vertex -4.06233 0.716298 0
    endloop
  endfacet
  facet normal -0.843392 -0.537298 0
    outer loop
      vertex 3.57235 2.0625 0
      vertex 3.379 2.366 82
      vertex 3.379 2.366 0
    endloop
  endfacet
  facet normal -0.843392 -0.537298 0
    outer loop
      vertex 3.379 2.366 82
      vertex 3.57235 2.0625 0
      vertex 3.57235 2.0625 82
    endloop
  endfacet
  facet normal 0.953717 -0.300704 0
    outer loop
      vertex -3.98444 1.06763 82
      vertex -3.87623 1.41083 0
      vertex -3.87623 1.41083 82
    endloop
  endfacet
  facet normal 0.953717 -0.300704 0
    outer loop
      vertex -3.87623 1.41083 0
      vertex -3.98444 1.06763 82
      vertex -3.98444 1.06763 0
    endloop
  endfacet
  facet normal 0.675603 -0.737266 0
    outer loop
      vertex -2.91681 2.91681 0
      vertex -2.6515 3.15993 82
      vertex -2.91681 2.91681 82
    endloop
  endfacet
  facet normal 0.675603 -0.737266 0
    outer loop
      vertex -2.6515 3.15993 82
      vertex -2.91681 2.91681 0
      vertex -2.6515 3.15993 0
    endloop
  endfacet
  facet normal -0.130523 -0.991445 0
    outer loop
      vertex 0.359517 4.1093 0
      vertex 0.716298 4.06233 82
      vertex 0.359517 4.1093 82
    endloop
  endfacet
  facet normal -0.130523 -0.991445 -0
    outer loop
      vertex 0.716298 4.06233 82
      vertex 0.359517 4.1093 0
      vertex 0.716298 4.06233 0
    endloop
  endfacet
  facet normal 0.737266 0.675603 0
    outer loop
      vertex -2.91681 -2.91681 82
      vertex -3.15993 -2.6515 0
      vertex -3.15993 -2.6515 82
    endloop
  endfacet
  facet normal 0.737266 0.675603 0
    outer loop
      vertex -3.15993 -2.6515 0
      vertex -2.91681 -2.91681 82
      vertex -2.91681 -2.91681 0
    endloop
  endfacet
  facet normal 0.216444 0.976295 -0
    outer loop
      vertex -0.716298 -4.06233 0
      vertex -1.06763 -3.98444 82
      vertex -0.716298 -4.06233 82
    endloop
  endfacet
  facet normal 0.216444 0.976295 0
    outer loop
      vertex -1.06763 -3.98444 82
      vertex -0.716298 -4.06233 0
      vertex -1.06763 -3.98444 0
    endloop
  endfacet
  facet normal -0.608758 0.793356 0
    outer loop
      vertex 2.6515 -3.15993 0
      vertex 2.366 -3.379 82
      vertex 2.6515 -3.15993 82
    endloop
  endfacet
  facet normal -0.608758 0.793356 0
    outer loop
      vertex 2.366 -3.379 82
      vertex 2.6515 -3.15993 0
      vertex 2.366 -3.379 0
    endloop
  endfacet
  facet normal -0.0436281 -0.999048 0
    outer loop
      vertex 0 4.125 0
      vertex 0.359517 4.1093 82
      vertex 0 4.125 82
    endloop
  endfacet
  facet normal -0.0436281 -0.999048 -0
    outer loop
      vertex 0.359517 4.1093 82
      vertex 0 4.125 0
      vertex 0.359517 4.1093 0
    endloop
  endfacet
  facet normal 0.130523 -0.991445 0
    outer loop
      vertex -0.716298 4.06233 0
      vertex -0.359517 4.1093 82
      vertex -0.716298 4.06233 82
    endloop
  endfacet
  facet normal 0.130523 -0.991445 0
    outer loop
      vertex -0.359517 4.1093 82
      vertex -0.716298 4.06233 0
      vertex -0.359517 4.1093 0
    endloop
  endfacet
  facet normal 0.46176 -0.887005 0
    outer loop
      vertex -2.0625 3.57235 0
      vertex -1.7433 3.73852 82
      vertex -2.0625 3.57235 82
    endloop
  endfacet
  facet normal 0.46176 -0.887005 0
    outer loop
      vertex -1.7433 3.73852 82
      vertex -2.0625 3.57235 0
      vertex -1.7433 3.73852 0
    endloop
  endfacet
  facet normal 0.793356 0.608758 0
    outer loop
      vertex -3.15993 -2.6515 82
      vertex -3.379 -2.366 0
      vertex -3.379 -2.366 82
    endloop
  endfacet
  facet normal 0.793356 0.608758 0
    outer loop
      vertex -3.379 -2.366 0
      vertex -3.15993 -2.6515 82
      vertex -3.15993 -2.6515 0
    endloop
  endfacet
  facet normal 0.999048 0.0436281 0
    outer loop
      vertex -4.1093 -0.359517 82
      vertex -4.125 0 0
      vertex -4.125 0 82
    endloop
  endfacet
  facet normal 0.999048 0.0436281 0
    outer loop
      vertex -4.125 0 0
      vertex -4.1093 -0.359517 82
      vertex -4.1093 -0.359517 0
    endloop
  endfacet
  facet normal 0.737266 -0.675603 0
    outer loop
      vertex -3.15993 2.6515 82
      vertex -2.91681 2.91681 0
      vertex -2.91681 2.91681 82
    endloop
  endfacet
  facet normal 0.737266 -0.675603 0
    outer loop
      vertex -2.91681 2.91681 0
      vertex -3.15993 2.6515 82
      vertex -3.15993 2.6515 0
    endloop
  endfacet
  facet normal -0.887005 -0.46176 0
    outer loop
      vertex 3.73852 1.7433 0
      vertex 3.57235 2.0625 82
      vertex 3.57235 2.0625 0
    endloop
  endfacet
  facet normal -0.887005 -0.46176 0
    outer loop
      vertex 3.57235 2.0625 82
      vertex 3.73852 1.7433 0
      vertex 3.73852 1.7433 82
    endloop
  endfacet
  facet normal -0.300704 -0.953717 0
    outer loop
      vertex 1.06763 3.98444 0
      vertex 1.41083 3.87623 82
      vertex 1.06763 3.98444 82
    endloop
  endfacet
  facet normal -0.300704 -0.953717 -0
    outer loop
      vertex 1.41083 3.87623 82
      vertex 1.06763 3.98444 0
      vertex 1.41083 3.87623 0
    endloop
  endfacet
  facet normal -0.953717 0.300704 0
    outer loop
      vertex 3.87623 -1.41083 0
      vertex 3.98444 -1.06763 3.17585
      vertex 3.98444 -1.06763 0
    endloop
  endfacet
  facet normal -0.953722 0.300691 1.55786e-06
    outer loop
      vertex 3.98444 -1.06763 3.17585
      vertex 3.87623 -1.41083 0
      vertex 3.97239 -1.10585 3.22567
    endloop
  endfacet
  facet normal -0.953725 0.300681 2.66002e-06
    outer loop
      vertex 3.97239 -1.10585 3.22567
      vertex 3.87623 -1.41083 0
      vertex 3.95244 -1.16913 3.325
    endloop
  endfacet
  facet normal -0.953713 0.300719 -4.30819e-07
    outer loop
      vertex 3.95244 -1.16913 3.325
      vertex 3.87623 -1.41083 0
      vertex 3.93529 -1.22352 3.42947
    endloop
  endfacet
  facet normal -0.953703 0.300751 -2.35275e-06
    outer loop
      vertex 3.93529 -1.22352 3.42947
      vertex 3.87623 -1.41083 0
      vertex 3.92108 -1.26858 3.53827
    endloop
  endfacet
  facet normal -0.953771 0.300534 7.26956e-06
    outer loop
      vertex 3.92108 -1.26858 3.53827
      vertex 3.87623 -1.41083 0
      vertex 3.90992 -1.304 3.65059
    endloop
  endfacet
  facet normal -0.953686 0.300803 -1.40423e-06
    outer loop
      vertex 3.90992 -1.304 3.65059
      vertex 3.87623 -1.41083 0
      vertex 3.90188 -1.32949 3.76557
    endloop
  endfacet
  facet normal -0.953715 0.300711 0
    outer loop
      vertex 3.89541 -1.35 4
      vertex 3.87623 -1.41083 0
      vertex 3.89541 -1.35 78
    endloop
  endfacet
  facet normal -0.953742 0.300628 1.39703e-06
    outer loop
      vertex 3.89703 -1.34486 3.88234
      vertex 3.87623 -1.41083 0
      vertex 3.89541 -1.35 4
    endloop
  endfacet
  facet normal -0.953656 0.300898 -3.65893e-06
    outer loop
      vertex 3.90188 -1.32949 3.76557
      vertex 3.87623 -1.41083 0
      vertex 3.89703 -1.34486 3.88234
    endloop
  endfacet
  facet normal -0.953722 0.300689 0
    outer loop
      vertex 3.97239 -1.10585 4.77433
      vertex 3.98444 -1.06763 77.1758
      vertex 3.98444 -1.06763 4.82415
    endloop
  endfacet
  facet normal -0.953722 0.300689 0
    outer loop
      vertex 3.97239 -1.10585 4.77433
      vertex 3.97239 -1.10585 77.2257
      vertex 3.98444 -1.06763 77.1758
    endloop
  endfacet
  facet normal -0.953726 0.300677 0
    outer loop
      vertex 3.95244 -1.16913 4.675
      vertex 3.97239 -1.10585 77.2257
      vertex 3.97239 -1.10585 4.77433
    endloop
  endfacet
  facet normal -0.953726 0.300677 0
    outer loop
      vertex 3.95244 -1.16913 4.675
      vertex 3.95244 -1.16913 77.325
      vertex 3.97239 -1.10585 77.2257
    endloop
  endfacet
  facet normal -0.953712 0.30072 0
    outer loop
      vertex 3.93529 -1.22352 4.57053
      vertex 3.95244 -1.16913 77.325
      vertex 3.95244 -1.16913 4.675
    endloop
  endfacet
  facet normal -0.953712 0.30072 0
    outer loop
      vertex 3.93529 -1.22352 4.57053
      vertex 3.93529 -1.22352 77.4295
      vertex 3.95244 -1.16913 77.325
    endloop
  endfacet
  facet normal -0.953701 0.300757 0
    outer loop
      vertex 3.92108 -1.26858 4.46173
      vertex 3.93529 -1.22352 77.4295
      vertex 3.93529 -1.22352 4.57053
    endloop
  endfacet
  facet normal -0.953701 0.300757 0
    outer loop
      vertex 3.92108 -1.26858 4.46173
      vertex 3.92108 -1.26858 77.5383
      vertex 3.93529 -1.22352 77.4295
    endloop
  endfacet
  facet normal -0.953778 0.300513 0
    outer loop
      vertex 3.90992 -1.304 4.34941
      vertex 3.92108 -1.26858 77.5383
      vertex 3.92108 -1.26858 4.46173
    endloop
  endfacet
  facet normal -0.953778 0.300513 0
    outer loop
      vertex 3.90992 -1.304 4.34941
      vertex 3.90992 -1.304 77.6506
      vertex 3.92108 -1.26858 77.5383
    endloop
  endfacet
  facet normal -0.953684 0.300809 0
    outer loop
      vertex 3.90188 -1.32949 4.23442
      vertex 3.90992 -1.304 77.6506
      vertex 3.90992 -1.304 4.34941
    endloop
  endfacet
  facet normal -0.953684 0.300809 0
    outer loop
      vertex 3.90188 -1.32949 4.23442
      vertex 3.90188 -1.32949 77.7656
      vertex 3.90992 -1.304 77.6506
    endloop
  endfacet
  facet normal -0.953648 0.300923 0
    outer loop
      vertex 3.89703 -1.34486 4.11766
      vertex 3.90188 -1.32949 77.7656
      vertex 3.90188 -1.32949 4.23442
    endloop
  endfacet
  facet normal -0.953648 0.300923 0
    outer loop
      vertex 3.89703 -1.34486 4.11766
      vertex 3.89703 -1.34486 77.8823
      vertex 3.90188 -1.32949 77.7656
    endloop
  endfacet
  facet normal -0.953751 0.300598 0
    outer loop
      vertex 3.89541 -1.35 4
      vertex 3.89703 -1.34486 77.8823
      vertex 3.89703 -1.34486 4.11766
    endloop
  endfacet
  facet normal -0.953751 0.300598 0
    outer loop
      vertex 3.89703 -1.34486 77.8823
      vertex 3.89541 -1.35 4
      vertex 3.89541 -1.35 78
    endloop
  endfacet
  facet normal -0.953722 0.300691 -1.55792e-06
    outer loop
      vertex 3.87623 -1.41083 82
      vertex 3.98444 -1.06763 78.8241
      vertex 3.97239 -1.10585 78.7743
    endloop
  endfacet
  facet normal -0.953725 0.300681 -2.6601e-06
    outer loop
      vertex 3.87623 -1.41083 82
      vertex 3.97239 -1.10585 78.7743
      vertex 3.95244 -1.16913 78.675
    endloop
  endfacet
  facet normal -0.953713 0.300719 4.30804e-07
    outer loop
      vertex 3.87623 -1.41083 82
      vertex 3.95244 -1.16913 78.675
      vertex 3.93529 -1.22352 78.5705
    endloop
  endfacet
  facet normal -0.953703 0.300751 2.35273e-06
    outer loop
      vertex 3.87623 -1.41083 82
      vertex 3.93529 -1.22352 78.5705
      vertex 3.92108 -1.26858 78.4617
    endloop
  endfacet
  facet normal -0.953771 0.300534 -7.26966e-06
    outer loop
      vertex 3.87623 -1.41083 82
      vertex 3.92108 -1.26858 78.4617
      vertex 3.90992 -1.304 78.3494
    endloop
  endfacet
  facet normal -0.953686 0.300803 1.40419e-06
    outer loop
      vertex 3.87623 -1.41083 82
      vertex 3.90992 -1.304 78.3494
      vertex 3.90188 -1.32949 78.2344
    endloop
  endfacet
  facet normal -0.953656 0.300898 3.65922e-06
    outer loop
      vertex 3.87623 -1.41083 82
      vertex 3.90188 -1.32949 78.2344
      vertex 3.89703 -1.34486 78.1177
    endloop
  endfacet
  facet normal -0.953717 0.300704 0
    outer loop
      vertex 3.98444 -1.06763 78.8241
      vertex 3.87623 -1.41083 82
      vertex 3.98444 -1.06763 82
    endloop
  endfacet
  facet normal -0.953742 0.300628 -1.39691e-06
    outer loop
      vertex 3.89541 -1.35 78
      vertex 3.87623 -1.41083 82
      vertex 3.89703 -1.34486 78.1177
    endloop
  endfacet
  facet normal -0.953715 0.300711 0
    outer loop
      vertex 3.87623 -1.41083 82
      vertex 3.89541 -1.35 78
      vertex 3.87623 -1.41083 0
    endloop
  endfacet
  facet normal 0.216444 -0.976295 0
    outer loop
      vertex -1.06763 3.98444 0
      vertex -0.716298 4.06233 82
      vertex -1.06763 3.98444 82
    endloop
  endfacet
  facet normal 0.216444 -0.976295 0
    outer loop
      vertex -0.716298 4.06233 82
      vertex -1.06763 3.98444 0
      vertex -0.716298 4.06233 0
    endloop
  endfacet
  facet normal -0.675603 -0.737266 0
    outer loop
      vertex 2.6515 3.15993 0
      vertex 2.91681 2.91681 82
      vertex 2.6515 3.15993 82
    endloop
  endfacet
  facet normal -0.675603 -0.737266 -0
    outer loop
      vertex 2.91681 2.91681 82
      vertex 2.6515 3.15993 0
      vertex 2.91681 2.91681 0
    endloop
  endfacet
  facet normal 0.793356 -0.608758 0
    outer loop
      vertex -3.379 2.366 82
      vertex -3.15993 2.6515 0
      vertex -3.15993 2.6515 82
    endloop
  endfacet
  facet normal 0.793356 -0.608758 0
    outer loop
      vertex -3.15993 2.6515 0
      vertex -3.379 2.366 82
      vertex -3.379 2.366 0
    endloop
  endfacet
  facet normal 0.843392 0.537298 0
    outer loop
      vertex -3.379 -2.366 82
      vertex -3.57235 -2.0625 0
      vertex -3.57235 -2.0625 82
    endloop
  endfacet
  facet normal 0.843392 0.537298 0
    outer loop
      vertex -3.57235 -2.0625 0
      vertex -3.379 -2.366 82
      vertex -3.379 -2.366 0
    endloop
  endfacet
  facet normal 0.0436281 0.999048 -0
    outer loop
      vertex 0 -4.125 0
      vertex -0.359517 -4.1093 82
      vertex 0 -4.125 82
    endloop
  endfacet
  facet normal 0.0436281 0.999048 0
    outer loop
      vertex -0.359517 -4.1093 82
      vertex 0 -4.125 0
      vertex -0.359517 -4.1093 0
    endloop
  endfacet
  facet normal 0.537298 -0.843392 0
    outer loop
      vertex -2.366 3.379 0
      vertex -2.0625 3.57235 82
      vertex -2.366 3.379 82
    endloop
  endfacet
  facet normal 0.537298 -0.843392 0
    outer loop
      vertex -2.0625 3.57235 82
      vertex -2.366 3.379 0
      vertex -2.0625 3.57235 0
    endloop
  endfacet
  facet normal 0.999048 -0.0436281 0
    outer loop
      vertex -4.125 0 82
      vertex -4.1093 0.359517 0
      vertex -4.1093 0.359517 82
    endloop
  endfacet
  facet normal 0.999048 -0.0436281 0
    outer loop
      vertex -4.1093 0.359517 0
      vertex -4.125 0 82
      vertex -4.125 0 0
    endloop
  endfacet
  facet normal 0.382675 0.923883 -0
    outer loop
      vertex -1.41083 -3.87623 0
      vertex -1.7433 -3.73852 82
      vertex -1.41083 -3.87623 82
    endloop
  endfacet
  facet normal 0.382675 0.923883 0
    outer loop
      vertex -1.7433 -3.73852 82
      vertex -1.41083 -3.87623 0
      vertex -1.7433 -3.73852 0
    endloop
  endfacet
  facet normal 0.300704 0.953717 -0
    outer loop
      vertex -1.06763 -3.98444 0
      vertex -1.41083 -3.87623 82
      vertex -1.06763 -3.98444 82
    endloop
  endfacet
  facet normal 0.300704 0.953717 0
    outer loop
      vertex -1.41083 -3.87623 82
      vertex -1.06763 -3.98444 0
      vertex -1.41083 -3.87623 0
    endloop
  endfacet
  facet normal -0.737266 0.675603 0
    outer loop
      vertex 2.91681 -2.91681 0
      vertex 3.15993 -2.6515 82
      vertex 3.15993 -2.6515 0
    endloop
  endfacet
  facet normal -0.737266 0.675603 0
    outer loop
      vertex 3.15993 -2.6515 82
      vertex 2.91681 -2.91681 0
      vertex 2.91681 -2.91681 82
    endloop
  endfacet
  facet normal -0.216444 0.976295 0
    outer loop
      vertex 1.06763 -3.98444 0
      vertex 0.716298 -4.06233 82
      vertex 1.06763 -3.98444 82
    endloop
  endfacet
  facet normal -0.216444 0.976295 0
    outer loop
      vertex 0.716298 -4.06233 82
      vertex 1.06763 -3.98444 0
      vertex 0.716298 -4.06233 0
    endloop
  endfacet
  facet normal -0.923883 0.382675 0
    outer loop
      vertex 3.73852 -1.7433 0
      vertex 3.87623 -1.41083 82
      vertex 3.87623 -1.41083 0
    endloop
  endfacet
  facet normal -0.923883 0.382675 0
    outer loop
      vertex 3.87623 -1.41083 82
      vertex 3.73852 -1.7433 0
      vertex 3.73852 -1.7433 82
    endloop
  endfacet
  facet normal -0.675603 0.737266 0
    outer loop
      vertex 2.91681 -2.91681 0
      vertex 2.6515 -3.15993 82
      vertex 2.91681 -2.91681 82
    endloop
  endfacet
  facet normal -0.675603 0.737266 0
    outer loop
      vertex 2.6515 -3.15993 82
      vertex 2.91681 -2.91681 0
      vertex 2.6515 -3.15993 0
    endloop
  endfacet
  facet normal 0 -0.216436 0.976297
    outer loop
      vertex 10.9847 0.349405 2.696
      vertex 4.11476 0.234425 2.67051
      vertex 10.9898 0.234425 2.67051
    endloop
  endfacet
  facet normal 0 -0.216436 0.976297
    outer loop
      vertex 4.11476 0.234425 2.67051
      vertex 10.9847 0.349405 2.696
      vertex 4.10974 0.349405 2.696
    endloop
  endfacet
  facet normal -0 0.976297 0.216436
    outer loop
      vertex 3.90992 -1.304 3.65059
      vertex 10.9093 -1.32949 3.76557
      vertex 10.9127 -1.304 3.65059
    endloop
  endfacet
  facet normal 0 0.976297 0.216436
    outer loop
      vertex 10.9093 -1.32949 3.76557
      vertex 3.90992 -1.304 3.65059
      vertex 3.90188 -1.32949 3.76557
    endloop
  endfacet
  facet normal 0 0.216436 -0.976297
    outer loop
      vertex 10.9847 -0.349405 5.304
      vertex 4.11476 -0.234425 5.32949
      vertex 10.9898 -0.234425 5.32949
    endloop
  endfacet
  facet normal 0 0.216436 -0.976297
    outer loop
      vertex 4.11476 -0.234425 5.32949
      vertex 10.9847 -0.349405 5.304
      vertex 4.10974 -0.349405 5.304
    endloop
  endfacet
  facet normal -0 -0.976301 -0.216418
    outer loop
      vertex 10.9093 1.32949 4.23442
      vertex 3.90992 1.304 4.34941
      vertex 3.90188 1.32949 4.23442
    endloop
  endfacet
  facet normal 0 -0.976301 -0.216418
    outer loop
      vertex 3.90992 1.304 4.34941
      vertex 10.9093 1.32949 4.23442
      vertex 10.9127 1.304 4.34941
    endloop
  endfacet
  facet normal 0 -0.382688 0.923878
    outer loop
      vertex 10.9751 0.570534 2.77648
      vertex 4.09585 0.461727 2.73141
      vertex 10.9798 0.461727 2.73141
    endloop
  endfacet
  facet normal 0 -0.382688 0.923878
    outer loop
      vertex 4.09585 0.461727 2.73141
      vertex 10.9751 0.570534 2.77648
      vertex 4.08152 0.570534 2.77648
    endloop
  endfacet
  facet normal 0 -0.0436436 0.999047
    outer loop
      vertex 10.9949 0.11766 2.65514
      vertex 4.125 0 2.65
      vertex 11 0 2.65
    endloop
  endfacet
  facet normal 0 -0.0436436 0.999047
    outer loop
      vertex 4.125 0 2.65
      vertex 10.9949 0.11766 2.65514
      vertex 4.11986 0.11766 2.65514
    endloop
  endfacet
  facet normal 0 0.461808 -0.88698
    outer loop
      vertex 10.9705 -0.674999 5.16913
      vertex 4.08152 -0.570534 5.22352
      vertex 10.9751 -0.570534 5.22352
    endloop
  endfacet
  facet normal 0 0.461808 -0.88698
    outer loop
      vertex 4.08152 -0.570534 5.22352
      vertex 10.9705 -0.674999 5.16913
      vertex 4.06777 -0.674999 5.16913
    endloop
  endfacet
  facet normal 0 -0.461808 -0.88698
    outer loop
      vertex 4.08152 0.570534 5.22352
      vertex 10.9705 0.674999 5.16913
      vertex 10.9751 0.570534 5.22352
    endloop
  endfacet
  facet normal -0 -0.461808 -0.88698
    outer loop
      vertex 10.9705 0.674999 5.16913
      vertex 4.08152 0.570534 5.22352
      vertex 4.06777 0.674999 5.16913
    endloop
  endfacet
  facet normal -0 -0.843392 -0.537298
    outer loop
      vertex 10.9304 1.16913 4.675
      vertex 3.97239 1.10585 4.77433
      vertex 3.95244 1.16913 4.675
    endloop
  endfacet
  facet normal 0 -0.843392 -0.537298
    outer loop
      vertex 3.97239 1.10585 4.77433
      vertex 10.9304 1.16913 4.675
      vertex 10.9388 1.10585 4.77433
    endloop
  endfacet
  facet normal -0 0.991448 0.130501
    outer loop
      vertex 3.90188 -1.32949 3.76557
      vertex 10.9073 -1.34486 3.88234
      vertex 10.9093 -1.32949 3.76557
    endloop
  endfacet
  facet normal 0 0.991448 0.130501
    outer loop
      vertex 10.9073 -1.34486 3.88234
      vertex 3.90188 -1.32949 3.76557
      vertex 3.89703 -1.34486 3.88234
    endloop
  endfacet
  facet normal 0 -0.675609 -0.73726
    outer loop
      vertex 4.02875 0.867763 5.03416
      vertex 10.9583 0.954594 4.95459
      vertex 10.9621 0.867763 5.03416
    endloop
  endfacet
  facet normal -0 -0.675609 -0.73726
    outer loop
      vertex 10.9583 0.954594 4.95459
      vertex 4.02875 0.867763 5.03416
      vertex 4.0095 0.954594 4.95459
    endloop
  endfacet
  facet normal 0 -0.737273 0.675595
    outer loop
      vertex 4.0095 0.954594 3.04541
      vertex 10.9482 1.03416 3.13224
      vertex 3.99186 1.03416 3.13224
    endloop
  endfacet
  facet normal 0 -0.737273 0.675595
    outer loop
      vertex 10.9583 0.954594 3.04541
      vertex 10.9482 1.03416 3.13224
      vertex 4.0095 0.954594 3.04541
    endloop
  endfacet
  facet normal 0.0105672 -0.73662 0.676225
    outer loop
      vertex 10.9482 1.03416 3.13224
      vertex 10.9583 0.954594 3.04541
      vertex 10.9581 0.958713 3.0499
    endloop
  endfacet
  facet normal -0 0.675609 0.73726
    outer loop
      vertex 4.02875 -0.867763 2.96584
      vertex 10.9583 -0.954594 3.04541
      vertex 10.9621 -0.867763 2.96584
    endloop
  endfacet
  facet normal 0 0.675609 0.73726
    outer loop
      vertex 10.9583 -0.954594 3.04541
      vertex 4.02875 -0.867763 2.96584
      vertex 4.0095 -0.954594 3.04541
    endloop
  endfacet
  facet normal 0 -0.923899 0.382637
    outer loop
      vertex 3.93529 1.22352 3.42947
      vertex 10.9173 1.26858 3.53827
      vertex 3.92108 1.26858 3.53827
    endloop
  endfacet
  facet normal 0 -0.923899 0.382637
    outer loop
      vertex 10.9173 1.26858 3.53827
      vertex 3.93529 1.22352 3.42947
      vertex 10.9233 1.22352 3.42947
    endloop
  endfacet
  facet normal -0 0.608783 0.793337
    outer loop
      vertex 4.04947 -0.774327 2.89414
      vertex 10.9621 -0.867763 2.96584
      vertex 10.9662 -0.774327 2.89414
    endloop
  endfacet
  facet normal 0 0.608783 0.793337
    outer loop
      vertex 10.9621 -0.867763 2.96584
      vertex 4.04947 -0.774327 2.89414
      vertex 4.02875 -0.867763 2.96584
    endloop
  endfacet
  facet normal -0 0.216436 0.976297
    outer loop
      vertex 4.11476 -0.234425 2.67051
      vertex 10.9847 -0.349405 2.696
      vertex 10.9898 -0.234425 2.67051
    endloop
  endfacet
  facet normal 0 0.216436 0.976297
    outer loop
      vertex 10.9847 -0.349405 2.696
      vertex 4.11476 -0.234425 2.67051
      vertex 4.10974 -0.349405 2.696
    endloop
  endfacet
  facet normal 0 -0.608783 0.793337
    outer loop
      vertex 10.9621 0.867763 2.96584
      vertex 4.04947 0.774327 2.89414
      vertex 10.9662 0.774327 2.89414
    endloop
  endfacet
  facet normal 0 -0.608783 0.793337
    outer loop
      vertex 4.04947 0.774327 2.89414
      vertex 10.9621 0.867763 2.96584
      vertex 4.02875 0.867763 2.96584
    endloop
  endfacet
  facet normal 0 0.60873 -0.793378
    outer loop
      vertex 10.9621 -0.867763 5.03416
      vertex 4.04947 -0.774327 5.10585
      vertex 10.9662 -0.774327 5.10585
    endloop
  endfacet
  facet normal 0 0.60873 -0.793378
    outer loop
      vertex 4.04947 -0.774327 5.10585
      vertex 10.9621 -0.867763 5.03416
      vertex 4.02875 -0.867763 5.03416
    endloop
  endfacet
  facet normal 0 -0.843392 0.537298
    outer loop
      vertex 3.97239 1.10585 3.22567
      vertex 10.9304 1.16913 3.325
      vertex 3.95244 1.16913 3.325
    endloop
  endfacet
  facet normal 0 -0.843392 0.537298
    outer loop
      vertex 10.9304 1.16913 3.325
      vertex 3.97239 1.10585 3.22567
      vertex 10.9388 1.10585 3.22567
    endloop
  endfacet
  facet normal -1.83191e-06 -0.793293 -0.60884
    outer loop
      vertex 10.9388 1.10585 4.77433
      vertex 3.99186 1.03416 4.86776
      vertex 3.98444 1.06763 4.82415
    endloop
  endfacet
  facet normal -0 -0.793417 -0.608679
    outer loop
      vertex 10.9388 1.10585 4.77433
      vertex 3.98444 1.06763 4.82415
      vertex 3.97239 1.10585 4.77433
    endloop
  endfacet
  facet normal 0 -0.793359 -0.608754
    outer loop
      vertex 3.99186 1.03416 4.86776
      vertex 10.9388 1.10585 4.77433
      vertex 10.9482 1.03416 4.86776
    endloop
  endfacet
  facet normal 0 -0.300667 0.953729
    outer loop
      vertex 10.9798 0.461727 2.73141
      vertex 4.10974 0.349405 2.696
      vertex 10.9847 0.349405 2.696
    endloop
  endfacet
  facet normal 3.30961e-06 -0.300851 0.953671
    outer loop
      vertex 10.9798 0.461727 2.73141
      vertex 4.1093 0.359517 2.69919
      vertex 4.10974 0.349405 2.696
    endloop
  endfacet
  facet normal 0 -0.300649 0.953735
    outer loop
      vertex 4.1093 0.359517 2.69919
      vertex 10.9798 0.461727 2.73141
      vertex 4.09585 0.461727 2.73141
    endloop
  endfacet
  facet normal -0 0.382688 0.923878
    outer loop
      vertex 4.09585 -0.461727 2.73141
      vertex 10.9751 -0.570534 2.77648
      vertex 10.9798 -0.461727 2.73141
    endloop
  endfacet
  facet normal 0 0.382688 0.923878
    outer loop
      vertex 10.9751 -0.570534 2.77648
      vertex 4.09585 -0.461727 2.73141
      vertex 4.08152 -0.570534 2.77648
    endloop
  endfacet
  facet normal 0 -0.537306 0.843387
    outer loop
      vertex 10.9662 0.774327 2.89414
      vertex 4.06777 0.674999 2.83086
      vertex 10.9705 0.674999 2.83086
    endloop
  endfacet
  facet normal 2.69513e-06 -0.537439 0.843302
    outer loop
      vertex 10.9662 0.774327 2.89414
      vertex 4.06233 0.716298 2.85718
      vertex 4.06777 0.674999 2.83086
    endloop
  endfacet
  facet normal 0 -0.537211 0.843448
    outer loop
      vertex 4.06233 0.716298 2.85718
      vertex 10.9662 0.774327 2.89414
      vertex 4.04947 0.774327 2.89414
    endloop
  endfacet
  facet normal 0 -0.60873 -0.793378
    outer loop
      vertex 4.04947 0.774327 5.10585
      vertex 10.9621 0.867763 5.03416
      vertex 10.9662 0.774327 5.10585
    endloop
  endfacet
  facet normal -0 -0.60873 -0.793378
    outer loop
      vertex 10.9621 0.867763 5.03416
      vertex 4.04947 0.774327 5.10585
      vertex 4.02875 0.867763 5.03416
    endloop
  endfacet
  facet normal 0 -0.793417 0.608679
    outer loop
      vertex 3.98444 1.06763 3.17585
      vertex 10.9388 1.10585 3.22567
      vertex 3.97239 1.10585 3.22567
    endloop
  endfacet
  facet normal -1.83191e-06 -0.793293 0.60884
    outer loop
      vertex 3.99186 1.03416 3.13224
      vertex 10.9388 1.10585 3.22567
      vertex 3.98444 1.06763 3.17585
    endloop
  endfacet
  facet normal 0 -0.793359 0.608754
    outer loop
      vertex 10.9388 1.10585 3.22567
      vertex 3.99186 1.03416 3.13224
      vertex 10.9482 1.03416 3.13224
    endloop
  endfacet
  facet normal 0 0.382616 -0.923908
    outer loop
      vertex 10.9751 -0.570534 5.22352
      vertex 4.09585 -0.461727 5.26858
      vertex 10.9798 -0.461727 5.26858
    endloop
  endfacet
  facet normal 0 0.382616 -0.923908
    outer loop
      vertex 4.09585 -0.461727 5.26858
      vertex 10.9751 -0.570534 5.22352
      vertex 4.08152 -0.570534 5.22352
    endloop
  endfacet
  facet normal 0 -0.130506 0.991448
    outer loop
      vertex 10.9898 0.234425 2.67051
      vertex 4.11986 0.11766 2.65514
      vertex 10.9949 0.11766 2.65514
    endloop
  endfacet
  facet normal 0 -0.130506 0.991448
    outer loop
      vertex 4.11986 0.11766 2.65514
      vertex 10.9898 0.234425 2.67051
      vertex 4.11476 0.234425 2.67051
    endloop
  endfacet
  facet normal 0 -0.130506 -0.991448
    outer loop
      vertex 4.11986 0.11766 5.34486
      vertex 10.9898 0.234425 5.32949
      vertex 10.9949 0.11766 5.34486
    endloop
  endfacet
  facet normal -0 -0.130506 -0.991448
    outer loop
      vertex 10.9898 0.234425 5.32949
      vertex 4.11986 0.11766 5.34486
      vertex 4.11476 0.234425 5.32949
    endloop
  endfacet
  facet normal 0 0.793359 -0.608754
    outer loop
      vertex 10.9388 -1.10585 4.77433
      vertex 3.99186 -1.03416 4.86776
      vertex 10.9482 -1.03416 4.86776
    endloop
  endfacet
  facet normal -1.83191e-06 0.793293 -0.60884
    outer loop
      vertex 3.99186 -1.03416 4.86776
      vertex 10.9388 -1.10585 4.77433
      vertex 3.98444 -1.06763 4.82415
    endloop
  endfacet
  facet normal 0 0.793417 -0.608679
    outer loop
      vertex 3.98444 -1.06763 4.82415
      vertex 10.9388 -1.10585 4.77433
      vertex 3.97239 -1.10585 4.77433
    endloop
  endfacet
  facet normal -0 0.843392 0.537298
    outer loop
      vertex 3.97239 -1.10585 3.22567
      vertex 10.9304 -1.16913 3.325
      vertex 10.9388 -1.10585 3.22567
    endloop
  endfacet
  facet normal 0 0.843392 0.537298
    outer loop
      vertex 10.9304 -1.16913 3.325
      vertex 3.97239 -1.10585 3.22567
      vertex 3.95244 -1.16913 3.325
    endloop
  endfacet
  facet normal 0 -0.953703 0.300749
    outer loop
      vertex 3.92108 1.26858 3.53827
      vertex 10.9127 1.304 3.65059
      vertex 3.90992 1.304 3.65059
    endloop
  endfacet
  facet normal 0 -0.953703 0.300749
    outer loop
      vertex 10.9127 1.304 3.65059
      vertex 3.92108 1.26858 3.53827
      vertex 10.9173 1.26858 3.53827
    endloop
  endfacet
  facet normal 0 0.675609 -0.73726
    outer loop
      vertex 10.9583 -0.954594 4.95459
      vertex 4.02875 -0.867763 5.03416
      vertex 10.9621 -0.867763 5.03416
    endloop
  endfacet
  facet normal 0 0.675609 -0.73726
    outer loop
      vertex 4.02875 -0.867763 5.03416
      vertex 10.9583 -0.954594 4.95459
      vertex 4.0095 -0.954594 4.95459
    endloop
  endfacet
  facet normal 0 -0.999047 0.0436436
    outer loop
      vertex 3.89703 1.34486 3.88234
      vertex 10.9066 1.35 4
      vertex 3.89541 1.35 4
    endloop
  endfacet
  facet normal 0 -0.999047 0.0436436
    outer loop
      vertex 10.9066 1.35 4
      vertex 3.89703 1.34486 3.88234
      vertex 10.9073 1.34486 3.88234
    endloop
  endfacet
  facet normal 0 0.843392 -0.537298
    outer loop
      vertex 10.9304 -1.16913 4.675
      vertex 3.97239 -1.10585 4.77433
      vertex 10.9388 -1.10585 4.77433
    endloop
  endfacet
  facet normal 0 0.843392 -0.537298
    outer loop
      vertex 3.97239 -1.10585 4.77433
      vertex 10.9304 -1.16913 4.675
      vertex 3.95244 -1.16913 4.675
    endloop
  endfacet
  facet normal -0 0.886989 0.461791
    outer loop
      vertex 3.95244 -1.16913 3.325
      vertex 10.9233 -1.22352 3.42947
      vertex 10.9304 -1.16913 3.325
    endloop
  endfacet
  facet normal 0 0.886989 0.461791
    outer loop
      vertex 10.9233 -1.22352 3.42947
      vertex 3.95244 -1.16913 3.325
      vertex 3.93529 -1.22352 3.42947
    endloop
  endfacet
  facet normal 0 -0.886989 0.461791
    outer loop
      vertex 3.95244 1.16913 3.325
      vertex 10.9233 1.22352 3.42947
      vertex 3.93529 1.22352 3.42947
    endloop
  endfacet
  facet normal 0 -0.886989 0.461791
    outer loop
      vertex 10.9233 1.22352 3.42947
      vertex 3.95244 1.16913 3.325
      vertex 10.9304 1.16913 3.325
    endloop
  endfacet
  facet normal -0 0.999047 0.0436436
    outer loop
      vertex 3.89703 -1.34486 3.88234
      vertex 10.9066 -1.35 4
      vertex 10.9073 -1.34486 3.88234
    endloop
  endfacet
  facet normal 0 0.999047 0.0436436
    outer loop
      vertex 10.9066 -1.35 4
      vertex 3.89703 -1.34486 3.88234
      vertex 3.89541 -1.35 4
    endloop
  endfacet
  facet normal -0 0.300667 0.953729
    outer loop
      vertex 4.10974 -0.349405 2.696
      vertex 10.9798 -0.461727 2.73141
      vertex 10.9847 -0.349405 2.696
    endloop
  endfacet
  facet normal 3.30961e-06 0.300851 0.953671
    outer loop
      vertex 4.1093 -0.359517 2.69919
      vertex 10.9798 -0.461727 2.73141
      vertex 4.10974 -0.349405 2.696
    endloop
  endfacet
  facet normal 0 0.300649 0.953735
    outer loop
      vertex 10.9798 -0.461727 2.73141
      vertex 4.1093 -0.359517 2.69919
      vertex 4.09585 -0.461727 2.73141
    endloop
  endfacet
  facet normal 0 -0.382616 -0.923908
    outer loop
      vertex 4.09585 0.461727 5.26858
      vertex 10.9751 0.570534 5.22352
      vertex 10.9798 0.461727 5.26858
    endloop
  endfacet
  facet normal -0 -0.382616 -0.923908
    outer loop
      vertex 10.9751 0.570534 5.22352
      vertex 4.09585 0.461727 5.26858
      vertex 4.08152 0.570534 5.22352
    endloop
  endfacet
  facet normal -0 -0.991447 -0.130512
    outer loop
      vertex 10.9073 1.34486 4.11766
      vertex 3.90188 1.32949 4.23442
      vertex 3.89703 1.34486 4.11766
    endloop
  endfacet
  facet normal 0 -0.991447 -0.130512
    outer loop
      vertex 3.90188 1.32949 4.23442
      vertex 10.9073 1.34486 4.11766
      vertex 10.9093 1.32949 4.23442
    endloop
  endfacet
  facet normal 0 0.886989 -0.461791
    outer loop
      vertex 10.9233 -1.22352 4.57053
      vertex 3.95244 -1.16913 4.675
      vertex 10.9304 -1.16913 4.675
    endloop
  endfacet
  facet normal 0 0.886989 -0.461791
    outer loop
      vertex 3.95244 -1.16913 4.675
      vertex 10.9233 -1.22352 4.57053
      vertex 3.93529 -1.22352 4.57053
    endloop
  endfacet
  facet normal 0 0.300744 -0.953705
    outer loop
      vertex 10.9798 -0.461727 5.26858
      vertex 4.10974 -0.349405 5.304
      vertex 10.9847 -0.349405 5.304
    endloop
  endfacet
  facet normal 1.92245e-06 0.300851 -0.953671
    outer loop
      vertex 10.9798 -0.461727 5.26858
      vertex 4.1093 -0.359517 5.30081
      vertex 4.10974 -0.349405 5.304
    endloop
  endfacet
  facet normal 0 0.300734 -0.953708
    outer loop
      vertex 4.1093 -0.359517 5.30081
      vertex 10.9798 -0.461727 5.26858
      vertex 4.09585 -0.461727 5.26858
    endloop
  endfacet
  facet normal 0 0.976301 -0.216418
    outer loop
      vertex 10.9093 -1.32949 4.23442
      vertex 3.90992 -1.304 4.34941
      vertex 10.9127 -1.304 4.34941
    endloop
  endfacet
  facet normal 0 0.976301 -0.216418
    outer loop
      vertex 3.90992 -1.304 4.34941
      vertex 10.9093 -1.32949 4.23442
      vertex 3.90188 -1.32949 4.23442
    endloop
  endfacet
  facet normal -0 0.0436436 0.999047
    outer loop
      vertex 4.125 0 2.65
      vertex 10.9949 -0.11766 2.65514
      vertex 11 0 2.65
    endloop
  endfacet
  facet normal 0 0.0436436 0.999047
    outer loop
      vertex 10.9949 -0.11766 2.65514
      vertex 4.125 0 2.65
      vertex 4.11986 -0.11766 2.65514
    endloop
  endfacet
  facet normal 0 -0.216436 -0.976297
    outer loop
      vertex 4.11476 0.234425 5.32949
      vertex 10.9847 0.349405 5.304
      vertex 10.9898 0.234425 5.32949
    endloop
  endfacet
  facet normal -0 -0.216436 -0.976297
    outer loop
      vertex 10.9847 0.349405 5.304
      vertex 4.11476 0.234425 5.32949
      vertex 4.10974 0.349405 5.304
    endloop
  endfacet
  facet normal 0 -0.461742 0.887014
    outer loop
      vertex 10.9705 0.674999 2.83086
      vertex 4.08152 0.570534 2.77648
      vertex 10.9751 0.570534 2.77648
    endloop
  endfacet
  facet normal 0 -0.461742 0.887014
    outer loop
      vertex 4.08152 0.570534 2.77648
      vertex 10.9705 0.674999 2.83086
      vertex 4.06777 0.674999 2.83086
    endloop
  endfacet
  facet normal -0 0.130506 0.991448
    outer loop
      vertex 4.11986 -0.11766 2.65514
      vertex 10.9898 -0.234425 2.67051
      vertex 10.9949 -0.11766 2.65514
    endloop
  endfacet
  facet normal 0 0.130506 0.991448
    outer loop
      vertex 10.9898 -0.234425 2.67051
      vertex 4.11986 -0.11766 2.65514
      vertex 4.11476 -0.234425 2.67051
    endloop
  endfacet
  facet normal 0 -0.737273 -0.675595
    outer loop
      vertex 10.9482 1.03416 4.86776
      vertex 10.9583 0.954594 4.95459
      vertex 4.0095 0.954594 4.95459
    endloop
  endfacet
  facet normal -0 -0.737273 -0.675595
    outer loop
      vertex 10.9482 1.03416 4.86776
      vertex 4.0095 0.954594 4.95459
      vertex 3.99186 1.03416 4.86776
    endloop
  endfacet
  facet normal 0.0105672 -0.73662 -0.676225
    outer loop
      vertex 10.9583 0.954594 4.95459
      vertex 10.9482 1.03416 4.86776
      vertex 10.9581 0.958713 4.9501
    endloop
  endfacet
  facet normal -0 -0.923899 -0.382637
    outer loop
      vertex 10.9173 1.26858 4.46173
      vertex 3.93529 1.22352 4.57053
      vertex 3.92108 1.26858 4.46173
    endloop
  endfacet
  facet normal 0 -0.923899 -0.382637
    outer loop
      vertex 3.93529 1.22352 4.57053
      vertex 10.9173 1.26858 4.46173
      vertex 10.9233 1.22352 4.57053
    endloop
  endfacet
  facet normal 0 0.0436436 -0.999047
    outer loop
      vertex 10.9949 -0.11766 5.34486
      vertex 4.125 0 5.35
      vertex 11 0 5.35
    endloop
  endfacet
  facet normal 0 0.0436436 -0.999047
    outer loop
      vertex 4.125 0 5.35
      vertex 10.9949 -0.11766 5.34486
      vertex 4.11986 -0.11766 5.34486
    endloop
  endfacet
  facet normal 0 0.793417 0.608679
    outer loop
      vertex 10.9388 -1.10585 3.22567
      vertex 3.98444 -1.06763 3.17585
      vertex 3.97239 -1.10585 3.22567
    endloop
  endfacet
  facet normal -0 0.793359 0.608754
    outer loop
      vertex 3.99186 -1.03416 3.13224
      vertex 10.9388 -1.10585 3.22567
      vertex 10.9482 -1.03416 3.13224
    endloop
  endfacet
  facet normal -1.83191e-06 0.793293 0.60884
    outer loop
      vertex 10.9388 -1.10585 3.22567
      vertex 3.99186 -1.03416 3.13224
      vertex 3.98444 -1.06763 3.17585
    endloop
  endfacet
  facet normal -0 -0.999047 -0.0436436
    outer loop
      vertex 10.9066 1.35 4
      vertex 3.89703 1.34486 4.11766
      vertex 3.89541 1.35 4
    endloop
  endfacet
  facet normal 0 -0.999047 -0.0436436
    outer loop
      vertex 3.89703 1.34486 4.11766
      vertex 10.9066 1.35 4
      vertex 10.9073 1.34486 4.11766
    endloop
  endfacet
  facet normal 0 -0.991448 0.130501
    outer loop
      vertex 3.90188 1.32949 3.76557
      vertex 10.9073 1.34486 3.88234
      vertex 3.89703 1.34486 3.88234
    endloop
  endfacet
  facet normal 0 -0.991448 0.130501
    outer loop
      vertex 10.9073 1.34486 3.88234
      vertex 3.90188 1.32949 3.76557
      vertex 10.9093 1.32949 3.76557
    endloop
  endfacet
  facet normal -0 0.923899 0.382637
    outer loop
      vertex 3.93529 -1.22352 3.42947
      vertex 10.9173 -1.26858 3.53827
      vertex 10.9233 -1.22352 3.42947
    endloop
  endfacet
  facet normal 0 0.923899 0.382637
    outer loop
      vertex 10.9173 -1.26858 3.53827
      vertex 3.93529 -1.22352 3.42947
      vertex 3.92108 -1.26858 3.53827
    endloop
  endfacet
  facet normal 0 -0.300744 -0.953705
    outer loop
      vertex 4.10974 0.349405 5.304
      vertex 10.9798 0.461727 5.26858
      vertex 10.9847 0.349405 5.304
    endloop
  endfacet
  facet normal 1.92245e-06 -0.300851 -0.953671
    outer loop
      vertex 4.1093 0.359517 5.30081
      vertex 10.9798 0.461727 5.26858
      vertex 4.10974 0.349405 5.304
    endloop
  endfacet
  facet normal -0 -0.300734 -0.953708
    outer loop
      vertex 10.9798 0.461727 5.26858
      vertex 4.1093 0.359517 5.30081
      vertex 4.09585 0.461727 5.26858
    endloop
  endfacet
  facet normal -0 -0.886989 -0.461791
    outer loop
      vertex 10.9233 1.22352 4.57053
      vertex 3.95244 1.16913 4.675
      vertex 3.93529 1.22352 4.57053
    endloop
  endfacet
  facet normal 0 -0.886989 -0.461791
    outer loop
      vertex 3.95244 1.16913 4.675
      vertex 10.9233 1.22352 4.57053
      vertex 10.9304 1.16913 4.675
    endloop
  endfacet
  facet normal 0 -0.675609 0.73726
    outer loop
      vertex 10.9583 0.954594 3.04541
      vertex 4.02875 0.867763 2.96584
      vertex 10.9621 0.867763 2.96584
    endloop
  endfacet
  facet normal 0 -0.675609 0.73726
    outer loop
      vertex 4.02875 0.867763 2.96584
      vertex 10.9583 0.954594 3.04541
      vertex 4.0095 0.954594 3.04541
    endloop
  endfacet
  facet normal 0 0.130506 -0.991448
    outer loop
      vertex 10.9898 -0.234425 5.32949
      vertex 4.11986 -0.11766 5.34486
      vertex 10.9949 -0.11766 5.34486
    endloop
  endfacet
  facet normal 0 0.130506 -0.991448
    outer loop
      vertex 4.11986 -0.11766 5.34486
      vertex 10.9898 -0.234425 5.32949
      vertex 4.11476 -0.234425 5.32949
    endloop
  endfacet
  facet normal 0 -0.976297 0.216436
    outer loop
      vertex 3.90992 1.304 3.65059
      vertex 10.9093 1.32949 3.76557
      vertex 3.90188 1.32949 3.76557
    endloop
  endfacet
  facet normal 0 -0.976297 0.216436
    outer loop
      vertex 10.9093 1.32949 3.76557
      vertex 3.90992 1.304 3.65059
      vertex 10.9127 1.304 3.65059
    endloop
  endfacet
  facet normal -0 0.537306 0.843387
    outer loop
      vertex 4.06777 -0.674999 2.83086
      vertex 10.9662 -0.774327 2.89414
      vertex 10.9705 -0.674999 2.83086
    endloop
  endfacet
  facet normal 2.69513e-06 0.537439 0.843302
    outer loop
      vertex 4.06233 -0.716298 2.85718
      vertex 10.9662 -0.774327 2.89414
      vertex 4.06777 -0.674999 2.83086
    endloop
  endfacet
  facet normal 0 0.537211 0.843448
    outer loop
      vertex 10.9662 -0.774327 2.89414
      vertex 4.06233 -0.716298 2.85718
      vertex 4.04947 -0.774327 2.89414
    endloop
  endfacet
  facet normal -0 0.461742 0.887014
    outer loop
      vertex 4.08152 -0.570534 2.77648
      vertex 10.9705 -0.674999 2.83086
      vertex 10.9751 -0.570534 2.77648
    endloop
  endfacet
  facet normal 0 0.461742 0.887014
    outer loop
      vertex 10.9705 -0.674999 2.83086
      vertex 4.08152 -0.570534 2.77648
      vertex 4.06777 -0.674999 2.83086
    endloop
  endfacet
  facet normal -0 0.953703 0.300749
    outer loop
      vertex 3.92108 -1.26858 3.53827
      vertex 10.9127 -1.304 3.65059
      vertex 10.9173 -1.26858 3.53827
    endloop
  endfacet
  facet normal 0 0.953703 0.300749
    outer loop
      vertex 10.9127 -1.304 3.65059
      vertex 3.92108 -1.26858 3.53827
      vertex 3.90992 -1.304 3.65059
    endloop
  endfacet
  facet normal 0 0.923899 -0.382637
    outer loop
      vertex 10.9173 -1.26858 4.46173
      vertex 3.93529 -1.22352 4.57053
      vertex 10.9233 -1.22352 4.57053
    endloop
  endfacet
  facet normal 0 0.923899 -0.382637
    outer loop
      vertex 3.93529 -1.22352 4.57053
      vertex 10.9173 -1.26858 4.46173
      vertex 3.92108 -1.26858 4.46173
    endloop
  endfacet
  facet normal 0 0.953703 -0.300749
    outer loop
      vertex 10.9127 -1.304 4.34941
      vertex 3.92108 -1.26858 4.46173
      vertex 10.9173 -1.26858 4.46173
    endloop
  endfacet
  facet normal 0 0.953703 -0.300749
    outer loop
      vertex 3.92108 -1.26858 4.46173
      vertex 10.9127 -1.304 4.34941
      vertex 3.90992 -1.304 4.34941
    endloop
  endfacet
  facet normal -0 -0.953703 -0.300749
    outer loop
      vertex 10.9127 1.304 4.34941
      vertex 3.92108 1.26858 4.46173
      vertex 3.90992 1.304 4.34941
    endloop
  endfacet
  facet normal 0 -0.953703 -0.300749
    outer loop
      vertex 3.92108 1.26858 4.46173
      vertex 10.9127 1.304 4.34941
      vertex 10.9173 1.26858 4.46173
    endloop
  endfacet
  facet normal 0 0.537306 -0.843387
    outer loop
      vertex 10.9662 -0.774327 5.10585
      vertex 4.06777 -0.674999 5.16913
      vertex 10.9705 -0.674999 5.16913
    endloop
  endfacet
  facet normal -2.39452e-07 0.537294 -0.843395
    outer loop
      vertex 10.9662 -0.774327 5.10585
      vertex 4.06233 -0.716298 5.14282
      vertex 4.06777 -0.674999 5.16913
    endloop
  endfacet
  facet normal 0 0.537315 -0.843382
    outer loop
      vertex 4.06233 -0.716298 5.14282
      vertex 10.9662 -0.774327 5.10585
      vertex 4.04947 -0.774327 5.10585
    endloop
  endfacet
  facet normal 0 -0.0436436 -0.999047
    outer loop
      vertex 4.125 0 5.35
      vertex 10.9949 0.11766 5.34486
      vertex 11 0 5.35
    endloop
  endfacet
  facet normal -0 -0.0436436 -0.999047
    outer loop
      vertex 10.9949 0.11766 5.34486
      vertex 4.125 0 5.35
      vertex 4.11986 0.11766 5.34486
    endloop
  endfacet
  facet normal 0.0105672 0.73662 -0.676225
    outer loop
      vertex 10.9482 -1.03416 4.86776
      vertex 10.9583 -0.954594 4.95459
      vertex 10.9581 -0.958713 4.9501
    endloop
  endfacet
  facet normal 0 0.737273 -0.675595
    outer loop
      vertex 10.9583 -0.954594 4.95459
      vertex 10.9482 -1.03416 4.86776
      vertex 4.0095 -0.954594 4.95459
    endloop
  endfacet
  facet normal 0 0.737273 -0.675595
    outer loop
      vertex 4.0095 -0.954594 4.95459
      vertex 10.9482 -1.03416 4.86776
      vertex 3.99186 -1.03416 4.86776
    endloop
  endfacet
  facet normal 0 0.991447 -0.130512
    outer loop
      vertex 10.9073 -1.34486 4.11766
      vertex 3.90188 -1.32949 4.23442
      vertex 10.9093 -1.32949 4.23442
    endloop
  endfacet
  facet normal 0 0.991447 -0.130512
    outer loop
      vertex 3.90188 -1.32949 4.23442
      vertex 10.9073 -1.34486 4.11766
      vertex 3.89703 -1.34486 4.11766
    endloop
  endfacet
  facet normal 0 0.999047 -0.0436436
    outer loop
      vertex 10.9066 -1.35 4
      vertex 3.89703 -1.34486 4.11766
      vertex 10.9073 -1.34486 4.11766
    endloop
  endfacet
  facet normal 0 0.999047 -0.0436436
    outer loop
      vertex 3.89703 -1.34486 4.11766
      vertex 10.9066 -1.35 4
      vertex 3.89541 -1.35 4
    endloop
  endfacet
  facet normal 0.0105672 0.73662 0.676225
    outer loop
      vertex 10.9583 -0.954594 3.04541
      vertex 10.9482 -1.03416 3.13224
      vertex 10.9581 -0.958713 3.0499
    endloop
  endfacet
  facet normal 0 0.737273 0.675595
    outer loop
      vertex 10.9482 -1.03416 3.13224
      vertex 10.9583 -0.954594 3.04541
      vertex 4.0095 -0.954594 3.04541
    endloop
  endfacet
  facet normal 0 0.737273 0.675595
    outer loop
      vertex 10.9482 -1.03416 3.13224
      vertex 4.0095 -0.954594 3.04541
      vertex 3.99186 -1.03416 3.13224
    endloop
  endfacet
  facet normal 0 -0.537306 -0.843387
    outer loop
      vertex 4.06777 0.674999 5.16913
      vertex 10.9662 0.774327 5.10585
      vertex 10.9705 0.674999 5.16913
    endloop
  endfacet
  facet normal -2.39452e-07 -0.537294 -0.843395
    outer loop
      vertex 4.06233 0.716298 5.14282
      vertex 10.9662 0.774327 5.10585
      vertex 4.06777 0.674999 5.16913
    endloop
  endfacet
  facet normal -0 -0.537315 -0.843382
    outer loop
      vertex 10.9662 0.774327 5.10585
      vertex 4.06233 0.716298 5.14282
      vertex 4.04947 0.774327 5.10585
    endloop
  endfacet
  facet normal 0 -0.216517 0.976279
    outer loop
      vertex 10.9847 0.349405 76.696
      vertex 4.11476 0.234425 76.6705
      vertex 10.9898 0.234425 76.6705
    endloop
  endfacet
  facet normal 0 -0.216517 0.976279
    outer loop
      vertex 4.11476 0.234425 76.6705
      vertex 10.9847 0.349405 76.696
      vertex 4.10974 0.349405 76.696
    endloop
  endfacet
  facet normal -0 0.976305 0.2164
    outer loop
      vertex 3.90992 -1.304 77.6506
      vertex 10.9093 -1.32949 77.7656
      vertex 10.9127 -1.304 77.6506
    endloop
  endfacet
  facet normal 0 0.976305 0.2164
    outer loop
      vertex 10.9093 -1.32949 77.7656
      vertex 3.90992 -1.304 77.6506
      vertex 3.90188 -1.32949 77.7656
    endloop
  endfacet
  facet normal 0 0.216517 -0.976279
    outer loop
      vertex 10.9847 -0.349405 79.304
      vertex 4.11476 -0.234425 79.3295
      vertex 10.9898 -0.234425 79.3295
    endloop
  endfacet
  facet normal 0 0.216517 -0.976279
    outer loop
      vertex 4.11476 -0.234425 79.3295
      vertex 10.9847 -0.349405 79.304
      vertex 4.10974 -0.349405 79.304
    endloop
  endfacet
  facet normal -0 -0.976305 -0.2164
    outer loop
      vertex 10.9093 1.32949 78.2344
      vertex 3.90992 1.304 78.3494
      vertex 3.90188 1.32949 78.2344
    endloop
  endfacet
  facet normal 0 -0.976305 -0.2164
    outer loop
      vertex 3.90992 1.304 78.3494
      vertex 10.9093 1.32949 78.2344
      vertex 10.9127 1.304 78.3494
    endloop
  endfacet
  facet normal 0 -0.382906 0.923787
    outer loop
      vertex 10.9751 0.570534 76.7765
      vertex 4.09585 0.461727 76.7314
      vertex 10.9798 0.461727 76.7314
    endloop
  endfacet
  facet normal 0 -0.382906 0.923787
    outer loop
      vertex 4.09585 0.461727 76.7314
      vertex 10.9751 0.570534 76.7765
      vertex 4.08152 0.570534 76.7765
    endloop
  endfacet
  facet normal 0 -0.0433046 0.999062
    outer loop
      vertex 10.9949 0.11766 76.6551
      vertex 4.125 0 76.65
      vertex 11 0 76.65
    endloop
  endfacet
  facet normal 0 -0.0433046 0.999062
    outer loop
      vertex 4.125 0 76.65
      vertex 10.9949 0.11766 76.6551
      vertex 4.11986 0.11766 76.6551
    endloop
  endfacet
  facet normal 0 0.461875 -0.886945
    outer loop
      vertex 10.9705 -0.674999 79.1691
      vertex 4.08152 -0.570534 79.2235
      vertex 10.9751 -0.570534 79.2235
    endloop
  endfacet
  facet normal 0 0.461875 -0.886945
    outer loop
      vertex 4.08152 -0.570534 79.2235
      vertex 10.9705 -0.674999 79.1691
      vertex 4.06777 -0.674999 79.1691
    endloop
  endfacet
  facet normal 0 -0.461875 -0.886945
    outer loop
      vertex 4.08152 0.570534 79.2235
      vertex 10.9705 0.674999 79.1691
      vertex 10.9751 0.570534 79.2235
    endloop
  endfacet
  facet normal -0 -0.461875 -0.886945
    outer loop
      vertex 10.9705 0.674999 79.1691
      vertex 4.08152 0.570534 79.2235
      vertex 4.06777 0.674999 79.1691
    endloop
  endfacet
  facet normal -0 -0.843319 -0.537414
    outer loop
      vertex 10.9304 1.16913 78.675
      vertex 3.97239 1.10585 78.7743
      vertex 3.95244 1.16913 78.675
    endloop
  endfacet
  facet normal 0 -0.843319 -0.537414
    outer loop
      vertex 3.97239 1.10585 78.7743
      vertex 10.9304 1.16913 78.675
      vertex 10.9388 1.10585 78.7743
    endloop
  endfacet
  facet normal -0 0.991438 0.130578
    outer loop
      vertex 3.90188 -1.32949 77.7656
      vertex 10.9073 -1.34486 77.8823
      vertex 10.9093 -1.32949 77.7656
    endloop
  endfacet
  facet normal 0 0.991438 0.130578
    outer loop
      vertex 10.9073 -1.34486 77.8823
      vertex 3.90188 -1.32949 77.7656
      vertex 3.89703 -1.34486 77.8823
    endloop
  endfacet
  facet normal 0 -0.675747 -0.737133
    outer loop
      vertex 4.02875 0.867763 79.0342
      vertex 10.9583 0.954594 78.9546
      vertex 10.9621 0.867763 79.0342
    endloop
  endfacet
  facet normal -0 -0.675747 -0.737133
    outer loop
      vertex 10.9583 0.954594 78.9546
      vertex 4.02875 0.867763 79.0342
      vertex 4.0095 0.954594 78.9546
    endloop
  endfacet
  facet normal 0 -0.737157 0.675722
    outer loop
      vertex 4.0095 0.954594 77.0454
      vertex 10.9482 1.03416 77.1322
      vertex 3.99186 1.03416 77.1322
    endloop
  endfacet
  facet normal 0 -0.737157 0.675722
    outer loop
      vertex 10.9583 0.954594 77.0454
      vertex 10.9482 1.03416 77.1322
      vertex 4.0095 0.954594 77.0454
    endloop
  endfacet
  facet normal -0.0136017 -0.737877 0.674799
    outer loop
      vertex 10.9482 1.03416 77.1322
      vertex 10.9583 0.954594 77.0454
      vertex 10.9581 0.958713 77.0499
    endloop
  endfacet
  facet normal -0 0.675747 0.737133
    outer loop
      vertex 4.02875 -0.867763 76.9658
      vertex 10.9583 -0.954594 77.0454
      vertex 10.9621 -0.867763 76.9658
    endloop
  endfacet
  facet normal 0 0.675747 0.737133
    outer loop
      vertex 10.9583 -0.954594 77.0454
      vertex 4.02875 -0.867763 76.9658
      vertex 4.0095 -0.954594 77.0454
    endloop
  endfacet
  facet normal 0 -0.923899 0.382637
    outer loop
      vertex 3.93529 1.22352 77.4295
      vertex 10.9173 1.26858 77.5383
      vertex 3.92108 1.26858 77.5383
    endloop
  endfacet
  facet normal 0 -0.923899 0.382637
    outer loop
      vertex 10.9173 1.26858 77.5383
      vertex 3.93529 1.22352 77.4295
      vertex 10.9233 1.22352 77.4295
    endloop
  endfacet
  facet normal -0 0.608783 0.793337
    outer loop
      vertex 4.04947 -0.774327 76.8941
      vertex 10.9621 -0.867763 76.9658
      vertex 10.9662 -0.774327 76.8941
    endloop
  endfacet
  facet normal 0 0.608783 0.793337
    outer loop
      vertex 10.9621 -0.867763 76.9658
      vertex 4.04947 -0.774327 76.8941
      vertex 4.02875 -0.867763 76.9658
    endloop
  endfacet
  facet normal -0 0.216517 0.976279
    outer loop
      vertex 4.11476 -0.234425 76.6705
      vertex 10.9847 -0.349405 76.696
      vertex 10.9898 -0.234425 76.6705
    endloop
  endfacet
  facet normal 0 0.216517 0.976279
    outer loop
      vertex 10.9847 -0.349405 76.696
      vertex 4.11476 -0.234425 76.6705
      vertex 4.10974 -0.349405 76.696
    endloop
  endfacet
  facet normal 0 -0.608783 0.793337
    outer loop
      vertex 10.9621 0.867763 76.9658
      vertex 4.04947 0.774327 76.8941
      vertex 10.9662 0.774327 76.8941
    endloop
  endfacet
  facet normal 0 -0.608783 0.793337
    outer loop
      vertex 4.04947 0.774327 76.8941
      vertex 10.9621 0.867763 76.9658
      vertex 4.02875 0.867763 76.9658
    endloop
  endfacet
  facet normal 0 0.608783 -0.793337
    outer loop
      vertex 10.9621 -0.867763 79.0342
      vertex 4.04947 -0.774327 79.1059
      vertex 10.9662 -0.774327 79.1059
    endloop
  endfacet
  facet normal 0 0.608783 -0.793337
    outer loop
      vertex 4.04947 -0.774327 79.1059
      vertex 10.9621 -0.867763 79.0342
      vertex 4.02875 -0.867763 79.0342
    endloop
  endfacet
  facet normal 0 -0.843319 0.537414
    outer loop
      vertex 3.97239 1.10585 77.2257
      vertex 10.9304 1.16913 77.325
      vertex 3.95244 1.16913 77.325
    endloop
  endfacet
  facet normal 0 -0.843319 0.537414
    outer loop
      vertex 10.9304 1.16913 77.325
      vertex 3.97239 1.10585 77.2257
      vertex 10.9388 1.10585 77.2257
    endloop
  endfacet
  facet normal 8.89197e-06 -0.793898 -0.608051
    outer loop
      vertex 10.9388 1.10585 78.7743
      vertex 3.99186 1.03416 78.8678
      vertex 3.98444 1.06763 78.8241
    endloop
  endfacet
  facet normal -0 -0.793299 -0.608833
    outer loop
      vertex 10.9388 1.10585 78.7743
      vertex 3.98444 1.06763 78.8241
      vertex 3.97239 1.10585 78.7743
    endloop
  endfacet
  facet normal 0 -0.793579 -0.608467
    outer loop
      vertex 3.99186 1.03416 78.8678
      vertex 10.9388 1.10585 78.7743
      vertex 10.9482 1.03416 78.8678
    endloop
  endfacet
  facet normal 0 -0.30059 0.953753
    outer loop
      vertex 10.9798 0.461727 76.7314
      vertex 4.10974 0.349405 76.696
      vertex 10.9847 0.349405 76.696
    endloop
  endfacet
  facet normal 2.00995e-05 -0.301708 0.9534
    outer loop
      vertex 10.9798 0.461727 76.7314
      vertex 4.1093 0.359517 76.6992
      vertex 4.10974 0.349405 76.696
    endloop
  endfacet
  facet normal 0 -0.300479 0.953788
    outer loop
      vertex 4.1093 0.359517 76.6992
      vertex 10.9798 0.461727 76.7314
      vertex 4.09585 0.461727 76.7314
    endloop
  endfacet
  facet normal -0 0.382906 0.923787
    outer loop
      vertex 4.09585 -0.461727 76.7314
      vertex 10.9751 -0.570534 76.7765
      vertex 10.9798 -0.461727 76.7314
    endloop
  endfacet
  facet normal 0 0.382906 0.923787
    outer loop
      vertex 10.9751 -0.570534 76.7765
      vertex 4.09585 -0.461727 76.7314
      vertex 4.08152 -0.570534 76.7765
    endloop
  endfacet
  facet normal 0 -0.536823 0.843695
    outer loop
      vertex 10.9662 0.774327 76.8941
      vertex 4.06777 0.674999 76.8309
      vertex 10.9705 0.674999 76.8309
    endloop
  endfacet
  facet normal 6.5886e-06 -0.537148 0.843488
    outer loop
      vertex 10.9662 0.774327 76.8941
      vertex 4.06233 0.716298 76.8572
      vertex 4.06777 0.674999 76.8309
    endloop
  endfacet
  facet normal 0 -0.53659 0.843843
    outer loop
      vertex 4.06233 0.716298 76.8572
      vertex 10.9662 0.774327 76.8941
      vertex 4.04947 0.774327 76.8941
    endloop
  endfacet
  facet normal 0 -0.887043 0.461687
    outer loop
      vertex 3.95244 1.16913 77.325
      vertex 10.9233 1.22352 77.4295
      vertex 3.93529 1.22352 77.4295
    endloop
  endfacet
  facet normal 0 -0.887043 0.461687
    outer loop
      vertex 10.9233 1.22352 77.4295
      vertex 3.95244 1.16913 77.325
      vertex 10.9304 1.16913 77.325
    endloop
  endfacet
  facet normal 0 -0.608783 -0.793337
    outer loop
      vertex 4.04947 0.774327 79.1059
      vertex 10.9621 0.867763 79.0342
      vertex 10.9662 0.774327 79.1059
    endloop
  endfacet
  facet normal -0 -0.608783 -0.793337
    outer loop
      vertex 10.9621 0.867763 79.0342
      vertex 4.04947 0.774327 79.1059
      vertex 4.02875 0.867763 79.0342
    endloop
  endfacet
  facet normal 0 -0.793888 0.608064
    outer loop
      vertex 3.98444 1.06763 77.1758
      vertex 10.9388 1.10585 77.2257
      vertex 3.97239 1.10585 77.2257
    endloop
  endfacet
  facet normal -9.82713e-06 -0.793226 0.608927
    outer loop
      vertex 3.99186 1.03416 77.1322
      vertex 10.9388 1.10585 77.2257
      vertex 3.98444 1.06763 77.1758
    endloop
  endfacet
  facet normal 0 -0.793579 0.608467
    outer loop
      vertex 10.9388 1.10585 77.2257
      vertex 3.99186 1.03416 77.1322
      vertex 10.9482 1.03416 77.1322
    endloop
  endfacet
  facet normal 0 0.382906 -0.923787
    outer loop
      vertex 10.9751 -0.570534 79.2235
      vertex 4.09585 -0.461727 79.2686
      vertex 10.9798 -0.461727 79.2686
    endloop
  endfacet
  facet normal 0 0.382906 -0.923787
    outer loop
      vertex 4.09585 -0.461727 79.2686
      vertex 10.9751 -0.570534 79.2235
      vertex 4.08152 -0.570534 79.2235
    endloop
  endfacet
  facet normal 0 -0.130757 0.991415
    outer loop
      vertex 10.9898 0.234425 76.6705
      vertex 4.11986 0.11766 76.6551
      vertex 10.9949 0.11766 76.6551
    endloop
  endfacet
  facet normal 0 -0.130757 0.991415
    outer loop
      vertex 4.11986 0.11766 76.6551
      vertex 10.9898 0.234425 76.6705
      vertex 4.11476 0.234425 76.6705
    endloop
  endfacet
  facet normal 0 -0.130757 -0.991415
    outer loop
      vertex 4.11986 0.11766 79.3449
      vertex 10.9898 0.234425 79.3295
      vertex 10.9949 0.11766 79.3449
    endloop
  endfacet
  facet normal -0 -0.130757 -0.991415
    outer loop
      vertex 10.9898 0.234425 79.3295
      vertex 4.11986 0.11766 79.3449
      vertex 4.11476 0.234425 79.3295
    endloop
  endfacet
  facet normal 0 0.793579 -0.608467
    outer loop
      vertex 10.9388 -1.10585 78.7743
      vertex 3.99186 -1.03416 78.8678
      vertex 10.9482 -1.03416 78.8678
    endloop
  endfacet
  facet normal 8.89197e-06 0.793898 -0.608051
    outer loop
      vertex 3.99186 -1.03416 78.8678
      vertex 10.9388 -1.10585 78.7743
      vertex 3.98444 -1.06763 78.8241
    endloop
  endfacet
  facet normal 0 0.793299 -0.608833
    outer loop
      vertex 3.98444 -1.06763 78.8241
      vertex 10.9388 -1.10585 78.7743
      vertex 3.97239 -1.10585 78.7743
    endloop
  endfacet
  facet normal -0 0.843319 0.537414
    outer loop
      vertex 3.97239 -1.10585 77.2257
      vertex 10.9304 -1.16913 77.325
      vertex 10.9388 -1.10585 77.2257
    endloop
  endfacet
  facet normal 0 0.843319 0.537414
    outer loop
      vertex 10.9304 -1.16913 77.325
      vertex 3.97239 -1.10585 77.2257
      vertex 3.95244 -1.16913 77.325
    endloop
  endfacet
  facet normal 0 -0.953688 0.300798
    outer loop
      vertex 3.92108 1.26858 77.5383
      vertex 10.9127 1.304 77.6506
      vertex 3.90992 1.304 77.6506
    endloop
  endfacet
  facet normal 0 -0.953688 0.300798
    outer loop
      vertex 10.9127 1.304 77.6506
      vertex 3.92108 1.26858 77.5383
      vertex 10.9173 1.26858 77.5383
    endloop
  endfacet
  facet normal 0 0.675747 -0.737133
    outer loop
      vertex 10.9583 -0.954594 78.9546
      vertex 4.02875 -0.867763 79.0342
      vertex 10.9621 -0.867763 79.0342
    endloop
  endfacet
  facet normal 0 0.675747 -0.737133
    outer loop
      vertex 4.02875 -0.867763 79.0342
      vertex 10.9583 -0.954594 78.9546
      vertex 4.0095 -0.954594 78.9546
    endloop
  endfacet
  facet normal 0 -0.999048 0.0436288
    outer loop
      vertex 3.89703 1.34486 77.8823
      vertex 10.9066 1.35 78
      vertex 3.89541 1.35 78
    endloop
  endfacet
  facet normal 0 -0.999048 0.0436288
    outer loop
      vertex 10.9066 1.35 78
      vertex 3.89703 1.34486 77.8823
      vertex 10.9073 1.34486 77.8823
    endloop
  endfacet
  facet normal 0 0.843319 -0.537414
    outer loop
      vertex 10.9304 -1.16913 78.675
      vertex 3.97239 -1.10585 78.7743
      vertex 10.9388 -1.10585 78.7743
    endloop
  endfacet
  facet normal 0 0.843319 -0.537414
    outer loop
      vertex 3.97239 -1.10585 78.7743
      vertex 10.9304 -1.16913 78.675
      vertex 3.95244 -1.16913 78.675
    endloop
  endfacet
  facet normal -0 0.887043 0.461687
    outer loop
      vertex 3.95244 -1.16913 77.325
      vertex 10.9233 -1.22352 77.4295
      vertex 10.9304 -1.16913 77.325
    endloop
  endfacet
  facet normal 0 0.887043 0.461687
    outer loop
      vertex 10.9233 -1.22352 77.4295
      vertex 3.95244 -1.16913 77.325
      vertex 3.93529 -1.22352 77.4295
    endloop
  endfacet
  facet normal -0 0.999048 0.0436288
    outer loop
      vertex 3.89703 -1.34486 77.8823
      vertex 10.9066 -1.35 78
      vertex 10.9073 -1.34486 77.8823
    endloop
  endfacet
  facet normal 0 0.999048 0.0436288
    outer loop
      vertex 10.9066 -1.35 78
      vertex 3.89703 -1.34486 77.8823
      vertex 3.89541 -1.35 78
    endloop
  endfacet
  facet normal -0 0.30059 0.953753
    outer loop
      vertex 4.10974 -0.349405 76.696
      vertex 10.9798 -0.461727 76.7314
      vertex 10.9847 -0.349405 76.696
    endloop
  endfacet
  facet normal 2.00995e-05 0.301708 0.9534
    outer loop
      vertex 4.1093 -0.359517 76.6992
      vertex 10.9798 -0.461727 76.7314
      vertex 4.10974 -0.349405 76.696
    endloop
  endfacet
  facet normal 0 0.300479 0.953788
    outer loop
      vertex 10.9798 -0.461727 76.7314
      vertex 4.1093 -0.359517 76.6992
      vertex 4.09585 -0.461727 76.7314
    endloop
  endfacet
  facet normal 0 -0.0433046 -0.999062
    outer loop
      vertex 4.125 0 79.35
      vertex 10.9949 0.11766 79.3449
      vertex 11 0 79.35
    endloop
  endfacet
  facet normal -0 -0.0433046 -0.999062
    outer loop
      vertex 10.9949 0.11766 79.3449
      vertex 4.125 0 79.35
      vertex 4.11986 0.11766 79.3449
    endloop
  endfacet
  facet normal 0 -0.382906 -0.923787
    outer loop
      vertex 4.09585 0.461727 79.2686
      vertex 10.9751 0.570534 79.2235
      vertex 10.9798 0.461727 79.2686
    endloop
  endfacet
  facet normal -0 -0.382906 -0.923787
    outer loop
      vertex 10.9751 0.570534 79.2235
      vertex 4.09585 0.461727 79.2686
      vertex 4.08152 0.570534 79.2235
    endloop
  endfacet
  facet normal -0 -0.991438 -0.130578
    outer loop
      vertex 10.9073 1.34486 78.1177
      vertex 3.90188 1.32949 78.2344
      vertex 3.89703 1.34486 78.1177
    endloop
  endfacet
  facet normal 0 -0.991438 -0.130578
    outer loop
      vertex 3.90188 1.32949 78.2344
      vertex 10.9073 1.34486 78.1177
      vertex 10.9093 1.32949 78.2344
    endloop
  endfacet
  facet normal 0 0.887043 -0.461687
    outer loop
      vertex 10.9233 -1.22352 78.5705
      vertex 3.95244 -1.16913 78.675
      vertex 10.9304 -1.16913 78.675
    endloop
  endfacet
  facet normal 0 0.887043 -0.461687
    outer loop
      vertex 3.95244 -1.16913 78.675
      vertex 10.9233 -1.22352 78.5705
      vertex 3.93529 -1.22352 78.5705
    endloop
  endfacet
  facet normal 0 0.30059 -0.953753
    outer loop
      vertex 10.9798 -0.461727 79.2686
      vertex 4.10974 -0.349405 79.304
      vertex 10.9847 -0.349405 79.304
    endloop
  endfacet
  facet normal 2.00995e-05 0.301708 -0.9534
    outer loop
      vertex 10.9798 -0.461727 79.2686
      vertex 4.1093 -0.359517 79.3008
      vertex 4.10974 -0.349405 79.304
    endloop
  endfacet
  facet normal 0 0.300479 -0.953788
    outer loop
      vertex 4.1093 -0.359517 79.3008
      vertex 10.9798 -0.461727 79.2686
      vertex 4.09585 -0.461727 79.2686
    endloop
  endfacet
  facet normal 0 0.976305 -0.2164
    outer loop
      vertex 10.9093 -1.32949 78.2344
      vertex 3.90992 -1.304 78.3494
      vertex 10.9127 -1.304 78.3494
    endloop
  endfacet
  facet normal 0 0.976305 -0.2164
    outer loop
      vertex 3.90992 -1.304 78.3494
      vertex 10.9093 -1.32949 78.2344
      vertex 3.90188 -1.32949 78.2344
    endloop
  endfacet
  facet normal -0 0.0433046 0.999062
    outer loop
      vertex 4.125 0 76.65
      vertex 10.9949 -0.11766 76.6551
      vertex 11 0 76.65
    endloop
  endfacet
  facet normal 0 0.0433046 0.999062
    outer loop
      vertex 10.9949 -0.11766 76.6551
      vertex 4.125 0 76.65
      vertex 4.11986 -0.11766 76.6551
    endloop
  endfacet
  facet normal 0 -0.216517 -0.976279
    outer loop
      vertex 4.11476 0.234425 79.3295
      vertex 10.9847 0.349405 79.304
      vertex 10.9898 0.234425 79.3295
    endloop
  endfacet
  facet normal -0 -0.216517 -0.976279
    outer loop
      vertex 10.9847 0.349405 79.304
      vertex 4.11476 0.234425 79.3295
      vertex 4.10974 0.349405 79.304
    endloop
  endfacet
  facet normal 0 -0.461875 0.886945
    outer loop
      vertex 10.9705 0.674999 76.8309
      vertex 4.08152 0.570534 76.7765
      vertex 10.9751 0.570534 76.7765
    endloop
  endfacet
  facet normal 0 -0.461875 0.886945
    outer loop
      vertex 4.08152 0.570534 76.7765
      vertex 10.9705 0.674999 76.8309
      vertex 4.06777 0.674999 76.8309
    endloop
  endfacet
  facet normal -0 0.130757 0.991415
    outer loop
      vertex 4.11986 -0.11766 76.6551
      vertex 10.9898 -0.234425 76.6705
      vertex 10.9949 -0.11766 76.6551
    endloop
  endfacet
  facet normal 0 0.130757 0.991415
    outer loop
      vertex 10.9898 -0.234425 76.6705
      vertex 4.11986 -0.11766 76.6551
      vertex 4.11476 -0.234425 76.6705
    endloop
  endfacet
  facet normal 0 -0.737157 -0.675722
    outer loop
      vertex 10.9482 1.03416 78.8678
      vertex 10.9583 0.954594 78.9546
      vertex 4.0095 0.954594 78.9546
    endloop
  endfacet
  facet normal -0 -0.737157 -0.675722
    outer loop
      vertex 10.9482 1.03416 78.8678
      vertex 4.0095 0.954594 78.9546
      vertex 3.99186 1.03416 78.8678
    endloop
  endfacet
  facet normal -0.0136017 -0.737877 -0.674799
    outer loop
      vertex 10.9583 0.954594 78.9546
      vertex 10.9482 1.03416 78.8678
      vertex 10.9581 0.958713 78.9501
    endloop
  endfacet
  facet normal -0 -0.923899 -0.382637
    outer loop
      vertex 10.9173 1.26858 78.4617
      vertex 3.93529 1.22352 78.5705
      vertex 3.92108 1.26858 78.4617
    endloop
  endfacet
  facet normal 0 -0.923899 -0.382637
    outer loop
      vertex 3.93529 1.22352 78.5705
      vertex 10.9173 1.26858 78.4617
      vertex 10.9233 1.22352 78.5705
    endloop
  endfacet
  facet normal 0 0.0433046 -0.999062
    outer loop
      vertex 10.9949 -0.11766 79.3449
      vertex 4.125 0 79.35
      vertex 11 0 79.35
    endloop
  endfacet
  facet normal 0 0.0433046 -0.999062
    outer loop
      vertex 4.125 0 79.35
      vertex 10.9949 -0.11766 79.3449
      vertex 4.11986 -0.11766 79.3449
    endloop
  endfacet
  facet normal 0 0.793888 0.608064
    outer loop
      vertex 10.9388 -1.10585 77.2257
      vertex 3.98444 -1.06763 77.1758
      vertex 3.97239 -1.10585 77.2257
    endloop
  endfacet
  facet normal -0 0.793579 0.608467
    outer loop
      vertex 3.99186 -1.03416 77.1322
      vertex 10.9388 -1.10585 77.2257
      vertex 10.9482 -1.03416 77.1322
    endloop
  endfacet
  facet normal -9.82713e-06 0.793226 0.608927
    outer loop
      vertex 10.9388 -1.10585 77.2257
      vertex 3.99186 -1.03416 77.1322
      vertex 3.98444 -1.06763 77.1758
    endloop
  endfacet
  facet normal -0 -0.999048 -0.0436288
    outer loop
      vertex 10.9066 1.35 78
      vertex 3.89703 1.34486 78.1177
      vertex 3.89541 1.35 78
    endloop
  endfacet
  facet normal 0 -0.999048 -0.0436288
    outer loop
      vertex 3.89703 1.34486 78.1177
      vertex 10.9066 1.35 78
      vertex 10.9073 1.34486 78.1177
    endloop
  endfacet
  facet normal 0 -0.991438 0.130578
    outer loop
      vertex 3.90188 1.32949 77.7656
      vertex 10.9073 1.34486 77.8823
      vertex 3.89703 1.34486 77.8823
    endloop
  endfacet
  facet normal 0 -0.991438 0.130578
    outer loop
      vertex 10.9073 1.34486 77.8823
      vertex 3.90188 1.32949 77.7656
      vertex 10.9093 1.32949 77.7656
    endloop
  endfacet
  facet normal -0 0.923899 0.382637
    outer loop
      vertex 3.93529 -1.22352 77.4295
      vertex 10.9173 -1.26858 77.5383
      vertex 10.9233 -1.22352 77.4295
    endloop
  endfacet
  facet normal 0 0.923899 0.382637
    outer loop
      vertex 10.9173 -1.26858 77.5383
      vertex 3.93529 -1.22352 77.4295
      vertex 3.92108 -1.26858 77.5383
    endloop
  endfacet
  facet normal 0 -0.30059 -0.953753
    outer loop
      vertex 4.10974 0.349405 79.304
      vertex 10.9798 0.461727 79.2686
      vertex 10.9847 0.349405 79.304
    endloop
  endfacet
  facet normal 2.00995e-05 -0.301708 -0.9534
    outer loop
      vertex 4.1093 0.359517 79.3008
      vertex 10.9798 0.461727 79.2686
      vertex 4.10974 0.349405 79.304
    endloop
  endfacet
  facet normal -0 -0.300479 -0.953788
    outer loop
      vertex 10.9798 0.461727 79.2686
      vertex 4.1093 0.359517 79.3008
      vertex 4.09585 0.461727 79.2686
    endloop
  endfacet
  facet normal -0 -0.887043 -0.461687
    outer loop
      vertex 10.9233 1.22352 78.5705
      vertex 3.95244 1.16913 78.675
      vertex 3.93529 1.22352 78.5705
    endloop
  endfacet
  facet normal 0 -0.887043 -0.461687
    outer loop
      vertex 3.95244 1.16913 78.675
      vertex 10.9233 1.22352 78.5705
      vertex 10.9304 1.16913 78.675
    endloop
  endfacet
  facet normal 0 -0.675747 0.737133
    outer loop
      vertex 10.9583 0.954594 77.0454
      vertex 4.02875 0.867763 76.9658
      vertex 10.9621 0.867763 76.9658
    endloop
  endfacet
  facet normal 0 -0.675747 0.737133
    outer loop
      vertex 4.02875 0.867763 76.9658
      vertex 10.9583 0.954594 77.0454
      vertex 4.0095 0.954594 77.0454
    endloop
  endfacet
  facet normal 0 0.130757 -0.991415
    outer loop
      vertex 10.9898 -0.234425 79.3295
      vertex 4.11986 -0.11766 79.3449
      vertex 10.9949 -0.11766 79.3449
    endloop
  endfacet
  facet normal 0 0.130757 -0.991415
    outer loop
      vertex 4.11986 -0.11766 79.3449
      vertex 10.9898 -0.234425 79.3295
      vertex 4.11476 -0.234425 79.3295
    endloop
  endfacet
  facet normal 0 -0.976305 0.2164
    outer loop
      vertex 3.90992 1.304 77.6506
      vertex 10.9093 1.32949 77.7656
      vertex 3.90188 1.32949 77.7656
    endloop
  endfacet
  facet normal 0 -0.976305 0.2164
    outer loop
      vertex 10.9093 1.32949 77.7656
      vertex 3.90992 1.304 77.6506
      vertex 10.9127 1.304 77.6506
    endloop
  endfacet
  facet normal -0 0.536823 0.843695
    outer loop
      vertex 4.06777 -0.674999 76.8309
      vertex 10.9662 -0.774327 76.8941
      vertex 10.9705 -0.674999 76.8309
    endloop
  endfacet
  facet normal 6.5886e-06 0.537148 0.843488
    outer loop
      vertex 4.06233 -0.716298 76.8572
      vertex 10.9662 -0.774327 76.8941
      vertex 4.06777 -0.674999 76.8309
    endloop
  endfacet
  facet normal 0 0.53659 0.843843
    outer loop
      vertex 10.9662 -0.774327 76.8941
      vertex 4.06233 -0.716298 76.8572
      vertex 4.04947 -0.774327 76.8941
    endloop
  endfacet
  facet normal -0 0.461875 0.886945
    outer loop
      vertex 4.08152 -0.570534 76.7765
      vertex 10.9705 -0.674999 76.8309
      vertex 10.9751 -0.570534 76.7765
    endloop
  endfacet
  facet normal 0 0.461875 0.886945
    outer loop
      vertex 10.9705 -0.674999 76.8309
      vertex 4.08152 -0.570534 76.7765
      vertex 4.06777 -0.674999 76.8309
    endloop
  endfacet
  facet normal -0 0.953688 0.300798
    outer loop
      vertex 3.92108 -1.26858 77.5383
      vertex 10.9127 -1.304 77.6506
      vertex 10.9173 -1.26858 77.5383
    endloop
  endfacet
  facet normal 0 0.953688 0.300798
    outer loop
      vertex 10.9127 -1.304 77.6506
      vertex 3.92108 -1.26858 77.5383
      vertex 3.90992 -1.304 77.6506
    endloop
  endfacet
  facet normal 0 0.923899 -0.382637
    outer loop
      vertex 10.9173 -1.26858 78.4617
      vertex 3.93529 -1.22352 78.5705
      vertex 10.9233 -1.22352 78.5705
    endloop
  endfacet
  facet normal 0 0.923899 -0.382637
    outer loop
      vertex 3.93529 -1.22352 78.5705
      vertex 10.9173 -1.26858 78.4617
      vertex 3.92108 -1.26858 78.4617
    endloop
  endfacet
  facet normal 0 0.953688 -0.300798
    outer loop
      vertex 10.9127 -1.304 78.3494
      vertex 3.92108 -1.26858 78.4617
      vertex 10.9173 -1.26858 78.4617
    endloop
  endfacet
  facet normal 0 0.953688 -0.300798
    outer loop
      vertex 3.92108 -1.26858 78.4617
      vertex 10.9127 -1.304 78.3494
      vertex 3.90992 -1.304 78.3494
    endloop
  endfacet
  facet normal -0 -0.953688 -0.300798
    outer loop
      vertex 10.9127 1.304 78.3494
      vertex 3.92108 1.26858 78.4617
      vertex 3.90992 1.304 78.3494
    endloop
  endfacet
  facet normal 0 -0.953688 -0.300798
    outer loop
      vertex 3.92108 1.26858 78.4617
      vertex 10.9127 1.304 78.3494
      vertex 10.9173 1.26858 78.4617
    endloop
  endfacet
  facet normal 0 0.536823 -0.843695
    outer loop
      vertex 10.9662 -0.774327 79.1059
      vertex 4.06777 -0.674999 79.1691
      vertex 10.9705 -0.674999 79.1691
    endloop
  endfacet
  facet normal 6.5886e-06 0.537148 -0.843488
    outer loop
      vertex 10.9662 -0.774327 79.1059
      vertex 4.06233 -0.716298 79.1428
      vertex 4.06777 -0.674999 79.1691
    endloop
  endfacet
  facet normal 0 0.53659 -0.843843
    outer loop
      vertex 4.06233 -0.716298 79.1428
      vertex 10.9662 -0.774327 79.1059
      vertex 4.04947 -0.774327 79.1059
    endloop
  endfacet
  facet normal -0.0136017 0.737877 -0.674799
    outer loop
      vertex 10.9482 -1.03416 78.8678
      vertex 10.9583 -0.954594 78.9546
      vertex 10.9581 -0.958713 78.9501
    endloop
  endfacet
  facet normal 0 0.737157 -0.675722
    outer loop
      vertex 10.9583 -0.954594 78.9546
      vertex 10.9482 -1.03416 78.8678
      vertex 4.0095 -0.954594 78.9546
    endloop
  endfacet
  facet normal 0 0.737157 -0.675722
    outer loop
      vertex 4.0095 -0.954594 78.9546
      vertex 10.9482 -1.03416 78.8678
      vertex 3.99186 -1.03416 78.8678
    endloop
  endfacet
  facet normal 0 0.991438 -0.130578
    outer loop
      vertex 10.9073 -1.34486 78.1177
      vertex 3.90188 -1.32949 78.2344
      vertex 10.9093 -1.32949 78.2344
    endloop
  endfacet
  facet normal 0 0.991438 -0.130578
    outer loop
      vertex 3.90188 -1.32949 78.2344
      vertex 10.9073 -1.34486 78.1177
      vertex 3.89703 -1.34486 78.1177
    endloop
  endfacet
  facet normal 0 0.999048 -0.0436288
    outer loop
      vertex 10.9066 -1.35 78
      vertex 3.89703 -1.34486 78.1177
      vertex 10.9073 -1.34486 78.1177
    endloop
  endfacet
  facet normal 0 0.999048 -0.0436288
    outer loop
      vertex 3.89703 -1.34486 78.1177
      vertex 10.9066 -1.35 78
      vertex 3.89541 -1.35 78
    endloop
  endfacet
  facet normal -0.0136017 0.737877 0.674799
    outer loop
      vertex 10.9583 -0.954594 77.0454
      vertex 10.9482 -1.03416 77.1322
      vertex 10.9581 -0.958713 77.0499
    endloop
  endfacet
  facet normal 0 0.737157 0.675722
    outer loop
      vertex 10.9482 -1.03416 77.1322
      vertex 10.9583 -0.954594 77.0454
      vertex 4.0095 -0.954594 77.0454
    endloop
  endfacet
  facet normal 0 0.737157 0.675722
    outer loop
      vertex 10.9482 -1.03416 77.1322
      vertex 4.0095 -0.954594 77.0454
      vertex 3.99186 -1.03416 77.1322
    endloop
  endfacet
  facet normal 0 -0.536823 -0.843695
    outer loop
      vertex 4.06777 0.674999 79.1691
      vertex 10.9662 0.774327 79.1059
      vertex 10.9705 0.674999 79.1691
    endloop
  endfacet
  facet normal 6.5886e-06 -0.537148 -0.843488
    outer loop
      vertex 4.06233 0.716298 79.1428
      vertex 10.9662 0.774327 79.1059
      vertex 4.06777 0.674999 79.1691
    endloop
  endfacet
  facet normal -0 -0.53659 -0.843843
    outer loop
      vertex 10.9662 0.774327 79.1059
      vertex 4.06233 0.716298 79.1428
      vertex 4.04947 0.774327 79.1059
    endloop
  endfacet
endsolid OpenSCAD_Model
