solid OpenSCAD_Model
  facet normal 0 -1 0
    outer loop
      vertex -17 -49 95
      vertex -15 -49 89
      vertex 17 -49 95
    endloop
  endfacet
  facet normal 0 -1 0
    outer loop
      vertex -17 -49 95
      vertex -15 -49 6
      vertex -15 -49 89
    endloop
  endfacet
  facet normal 0 -1 -0
    outer loop
      vertex -15 -49 6
      vertex -17 -49 0
      vertex 15 -49 6
    endloop
  endfacet
  facet normal 0 -1 0
    outer loop
      vertex -17 -49 0
      vertex -15 -49 6
      vertex -17 -49 95
    endloop
  endfacet
  facet normal 0 -1 0
    outer loop
      vertex 15 -49 89
      vertex 17 -49 95
      vertex -15 -49 89
    endloop
  endfacet
  facet normal 0 -1 0
    outer loop
      vertex 15 -49 6
      vertex 17 -49 95
      vertex 15 -49 89
    endloop
  endfacet
  facet normal 0 -1 0
    outer loop
      vertex 15 -49 6
      vertex 17 -49 0
      vertex 17 -49 95
    endloop
  endfacet
  facet normal 0 -1 0
    outer loop
      vertex 17 -49 0
      vertex 15 -49 6
      vertex -17 -49 0
    endloop
  endfacet
  facet normal -0 0 1
    outer loop
      vertex -1 -9 6
      vertex 15 -49 6
      vertex 1 -9 6
    endloop
  endfacet
  facet normal 0 0 1
    outer loop
      vertex 15 -49 6
      vertex -1 -9 6
      vertex -15 -49 6
    endloop
  endfacet
  facet normal 0.936329 0.351123 0
    outer loop
      vertex 17 -49 95
      vertex 2 -9 0
      vertex 2 -9 95
    endloop
  endfacet
  facet normal 0.936329 0.351123 0
    outer loop
      vertex 2 -9 0
      vertex 17 -49 95
      vertex 17 -49 0
    endloop
  endfacet
  facet normal 0 1 0
    outer loop
      vertex 2 -9 95
      vertex 1 -9 89
      vertex -2 -9 95
    endloop
  endfacet
  facet normal 0 1 0
    outer loop
      vertex 2 -9 95
      vertex 1 -9 6
      vertex 1 -9 89
    endloop
  endfacet
  facet normal 0 1 0
    outer loop
      vertex 1 -9 6
      vertex 2 -9 0
      vertex -1 -9 6
    endloop
  endfacet
  facet normal 0 1 -0
    outer loop
      vertex 2 -9 0
      vertex 1 -9 6
      vertex 2 -9 95
    endloop
  endfacet
  facet normal 0 1 -0
    outer loop
      vertex -1 -9 89
      vertex -2 -9 95
      vertex 1 -9 89
    endloop
  endfacet
  facet normal 0 1 -0
    outer loop
      vertex -1 -9 6
      vertex -2 -9 95
      vertex -1 -9 89
    endloop
  endfacet
  facet normal 0 1 0
    outer loop
      vertex -1 -9 6
      vertex -2 -9 0
      vertex -2 -9 95
    endloop
  endfacet
  facet normal 0 1 0
    outer loop
      vertex -2 -9 0
      vertex -1 -9 6
      vertex 2 -9 0
    endloop
  endfacet
  facet normal -0.936329 0.351123 0
    outer loop
      vertex -17 -49 0
      vertex -2 -9 95
      vertex -2 -9 0
    endloop
  endfacet
  facet normal -0.936329 0.351123 0
    outer loop
      vertex -2 -9 95
      vertex -17 -49 0
      vertex -17 -49 95
    endloop
  endfacet
  facet normal 0 0 -1
    outer loop
      vertex 17 -49 0
      vertex 4.34486 -46.1177 0
      vertex 4.35 -46 0
    endloop
  endfacet
  facet normal 0 0 -1
    outer loop
      vertex 17 -49 0
      vertex 4.32949 -46.2344 0
      vertex 4.34486 -46.1177 0
    endloop
  endfacet
  facet normal 0 0 -1
    outer loop
      vertex 17 -49 0
      vertex 4.304 -46.3494 0
      vertex 4.32949 -46.2344 0
    endloop
  endfacet
  facet normal 0 0 -1
    outer loop
      vertex 17 -49 0
      vertex 4.26858 -46.4617 0
      vertex 4.304 -46.3494 0
    endloop
  endfacet
  facet normal 0 0 -1
    outer loop
      vertex 17 -49 0
      vertex 4.22352 -46.5705 0
      vertex 4.26858 -46.4617 0
    endloop
  endfacet
  facet normal 0 0 -1
    outer loop
      vertex 17 -49 0
      vertex 4.16913 -46.675 0
      vertex 4.22352 -46.5705 0
    endloop
  endfacet
  facet normal 0 0 -1
    outer loop
      vertex 17 -49 0
      vertex 4.10585 -46.7743 0
      vertex 4.16913 -46.675 0
    endloop
  endfacet
  facet normal 0 0 -1
    outer loop
      vertex 17 -49 0
      vertex 4.03416 -46.8678 0
      vertex 4.10585 -46.7743 0
    endloop
  endfacet
  facet normal 0 0 -1
    outer loop
      vertex 17 -49 0
      vertex 3.95459 -46.9546 0
      vertex 4.03416 -46.8678 0
    endloop
  endfacet
  facet normal 0 0 -1
    outer loop
      vertex 17 -49 0
      vertex 3.86776 -47.0342 0
      vertex 3.95459 -46.9546 0
    endloop
  endfacet
  facet normal 0 0 -1
    outer loop
      vertex 17 -49 0
      vertex 3.77433 -47.1059 0
      vertex 3.86776 -47.0342 0
    endloop
  endfacet
  facet normal 0 0 -1
    outer loop
      vertex 17 -49 0
      vertex 3.675 -47.1691 0
      vertex 3.77433 -47.1059 0
    endloop
  endfacet
  facet normal 0 0 -1
    outer loop
      vertex 17 -49 0
      vertex 3.57053 -47.2235 0
      vertex 3.675 -47.1691 0
    endloop
  endfacet
  facet normal 0 0 -1
    outer loop
      vertex 17 -49 0
      vertex 3.46173 -47.2686 0
      vertex 3.57053 -47.2235 0
    endloop
  endfacet
  facet normal 0 0 -1
    outer loop
      vertex 17 -49 0
      vertex 3.34941 -47.304 0
      vertex 3.46173 -47.2686 0
    endloop
  endfacet
  facet normal 0 0 -1
    outer loop
      vertex 17 -49 0
      vertex 3.23442 -47.3295 0
      vertex 3.34941 -47.304 0
    endloop
  endfacet
  facet normal 0 0 -1
    outer loop
      vertex 17 -49 0
      vertex 3.11766 -47.3449 0
      vertex 3.23442 -47.3295 0
    endloop
  endfacet
  facet normal 0 0 -1
    outer loop
      vertex 17 -49 0
      vertex 3 -47.35 0
      vertex 3.11766 -47.3449 0
    endloop
  endfacet
  facet normal 0 0 -1
    outer loop
      vertex 17 -49 0
      vertex 2.88234 -47.3449 0
      vertex 3 -47.35 0
    endloop
  endfacet
  facet normal 0 0 -1
    outer loop
      vertex 17 -49 0
      vertex 1.34486 -29.1177 0
      vertex 1.35 -29 0
    endloop
  endfacet
  facet normal 0 0 -1
    outer loop
      vertex 1.65514 -45.8823 0
      vertex 1.32949 -29.2344 0
      vertex 1.34486 -29.1177 0
    endloop
  endfacet
  facet normal 0 0 -1
    outer loop
      vertex 1.65514 -45.8823 0
      vertex 1.304 -29.3494 0
      vertex 1.32949 -29.2344 0
    endloop
  endfacet
  facet normal 0 0 -1
    outer loop
      vertex 1.65514 -45.8823 0
      vertex 1.26858 -29.4617 0
      vertex 1.304 -29.3494 0
    endloop
  endfacet
  facet normal 0 0 -1
    outer loop
      vertex 1.65514 -45.8823 0
      vertex 1.22352 -29.5705 0
      vertex 1.26858 -29.4617 0
    endloop
  endfacet
  facet normal 0 0 -1
    outer loop
      vertex 1.65514 -45.8823 0
      vertex 1.16913 -29.675 0
      vertex 1.22352 -29.5705 0
    endloop
  endfacet
  facet normal 0 0 -1
    outer loop
      vertex 1.65514 -45.8823 0
      vertex 1.10585 -29.7743 0
      vertex 1.16913 -29.675 0
    endloop
  endfacet
  facet normal 0 0 -1
    outer loop
      vertex 1.65514 -45.8823 0
      vertex 1.03416 -29.8678 0
      vertex 1.10585 -29.7743 0
    endloop
  endfacet
  facet normal 0 0 -1
    outer loop
      vertex 1.65514 -45.8823 0
      vertex 0.954594 -29.9546 0
      vertex 1.03416 -29.8678 0
    endloop
  endfacet
  facet normal 0 0 -1
    outer loop
      vertex 1.65514 -45.8823 0
      vertex 0.867763 -30.0342 0
      vertex 0.954594 -29.9546 0
    endloop
  endfacet
  facet normal 0 0 -1
    outer loop
      vertex -10.696 -44.3494 0
      vertex 1.65 -46 0
      vertex 1.65514 -46.1177 0
    endloop
  endfacet
  facet normal 0 0 -1
    outer loop
      vertex 1.65514 -45.8823 0
      vertex 0.774327 -30.1059 0
      vertex 0.867763 -30.0342 0
    endloop
  endfacet
  facet normal 0 0 -1
    outer loop
      vertex 1.65514 -45.8823 0
      vertex 0.674999 -30.1691 0
      vertex 0.774327 -30.1059 0
    endloop
  endfacet
  facet normal 0 0 -1
    outer loop
      vertex 1.65514 -45.8823 0
      vertex 0.570534 -30.2235 0
      vertex 0.674999 -30.1691 0
    endloop
  endfacet
  facet normal 0 0 -1
    outer loop
      vertex 1.65514 -45.8823 0
      vertex 0.461727 -30.2686 0
      vertex 0.570534 -30.2235 0
    endloop
  endfacet
  facet normal 0 0 -1
    outer loop
      vertex 1.65514 -45.8823 0
      vertex 0.349405 -30.304 0
      vertex 0.461727 -30.2686 0
    endloop
  endfacet
  facet normal 0 0 -1
    outer loop
      vertex 1.65514 -45.8823 0
      vertex 0.234425 -30.3295 0
      vertex 0.349405 -30.304 0
    endloop
  endfacet
  facet normal 0 0 -1
    outer loop
      vertex 1.65514 -45.8823 0
      vertex 0.11766 -30.3449 0
      vertex 0.234425 -30.3295 0
    endloop
  endfacet
  facet normal 0 0 -1
    outer loop
      vertex 1.65514 -45.8823 0
      vertex 0 -30.35 0
      vertex 0.11766 -30.3449 0
    endloop
  endfacet
  facet normal 0 0 -1
    outer loop
      vertex 1.65514 -45.8823 0
      vertex -0.11766 -30.3449 0
      vertex 0 -30.35 0
    endloop
  endfacet
  facet normal 0 0 -1
    outer loop
      vertex 1.65514 -45.8823 0
      vertex -0.234425 -30.3295 0
      vertex -0.11766 -30.3449 0
    endloop
  endfacet
  facet normal 0 0 -1
    outer loop
      vertex 1.65514 -45.8823 0
      vertex -0.349405 -30.304 0
      vertex -0.234425 -30.3295 0
    endloop
  endfacet
  facet normal 0 0 -1
    outer loop
      vertex 1.65514 -45.8823 0
      vertex -0.461727 -30.2686 0
      vertex -0.349405 -30.304 0
    endloop
  endfacet
  facet normal 0 0 -1
    outer loop
      vertex -10.7314 -44.4617 0
      vertex 1.65514 -46.1177 0
      vertex 1.67051 -46.2344 0
    endloop
  endfacet
  facet normal 0 0 -1
    outer loop
      vertex 1.65514 -45.8823 0
      vertex -10.8309 -43.325 0
      vertex -0.461727 -30.2686 0
    endloop
  endfacet
  facet normal 0 0 -1
    outer loop
      vertex -10.8941 -43.2257 0
      vertex -0.461727 -30.2686 0
      vertex -10.8309 -43.325 0
    endloop
  endfacet
  facet normal -0 0 -1
    outer loop
      vertex -0.461727 -30.2686 0
      vertex -10.8941 -43.2257 0
      vertex -0.570534 -30.2235 0
    endloop
  endfacet
  facet normal 0 0 -1
    outer loop
      vertex -10.9658 -43.1322 0
      vertex -0.570534 -30.2235 0
      vertex -10.8941 -43.2257 0
    endloop
  endfacet
  facet normal -0 0 -1
    outer loop
      vertex -0.570534 -30.2235 0
      vertex -10.9658 -43.1322 0
      vertex -0.674999 -30.1691 0
    endloop
  endfacet
  facet normal 0 0 -1
    outer loop
      vertex -11.0454 -43.0454 0
      vertex -0.674999 -30.1691 0
      vertex -10.9658 -43.1322 0
    endloop
  endfacet
  facet normal -0 0 -1
    outer loop
      vertex -0.674999 -30.1691 0
      vertex -11.0454 -43.0454 0
      vertex -0.774327 -30.1059 0
    endloop
  endfacet
  facet normal 0 0 -1
    outer loop
      vertex -11.1322 -42.9658 0
      vertex -0.774327 -30.1059 0
      vertex -11.0454 -43.0454 0
    endloop
  endfacet
  facet normal -0 0 -1
    outer loop
      vertex -0.774327 -30.1059 0
      vertex -11.1322 -42.9658 0
      vertex -0.867763 -30.0342 0
    endloop
  endfacet
  facet normal 0 0 -1
    outer loop
      vertex -11.2257 -42.8941 0
      vertex -0.867763 -30.0342 0
      vertex -11.1322 -42.9658 0
    endloop
  endfacet
  facet normal -0 0 -1
    outer loop
      vertex -0.867763 -30.0342 0
      vertex -11.2257 -42.8941 0
      vertex -0.954594 -29.9546 0
    endloop
  endfacet
  facet normal 0 0 -1
    outer loop
      vertex -11.325 -42.8309 0
      vertex -0.954594 -29.9546 0
      vertex -11.2257 -42.8941 0
    endloop
  endfacet
  facet normal -0 0 -1
    outer loop
      vertex -0.954594 -29.9546 0
      vertex -11.325 -42.8309 0
      vertex -1.03416 -29.8678 0
    endloop
  endfacet
  facet normal 0 0 -1
    outer loop
      vertex 1.65514 -45.8823 0
      vertex -10.6705 -43.7656 0
      vertex -10.696 -43.6506 0
    endloop
  endfacet
  facet normal 0 0 -1
    outer loop
      vertex 1.65514 -45.8823 0
      vertex -10.6551 -43.8823 0
      vertex -10.6705 -43.7656 0
    endloop
  endfacet
  facet normal 0 0 -1
    outer loop
      vertex 1.65514 -45.8823 0
      vertex -10.65 -44 0
      vertex -10.6551 -43.8823 0
    endloop
  endfacet
  facet normal 0 0 -1
    outer loop
      vertex -10.7765 -44.5705 0
      vertex 1.67051 -46.2344 0
      vertex 1.696 -46.3494 0
    endloop
  endfacet
  facet normal 0 0 -1
    outer loop
      vertex -10.8309 -44.675 0
      vertex 1.696 -46.3494 0
      vertex 1.73141 -46.4617 0
    endloop
  endfacet
  facet normal 0 0 -1
    outer loop
      vertex -10.8941 -44.7743 0
      vertex 1.73141 -46.4617 0
      vertex 1.77648 -46.5705 0
    endloop
  endfacet
  facet normal 0 0 -1
    outer loop
      vertex -10.9658 -44.8678 0
      vertex 1.77648 -46.5705 0
      vertex 1.83086 -46.675 0
    endloop
  endfacet
  facet normal 0 0 -1
    outer loop
      vertex -11.0454 -44.9546 0
      vertex 1.83086 -46.675 0
      vertex 1.89414 -46.7743 0
    endloop
  endfacet
  facet normal 0 0 -1
    outer loop
      vertex -11.1322 -45.0342 0
      vertex 1.89414 -46.7743 0
      vertex 1.96584 -46.8678 0
    endloop
  endfacet
  facet normal 0 0 -1
    outer loop
      vertex -11.2257 -45.1059 0
      vertex 1.96584 -46.8678 0
      vertex 2.04541 -46.9546 0
    endloop
  endfacet
  facet normal 0 0 -1
    outer loop
      vertex -11.325 -45.1691 0
      vertex 2.04541 -46.9546 0
      vertex 2.13224 -47.0342 0
    endloop
  endfacet
  facet normal 0 0 -1
    outer loop
      vertex -11.4295 -45.2235 0
      vertex 2.13224 -47.0342 0
      vertex 2.22567 -47.1059 0
    endloop
  endfacet
  facet normal 0 0 -1
    outer loop
      vertex -17 -49 0
      vertex 2.22567 -47.1059 0
      vertex 2.325 -47.1691 0
    endloop
  endfacet
  facet normal 0 0 -1
    outer loop
      vertex -17 -49 0
      vertex 2.325 -47.1691 0
      vertex 2.42947 -47.2235 0
    endloop
  endfacet
  facet normal 0 0 -1
    outer loop
      vertex -17 -49 0
      vertex 2.42947 -47.2235 0
      vertex 2.53827 -47.2686 0
    endloop
  endfacet
  facet normal 0 0 -1
    outer loop
      vertex -17 -49 0
      vertex 2.53827 -47.2686 0
      vertex 2.65059 -47.304 0
    endloop
  endfacet
  facet normal 0 0 -1
    outer loop
      vertex 1.65514 -45.8823 0
      vertex -10.6551 -44.1177 0
      vertex -10.65 -44 0
    endloop
  endfacet
  facet normal 0 0 -1
    outer loop
      vertex 1.65514 -45.8823 0
      vertex -10.6705 -44.2344 0
      vertex -10.6551 -44.1177 0
    endloop
  endfacet
  facet normal 0 0 -1
    outer loop
      vertex 1.65 -46 0
      vertex -10.696 -44.3494 0
      vertex -10.6705 -44.2344 0
    endloop
  endfacet
  facet normal 0 0 -1
    outer loop
      vertex -17 -49 0
      vertex 2.65059 -47.304 0
      vertex 2.76557 -47.3295 0
    endloop
  endfacet
  facet normal 0 0 -1
    outer loop
      vertex 1.65514 -46.1177 0
      vertex -10.7314 -44.4617 0
      vertex -10.696 -44.3494 0
    endloop
  endfacet
  facet normal 0 0 -1
    outer loop
      vertex 1.67051 -46.2344 0
      vertex -10.7765 -44.5705 0
      vertex -10.7314 -44.4617 0
    endloop
  endfacet
  facet normal 0 0 -1
    outer loop
      vertex 1.696 -46.3494 0
      vertex -10.8309 -44.675 0
      vertex -10.7765 -44.5705 0
    endloop
  endfacet
  facet normal 0 0 -1
    outer loop
      vertex 1.73141 -46.4617 0
      vertex -10.8941 -44.7743 0
      vertex -10.8309 -44.675 0
    endloop
  endfacet
  facet normal 0 0 -1
    outer loop
      vertex 1.77648 -46.5705 0
      vertex -10.9658 -44.8678 0
      vertex -10.8941 -44.7743 0
    endloop
  endfacet
  facet normal 0 0 -1
    outer loop
      vertex 1.83086 -46.675 0
      vertex -11.0454 -44.9546 0
      vertex -10.9658 -44.8678 0
    endloop
  endfacet
  facet normal 0 0 -1
    outer loop
      vertex 1.89414 -46.7743 0
      vertex -11.1322 -45.0342 0
      vertex -11.0454 -44.9546 0
    endloop
  endfacet
  facet normal 0 0 -1
    outer loop
      vertex 1.96584 -46.8678 0
      vertex -11.2257 -45.1059 0
      vertex -11.1322 -45.0342 0
    endloop
  endfacet
  facet normal 0 0 -1
    outer loop
      vertex 2.04541 -46.9546 0
      vertex -11.325 -45.1691 0
      vertex -11.2257 -45.1059 0
    endloop
  endfacet
  facet normal 0 0 -1
    outer loop
      vertex 2.13224 -47.0342 0
      vertex -11.4295 -45.2235 0
      vertex -11.325 -45.1691 0
    endloop
  endfacet
  facet normal 0 0 -1
    outer loop
      vertex 2.22567 -47.1059 0
      vertex -11.5383 -45.2686 0
      vertex -11.4295 -45.2235 0
    endloop
  endfacet
  facet normal -0 0 -1
    outer loop
      vertex 2.22567 -47.1059 0
      vertex -17 -49 0
      vertex -11.5383 -45.2686 0
    endloop
  endfacet
  facet normal 0 0 -1
    outer loop
      vertex -11.5383 -45.2686 0
      vertex -17 -49 0
      vertex -11.6506 -45.304 0
    endloop
  endfacet
  facet normal 0 0 -1
    outer loop
      vertex -11.6506 -45.304 0
      vertex -17 -49 0
      vertex -11.7656 -45.3295 0
    endloop
  endfacet
  facet normal 0 0 -1
    outer loop
      vertex -11.7656 -45.3295 0
      vertex -17 -49 0
      vertex -11.8823 -45.3449 0
    endloop
  endfacet
  facet normal 0 0 -1
    outer loop
      vertex -11.8823 -45.3449 0
      vertex -17 -49 0
      vertex -12 -45.35 0
    endloop
  endfacet
  facet normal -0 0 -1
    outer loop
      vertex -12 -45.35 0
      vertex -17 -49 0
      vertex -12.1177 -45.3449 0
    endloop
  endfacet
  facet normal -0 0 -1
    outer loop
      vertex -13.3449 -44.1177 0
      vertex -17 -49 0
      vertex -13.35 -44 0
    endloop
  endfacet
  facet normal -0 0 -1
    outer loop
      vertex -13.3295 -44.2344 0
      vertex -17 -49 0
      vertex -13.3449 -44.1177 0
    endloop
  endfacet
  facet normal -0 0 -1
    outer loop
      vertex -13.304 -44.3494 0
      vertex -17 -49 0
      vertex -13.3295 -44.2344 0
    endloop
  endfacet
  facet normal -0 0 -1
    outer loop
      vertex -13.2686 -44.4617 0
      vertex -17 -49 0
      vertex -13.304 -44.3494 0
    endloop
  endfacet
  facet normal -0 0 -1
    outer loop
      vertex -13.2235 -44.5705 0
      vertex -17 -49 0
      vertex -13.2686 -44.4617 0
    endloop
  endfacet
  facet normal -0 0 -1
    outer loop
      vertex -13.1691 -44.675 0
      vertex -17 -49 0
      vertex -13.2235 -44.5705 0
    endloop
  endfacet
  facet normal -0 0 -1
    outer loop
      vertex -13.1059 -44.7743 0
      vertex -17 -49 0
      vertex -13.1691 -44.675 0
    endloop
  endfacet
  facet normal -0 0 -1
    outer loop
      vertex -13.0342 -44.8678 0
      vertex -17 -49 0
      vertex -13.1059 -44.7743 0
    endloop
  endfacet
  facet normal -0 0 -1
    outer loop
      vertex -12.9546 -44.9546 0
      vertex -17 -49 0
      vertex -13.0342 -44.8678 0
    endloop
  endfacet
  facet normal -0 0 -1
    outer loop
      vertex -12.8678 -45.0342 0
      vertex -17 -49 0
      vertex -12.9546 -44.9546 0
    endloop
  endfacet
  facet normal -0 0 -1
    outer loop
      vertex -12.7743 -45.1059 0
      vertex -17 -49 0
      vertex -12.8678 -45.0342 0
    endloop
  endfacet
  facet normal -0 0 -1
    outer loop
      vertex -12.675 -45.1691 0
      vertex -17 -49 0
      vertex -12.7743 -45.1059 0
    endloop
  endfacet
  facet normal -0 0 -1
    outer loop
      vertex -12.5705 -45.2235 0
      vertex -17 -49 0
      vertex -12.675 -45.1691 0
    endloop
  endfacet
  facet normal -0 0 -1
    outer loop
      vertex -12.4617 -45.2686 0
      vertex -17 -49 0
      vertex -12.5705 -45.2235 0
    endloop
  endfacet
  facet normal -0 0 -1
    outer loop
      vertex -12.3494 -45.304 0
      vertex -17 -49 0
      vertex -12.4617 -45.2686 0
    endloop
  endfacet
  facet normal -0 0 -1
    outer loop
      vertex -12.2344 -45.3295 0
      vertex -17 -49 0
      vertex -12.3494 -45.304 0
    endloop
  endfacet
  facet normal -0 0 -1
    outer loop
      vertex -12.1177 -45.3449 0
      vertex -17 -49 0
      vertex -12.2344 -45.3295 0
    endloop
  endfacet
  facet normal -0 0 -1
    outer loop
      vertex 2.88234 -47.3449 0
      vertex -17 -49 0
      vertex 2.76557 -47.3295 0
    endloop
  endfacet
  facet normal 0 0 -1
    outer loop
      vertex -17 -49 0
      vertex 2.88234 -47.3449 0
      vertex 17 -49 0
    endloop
  endfacet
  facet normal 0 0 -1
    outer loop
      vertex 4.34486 -45.8823 0
      vertex 17 -49 0
      vertex 4.35 -46 0
    endloop
  endfacet
  facet normal 0 0 -1
    outer loop
      vertex 4.32949 -45.7656 0
      vertex 17 -49 0
      vertex 4.34486 -45.8823 0
    endloop
  endfacet
  facet normal 0 0 -1
    outer loop
      vertex 4.304 -45.6506 0
      vertex 17 -49 0
      vertex 4.32949 -45.7656 0
    endloop
  endfacet
  facet normal 0 0 -1
    outer loop
      vertex 4.26858 -45.5383 0
      vertex 17 -49 0
      vertex 4.304 -45.6506 0
    endloop
  endfacet
  facet normal 0 0 -1
    outer loop
      vertex 4.22352 -45.4295 0
      vertex 17 -49 0
      vertex 4.26858 -45.5383 0
    endloop
  endfacet
  facet normal 0 0 -1
    outer loop
      vertex 4.16913 -45.325 0
      vertex 17 -49 0
      vertex 4.22352 -45.4295 0
    endloop
  endfacet
  facet normal 0 0 -1
    outer loop
      vertex 4.10585 -45.2257 0
      vertex 17 -49 0
      vertex 4.16913 -45.325 0
    endloop
  endfacet
  facet normal 0 0 -1
    outer loop
      vertex 4.03416 -45.1322 0
      vertex 17 -49 0
      vertex 4.10585 -45.2257 0
    endloop
  endfacet
  facet normal 0 0 -1
    outer loop
      vertex 3.95459 -45.0454 0
      vertex 17 -49 0
      vertex 4.03416 -45.1322 0
    endloop
  endfacet
  facet normal 0 0 -1
    outer loop
      vertex 1.34486 -29.1177 0
      vertex 3.95459 -45.0454 0
      vertex 3.86776 -44.9658 0
    endloop
  endfacet
  facet normal 0 0 -1
    outer loop
      vertex 1.34486 -29.1177 0
      vertex 3.86776 -44.9658 0
      vertex 3.77433 -44.8941 0
    endloop
  endfacet
  facet normal 0 0 -1
    outer loop
      vertex 1.34486 -29.1177 0
      vertex 3.77433 -44.8941 0
      vertex 3.675 -44.8309 0
    endloop
  endfacet
  facet normal 0 0 -1
    outer loop
      vertex 1.34486 -29.1177 0
      vertex 3.675 -44.8309 0
      vertex 3.57053 -44.7765 0
    endloop
  endfacet
  facet normal 0 0 -1
    outer loop
      vertex 1.34486 -29.1177 0
      vertex 3.57053 -44.7765 0
      vertex 3.46173 -44.7314 0
    endloop
  endfacet
  facet normal 0 0 -1
    outer loop
      vertex 1.34486 -29.1177 0
      vertex 3.46173 -44.7314 0
      vertex 3.34941 -44.696 0
    endloop
  endfacet
  facet normal 0 0 -1
    outer loop
      vertex 1.34486 -29.1177 0
      vertex 17 -49 0
      vertex 3.95459 -45.0454 0
    endloop
  endfacet
  facet normal 0 0 -1
    outer loop
      vertex 1.34486 -29.1177 0
      vertex 3.34941 -44.696 0
      vertex 3.23442 -44.6705 0
    endloop
  endfacet
  facet normal 0 0 -1
    outer loop
      vertex 1.34486 -29.1177 0
      vertex 3.23442 -44.6705 0
      vertex 3.11766 -44.6551 0
    endloop
  endfacet
  facet normal 0 0 -1
    outer loop
      vertex 1.34486 -29.1177 0
      vertex 3.11766 -44.6551 0
      vertex 3 -44.65 0
    endloop
  endfacet
  facet normal 0 0 -1
    outer loop
      vertex 1.34486 -29.1177 0
      vertex 3 -44.65 0
      vertex 2.88234 -44.6551 0
    endloop
  endfacet
  facet normal 0 0 -1
    outer loop
      vertex 1.34486 -29.1177 0
      vertex 2.88234 -44.6551 0
      vertex 2.76557 -44.6705 0
    endloop
  endfacet
  facet normal 0 0 -1
    outer loop
      vertex 1.34486 -29.1177 0
      vertex 2.76557 -44.6705 0
      vertex 2.65059 -44.696 0
    endloop
  endfacet
  facet normal 0 0 -1
    outer loop
      vertex 1.34486 -29.1177 0
      vertex 2.65059 -44.696 0
      vertex 2.53827 -44.7314 0
    endloop
  endfacet
  facet normal 0 0 -1
    outer loop
      vertex 1.34486 -29.1177 0
      vertex 2.53827 -44.7314 0
      vertex 2.42947 -44.7765 0
    endloop
  endfacet
  facet normal 0 0 -1
    outer loop
      vertex 1.34486 -29.1177 0
      vertex 2.42947 -44.7765 0
      vertex 2.325 -44.8309 0
    endloop
  endfacet
  facet normal 0 0 -1
    outer loop
      vertex 1.34486 -29.1177 0
      vertex 2.325 -44.8309 0
      vertex 2.22567 -44.8941 0
    endloop
  endfacet
  facet normal 0 0 -1
    outer loop
      vertex 1.34486 -29.1177 0
      vertex 2.22567 -44.8941 0
      vertex 2.13224 -44.9658 0
    endloop
  endfacet
  facet normal 0 0 -1
    outer loop
      vertex 1.34486 -29.1177 0
      vertex 2.13224 -44.9658 0
      vertex 2.04541 -45.0454 0
    endloop
  endfacet
  facet normal 0 0 -1
    outer loop
      vertex 1.34486 -29.1177 0
      vertex 2.04541 -45.0454 0
      vertex 1.96584 -45.1322 0
    endloop
  endfacet
  facet normal 0 0 -1
    outer loop
      vertex 1.34486 -29.1177 0
      vertex 1.96584 -45.1322 0
      vertex 1.89414 -45.2257 0
    endloop
  endfacet
  facet normal 0 0 -1
    outer loop
      vertex 1.34486 -29.1177 0
      vertex 1.89414 -45.2257 0
      vertex 1.83086 -45.325 0
    endloop
  endfacet
  facet normal 0 0 -1
    outer loop
      vertex 1.34486 -29.1177 0
      vertex 1.83086 -45.325 0
      vertex 1.77648 -45.4295 0
    endloop
  endfacet
  facet normal 0 0 -1
    outer loop
      vertex 1.34486 -29.1177 0
      vertex 1.77648 -45.4295 0
      vertex 1.73141 -45.5383 0
    endloop
  endfacet
  facet normal 0 0 -1
    outer loop
      vertex 1.34486 -29.1177 0
      vertex 1.73141 -45.5383 0
      vertex 1.696 -45.6506 0
    endloop
  endfacet
  facet normal 0 0 -1
    outer loop
      vertex 1.34486 -29.1177 0
      vertex 1.696 -45.6506 0
      vertex 1.67051 -45.7656 0
    endloop
  endfacet
  facet normal 0 0 -1
    outer loop
      vertex 1.34486 -29.1177 0
      vertex 1.67051 -45.7656 0
      vertex 1.65514 -45.8823 0
    endloop
  endfacet
  facet normal 0 0 -1
    outer loop
      vertex -10.6705 -44.2344 0
      vertex 1.65514 -45.8823 0
      vertex 1.65 -46 0
    endloop
  endfacet
  facet normal 0 0 -1
    outer loop
      vertex 17 -49 0
      vertex 1.35 -29 0
      vertex 1.34486 -28.8823 0
    endloop
  endfacet
  facet normal 0 0 -1
    outer loop
      vertex 1.32949 -28.7656 0
      vertex 17 -49 0
      vertex 1.34486 -28.8823 0
    endloop
  endfacet
  facet normal 0 0 -1
    outer loop
      vertex 1.304 -28.6506 0
      vertex 17 -49 0
      vertex 1.32949 -28.7656 0
    endloop
  endfacet
  facet normal 0 0 -1
    outer loop
      vertex 17 -49 0
      vertex 1.304 -28.6506 0
      vertex 2 -9 0
    endloop
  endfacet
  facet normal 0 0 -1
    outer loop
      vertex 1.26858 -28.5383 0
      vertex 2 -9 0
      vertex 1.304 -28.6506 0
    endloop
  endfacet
  facet normal 0 0 -1
    outer loop
      vertex 1.22352 -28.4295 0
      vertex 2 -9 0
      vertex 1.26858 -28.5383 0
    endloop
  endfacet
  facet normal 0 0 -1
    outer loop
      vertex 1.16913 -28.325 0
      vertex 2 -9 0
      vertex 1.22352 -28.4295 0
    endloop
  endfacet
  facet normal 0 0 -1
    outer loop
      vertex 1.10585 -28.2257 0
      vertex 2 -9 0
      vertex 1.16913 -28.325 0
    endloop
  endfacet
  facet normal 0 0 -1
    outer loop
      vertex 1.03416 -28.1322 0
      vertex 2 -9 0
      vertex 1.10585 -28.2257 0
    endloop
  endfacet
  facet normal 0 0 -1
    outer loop
      vertex 0.954594 -28.0454 0
      vertex 2 -9 0
      vertex 1.03416 -28.1322 0
    endloop
  endfacet
  facet normal 0 0 -1
    outer loop
      vertex 0.867763 -27.9658 0
      vertex 2 -9 0
      vertex 0.954594 -28.0454 0
    endloop
  endfacet
  facet normal 0 0 -1
    outer loop
      vertex 0.774327 -27.8941 0
      vertex 2 -9 0
      vertex 0.867763 -27.9658 0
    endloop
  endfacet
  facet normal 0 0 -1
    outer loop
      vertex 0.674999 -27.8309 0
      vertex 2 -9 0
      vertex 0.774327 -27.8941 0
    endloop
  endfacet
  facet normal 0 0 -1
    outer loop
      vertex 0.570534 -27.7765 0
      vertex 2 -9 0
      vertex 0.674999 -27.8309 0
    endloop
  endfacet
  facet normal 0 0 -1
    outer loop
      vertex 0.461727 -27.7314 0
      vertex 2 -9 0
      vertex 0.570534 -27.7765 0
    endloop
  endfacet
  facet normal 0 0 -1
    outer loop
      vertex 0.349405 -27.696 0
      vertex 2 -9 0
      vertex 0.461727 -27.7314 0
    endloop
  endfacet
  facet normal 0 0 -1
    outer loop
      vertex 0.234425 -27.6705 0
      vertex 2 -9 0
      vertex 0.349405 -27.696 0
    endloop
  endfacet
  facet normal 0 0 -1
    outer loop
      vertex 0.11766 -27.6551 0
      vertex 2 -9 0
      vertex 0.234425 -27.6705 0
    endloop
  endfacet
  facet normal 0 0 -1
    outer loop
      vertex 0 -27.65 0
      vertex 2 -9 0
      vertex 0.11766 -27.6551 0
    endloop
  endfacet
  facet normal 0 0 -1
    outer loop
      vertex -2 -9 0
      vertex 0 -27.65 0
      vertex -0.11766 -27.6551 0
    endloop
  endfacet
  facet normal 0 0 -1
    outer loop
      vertex -2 -9 0
      vertex -0.11766 -27.6551 0
      vertex -0.234425 -27.6705 0
    endloop
  endfacet
  facet normal 0 0 -1
    outer loop
      vertex -2 -9 0
      vertex -0.234425 -27.6705 0
      vertex -0.349405 -27.696 0
    endloop
  endfacet
  facet normal 0 0 -1
    outer loop
      vertex -2 -9 0
      vertex -0.349405 -27.696 0
      vertex -0.461727 -27.7314 0
    endloop
  endfacet
  facet normal 0 0 -1
    outer loop
      vertex -2 -9 0
      vertex -0.461727 -27.7314 0
      vertex -0.570534 -27.7765 0
    endloop
  endfacet
  facet normal 0 0 -1
    outer loop
      vertex -2 -9 0
      vertex -0.570534 -27.7765 0
      vertex -0.674999 -27.8309 0
    endloop
  endfacet
  facet normal 0 0 -1
    outer loop
      vertex -2 -9 0
      vertex -0.674999 -27.8309 0
      vertex -0.774327 -27.8941 0
    endloop
  endfacet
  facet normal 0 0 -1
    outer loop
      vertex -2 -9 0
      vertex -0.774327 -27.8941 0
      vertex -0.867763 -27.9658 0
    endloop
  endfacet
  facet normal 0 0 -1
    outer loop
      vertex -2 -9 0
      vertex -0.867763 -27.9658 0
      vertex -0.954594 -28.0454 0
    endloop
  endfacet
  facet normal 0 0 -1
    outer loop
      vertex -2 -9 0
      vertex -0.954594 -28.0454 0
      vertex -1.03416 -28.1322 0
    endloop
  endfacet
  facet normal 0 0 -1
    outer loop
      vertex -2 -9 0
      vertex -1.03416 -28.1322 0
      vertex -1.10585 -28.2257 0
    endloop
  endfacet
  facet normal 0 0 -1
    outer loop
      vertex -2 -9 0
      vertex -1.10585 -28.2257 0
      vertex -1.16913 -28.325 0
    endloop
  endfacet
  facet normal 0 0 -1
    outer loop
      vertex -2 -9 0
      vertex -1.16913 -28.325 0
      vertex -1.22352 -28.4295 0
    endloop
  endfacet
  facet normal 0 0 -1
    outer loop
      vertex -2 -9 0
      vertex -1.22352 -28.4295 0
      vertex -1.26858 -28.5383 0
    endloop
  endfacet
  facet normal 0 0 -1
    outer loop
      vertex -2 -9 0
      vertex -1.26858 -28.5383 0
      vertex -1.304 -28.6506 0
    endloop
  endfacet
  facet normal 0 0 -1
    outer loop
      vertex 1.65514 -45.8823 0
      vertex -10.7765 -43.4295 0
      vertex -10.8309 -43.325 0
    endloop
  endfacet
  facet normal 0 0 -1
    outer loop
      vertex 0 -27.65 0
      vertex -2 -9 0
      vertex 2 -9 0
    endloop
  endfacet
  facet normal 0 0 -1
    outer loop
      vertex 1.65514 -45.8823 0
      vertex -10.7314 -43.5383 0
      vertex -10.7765 -43.4295 0
    endloop
  endfacet
  facet normal 0 0 -1
    outer loop
      vertex 1.65514 -45.8823 0
      vertex -10.696 -43.6506 0
      vertex -10.7314 -43.5383 0
    endloop
  endfacet
  facet normal 0 0 -1
    outer loop
      vertex -11.4295 -42.7765 0
      vertex -1.03416 -29.8678 0
      vertex -11.325 -42.8309 0
    endloop
  endfacet
  facet normal -0 0 -1
    outer loop
      vertex -1.03416 -29.8678 0
      vertex -11.4295 -42.7765 0
      vertex -1.10585 -29.7743 0
    endloop
  endfacet
  facet normal 0 0 -1
    outer loop
      vertex -11.5383 -42.7314 0
      vertex -1.10585 -29.7743 0
      vertex -11.4295 -42.7765 0
    endloop
  endfacet
  facet normal -0 0 -1
    outer loop
      vertex -1.10585 -29.7743 0
      vertex -11.5383 -42.7314 0
      vertex -1.16913 -29.675 0
    endloop
  endfacet
  facet normal 0 0 -1
    outer loop
      vertex -11.6506 -42.696 0
      vertex -1.16913 -29.675 0
      vertex -11.5383 -42.7314 0
    endloop
  endfacet
  facet normal -0 0 -1
    outer loop
      vertex -1.16913 -29.675 0
      vertex -11.6506 -42.696 0
      vertex -1.22352 -29.5705 0
    endloop
  endfacet
  facet normal 0 0 -1
    outer loop
      vertex -11.7656 -42.6705 0
      vertex -1.22352 -29.5705 0
      vertex -11.6506 -42.696 0
    endloop
  endfacet
  facet normal -0 0 -1
    outer loop
      vertex -1.22352 -29.5705 0
      vertex -11.7656 -42.6705 0
      vertex -1.26858 -29.4617 0
    endloop
  endfacet
  facet normal 0 0 -1
    outer loop
      vertex -11.8823 -42.6551 0
      vertex -1.26858 -29.4617 0
      vertex -11.7656 -42.6705 0
    endloop
  endfacet
  facet normal -0 0 -1
    outer loop
      vertex -1.26858 -29.4617 0
      vertex -11.8823 -42.6551 0
      vertex -1.304 -29.3494 0
    endloop
  endfacet
  facet normal 0 0 -1
    outer loop
      vertex -12 -42.65 0
      vertex -1.304 -29.3494 0
      vertex -11.8823 -42.6551 0
    endloop
  endfacet
  facet normal -0 0 -1
    outer loop
      vertex -1.304 -29.3494 0
      vertex -12 -42.65 0
      vertex -1.32949 -29.2344 0
    endloop
  endfacet
  facet normal 0 0 -1
    outer loop
      vertex -12.1177 -42.6551 0
      vertex -1.32949 -29.2344 0
      vertex -12 -42.65 0
    endloop
  endfacet
  facet normal -0 0 -1
    outer loop
      vertex -1.32949 -29.2344 0
      vertex -12.1177 -42.6551 0
      vertex -1.34486 -29.1177 0
    endloop
  endfacet
  facet normal 0 0 -1
    outer loop
      vertex -12.2344 -42.6705 0
      vertex -1.34486 -29.1177 0
      vertex -12.1177 -42.6551 0
    endloop
  endfacet
  facet normal -0 0 -1
    outer loop
      vertex -1.34486 -29.1177 0
      vertex -12.2344 -42.6705 0
      vertex -1.35 -29 0
    endloop
  endfacet
  facet normal 0 0 -1
    outer loop
      vertex -12.3494 -42.696 0
      vertex -1.35 -29 0
      vertex -12.2344 -42.6705 0
    endloop
  endfacet
  facet normal -0 0 -1
    outer loop
      vertex -1.35 -29 0
      vertex -12.3494 -42.696 0
      vertex -1.34486 -28.8823 0
    endloop
  endfacet
  facet normal 0 0 -1
    outer loop
      vertex -12.4617 -42.7314 0
      vertex -1.34486 -28.8823 0
      vertex -12.3494 -42.696 0
    endloop
  endfacet
  facet normal -0 0 -1
    outer loop
      vertex -1.34486 -28.8823 0
      vertex -12.4617 -42.7314 0
      vertex -1.32949 -28.7656 0
    endloop
  endfacet
  facet normal 0 0 -1
    outer loop
      vertex -12.5705 -42.7765 0
      vertex -1.32949 -28.7656 0
      vertex -12.4617 -42.7314 0
    endloop
  endfacet
  facet normal -0 0 -1
    outer loop
      vertex -1.32949 -28.7656 0
      vertex -12.5705 -42.7765 0
      vertex -1.304 -28.6506 0
    endloop
  endfacet
  facet normal 0 0 -1
    outer loop
      vertex -12.675 -42.8309 0
      vertex -1.304 -28.6506 0
      vertex -12.5705 -42.7765 0
    endloop
  endfacet
  facet normal -0 0 -1
    outer loop
      vertex -1.304 -28.6506 0
      vertex -12.675 -42.8309 0
      vertex -2 -9 0
    endloop
  endfacet
  facet normal 0 0 -1
    outer loop
      vertex -12.7743 -42.8941 0
      vertex -2 -9 0
      vertex -12.675 -42.8309 0
    endloop
  endfacet
  facet normal 0 0 -1
    outer loop
      vertex -12.8678 -42.9658 0
      vertex -2 -9 0
      vertex -12.7743 -42.8941 0
    endloop
  endfacet
  facet normal 0 0 -1
    outer loop
      vertex -12.9546 -43.0454 0
      vertex -2 -9 0
      vertex -12.8678 -42.9658 0
    endloop
  endfacet
  facet normal 0 0 -1
    outer loop
      vertex -13.0342 -43.1322 0
      vertex -2 -9 0
      vertex -12.9546 -43.0454 0
    endloop
  endfacet
  facet normal 0 0 -1
    outer loop
      vertex -13.1059 -43.2257 0
      vertex -2 -9 0
      vertex -13.0342 -43.1322 0
    endloop
  endfacet
  facet normal 0 0 -1
    outer loop
      vertex -13.1691 -43.325 0
      vertex -2 -9 0
      vertex -13.1059 -43.2257 0
    endloop
  endfacet
  facet normal 0 0 -1
    outer loop
      vertex -17 -49 0
      vertex -13.1691 -43.325 0
      vertex -13.2235 -43.4295 0
    endloop
  endfacet
  facet normal 0 0 -1
    outer loop
      vertex -17 -49 0
      vertex -13.2235 -43.4295 0
      vertex -13.2686 -43.5383 0
    endloop
  endfacet
  facet normal -0 0 -1
    outer loop
      vertex -13.1691 -43.325 0
      vertex -17 -49 0
      vertex -2 -9 0
    endloop
  endfacet
  facet normal -0 0 -1
    outer loop
      vertex -13.304 -43.6506 0
      vertex -17 -49 0
      vertex -13.2686 -43.5383 0
    endloop
  endfacet
  facet normal -0 0 -1
    outer loop
      vertex -13.3295 -43.7656 0
      vertex -17 -49 0
      vertex -13.304 -43.6506 0
    endloop
  endfacet
  facet normal -0 0 -1
    outer loop
      vertex -13.3449 -43.8823 0
      vertex -17 -49 0
      vertex -13.3295 -43.7656 0
    endloop
  endfacet
  facet normal 0 0 -1
    outer loop
      vertex -17 -49 0
      vertex -13.3449 -43.8823 0
      vertex -13.35 -44 0
    endloop
  endfacet
  facet normal 0 0 1
    outer loop
      vertex 1.73141 -45.5383 95
      vertex -10.6551 -43.8823 95
      vertex -10.65 -44 95
    endloop
  endfacet
  facet normal 0 0 1
    outer loop
      vertex -1.304 -28.6506 95
      vertex -10.6705 -43.7656 95
      vertex -10.6551 -43.8823 95
    endloop
  endfacet
  facet normal 0 0 1
    outer loop
      vertex -1.304 -28.6506 95
      vertex -10.696 -43.6506 95
      vertex -10.6705 -43.7656 95
    endloop
  endfacet
  facet normal 0 0 1
    outer loop
      vertex -1.304 -28.6506 95
      vertex -10.7314 -43.5383 95
      vertex -10.696 -43.6506 95
    endloop
  endfacet
  facet normal 0 0 1
    outer loop
      vertex -1.304 -28.6506 95
      vertex -10.7765 -43.4295 95
      vertex -10.7314 -43.5383 95
    endloop
  endfacet
  facet normal 0 0 1
    outer loop
      vertex -1.304 -28.6506 95
      vertex -10.8309 -43.325 95
      vertex -10.7765 -43.4295 95
    endloop
  endfacet
  facet normal 0 0 1
    outer loop
      vertex -1.304 -28.6506 95
      vertex -10.8941 -43.2257 95
      vertex -10.8309 -43.325 95
    endloop
  endfacet
  facet normal 0 0 1
    outer loop
      vertex -1.304 -28.6506 95
      vertex -10.9658 -43.1322 95
      vertex -10.8941 -43.2257 95
    endloop
  endfacet
  facet normal 0 0 1
    outer loop
      vertex -1.304 -28.6506 95
      vertex -11.0454 -43.0454 95
      vertex -10.9658 -43.1322 95
    endloop
  endfacet
  facet normal 0 0 1
    outer loop
      vertex -1.304 -28.6506 95
      vertex -11.1322 -42.9658 95
      vertex -11.0454 -43.0454 95
    endloop
  endfacet
  facet normal 0 0 1
    outer loop
      vertex -1.304 -28.6506 95
      vertex -11.2257 -42.8941 95
      vertex -11.1322 -42.9658 95
    endloop
  endfacet
  facet normal 0 0 1
    outer loop
      vertex -1.304 -28.6506 95
      vertex -11.325 -42.8309 95
      vertex -11.2257 -42.8941 95
    endloop
  endfacet
  facet normal 0 0 1
    outer loop
      vertex -1.304 -28.6506 95
      vertex -11.4295 -42.7765 95
      vertex -11.325 -42.8309 95
    endloop
  endfacet
  facet normal 0 0 1
    outer loop
      vertex -1.304 -28.6506 95
      vertex -11.5383 -42.7314 95
      vertex -11.4295 -42.7765 95
    endloop
  endfacet
  facet normal 0 0 1
    outer loop
      vertex -1.304 -28.6506 95
      vertex -11.6506 -42.696 95
      vertex -11.5383 -42.7314 95
    endloop
  endfacet
  facet normal 0 0 1
    outer loop
      vertex -1.304 -28.6506 95
      vertex -11.7656 -42.6705 95
      vertex -11.6506 -42.696 95
    endloop
  endfacet
  facet normal 0 0 1
    outer loop
      vertex -1.304 -28.6506 95
      vertex -11.8823 -42.6551 95
      vertex -11.7656 -42.6705 95
    endloop
  endfacet
  facet normal 0 0 1
    outer loop
      vertex -1.304 -28.6506 95
      vertex -12 -42.65 95
      vertex -11.8823 -42.6551 95
    endloop
  endfacet
  facet normal 0 0 1
    outer loop
      vertex -1.304 -28.6506 95
      vertex -12.1177 -42.6551 95
      vertex -12 -42.65 95
    endloop
  endfacet
  facet normal 0 0 1
    outer loop
      vertex -1.304 -28.6506 95
      vertex -12.2344 -42.6705 95
      vertex -12.1177 -42.6551 95
    endloop
  endfacet
  facet normal 0 0 1
    outer loop
      vertex -1.304 -28.6506 95
      vertex -12.3494 -42.696 95
      vertex -12.2344 -42.6705 95
    endloop
  endfacet
  facet normal 0 0 1
    outer loop
      vertex -1.304 -28.6506 95
      vertex -12.4617 -42.7314 95
      vertex -12.3494 -42.696 95
    endloop
  endfacet
  facet normal 0 0 1
    outer loop
      vertex -1.304 -28.6506 95
      vertex -12.5705 -42.7765 95
      vertex -12.4617 -42.7314 95
    endloop
  endfacet
  facet normal 0 0 1
    outer loop
      vertex -1.304 -28.6506 95
      vertex -12.675 -42.8309 95
      vertex -12.5705 -42.7765 95
    endloop
  endfacet
  facet normal 0 0 1
    outer loop
      vertex -2 -9 95
      vertex -12.7743 -42.8941 95
      vertex -12.675 -42.8309 95
    endloop
  endfacet
  facet normal 0 0 1
    outer loop
      vertex -2 -9 95
      vertex -12.8678 -42.9658 95
      vertex -12.7743 -42.8941 95
    endloop
  endfacet
  facet normal 0 0 1
    outer loop
      vertex -2 -9 95
      vertex -12.9546 -43.0454 95
      vertex -12.8678 -42.9658 95
    endloop
  endfacet
  facet normal 0 0 1
    outer loop
      vertex -2 -9 95
      vertex -13.0342 -43.1322 95
      vertex -12.9546 -43.0454 95
    endloop
  endfacet
  facet normal 0 0 1
    outer loop
      vertex -2 -9 95
      vertex -13.1059 -43.2257 95
      vertex -13.0342 -43.1322 95
    endloop
  endfacet
  facet normal 0 0 1
    outer loop
      vertex -2 -9 95
      vertex -13.1691 -43.325 95
      vertex -13.1059 -43.2257 95
    endloop
  endfacet
  facet normal 0 0 1
    outer loop
      vertex -17 -49 95
      vertex -13.1691 -43.325 95
      vertex -2 -9 95
    endloop
  endfacet
  facet normal 0 0 1
    outer loop
      vertex -13.1691 -43.325 95
      vertex -17 -49 95
      vertex -13.2235 -43.4295 95
    endloop
  endfacet
  facet normal 0 0 1
    outer loop
      vertex -13.3449 -43.8823 95
      vertex -17 -49 95
      vertex -13.35 -44 95
    endloop
  endfacet
  facet normal 0 0 1
    outer loop
      vertex -13.3295 -43.7656 95
      vertex -17 -49 95
      vertex -13.3449 -43.8823 95
    endloop
  endfacet
  facet normal 0 0 1
    outer loop
      vertex -13.304 -43.6506 95
      vertex -17 -49 95
      vertex -13.3295 -43.7656 95
    endloop
  endfacet
  facet normal 0 0 1
    outer loop
      vertex -13.2686 -43.5383 95
      vertex -17 -49 95
      vertex -13.304 -43.6506 95
    endloop
  endfacet
  facet normal 0 0 1
    outer loop
      vertex -13.2235 -43.4295 95
      vertex -17 -49 95
      vertex -13.2686 -43.5383 95
    endloop
  endfacet
  facet normal 0 0 1
    outer loop
      vertex 17 -49 95
      vertex 4.34486 -45.8823 95
      vertex 4.35 -46 95
    endloop
  endfacet
  facet normal 0 0 1
    outer loop
      vertex 17 -49 95
      vertex 4.32949 -45.7656 95
      vertex 4.34486 -45.8823 95
    endloop
  endfacet
  facet normal 0 0 1
    outer loop
      vertex 17 -49 95
      vertex 4.304 -45.6506 95
      vertex 4.32949 -45.7656 95
    endloop
  endfacet
  facet normal 0 0 1
    outer loop
      vertex 17 -49 95
      vertex 4.26858 -45.5383 95
      vertex 4.304 -45.6506 95
    endloop
  endfacet
  facet normal 0 0 1
    outer loop
      vertex 17 -49 95
      vertex 4.22352 -45.4295 95
      vertex 4.26858 -45.5383 95
    endloop
  endfacet
  facet normal 0 0 1
    outer loop
      vertex 17 -49 95
      vertex 4.16913 -45.325 95
      vertex 4.22352 -45.4295 95
    endloop
  endfacet
  facet normal 0 0 1
    outer loop
      vertex 17 -49 95
      vertex 4.10585 -45.2257 95
      vertex 4.16913 -45.325 95
    endloop
  endfacet
  facet normal 0 0 1
    outer loop
      vertex 17 -49 95
      vertex 4.03416 -45.1322 95
      vertex 4.10585 -45.2257 95
    endloop
  endfacet
  facet normal 0 0 1
    outer loop
      vertex 17 -49 95
      vertex 3.95459 -45.0454 95
      vertex 4.03416 -45.1322 95
    endloop
  endfacet
  facet normal 0 0 1
    outer loop
      vertex 1.22352 -29.5705 95
      vertex 3.95459 -45.0454 95
      vertex 17 -49 95
    endloop
  endfacet
  facet normal 0 0 1
    outer loop
      vertex 3.95459 -45.0454 95
      vertex 1.22352 -29.5705 95
      vertex 3.86776 -44.9658 95
    endloop
  endfacet
  facet normal -0 0 1
    outer loop
      vertex 1.16913 -29.675 95
      vertex 3.86776 -44.9658 95
      vertex 1.22352 -29.5705 95
    endloop
  endfacet
  facet normal 0 0 1
    outer loop
      vertex 3.86776 -44.9658 95
      vertex 1.16913 -29.675 95
      vertex 3.77433 -44.8941 95
    endloop
  endfacet
  facet normal -0 0 1
    outer loop
      vertex 1.10585 -29.7743 95
      vertex 3.77433 -44.8941 95
      vertex 1.16913 -29.675 95
    endloop
  endfacet
  facet normal 0 0 1
    outer loop
      vertex 3.77433 -44.8941 95
      vertex 1.10585 -29.7743 95
      vertex 3.675 -44.8309 95
    endloop
  endfacet
  facet normal -0 0 1
    outer loop
      vertex 1.304 -28.6506 95
      vertex 17 -49 95
      vertex 2 -9 95
    endloop
  endfacet
  facet normal -0 -0 1
    outer loop
      vertex 1.35 -29 95
      vertex 17 -49 95
      vertex 1.34486 -28.8823 95
    endloop
  endfacet
  facet normal -0 0 1
    outer loop
      vertex 1.32949 -29.2344 95
      vertex 17 -49 95
      vertex 1.34486 -29.1177 95
    endloop
  endfacet
  facet normal -0 0 1
    outer loop
      vertex 1.304 -29.3494 95
      vertex 17 -49 95
      vertex 1.32949 -29.2344 95
    endloop
  endfacet
  facet normal -0 0 1
    outer loop
      vertex 1.26858 -29.4617 95
      vertex 17 -49 95
      vertex 1.304 -29.3494 95
    endloop
  endfacet
  facet normal -0 0 1
    outer loop
      vertex 1.22352 -29.5705 95
      vertex 17 -49 95
      vertex 1.26858 -29.4617 95
    endloop
  endfacet
  facet normal -0 0 1
    outer loop
      vertex 1.03416 -29.8678 95
      vertex 3.675 -44.8309 95
      vertex 1.10585 -29.7743 95
    endloop
  endfacet
  facet normal 0 0 1
    outer loop
      vertex 3.675 -44.8309 95
      vertex 1.03416 -29.8678 95
      vertex 3.57053 -44.7765 95
    endloop
  endfacet
  facet normal -0 0 1
    outer loop
      vertex 0.954594 -29.9546 95
      vertex 3.57053 -44.7765 95
      vertex 1.03416 -29.8678 95
    endloop
  endfacet
  facet normal 0 0 1
    outer loop
      vertex 3.57053 -44.7765 95
      vertex 0.954594 -29.9546 95
      vertex 3.46173 -44.7314 95
    endloop
  endfacet
  facet normal -0 0 1
    outer loop
      vertex 0.867763 -30.0342 95
      vertex 3.46173 -44.7314 95
      vertex 0.954594 -29.9546 95
    endloop
  endfacet
  facet normal 0 0 1
    outer loop
      vertex 3.46173 -44.7314 95
      vertex 0.867763 -30.0342 95
      vertex 3.34941 -44.696 95
    endloop
  endfacet
  facet normal -0 0 1
    outer loop
      vertex 0.774327 -30.1059 95
      vertex 3.34941 -44.696 95
      vertex 0.867763 -30.0342 95
    endloop
  endfacet
  facet normal 0 0 1
    outer loop
      vertex 3.34941 -44.696 95
      vertex 0.774327 -30.1059 95
      vertex 3.23442 -44.6705 95
    endloop
  endfacet
  facet normal -0 0 1
    outer loop
      vertex 0.674999 -30.1691 95
      vertex 3.23442 -44.6705 95
      vertex 0.774327 -30.1059 95
    endloop
  endfacet
  facet normal 0 0 1
    outer loop
      vertex 3.23442 -44.6705 95
      vertex 0.674999 -30.1691 95
      vertex 3.11766 -44.6551 95
    endloop
  endfacet
  facet normal -0 0 1
    outer loop
      vertex 0.570534 -30.2235 95
      vertex 3.11766 -44.6551 95
      vertex 0.674999 -30.1691 95
    endloop
  endfacet
  facet normal 0 0 1
    outer loop
      vertex 3.11766 -44.6551 95
      vertex 0.570534 -30.2235 95
      vertex 3 -44.65 95
    endloop
  endfacet
  facet normal -0 0 1
    outer loop
      vertex 0.461727 -30.2686 95
      vertex 3 -44.65 95
      vertex 0.570534 -30.2235 95
    endloop
  endfacet
  facet normal 0 0 1
    outer loop
      vertex 3 -44.65 95
      vertex 0.461727 -30.2686 95
      vertex 2.88234 -44.6551 95
    endloop
  endfacet
  facet normal -0 0 1
    outer loop
      vertex 0.349405 -30.304 95
      vertex 2.88234 -44.6551 95
      vertex 0.461727 -30.2686 95
    endloop
  endfacet
  facet normal 0 0 1
    outer loop
      vertex 2.88234 -44.6551 95
      vertex 0.349405 -30.304 95
      vertex 2.76557 -44.6705 95
    endloop
  endfacet
  facet normal -0 0 1
    outer loop
      vertex 0.234425 -30.3295 95
      vertex 2.76557 -44.6705 95
      vertex 0.349405 -30.304 95
    endloop
  endfacet
  facet normal -0 0 1
    outer loop
      vertex 1.34486 -29.1177 95
      vertex 17 -49 95
      vertex 1.35 -29 95
    endloop
  endfacet
  facet normal 0 0 1
    outer loop
      vertex 17 -49 95
      vertex 1.32949 -28.7656 95
      vertex 1.34486 -28.8823 95
    endloop
  endfacet
  facet normal 0 0 1
    outer loop
      vertex 17 -49 95
      vertex 1.304 -28.6506 95
      vertex 1.32949 -28.7656 95
    endloop
  endfacet
  facet normal 0 0 1
    outer loop
      vertex 2 -9 95
      vertex 1.26858 -28.5383 95
      vertex 1.304 -28.6506 95
    endloop
  endfacet
  facet normal 0 0 1
    outer loop
      vertex 2 -9 95
      vertex 1.22352 -28.4295 95
      vertex 1.26858 -28.5383 95
    endloop
  endfacet
  facet normal 0 0 1
    outer loop
      vertex 2 -9 95
      vertex 1.16913 -28.325 95
      vertex 1.22352 -28.4295 95
    endloop
  endfacet
  facet normal 0 0 1
    outer loop
      vertex 2 -9 95
      vertex 1.10585 -28.2257 95
      vertex 1.16913 -28.325 95
    endloop
  endfacet
  facet normal 0 0 1
    outer loop
      vertex 2 -9 95
      vertex 1.03416 -28.1322 95
      vertex 1.10585 -28.2257 95
    endloop
  endfacet
  facet normal 0 0 1
    outer loop
      vertex 2 -9 95
      vertex 0.954594 -28.0454 95
      vertex 1.03416 -28.1322 95
    endloop
  endfacet
  facet normal 0 0 1
    outer loop
      vertex 2 -9 95
      vertex 0.867763 -27.9658 95
      vertex 0.954594 -28.0454 95
    endloop
  endfacet
  facet normal 0 0 1
    outer loop
      vertex 2 -9 95
      vertex 0.774327 -27.8941 95
      vertex 0.867763 -27.9658 95
    endloop
  endfacet
  facet normal 0 0 1
    outer loop
      vertex 2 -9 95
      vertex 0.674999 -27.8309 95
      vertex 0.774327 -27.8941 95
    endloop
  endfacet
  facet normal 0 0 1
    outer loop
      vertex 2 -9 95
      vertex 0.570534 -27.7765 95
      vertex 0.674999 -27.8309 95
    endloop
  endfacet
  facet normal 0 0 1
    outer loop
      vertex 2 -9 95
      vertex 0.461727 -27.7314 95
      vertex 0.570534 -27.7765 95
    endloop
  endfacet
  facet normal 0 0 1
    outer loop
      vertex 2 -9 95
      vertex 0.349405 -27.696 95
      vertex 0.461727 -27.7314 95
    endloop
  endfacet
  facet normal 0 0 1
    outer loop
      vertex 2 -9 95
      vertex 0.234425 -27.6705 95
      vertex 0.349405 -27.696 95
    endloop
  endfacet
  facet normal 0 0 1
    outer loop
      vertex 2 -9 95
      vertex 0.11766 -27.6551 95
      vertex 0.234425 -27.6705 95
    endloop
  endfacet
  facet normal 0 0 1
    outer loop
      vertex 2 -9 95
      vertex 0 -27.65 95
      vertex 0.11766 -27.6551 95
    endloop
  endfacet
  facet normal -0 0 1
    outer loop
      vertex -2 -9 95
      vertex 0 -27.65 95
      vertex 2 -9 95
    endloop
  endfacet
  facet normal 0 0 1
    outer loop
      vertex 0 -27.65 95
      vertex -2 -9 95
      vertex -0.11766 -27.6551 95
    endloop
  endfacet
  facet normal 0 0 1
    outer loop
      vertex -0.11766 -27.6551 95
      vertex -2 -9 95
      vertex -0.234425 -27.6705 95
    endloop
  endfacet
  facet normal 0 0 1
    outer loop
      vertex -0.234425 -27.6705 95
      vertex -2 -9 95
      vertex -0.349405 -27.696 95
    endloop
  endfacet
  facet normal 0 0 1
    outer loop
      vertex -0.349405 -27.696 95
      vertex -2 -9 95
      vertex -0.461727 -27.7314 95
    endloop
  endfacet
  facet normal 0 0 1
    outer loop
      vertex -0.461727 -27.7314 95
      vertex -2 -9 95
      vertex -0.570534 -27.7765 95
    endloop
  endfacet
  facet normal 0 0 1
    outer loop
      vertex -0.570534 -27.7765 95
      vertex -2 -9 95
      vertex -0.674999 -27.8309 95
    endloop
  endfacet
  facet normal 0 0 1
    outer loop
      vertex -0.674999 -27.8309 95
      vertex -2 -9 95
      vertex -0.774327 -27.8941 95
    endloop
  endfacet
  facet normal 0 0 1
    outer loop
      vertex -0.774327 -27.8941 95
      vertex -2 -9 95
      vertex -0.867763 -27.9658 95
    endloop
  endfacet
  facet normal 0 0 1
    outer loop
      vertex -0.867763 -27.9658 95
      vertex -2 -9 95
      vertex -0.954594 -28.0454 95
    endloop
  endfacet
  facet normal 0 0 1
    outer loop
      vertex -0.954594 -28.0454 95
      vertex -2 -9 95
      vertex -1.03416 -28.1322 95
    endloop
  endfacet
  facet normal 0 0 1
    outer loop
      vertex -1.03416 -28.1322 95
      vertex -2 -9 95
      vertex -1.10585 -28.2257 95
    endloop
  endfacet
  facet normal 0 0 1
    outer loop
      vertex -1.10585 -28.2257 95
      vertex -2 -9 95
      vertex -1.16913 -28.325 95
    endloop
  endfacet
  facet normal 0 0 1
    outer loop
      vertex -1.16913 -28.325 95
      vertex -2 -9 95
      vertex -1.22352 -28.4295 95
    endloop
  endfacet
  facet normal 0 0 1
    outer loop
      vertex -1.22352 -28.4295 95
      vertex -2 -9 95
      vertex -1.26858 -28.5383 95
    endloop
  endfacet
  facet normal 0 0 1
    outer loop
      vertex -12.675 -42.8309 95
      vertex -1.26858 -28.5383 95
      vertex -2 -9 95
    endloop
  endfacet
  facet normal 0 0 1
    outer loop
      vertex -10.6551 -43.8823 95
      vertex -1.34486 -28.8823 95
      vertex -1.32949 -28.7656 95
    endloop
  endfacet
  facet normal 0 0 1
    outer loop
      vertex -10.6551 -43.8823 95
      vertex -1.32949 -28.7656 95
      vertex -1.304 -28.6506 95
    endloop
  endfacet
  facet normal 0 0 1
    outer loop
      vertex -1.26858 -28.5383 95
      vertex -12.675 -42.8309 95
      vertex -1.304 -28.6506 95
    endloop
  endfacet
  facet normal -0 0 1
    outer loop
      vertex 4.34486 -46.1177 95
      vertex 17 -49 95
      vertex 4.35 -46 95
    endloop
  endfacet
  facet normal -0 0 1
    outer loop
      vertex 4.32949 -46.2344 95
      vertex 17 -49 95
      vertex 4.34486 -46.1177 95
    endloop
  endfacet
  facet normal -0 0 1
    outer loop
      vertex 4.304 -46.3494 95
      vertex 17 -49 95
      vertex 4.32949 -46.2344 95
    endloop
  endfacet
  facet normal -0 0 1
    outer loop
      vertex 4.26858 -46.4617 95
      vertex 17 -49 95
      vertex 4.304 -46.3494 95
    endloop
  endfacet
  facet normal -0 0 1
    outer loop
      vertex 4.22352 -46.5705 95
      vertex 17 -49 95
      vertex 4.26858 -46.4617 95
    endloop
  endfacet
  facet normal -0 0 1
    outer loop
      vertex 4.16913 -46.675 95
      vertex 17 -49 95
      vertex 4.22352 -46.5705 95
    endloop
  endfacet
  facet normal -0 0 1
    outer loop
      vertex 4.10585 -46.7743 95
      vertex 17 -49 95
      vertex 4.16913 -46.675 95
    endloop
  endfacet
  facet normal -0 0 1
    outer loop
      vertex 4.03416 -46.8678 95
      vertex 17 -49 95
      vertex 4.10585 -46.7743 95
    endloop
  endfacet
  facet normal -0 0 1
    outer loop
      vertex 3.95459 -46.9546 95
      vertex 17 -49 95
      vertex 4.03416 -46.8678 95
    endloop
  endfacet
  facet normal -0 0 1
    outer loop
      vertex 3.86776 -47.0342 95
      vertex 17 -49 95
      vertex 3.95459 -46.9546 95
    endloop
  endfacet
  facet normal -0 0 1
    outer loop
      vertex 3.77433 -47.1059 95
      vertex 17 -49 95
      vertex 3.86776 -47.0342 95
    endloop
  endfacet
  facet normal -0 0 1
    outer loop
      vertex 3.675 -47.1691 95
      vertex 17 -49 95
      vertex 3.77433 -47.1059 95
    endloop
  endfacet
  facet normal -0 0 1
    outer loop
      vertex 3.57053 -47.2235 95
      vertex 17 -49 95
      vertex 3.675 -47.1691 95
    endloop
  endfacet
  facet normal -0 0 1
    outer loop
      vertex 3.46173 -47.2686 95
      vertex 17 -49 95
      vertex 3.57053 -47.2235 95
    endloop
  endfacet
  facet normal -0 0 1
    outer loop
      vertex 3.34941 -47.304 95
      vertex 17 -49 95
      vertex 3.46173 -47.2686 95
    endloop
  endfacet
  facet normal -0 0 1
    outer loop
      vertex 3.23442 -47.3295 95
      vertex 17 -49 95
      vertex 3.34941 -47.304 95
    endloop
  endfacet
  facet normal -0 0 1
    outer loop
      vertex 3.11766 -47.3449 95
      vertex 17 -49 95
      vertex 3.23442 -47.3295 95
    endloop
  endfacet
  facet normal -0 0 1
    outer loop
      vertex 3 -47.35 95
      vertex 17 -49 95
      vertex 3.11766 -47.3449 95
    endloop
  endfacet
  facet normal 0 0 1
    outer loop
      vertex 2.88234 -47.3449 95
      vertex 17 -49 95
      vertex 3 -47.35 95
    endloop
  endfacet
  facet normal 0 0 1
    outer loop
      vertex 2.76557 -44.6705 95
      vertex 0.234425 -30.3295 95
      vertex 2.65059 -44.696 95
    endloop
  endfacet
  facet normal -0 0 1
    outer loop
      vertex 0.11766 -30.3449 95
      vertex 2.65059 -44.696 95
      vertex 0.234425 -30.3295 95
    endloop
  endfacet
  facet normal 0 0 1
    outer loop
      vertex 2.65059 -44.696 95
      vertex 0.11766 -30.3449 95
      vertex 2.53827 -44.7314 95
    endloop
  endfacet
  facet normal -0 0 1
    outer loop
      vertex 0 -30.35 95
      vertex 2.53827 -44.7314 95
      vertex 0.11766 -30.3449 95
    endloop
  endfacet
  facet normal 0 0 1
    outer loop
      vertex 2.53827 -44.7314 95
      vertex 0 -30.35 95
      vertex 2.42947 -44.7765 95
    endloop
  endfacet
  facet normal 0 0 1
    outer loop
      vertex -0.11766 -30.3449 95
      vertex 2.42947 -44.7765 95
      vertex 0 -30.35 95
    endloop
  endfacet
  facet normal 0 0 1
    outer loop
      vertex 2.42947 -44.7765 95
      vertex -0.11766 -30.3449 95
      vertex 2.325 -44.8309 95
    endloop
  endfacet
  facet normal 0 0 1
    outer loop
      vertex -0.234425 -30.3295 95
      vertex 2.325 -44.8309 95
      vertex -0.11766 -30.3449 95
    endloop
  endfacet
  facet normal 0 0 1
    outer loop
      vertex 2.325 -44.8309 95
      vertex -0.234425 -30.3295 95
      vertex 2.22567 -44.8941 95
    endloop
  endfacet
  facet normal 0 0 1
    outer loop
      vertex -0.349405 -30.304 95
      vertex 2.22567 -44.8941 95
      vertex -0.234425 -30.3295 95
    endloop
  endfacet
  facet normal 0 0 1
    outer loop
      vertex 2.22567 -44.8941 95
      vertex -0.349405 -30.304 95
      vertex 2.13224 -44.9658 95
    endloop
  endfacet
  facet normal 0 0 1
    outer loop
      vertex -0.461727 -30.2686 95
      vertex 2.13224 -44.9658 95
      vertex -0.349405 -30.304 95
    endloop
  endfacet
  facet normal -0 0 1
    outer loop
      vertex -10.6551 -43.8823 95
      vertex 2.13224 -44.9658 95
      vertex -0.461727 -30.2686 95
    endloop
  endfacet
  facet normal 0 0 1
    outer loop
      vertex -10.6551 -43.8823 95
      vertex 2.04541 -45.0454 95
      vertex 2.13224 -44.9658 95
    endloop
  endfacet
  facet normal 0 0 1
    outer loop
      vertex -10.6551 -43.8823 95
      vertex 1.96584 -45.1322 95
      vertex 2.04541 -45.0454 95
    endloop
  endfacet
  facet normal 0 0 1
    outer loop
      vertex -10.6551 -43.8823 95
      vertex 1.89414 -45.2257 95
      vertex 1.96584 -45.1322 95
    endloop
  endfacet
  facet normal 0 0 1
    outer loop
      vertex -10.6551 -43.8823 95
      vertex 1.83086 -45.325 95
      vertex 1.89414 -45.2257 95
    endloop
  endfacet
  facet normal 0 0 1
    outer loop
      vertex -10.6551 -43.8823 95
      vertex 1.77648 -45.4295 95
      vertex 1.83086 -45.325 95
    endloop
  endfacet
  facet normal 0 0 1
    outer loop
      vertex -10.6551 -43.8823 95
      vertex 1.73141 -45.5383 95
      vertex 1.77648 -45.4295 95
    endloop
  endfacet
  facet normal 0 0 1
    outer loop
      vertex 1.73141 -45.5383 95
      vertex -10.65 -44 95
      vertex 1.696 -45.6506 95
    endloop
  endfacet
  facet normal 0 0 1
    outer loop
      vertex 1.696 -45.6506 95
      vertex -10.65 -44 95
      vertex 1.67051 -45.7656 95
    endloop
  endfacet
  facet normal -0 0 1
    outer loop
      vertex -10.6551 -44.1177 95
      vertex 1.67051 -45.7656 95
      vertex -10.65 -44 95
    endloop
  endfacet
  facet normal 0 0 1
    outer loop
      vertex 1.67051 -45.7656 95
      vertex -10.6551 -44.1177 95
      vertex 1.65514 -45.8823 95
    endloop
  endfacet
  facet normal -0 0 1
    outer loop
      vertex -10.6705 -44.2344 95
      vertex 1.65514 -45.8823 95
      vertex -10.6551 -44.1177 95
    endloop
  endfacet
  facet normal 0 0 1
    outer loop
      vertex -10.6551 -43.8823 95
      vertex -0.461727 -30.2686 95
      vertex -0.570534 -30.2235 95
    endloop
  endfacet
  facet normal 0 0 1
    outer loop
      vertex -10.6551 -43.8823 95
      vertex -0.570534 -30.2235 95
      vertex -0.674999 -30.1691 95
    endloop
  endfacet
  facet normal 0 0 1
    outer loop
      vertex -10.6551 -43.8823 95
      vertex -0.674999 -30.1691 95
      vertex -0.774327 -30.1059 95
    endloop
  endfacet
  facet normal 0 0 1
    outer loop
      vertex -10.6551 -43.8823 95
      vertex -0.774327 -30.1059 95
      vertex -0.867763 -30.0342 95
    endloop
  endfacet
  facet normal 0 0 1
    outer loop
      vertex -10.6551 -43.8823 95
      vertex -0.867763 -30.0342 95
      vertex -0.954594 -29.9546 95
    endloop
  endfacet
  facet normal 0 0 1
    outer loop
      vertex -10.6551 -43.8823 95
      vertex -0.954594 -29.9546 95
      vertex -1.03416 -29.8678 95
    endloop
  endfacet
  facet normal 0 0 1
    outer loop
      vertex -10.6551 -43.8823 95
      vertex -1.03416 -29.8678 95
      vertex -1.10585 -29.7743 95
    endloop
  endfacet
  facet normal 0 0 1
    outer loop
      vertex -10.6551 -43.8823 95
      vertex -1.10585 -29.7743 95
      vertex -1.16913 -29.675 95
    endloop
  endfacet
  facet normal 0 0 1
    outer loop
      vertex -10.6551 -43.8823 95
      vertex -1.16913 -29.675 95
      vertex -1.22352 -29.5705 95
    endloop
  endfacet
  facet normal 0 0 1
    outer loop
      vertex -10.6551 -43.8823 95
      vertex -1.22352 -29.5705 95
      vertex -1.26858 -29.4617 95
    endloop
  endfacet
  facet normal 0 0 1
    outer loop
      vertex -10.6551 -43.8823 95
      vertex -1.26858 -29.4617 95
      vertex -1.304 -29.3494 95
    endloop
  endfacet
  facet normal 0 0 1
    outer loop
      vertex -10.6551 -43.8823 95
      vertex -1.304 -29.3494 95
      vertex -1.32949 -29.2344 95
    endloop
  endfacet
  facet normal 0 0 1
    outer loop
      vertex -10.6551 -43.8823 95
      vertex -1.35 -29 95
      vertex -1.34486 -28.8823 95
    endloop
  endfacet
  facet normal 0 0 1
    outer loop
      vertex -10.6551 -43.8823 95
      vertex -1.34486 -29.1177 95
      vertex -1.35 -29 95
    endloop
  endfacet
  facet normal 0 0 1
    outer loop
      vertex -10.6551 -43.8823 95
      vertex -1.32949 -29.2344 95
      vertex -1.34486 -29.1177 95
    endloop
  endfacet
  facet normal 0 0 1
    outer loop
      vertex 1.65514 -45.8823 95
      vertex -10.6705 -44.2344 95
      vertex 1.65 -46 95
    endloop
  endfacet
  facet normal -0 0 1
    outer loop
      vertex -10.696 -44.3494 95
      vertex 1.65 -46 95
      vertex -10.6705 -44.2344 95
    endloop
  endfacet
  facet normal 0 0 1
    outer loop
      vertex 1.65 -46 95
      vertex -10.696 -44.3494 95
      vertex 1.65514 -46.1177 95
    endloop
  endfacet
  facet normal -0 0 1
    outer loop
      vertex -10.7314 -44.4617 95
      vertex 1.65514 -46.1177 95
      vertex -10.696 -44.3494 95
    endloop
  endfacet
  facet normal 0 0 1
    outer loop
      vertex 1.65514 -46.1177 95
      vertex -10.7314 -44.4617 95
      vertex 1.67051 -46.2344 95
    endloop
  endfacet
  facet normal -0 0 1
    outer loop
      vertex -10.7765 -44.5705 95
      vertex 1.67051 -46.2344 95
      vertex -10.7314 -44.4617 95
    endloop
  endfacet
  facet normal 0 0 1
    outer loop
      vertex 1.67051 -46.2344 95
      vertex -10.7765 -44.5705 95
      vertex 1.696 -46.3494 95
    endloop
  endfacet
  facet normal -0 0 1
    outer loop
      vertex -10.8309 -44.675 95
      vertex 1.696 -46.3494 95
      vertex -10.7765 -44.5705 95
    endloop
  endfacet
  facet normal 0 0 1
    outer loop
      vertex 1.696 -46.3494 95
      vertex -10.8309 -44.675 95
      vertex 1.73141 -46.4617 95
    endloop
  endfacet
  facet normal -0 0 1
    outer loop
      vertex -10.8941 -44.7743 95
      vertex 1.73141 -46.4617 95
      vertex -10.8309 -44.675 95
    endloop
  endfacet
  facet normal 0 0 1
    outer loop
      vertex 1.73141 -46.4617 95
      vertex -10.8941 -44.7743 95
      vertex 1.77648 -46.5705 95
    endloop
  endfacet
  facet normal -0 0 1
    outer loop
      vertex -10.9658 -44.8678 95
      vertex 1.77648 -46.5705 95
      vertex -10.8941 -44.7743 95
    endloop
  endfacet
  facet normal 0 0 1
    outer loop
      vertex 1.77648 -46.5705 95
      vertex -10.9658 -44.8678 95
      vertex 1.83086 -46.675 95
    endloop
  endfacet
  facet normal -0 0 1
    outer loop
      vertex -11.0454 -44.9546 95
      vertex 1.83086 -46.675 95
      vertex -10.9658 -44.8678 95
    endloop
  endfacet
  facet normal 0 0 1
    outer loop
      vertex 1.83086 -46.675 95
      vertex -11.0454 -44.9546 95
      vertex 1.89414 -46.7743 95
    endloop
  endfacet
  facet normal -0 0 1
    outer loop
      vertex -11.1322 -45.0342 95
      vertex 1.89414 -46.7743 95
      vertex -11.0454 -44.9546 95
    endloop
  endfacet
  facet normal 0 0 1
    outer loop
      vertex 1.89414 -46.7743 95
      vertex -11.1322 -45.0342 95
      vertex 1.96584 -46.8678 95
    endloop
  endfacet
  facet normal -0 0 1
    outer loop
      vertex -11.2257 -45.1059 95
      vertex 1.96584 -46.8678 95
      vertex -11.1322 -45.0342 95
    endloop
  endfacet
  facet normal 0 0 1
    outer loop
      vertex 1.96584 -46.8678 95
      vertex -11.2257 -45.1059 95
      vertex 2.04541 -46.9546 95
    endloop
  endfacet
  facet normal -0 0 1
    outer loop
      vertex -11.325 -45.1691 95
      vertex 2.04541 -46.9546 95
      vertex -11.2257 -45.1059 95
    endloop
  endfacet
  facet normal 0 0 1
    outer loop
      vertex 2.04541 -46.9546 95
      vertex -11.325 -45.1691 95
      vertex 2.13224 -47.0342 95
    endloop
  endfacet
  facet normal -0 0 1
    outer loop
      vertex -11.4295 -45.2235 95
      vertex 2.13224 -47.0342 95
      vertex -11.325 -45.1691 95
    endloop
  endfacet
  facet normal 0 0 1
    outer loop
      vertex 2.13224 -47.0342 95
      vertex -11.4295 -45.2235 95
      vertex 2.22567 -47.1059 95
    endloop
  endfacet
  facet normal -0 0 1
    outer loop
      vertex -11.5383 -45.2686 95
      vertex 2.22567 -47.1059 95
      vertex -11.4295 -45.2235 95
    endloop
  endfacet
  facet normal 0 0 1
    outer loop
      vertex -17 -49 95
      vertex 2.22567 -47.1059 95
      vertex -11.5383 -45.2686 95
    endloop
  endfacet
  facet normal 0 0 1
    outer loop
      vertex 2.22567 -47.1059 95
      vertex -17 -49 95
      vertex 2.325 -47.1691 95
    endloop
  endfacet
  facet normal 0 0 1
    outer loop
      vertex 2.325 -47.1691 95
      vertex -17 -49 95
      vertex 2.42947 -47.2235 95
    endloop
  endfacet
  facet normal 0 0 1
    outer loop
      vertex 2.42947 -47.2235 95
      vertex -17 -49 95
      vertex 2.53827 -47.2686 95
    endloop
  endfacet
  facet normal 0 0 1
    outer loop
      vertex 2.53827 -47.2686 95
      vertex -17 -49 95
      vertex 2.65059 -47.304 95
    endloop
  endfacet
  facet normal 0 0 1
    outer loop
      vertex -17 -49 95
      vertex -11.5383 -45.2686 95
      vertex -11.6506 -45.304 95
    endloop
  endfacet
  facet normal 0 0 1
    outer loop
      vertex -17 -49 95
      vertex -11.6506 -45.304 95
      vertex -11.7656 -45.3295 95
    endloop
  endfacet
  facet normal 0 0 1
    outer loop
      vertex -17 -49 95
      vertex -11.7656 -45.3295 95
      vertex -11.8823 -45.3449 95
    endloop
  endfacet
  facet normal 0 0 1
    outer loop
      vertex -17 -49 95
      vertex -11.8823 -45.3449 95
      vertex -12 -45.35 95
    endloop
  endfacet
  facet normal 0 0 1
    outer loop
      vertex -17 -49 95
      vertex -12 -45.35 95
      vertex -12.1177 -45.3449 95
    endloop
  endfacet
  facet normal 0 0 1
    outer loop
      vertex -17 -49 95
      vertex -12.1177 -45.3449 95
      vertex -12.2344 -45.3295 95
    endloop
  endfacet
  facet normal 0 0 1
    outer loop
      vertex 2.88234 -47.3449 95
      vertex -17 -49 95
      vertex 17 -49 95
    endloop
  endfacet
  facet normal 0 0 1
    outer loop
      vertex 2.76557 -47.3295 95
      vertex -17 -49 95
      vertex 2.88234 -47.3449 95
    endloop
  endfacet
  facet normal 0 0 1
    outer loop
      vertex 2.65059 -47.304 95
      vertex -17 -49 95
      vertex 2.76557 -47.3295 95
    endloop
  endfacet
  facet normal 0 0 1
    outer loop
      vertex -12.3494 -45.304 95
      vertex -17 -49 95
      vertex -12.2344 -45.3295 95
    endloop
  endfacet
  facet normal 0 0 1
    outer loop
      vertex -12.4617 -45.2686 95
      vertex -17 -49 95
      vertex -12.3494 -45.304 95
    endloop
  endfacet
  facet normal 0 0 1
    outer loop
      vertex -12.5705 -45.2235 95
      vertex -17 -49 95
      vertex -12.4617 -45.2686 95
    endloop
  endfacet
  facet normal 0 0 1
    outer loop
      vertex -12.675 -45.1691 95
      vertex -17 -49 95
      vertex -12.5705 -45.2235 95
    endloop
  endfacet
  facet normal 0 0 1
    outer loop
      vertex -12.7743 -45.1059 95
      vertex -17 -49 95
      vertex -12.675 -45.1691 95
    endloop
  endfacet
  facet normal 0 0 1
    outer loop
      vertex -12.8678 -45.0342 95
      vertex -17 -49 95
      vertex -12.7743 -45.1059 95
    endloop
  endfacet
  facet normal 0 0 1
    outer loop
      vertex -12.9546 -44.9546 95
      vertex -17 -49 95
      vertex -12.8678 -45.0342 95
    endloop
  endfacet
  facet normal 0 0 1
    outer loop
      vertex -13.0342 -44.8678 95
      vertex -17 -49 95
      vertex -12.9546 -44.9546 95
    endloop
  endfacet
  facet normal 0 0 1
    outer loop
      vertex -13.1059 -44.7743 95
      vertex -17 -49 95
      vertex -13.0342 -44.8678 95
    endloop
  endfacet
  facet normal 0 0 1
    outer loop
      vertex -13.1691 -44.675 95
      vertex -17 -49 95
      vertex -13.1059 -44.7743 95
    endloop
  endfacet
  facet normal 0 0 1
    outer loop
      vertex -13.2235 -44.5705 95
      vertex -17 -49 95
      vertex -13.1691 -44.675 95
    endloop
  endfacet
  facet normal 0 0 1
    outer loop
      vertex -13.2686 -44.4617 95
      vertex -17 -49 95
      vertex -13.2235 -44.5705 95
    endloop
  endfacet
  facet normal 0 0 1
    outer loop
      vertex -13.304 -44.3494 95
      vertex -17 -49 95
      vertex -13.2686 -44.4617 95
    endloop
  endfacet
  facet normal 0 0 1
    outer loop
      vertex -13.3295 -44.2344 95
      vertex -17 -49 95
      vertex -13.304 -44.3494 95
    endloop
  endfacet
  facet normal 0 0 1
    outer loop
      vertex -13.3449 -44.1177 95
      vertex -17 -49 95
      vertex -13.3295 -44.2344 95
    endloop
  endfacet
  facet normal 0 0 1
    outer loop
      vertex -17 -49 95
      vertex -13.3449 -44.1177 95
      vertex -13.35 -44 95
    endloop
  endfacet
  facet normal 0 0 -1
    outer loop
      vertex 15 -49 89
      vertex -1 -9 89
      vertex 1 -9 89
    endloop
  endfacet
  facet normal 0 -0 -1
    outer loop
      vertex -1 -9 89
      vertex 15 -49 89
      vertex -15 -49 89
    endloop
  endfacet
  facet normal 0.943858 -0.33035 0
    outer loop
      vertex -15 -49 89
      vertex -1 -9 6
      vertex -1 -9 89
    endloop
  endfacet
  facet normal 0.943858 -0.33035 0
    outer loop
      vertex -1 -9 6
      vertex -15 -49 89
      vertex -15 -49 6
    endloop
  endfacet
  facet normal -0.943858 -0.33035 0
    outer loop
      vertex 15 -49 6
      vertex 1 -9 89
      vertex 1 -9 6
    endloop
  endfacet
  facet normal -0.943858 -0.33035 0
    outer loop
      vertex 1 -9 89
      vertex 15 -49 6
      vertex 15 -49 89
    endloop
  endfacet
  facet normal -0.991438 0.130578 0
    outer loop
      vertex 1.32949 -29.2344 0
      vertex 1.34486 -29.1177 5.5
      vertex 1.34486 -29.1177 0
    endloop
  endfacet
  facet normal -0.991438 0.130578 0
    outer loop
      vertex 1.34486 -29.1177 5.5
      vertex 1.32949 -29.2344 0
      vertex 1.32949 -29.2344 5.5
    endloop
  endfacet
  facet normal -0.999048 0.0436288 0
    outer loop
      vertex 1.34486 -29.1177 0
      vertex 1.35 -29 5.5
      vertex 1.35 -29 0
    endloop
  endfacet
  facet normal -0.999048 0.0436288 0
    outer loop
      vertex 1.35 -29 5.5
      vertex 1.34486 -29.1177 0
      vertex 1.34486 -29.1177 5.5
    endloop
  endfacet
  facet normal -0.216517 -0.976279 0
    outer loop
      vertex 0.234425 -27.6705 0
      vertex 0.349405 -27.696 5.5
      vertex 0.234425 -27.6705 5.5
    endloop
  endfacet
  facet normal -0.216517 -0.976279 -0
    outer loop
      vertex 0.349405 -27.696 5.5
      vertex 0.234425 -27.6705 0
      vertex 0.349405 -27.696 0
    endloop
  endfacet
  facet normal 0.216517 0.976279 -0
    outer loop
      vertex -0.234425 -30.3295 0
      vertex -0.349405 -30.304 5.5
      vertex -0.234425 -30.3295 5.5
    endloop
  endfacet
  facet normal 0.216517 0.976279 0
    outer loop
      vertex -0.349405 -30.304 5.5
      vertex -0.234425 -30.3295 0
      vertex -0.349405 -30.304 0
    endloop
  endfacet
  facet normal -0.461875 0.886945 0
    outer loop
      vertex 0.674999 -30.1691 0
      vertex 0.570534 -30.2235 5.5
      vertex 0.674999 -30.1691 5.5
    endloop
  endfacet
  facet normal -0.461875 0.886945 0
    outer loop
      vertex 0.570534 -30.2235 5.5
      vertex 0.674999 -30.1691 0
      vertex 0.570534 -30.2235 0
    endloop
  endfacet
  facet normal 0.737157 -0.675722 0
    outer loop
      vertex -1.03416 -28.1322 5.5
      vertex -0.954594 -28.0454 0
      vertex -0.954594 -28.0454 5.5
    endloop
  endfacet
  facet normal 0.737157 -0.675722 0
    outer loop
      vertex -0.954594 -28.0454 0
      vertex -1.03416 -28.1322 5.5
      vertex -1.03416 -28.1322 0
    endloop
  endfacet
  facet normal -0.843319 -0.537414 0
    outer loop
      vertex 1.16913 -28.325 0
      vertex 1.10585 -28.2257 5.5
      vertex 1.10585 -28.2257 0
    endloop
  endfacet
  facet normal -0.843319 -0.537414 0
    outer loop
      vertex 1.10585 -28.2257 5.5
      vertex 1.16913 -28.325 0
      vertex 1.16913 -28.325 5.5
    endloop
  endfacet
  facet normal 0.675747 -0.737133 0
    outer loop
      vertex -0.954594 -28.0454 0
      vertex -0.867763 -27.9658 5.5
      vertex -0.954594 -28.0454 5.5
    endloop
  endfacet
  facet normal 0.675747 -0.737133 0
    outer loop
      vertex -0.867763 -27.9658 5.5
      vertex -0.954594 -28.0454 0
      vertex -0.867763 -27.9658 0
    endloop
  endfacet
  facet normal -0.953688 0.300798 0
    outer loop
      vertex 1.26858 -29.4617 0
      vertex 1.304 -29.3494 5.5
      vertex 1.304 -29.3494 0
    endloop
  endfacet
  facet normal -0.953688 0.300798 0
    outer loop
      vertex 1.304 -29.3494 5.5
      vertex 1.26858 -29.4617 0
      vertex 1.26858 -29.4617 5.5
    endloop
  endfacet
  facet normal -0.793579 -0.608467 0
    outer loop
      vertex 1.10585 -28.2257 0
      vertex 1.03416 -28.1322 5.5
      vertex 1.03416 -28.1322 0
    endloop
  endfacet
  facet normal -0.793579 -0.608467 0
    outer loop
      vertex 1.03416 -28.1322 5.5
      vertex 1.10585 -28.2257 0
      vertex 1.10585 -28.2257 5.5
    endloop
  endfacet
  facet normal -0.976305 0.2164 0
    outer loop
      vertex 1.304 -29.3494 0
      vertex 1.32949 -29.2344 5.5
      vertex 1.32949 -29.2344 0
    endloop
  endfacet
  facet normal -0.976305 0.2164 0
    outer loop
      vertex 1.32949 -29.2344 5.5
      vertex 1.304 -29.3494 0
      vertex 1.304 -29.3494 5.5
    endloop
  endfacet
  facet normal -0.737157 0.675722 0
    outer loop
      vertex 0.954594 -29.9546 0
      vertex 1.03416 -29.8678 5.5
      vertex 1.03416 -29.8678 0
    endloop
  endfacet
  facet normal -0.737157 0.675722 0
    outer loop
      vertex 1.03416 -29.8678 5.5
      vertex 0.954594 -29.9546 0
      vertex 0.954594 -29.9546 5.5
    endloop
  endfacet
  facet normal 0.536823 -0.843695 0
    outer loop
      vertex -0.774327 -27.8941 0
      vertex -0.674999 -27.8309 5.5
      vertex -0.774327 -27.8941 5.5
    endloop
  endfacet
  facet normal 0.536823 -0.843695 0
    outer loop
      vertex -0.674999 -27.8309 5.5
      vertex -0.774327 -27.8941 0
      vertex -0.674999 -27.8309 0
    endloop
  endfacet
  facet normal -0.999048 -0.0436288 0
    outer loop
      vertex 1.35 -29 0
      vertex 1.34486 -28.8823 5.5
      vertex 1.34486 -28.8823 0
    endloop
  endfacet
  facet normal -0.999048 -0.0436288 0
    outer loop
      vertex 1.34486 -28.8823 5.5
      vertex 1.35 -29 0
      vertex 1.35 -29 5.5
    endloop
  endfacet
  facet normal -0.976305 -0.2164 0
    outer loop
      vertex 1.32949 -28.7656 0
      vertex 1.304 -28.6506 5.5
      vertex 1.304 -28.6506 0
    endloop
  endfacet
  facet normal -0.976305 -0.2164 0
    outer loop
      vertex 1.304 -28.6506 5.5
      vertex 1.32949 -28.7656 0
      vertex 1.32949 -28.7656 5.5
    endloop
  endfacet
  facet normal -0.953688 -0.300798 0
    outer loop
      vertex 1.304 -28.6506 0
      vertex 1.26858 -28.5383 5.5
      vertex 1.26858 -28.5383 0
    endloop
  endfacet
  facet normal -0.953688 -0.300798 0
    outer loop
      vertex 1.26858 -28.5383 5.5
      vertex 1.304 -28.6506 0
      vertex 1.304 -28.6506 5.5
    endloop
  endfacet
  facet normal -0.887043 -0.461687 0
    outer loop
      vertex 1.22352 -28.4295 0
      vertex 1.16913 -28.325 5.5
      vertex 1.16913 -28.325 0
    endloop
  endfacet
  facet normal -0.887043 -0.461687 0
    outer loop
      vertex 1.16913 -28.325 5.5
      vertex 1.22352 -28.4295 0
      vertex 1.22352 -28.4295 5.5
    endloop
  endfacet
  facet normal 0.793579 -0.608467 0
    outer loop
      vertex -1.10585 -28.2257 5.5
      vertex -1.03416 -28.1322 0
      vertex -1.03416 -28.1322 5.5
    endloop
  endfacet
  facet normal 0.793579 -0.608467 0
    outer loop
      vertex -1.03416 -28.1322 0
      vertex -1.10585 -28.2257 5.5
      vertex -1.10585 -28.2257 0
    endloop
  endfacet
  facet normal 0.382906 0.923787 -0
    outer loop
      vertex -0.461727 -30.2686 0
      vertex -0.570534 -30.2235 5.5
      vertex -0.461727 -30.2686 5.5
    endloop
  endfacet
  facet normal 0.382906 0.923787 0
    outer loop
      vertex -0.570534 -30.2235 5.5
      vertex -0.461727 -30.2686 0
      vertex -0.570534 -30.2235 0
    endloop
  endfacet
  facet normal 0.0433046 0.999062 -0
    outer loop
      vertex 0 -30.35 0
      vertex -0.11766 -30.3449 5.5
      vertex 0 -30.35 5.5
    endloop
  endfacet
  facet normal 0.0433046 0.999062 0
    outer loop
      vertex -0.11766 -30.3449 5.5
      vertex 0 -30.35 0
      vertex -0.11766 -30.3449 0
    endloop
  endfacet
  facet normal 0.675747 0.737133 -0
    outer loop
      vertex -0.867763 -30.0342 0
      vertex -0.954594 -29.9546 5.5
      vertex -0.867763 -30.0342 5.5
    endloop
  endfacet
  facet normal 0.675747 0.737133 0
    outer loop
      vertex -0.954594 -29.9546 5.5
      vertex -0.867763 -30.0342 0
      vertex -0.954594 -29.9546 0
    endloop
  endfacet
  facet normal 0.887043 0.461687 0
    outer loop
      vertex -1.16913 -29.675 5.5
      vertex -1.22352 -29.5705 0
      vertex -1.22352 -29.5705 5.5
    endloop
  endfacet
  facet normal 0.887043 0.461687 0
    outer loop
      vertex -1.22352 -29.5705 0
      vertex -1.16913 -29.675 5.5
      vertex -1.16913 -29.675 0
    endloop
  endfacet
  facet normal -0.536823 0.843695 0
    outer loop
      vertex 0.774327 -30.1059 0
      vertex 0.674999 -30.1691 5.5
      vertex 0.774327 -30.1059 5.5
    endloop
  endfacet
  facet normal -0.536823 0.843695 0
    outer loop
      vertex 0.674999 -30.1691 5.5
      vertex 0.774327 -30.1059 0
      vertex 0.674999 -30.1691 0
    endloop
  endfacet
  facet normal -0.991438 -0.130578 0
    outer loop
      vertex 1.34486 -28.8823 0
      vertex 1.32949 -28.7656 5.5
      vertex 1.32949 -28.7656 0
    endloop
  endfacet
  facet normal -0.991438 -0.130578 0
    outer loop
      vertex 1.32949 -28.7656 5.5
      vertex 1.34486 -28.8823 0
      vertex 1.34486 -28.8823 5.5
    endloop
  endfacet
  facet normal -0.130757 0.991415 0
    outer loop
      vertex 0.234425 -30.3295 0
      vertex 0.11766 -30.3449 5.5
      vertex 0.234425 -30.3295 5.5
    endloop
  endfacet
  facet normal -0.130757 0.991415 0
    outer loop
      vertex 0.11766 -30.3449 5.5
      vertex 0.234425 -30.3295 0
      vertex 0.11766 -30.3449 0
    endloop
  endfacet
  facet normal 0.216517 -0.976279 0
    outer loop
      vertex -0.349405 -27.696 0
      vertex -0.234425 -27.6705 5.5
      vertex -0.349405 -27.696 5.5
    endloop
  endfacet
  facet normal 0.216517 -0.976279 0
    outer loop
      vertex -0.234425 -27.6705 5.5
      vertex -0.349405 -27.696 0
      vertex -0.234425 -27.6705 0
    endloop
  endfacet
  facet normal 0.953688 0.300798 0
    outer loop
      vertex -1.26858 -29.4617 5.5
      vertex -1.304 -29.3494 0
      vertex -1.304 -29.3494 5.5
    endloop
  endfacet
  facet normal 0.953688 0.300798 0
    outer loop
      vertex -1.304 -29.3494 0
      vertex -1.26858 -29.4617 5.5
      vertex -1.26858 -29.4617 0
    endloop
  endfacet
  facet normal -0.887043 0.461687 0
    outer loop
      vertex 1.16913 -29.675 0
      vertex 1.22352 -29.5705 5.5
      vertex 1.22352 -29.5705 0
    endloop
  endfacet
  facet normal -0.887043 0.461687 0
    outer loop
      vertex 1.22352 -29.5705 5.5
      vertex 1.16913 -29.675 0
      vertex 1.16913 -29.675 5.5
    endloop
  endfacet
  facet normal -0.382906 0.923787 0
    outer loop
      vertex 0.570534 -30.2235 0
      vertex 0.461727 -30.2686 5.5
      vertex 0.570534 -30.2235 5.5
    endloop
  endfacet
  facet normal -0.382906 0.923787 0
    outer loop
      vertex 0.461727 -30.2686 5.5
      vertex 0.570534 -30.2235 0
      vertex 0.461727 -30.2686 0
    endloop
  endfacet
  facet normal -0.0433046 -0.999062 0
    outer loop
      vertex 0 -27.65 0
      vertex 0.11766 -27.6551 5.5
      vertex 0 -27.65 5.5
    endloop
  endfacet
  facet normal -0.0433046 -0.999062 -0
    outer loop
      vertex 0.11766 -27.6551 5.5
      vertex 0 -27.65 0
      vertex 0.11766 -27.6551 0
    endloop
  endfacet
  facet normal 0.999048 -0.0436288 0
    outer loop
      vertex -1.35 -29 5.5
      vertex -1.34486 -28.8823 0
      vertex -1.34486 -28.8823 5.5
    endloop
  endfacet
  facet normal 0.999048 -0.0436288 0
    outer loop
      vertex -1.34486 -28.8823 0
      vertex -1.35 -29 5.5
      vertex -1.35 -29 0
    endloop
  endfacet
  facet normal 0.991438 -0.130578 0
    outer loop
      vertex -1.34486 -28.8823 5.5
      vertex -1.32949 -28.7656 0
      vertex -1.32949 -28.7656 5.5
    endloop
  endfacet
  facet normal 0.991438 -0.130578 0
    outer loop
      vertex -1.32949 -28.7656 0
      vertex -1.34486 -28.8823 5.5
      vertex -1.34486 -28.8823 0
    endloop
  endfacet
  facet normal 0.991438 0.130578 0
    outer loop
      vertex -1.32949 -29.2344 5.5
      vertex -1.34486 -29.1177 0
      vertex -1.34486 -29.1177 5.5
    endloop
  endfacet
  facet normal 0.991438 0.130578 0
    outer loop
      vertex -1.34486 -29.1177 0
      vertex -1.32949 -29.2344 5.5
      vertex -1.32949 -29.2344 0
    endloop
  endfacet
  facet normal 0.923899 -0.382637 0
    outer loop
      vertex -1.26858 -28.5383 5.5
      vertex -1.22352 -28.4295 0
      vertex -1.22352 -28.4295 5.5
    endloop
  endfacet
  facet normal 0.923899 -0.382637 0
    outer loop
      vertex -1.22352 -28.4295 0
      vertex -1.26858 -28.5383 5.5
      vertex -1.26858 -28.5383 0
    endloop
  endfacet
  facet normal -0.382906 -0.923787 0
    outer loop
      vertex 0.461727 -27.7314 0
      vertex 0.570534 -27.7765 5.5
      vertex 0.461727 -27.7314 5.5
    endloop
  endfacet
  facet normal -0.382906 -0.923787 -0
    outer loop
      vertex 0.570534 -27.7765 5.5
      vertex 0.461727 -27.7314 0
      vertex 0.570534 -27.7765 0
    endloop
  endfacet
  facet normal -0.608783 0.793337 0
    outer loop
      vertex 0.867763 -30.0342 0
      vertex 0.774327 -30.1059 5.5
      vertex 0.867763 -30.0342 5.5
    endloop
  endfacet
  facet normal -0.608783 0.793337 0
    outer loop
      vertex 0.774327 -30.1059 5.5
      vertex 0.867763 -30.0342 0
      vertex 0.774327 -30.1059 0
    endloop
  endfacet
  facet normal 0.999048 0.0436288 0
    outer loop
      vertex -1.34486 -29.1177 5.5
      vertex -1.35 -29 0
      vertex -1.35 -29 5.5
    endloop
  endfacet
  facet normal 0.999048 0.0436288 0
    outer loop
      vertex -1.35 -29 0
      vertex -1.34486 -29.1177 5.5
      vertex -1.34486 -29.1177 0
    endloop
  endfacet
  facet normal -0.130757 -0.991415 0
    outer loop
      vertex 0.11766 -27.6551 0
      vertex 0.234425 -27.6705 5.5
      vertex 0.11766 -27.6551 5.5
    endloop
  endfacet
  facet normal -0.130757 -0.991415 -0
    outer loop
      vertex 0.234425 -27.6705 5.5
      vertex 0.11766 -27.6551 0
      vertex 0.234425 -27.6705 0
    endloop
  endfacet
  facet normal 0.608783 0.793337 -0
    outer loop
      vertex -0.774327 -30.1059 0
      vertex -0.867763 -30.0342 5.5
      vertex -0.774327 -30.1059 5.5
    endloop
  endfacet
  facet normal 0.608783 0.793337 0
    outer loop
      vertex -0.867763 -30.0342 5.5
      vertex -0.774327 -30.1059 0
      vertex -0.867763 -30.0342 0
    endloop
  endfacet
  facet normal -0.923899 0.382637 0
    outer loop
      vertex 1.22352 -29.5705 0
      vertex 1.26858 -29.4617 5.5
      vertex 1.26858 -29.4617 0
    endloop
  endfacet
  facet normal -0.923899 0.382637 0
    outer loop
      vertex 1.26858 -29.4617 5.5
      vertex 1.22352 -29.5705 0
      vertex 1.22352 -29.5705 5.5
    endloop
  endfacet
  facet normal -0.30059 0.953753 0
    outer loop
      vertex 0.461727 -30.2686 0
      vertex 0.349405 -30.304 5.5
      vertex 0.461727 -30.2686 5.5
    endloop
  endfacet
  facet normal -0.30059 0.953753 0
    outer loop
      vertex 0.349405 -30.304 5.5
      vertex 0.461727 -30.2686 0
      vertex 0.349405 -30.304 0
    endloop
  endfacet
  facet normal 0.737157 0.675722 0
    outer loop
      vertex -0.954594 -29.9546 5.5
      vertex -1.03416 -29.8678 0
      vertex -1.03416 -29.8678 5.5
    endloop
  endfacet
  facet normal 0.737157 0.675722 0
    outer loop
      vertex -1.03416 -29.8678 0
      vertex -0.954594 -29.9546 5.5
      vertex -0.954594 -29.9546 0
    endloop
  endfacet
  facet normal -0.793579 0.608467 0
    outer loop
      vertex 1.03416 -29.8678 0
      vertex 1.10585 -29.7743 5.5
      vertex 1.10585 -29.7743 0
    endloop
  endfacet
  facet normal -0.793579 0.608467 0
    outer loop
      vertex 1.10585 -29.7743 5.5
      vertex 1.03416 -29.8678 0
      vertex 1.03416 -29.8678 5.5
    endloop
  endfacet
  facet normal 0.130757 0.991415 -0
    outer loop
      vertex -0.11766 -30.3449 0
      vertex -0.234425 -30.3295 5.5
      vertex -0.11766 -30.3449 5.5
    endloop
  endfacet
  facet normal 0.130757 0.991415 0
    outer loop
      vertex -0.234425 -30.3295 5.5
      vertex -0.11766 -30.3449 0
      vertex -0.234425 -30.3295 0
    endloop
  endfacet
  facet normal 0.30059 0.953753 -0
    outer loop
      vertex -0.349405 -30.304 0
      vertex -0.461727 -30.2686 5.5
      vertex -0.349405 -30.304 5.5
    endloop
  endfacet
  facet normal 0.30059 0.953753 0
    outer loop
      vertex -0.461727 -30.2686 5.5
      vertex -0.349405 -30.304 0
      vertex -0.461727 -30.2686 0
    endloop
  endfacet
  facet normal 0.976305 0.2164 0
    outer loop
      vertex -1.304 -29.3494 5.5
      vertex -1.32949 -29.2344 0
      vertex -1.32949 -29.2344 5.5
    endloop
  endfacet
  facet normal 0.976305 0.2164 0
    outer loop
      vertex -1.32949 -29.2344 0
      vertex -1.304 -29.3494 5.5
      vertex -1.304 -29.3494 0
    endloop
  endfacet
  facet normal 0.30059 -0.953753 0
    outer loop
      vertex -0.461727 -27.7314 0
      vertex -0.349405 -27.696 5.5
      vertex -0.461727 -27.7314 5.5
    endloop
  endfacet
  facet normal 0.30059 -0.953753 0
    outer loop
      vertex -0.349405 -27.696 5.5
      vertex -0.461727 -27.7314 0
      vertex -0.349405 -27.696 0
    endloop
  endfacet
  facet normal 0.130757 -0.991415 0
    outer loop
      vertex -0.234425 -27.6705 0
      vertex -0.11766 -27.6551 5.5
      vertex -0.234425 -27.6705 5.5
    endloop
  endfacet
  facet normal 0.130757 -0.991415 0
    outer loop
      vertex -0.11766 -27.6551 5.5
      vertex -0.234425 -27.6705 0
      vertex -0.11766 -27.6551 0
    endloop
  endfacet
  facet normal 0.793579 0.608467 0
    outer loop
      vertex -1.03416 -29.8678 5.5
      vertex -1.10585 -29.7743 0
      vertex -1.10585 -29.7743 5.5
    endloop
  endfacet
  facet normal 0.793579 0.608467 0
    outer loop
      vertex -1.10585 -29.7743 0
      vertex -1.03416 -29.8678 5.5
      vertex -1.03416 -29.8678 0
    endloop
  endfacet
  facet normal 0.953688 -0.300798 0
    outer loop
      vertex -1.304 -28.6506 5.5
      vertex -1.26858 -28.5383 0
      vertex -1.26858 -28.5383 5.5
    endloop
  endfacet
  facet normal 0.953688 -0.300798 0
    outer loop
      vertex -1.26858 -28.5383 0
      vertex -1.304 -28.6506 5.5
      vertex -1.304 -28.6506 0
    endloop
  endfacet
  facet normal -0.675747 0.737133 0
    outer loop
      vertex 0.954594 -29.9546 0
      vertex 0.867763 -30.0342 5.5
      vertex 0.954594 -29.9546 5.5
    endloop
  endfacet
  facet normal -0.675747 0.737133 0
    outer loop
      vertex 0.867763 -30.0342 5.5
      vertex 0.954594 -29.9546 0
      vertex 0.867763 -30.0342 0
    endloop
  endfacet
  facet normal -0.216517 0.976279 0
    outer loop
      vertex 0.349405 -30.304 0
      vertex 0.234425 -30.3295 5.5
      vertex 0.349405 -30.304 5.5
    endloop
  endfacet
  facet normal -0.216517 0.976279 0
    outer loop
      vertex 0.234425 -30.3295 5.5
      vertex 0.349405 -30.304 0
      vertex 0.234425 -30.3295 0
    endloop
  endfacet
  facet normal 0.608783 -0.793337 0
    outer loop
      vertex -0.867763 -27.9658 0
      vertex -0.774327 -27.8941 5.5
      vertex -0.867763 -27.9658 5.5
    endloop
  endfacet
  facet normal 0.608783 -0.793337 0
    outer loop
      vertex -0.774327 -27.8941 5.5
      vertex -0.867763 -27.9658 0
      vertex -0.774327 -27.8941 0
    endloop
  endfacet
  facet normal 0.536823 0.843695 -0
    outer loop
      vertex -0.674999 -30.1691 0
      vertex -0.774327 -30.1059 5.5
      vertex -0.674999 -30.1691 5.5
    endloop
  endfacet
  facet normal 0.536823 0.843695 0
    outer loop
      vertex -0.774327 -30.1059 5.5
      vertex -0.674999 -30.1691 0
      vertex -0.774327 -30.1059 0
    endloop
  endfacet
  facet normal 0 0 -1
    outer loop
      vertex 1.34486 -29.1177 5.5
      vertex 1.34486 -28.8823 5.5
      vertex 1.35 -29 5.5
    endloop
  endfacet
  facet normal 0 0 -1
    outer loop
      vertex 1.32949 -29.2344 5.5
      vertex 1.34486 -28.8823 5.5
      vertex 1.34486 -29.1177 5.5
    endloop
  endfacet
  facet normal 0 0 -1
    outer loop
      vertex 1.32949 -29.2344 5.5
      vertex 1.32949 -28.7656 5.5
      vertex 1.34486 -28.8823 5.5
    endloop
  endfacet
  facet normal 0 0 -1
    outer loop
      vertex 1.304 -29.3494 5.5
      vertex 1.32949 -28.7656 5.5
      vertex 1.32949 -29.2344 5.5
    endloop
  endfacet
  facet normal 0 0 -1
    outer loop
      vertex 1.304 -29.3494 5.5
      vertex 1.304 -28.6506 5.5
      vertex 1.32949 -28.7656 5.5
    endloop
  endfacet
  facet normal 0 0 -1
    outer loop
      vertex 1.26858 -29.4617 5.5
      vertex 1.304 -28.6506 5.5
      vertex 1.304 -29.3494 5.5
    endloop
  endfacet
  facet normal 0 0 -1
    outer loop
      vertex 1.26858 -29.4617 5.5
      vertex 1.26858 -28.5383 5.5
      vertex 1.304 -28.6506 5.5
    endloop
  endfacet
  facet normal 0 0 -1
    outer loop
      vertex 1.22352 -29.5705 5.5
      vertex 1.26858 -28.5383 5.5
      vertex 1.26858 -29.4617 5.5
    endloop
  endfacet
  facet normal 0 0 -1
    outer loop
      vertex 1.22352 -29.5705 5.5
      vertex 1.22352 -28.4295 5.5
      vertex 1.26858 -28.5383 5.5
    endloop
  endfacet
  facet normal 0 0 -1
    outer loop
      vertex 1.16913 -29.675 5.5
      vertex 1.22352 -28.4295 5.5
      vertex 1.22352 -29.5705 5.5
    endloop
  endfacet
  facet normal 0 0 -1
    outer loop
      vertex 1.16913 -29.675 5.5
      vertex 1.16913 -28.325 5.5
      vertex 1.22352 -28.4295 5.5
    endloop
  endfacet
  facet normal 0 0 -1
    outer loop
      vertex 1.10585 -29.7743 5.5
      vertex 1.16913 -28.325 5.5
      vertex 1.16913 -29.675 5.5
    endloop
  endfacet
  facet normal 0 0 -1
    outer loop
      vertex 1.10585 -29.7743 5.5
      vertex 1.10585 -28.2257 5.5
      vertex 1.16913 -28.325 5.5
    endloop
  endfacet
  facet normal 0 0 -1
    outer loop
      vertex 1.03416 -29.8678 5.5
      vertex 1.10585 -28.2257 5.5
      vertex 1.10585 -29.7743 5.5
    endloop
  endfacet
  facet normal 0 0 -1
    outer loop
      vertex 1.03416 -29.8678 5.5
      vertex 1.03416 -28.1322 5.5
      vertex 1.10585 -28.2257 5.5
    endloop
  endfacet
  facet normal 0 0 -1
    outer loop
      vertex 0.954594 -29.9546 5.5
      vertex 1.03416 -28.1322 5.5
      vertex 1.03416 -29.8678 5.5
    endloop
  endfacet
  facet normal 0 0 -1
    outer loop
      vertex 0.954594 -29.9546 5.5
      vertex 0.954594 -28.0454 5.5
      vertex 1.03416 -28.1322 5.5
    endloop
  endfacet
  facet normal 0 0 -1
    outer loop
      vertex 0.867763 -30.0342 5.5
      vertex 0.954594 -28.0454 5.5
      vertex 0.954594 -29.9546 5.5
    endloop
  endfacet
  facet normal 0 0 -1
    outer loop
      vertex 0.867763 -30.0342 5.5
      vertex 0.867763 -27.9658 5.5
      vertex 0.954594 -28.0454 5.5
    endloop
  endfacet
  facet normal 0 0 -1
    outer loop
      vertex 0.774327 -30.1059 5.5
      vertex 0.867763 -27.9658 5.5
      vertex 0.867763 -30.0342 5.5
    endloop
  endfacet
  facet normal 0 0 -1
    outer loop
      vertex 0.774327 -30.1059 5.5
      vertex 0.774327 -27.8941 5.5
      vertex 0.867763 -27.9658 5.5
    endloop
  endfacet
  facet normal 0 0 -1
    outer loop
      vertex 0.674999 -30.1691 5.5
      vertex 0.774327 -27.8941 5.5
      vertex 0.774327 -30.1059 5.5
    endloop
  endfacet
  facet normal 0 0 -1
    outer loop
      vertex 0.674999 -30.1691 5.5
      vertex 0.674999 -27.8309 5.5
      vertex 0.774327 -27.8941 5.5
    endloop
  endfacet
  facet normal 0 0 -1
    outer loop
      vertex 0.570534 -30.2235 5.5
      vertex 0.674999 -27.8309 5.5
      vertex 0.674999 -30.1691 5.5
    endloop
  endfacet
  facet normal 0 0 -1
    outer loop
      vertex 0.570534 -30.2235 5.5
      vertex 0.570534 -27.7765 5.5
      vertex 0.674999 -27.8309 5.5
    endloop
  endfacet
  facet normal 0 0 -1
    outer loop
      vertex 0.461727 -30.2686 5.5
      vertex 0.570534 -27.7765 5.5
      vertex 0.570534 -30.2235 5.5
    endloop
  endfacet
  facet normal 0 0 -1
    outer loop
      vertex 0.461727 -30.2686 5.5
      vertex 0.461727 -27.7314 5.5
      vertex 0.570534 -27.7765 5.5
    endloop
  endfacet
  facet normal 0 0 -1
    outer loop
      vertex 0.349405 -30.304 5.5
      vertex 0.461727 -27.7314 5.5
      vertex 0.461727 -30.2686 5.5
    endloop
  endfacet
  facet normal 0 0 -1
    outer loop
      vertex 0.349405 -30.304 5.5
      vertex 0.349405 -27.696 5.5
      vertex 0.461727 -27.7314 5.5
    endloop
  endfacet
  facet normal 0 0 -1
    outer loop
      vertex 0.234425 -30.3295 5.5
      vertex 0.349405 -27.696 5.5
      vertex 0.349405 -30.304 5.5
    endloop
  endfacet
  facet normal 0 0 -1
    outer loop
      vertex 0.234425 -30.3295 5.5
      vertex 0.234425 -27.6705 5.5
      vertex 0.349405 -27.696 5.5
    endloop
  endfacet
  facet normal 0 0 -1
    outer loop
      vertex 0.11766 -30.3449 5.5
      vertex 0.234425 -27.6705 5.5
      vertex 0.234425 -30.3295 5.5
    endloop
  endfacet
  facet normal 0 0 -1
    outer loop
      vertex 0.11766 -30.3449 5.5
      vertex 0.11766 -27.6551 5.5
      vertex 0.234425 -27.6705 5.5
    endloop
  endfacet
  facet normal 0 0 -1
    outer loop
      vertex 0 -30.35 5.5
      vertex 0.11766 -27.6551 5.5
      vertex 0.11766 -30.3449 5.5
    endloop
  endfacet
  facet normal 0 0 -1
    outer loop
      vertex 0 -30.35 5.5
      vertex 0 -27.65 5.5
      vertex 0.11766 -27.6551 5.5
    endloop
  endfacet
  facet normal 0 0 -1
    outer loop
      vertex -0.11766 -30.3449 5.5
      vertex 0 -27.65 5.5
      vertex 0 -30.35 5.5
    endloop
  endfacet
  facet normal 0 0 -1
    outer loop
      vertex -0.11766 -30.3449 5.5
      vertex -0.11766 -27.6551 5.5
      vertex 0 -27.65 5.5
    endloop
  endfacet
  facet normal 0 0 -1
    outer loop
      vertex -0.234425 -30.3295 5.5
      vertex -0.11766 -27.6551 5.5
      vertex -0.11766 -30.3449 5.5
    endloop
  endfacet
  facet normal 0 0 -1
    outer loop
      vertex -0.234425 -30.3295 5.5
      vertex -0.234425 -27.6705 5.5
      vertex -0.11766 -27.6551 5.5
    endloop
  endfacet
  facet normal 0 0 -1
    outer loop
      vertex -0.349405 -30.304 5.5
      vertex -0.234425 -27.6705 5.5
      vertex -0.234425 -30.3295 5.5
    endloop
  endfacet
  facet normal 0 0 -1
    outer loop
      vertex -0.349405 -30.304 5.5
      vertex -0.349405 -27.696 5.5
      vertex -0.234425 -27.6705 5.5
    endloop
  endfacet
  facet normal 0 0 -1
    outer loop
      vertex -0.461727 -30.2686 5.5
      vertex -0.349405 -27.696 5.5
      vertex -0.349405 -30.304 5.5
    endloop
  endfacet
  facet normal 0 0 -1
    outer loop
      vertex -0.461727 -30.2686 5.5
      vertex -0.461727 -27.7314 5.5
      vertex -0.349405 -27.696 5.5
    endloop
  endfacet
  facet normal 0 0 -1
    outer loop
      vertex -0.570534 -30.2235 5.5
      vertex -0.461727 -27.7314 5.5
      vertex -0.461727 -30.2686 5.5
    endloop
  endfacet
  facet normal 0 0 -1
    outer loop
      vertex -0.570534 -30.2235 5.5
      vertex -0.570534 -27.7765 5.5
      vertex -0.461727 -27.7314 5.5
    endloop
  endfacet
  facet normal 0 0 -1
    outer loop
      vertex -0.674999 -30.1691 5.5
      vertex -0.570534 -27.7765 5.5
      vertex -0.570534 -30.2235 5.5
    endloop
  endfacet
  facet normal 0 0 -1
    outer loop
      vertex -0.674999 -30.1691 5.5
      vertex -0.674999 -27.8309 5.5
      vertex -0.570534 -27.7765 5.5
    endloop
  endfacet
  facet normal 0 0 -1
    outer loop
      vertex -0.774327 -30.1059 5.5
      vertex -0.674999 -27.8309 5.5
      vertex -0.674999 -30.1691 5.5
    endloop
  endfacet
  facet normal 0 0 -1
    outer loop
      vertex -0.774327 -30.1059 5.5
      vertex -0.774327 -27.8941 5.5
      vertex -0.674999 -27.8309 5.5
    endloop
  endfacet
  facet normal 0 0 -1
    outer loop
      vertex -0.867763 -30.0342 5.5
      vertex -0.774327 -27.8941 5.5
      vertex -0.774327 -30.1059 5.5
    endloop
  endfacet
  facet normal 0 0 -1
    outer loop
      vertex -0.867763 -30.0342 5.5
      vertex -0.867763 -27.9658 5.5
      vertex -0.774327 -27.8941 5.5
    endloop
  endfacet
  facet normal 0 0 -1
    outer loop
      vertex -0.954594 -29.9546 5.5
      vertex -0.867763 -27.9658 5.5
      vertex -0.867763 -30.0342 5.5
    endloop
  endfacet
  facet normal 0 0 -1
    outer loop
      vertex -0.954594 -29.9546 5.5
      vertex -0.954594 -28.0454 5.5
      vertex -0.867763 -27.9658 5.5
    endloop
  endfacet
  facet normal 0 0 -1
    outer loop
      vertex -1.03416 -29.8678 5.5
      vertex -0.954594 -28.0454 5.5
      vertex -0.954594 -29.9546 5.5
    endloop
  endfacet
  facet normal 0 0 -1
    outer loop
      vertex -1.03416 -29.8678 5.5
      vertex -1.03416 -28.1322 5.5
      vertex -0.954594 -28.0454 5.5
    endloop
  endfacet
  facet normal 0 0 -1
    outer loop
      vertex -1.10585 -29.7743 5.5
      vertex -1.03416 -28.1322 5.5
      vertex -1.03416 -29.8678 5.5
    endloop
  endfacet
  facet normal 0 0 -1
    outer loop
      vertex -1.10585 -29.7743 5.5
      vertex -1.10585 -28.2257 5.5
      vertex -1.03416 -28.1322 5.5
    endloop
  endfacet
  facet normal 0 0 -1
    outer loop
      vertex -1.16913 -29.675 5.5
      vertex -1.10585 -28.2257 5.5
      vertex -1.10585 -29.7743 5.5
    endloop
  endfacet
  facet normal 0 0 -1
    outer loop
      vertex -1.16913 -29.675 5.5
      vertex -1.16913 -28.325 5.5
      vertex -1.10585 -28.2257 5.5
    endloop
  endfacet
  facet normal 0 0 -1
    outer loop
      vertex -1.22352 -29.5705 5.5
      vertex -1.16913 -28.325 5.5
      vertex -1.16913 -29.675 5.5
    endloop
  endfacet
  facet normal 0 0 -1
    outer loop
      vertex -1.22352 -29.5705 5.5
      vertex -1.22352 -28.4295 5.5
      vertex -1.16913 -28.325 5.5
    endloop
  endfacet
  facet normal 0 0 -1
    outer loop
      vertex -1.26858 -29.4617 5.5
      vertex -1.22352 -28.4295 5.5
      vertex -1.22352 -29.5705 5.5
    endloop
  endfacet
  facet normal 0 0 -1
    outer loop
      vertex -1.26858 -29.4617 5.5
      vertex -1.26858 -28.5383 5.5
      vertex -1.22352 -28.4295 5.5
    endloop
  endfacet
  facet normal 0 0 -1
    outer loop
      vertex -1.304 -29.3494 5.5
      vertex -1.26858 -28.5383 5.5
      vertex -1.26858 -29.4617 5.5
    endloop
  endfacet
  facet normal 0 0 -1
    outer loop
      vertex -1.304 -29.3494 5.5
      vertex -1.304 -28.6506 5.5
      vertex -1.26858 -28.5383 5.5
    endloop
  endfacet
  facet normal 0 0 -1
    outer loop
      vertex -1.32949 -29.2344 5.5
      vertex -1.304 -28.6506 5.5
      vertex -1.304 -29.3494 5.5
    endloop
  endfacet
  facet normal 0 0 -1
    outer loop
      vertex -1.32949 -29.2344 5.5
      vertex -1.32949 -28.7656 5.5
      vertex -1.304 -28.6506 5.5
    endloop
  endfacet
  facet normal 0 0 -1
    outer loop
      vertex -1.34486 -29.1177 5.5
      vertex -1.32949 -28.7656 5.5
      vertex -1.32949 -29.2344 5.5
    endloop
  endfacet
  facet normal 0 0 -1
    outer loop
      vertex -1.34486 -29.1177 5.5
      vertex -1.34486 -28.8823 5.5
      vertex -1.32949 -28.7656 5.5
    endloop
  endfacet
  facet normal 0 -0 -1
    outer loop
      vertex -1.34486 -28.8823 5.5
      vertex -1.34486 -29.1177 5.5
      vertex -1.35 -29 5.5
    endloop
  endfacet
  facet normal -0.843319 0.537414 0
    outer loop
      vertex 1.10585 -29.7743 0
      vertex 1.16913 -29.675 5.5
      vertex 1.16913 -29.675 0
    endloop
  endfacet
  facet normal -0.843319 0.537414 0
    outer loop
      vertex 1.16913 -29.675 5.5
      vertex 1.10585 -29.7743 0
      vertex 1.10585 -29.7743 5.5
    endloop
  endfacet
  facet normal 0.461875 0.886945 -0
    outer loop
      vertex -0.570534 -30.2235 0
      vertex -0.674999 -30.1691 5.5
      vertex -0.570534 -30.2235 5.5
    endloop
  endfacet
  facet normal 0.461875 0.886945 0
    outer loop
      vertex -0.674999 -30.1691 5.5
      vertex -0.570534 -30.2235 0
      vertex -0.674999 -30.1691 0
    endloop
  endfacet
  facet normal 0.843319 -0.537414 0
    outer loop
      vertex -1.16913 -28.325 5.5
      vertex -1.10585 -28.2257 0
      vertex -1.10585 -28.2257 5.5
    endloop
  endfacet
  facet normal 0.843319 -0.537414 0
    outer loop
      vertex -1.10585 -28.2257 0
      vertex -1.16913 -28.325 5.5
      vertex -1.16913 -28.325 0
    endloop
  endfacet
  facet normal -0.675747 -0.737133 0
    outer loop
      vertex 0.867763 -27.9658 0
      vertex 0.954594 -28.0454 5.5
      vertex 0.867763 -27.9658 5.5
    endloop
  endfacet
  facet normal -0.675747 -0.737133 -0
    outer loop
      vertex 0.954594 -28.0454 5.5
      vertex 0.867763 -27.9658 0
      vertex 0.954594 -28.0454 0
    endloop
  endfacet
  facet normal -0.923899 -0.382637 0
    outer loop
      vertex 1.26858 -28.5383 0
      vertex 1.22352 -28.4295 5.5
      vertex 1.22352 -28.4295 0
    endloop
  endfacet
  facet normal -0.923899 -0.382637 0
    outer loop
      vertex 1.22352 -28.4295 5.5
      vertex 1.26858 -28.5383 0
      vertex 1.26858 -28.5383 5.5
    endloop
  endfacet
  facet normal -0.737157 -0.675722 0
    outer loop
      vertex 1.03416 -28.1322 0
      vertex 0.954594 -28.0454 5.5
      vertex 0.954594 -28.0454 0
    endloop
  endfacet
  facet normal -0.737157 -0.675722 0
    outer loop
      vertex 0.954594 -28.0454 5.5
      vertex 1.03416 -28.1322 0
      vertex 1.03416 -28.1322 5.5
    endloop
  endfacet
  facet normal -0.608783 -0.793337 0
    outer loop
      vertex 0.774327 -27.8941 0
      vertex 0.867763 -27.9658 5.5
      vertex 0.774327 -27.8941 5.5
    endloop
  endfacet
  facet normal -0.608783 -0.793337 -0
    outer loop
      vertex 0.867763 -27.9658 5.5
      vertex 0.774327 -27.8941 0
      vertex 0.867763 -27.9658 0
    endloop
  endfacet
  facet normal -0.30059 -0.953753 0
    outer loop
      vertex 0.349405 -27.696 0
      vertex 0.461727 -27.7314 5.5
      vertex 0.349405 -27.696 5.5
    endloop
  endfacet
  facet normal -0.30059 -0.953753 -0
    outer loop
      vertex 0.461727 -27.7314 5.5
      vertex 0.349405 -27.696 0
      vertex 0.461727 -27.7314 0
    endloop
  endfacet
  facet normal -0.0433046 0.999062 0
    outer loop
      vertex 0.11766 -30.3449 0
      vertex 0 -30.35 5.5
      vertex 0.11766 -30.3449 5.5
    endloop
  endfacet
  facet normal -0.0433046 0.999062 0
    outer loop
      vertex 0 -30.35 5.5
      vertex 0.11766 -30.3449 0
      vertex 0 -30.35 0
    endloop
  endfacet
  facet normal 0.0433046 -0.999062 0
    outer loop
      vertex -0.11766 -27.6551 0
      vertex 0 -27.65 5.5
      vertex -0.11766 -27.6551 5.5
    endloop
  endfacet
  facet normal 0.0433046 -0.999062 0
    outer loop
      vertex 0 -27.65 5.5
      vertex -0.11766 -27.6551 0
      vertex 0 -27.65 0
    endloop
  endfacet
  facet normal 0.843319 0.537414 0
    outer loop
      vertex -1.10585 -29.7743 5.5
      vertex -1.16913 -29.675 0
      vertex -1.16913 -29.675 5.5
    endloop
  endfacet
  facet normal 0.843319 0.537414 0
    outer loop
      vertex -1.16913 -29.675 0
      vertex -1.10585 -29.7743 5.5
      vertex -1.10585 -29.7743 0
    endloop
  endfacet
  facet normal 0.976305 -0.2164 0
    outer loop
      vertex -1.32949 -28.7656 5.5
      vertex -1.304 -28.6506 0
      vertex -1.304 -28.6506 5.5
    endloop
  endfacet
  facet normal 0.976305 -0.2164 0
    outer loop
      vertex -1.304 -28.6506 0
      vertex -1.32949 -28.7656 5.5
      vertex -1.32949 -28.7656 0
    endloop
  endfacet
  facet normal 0.923899 0.382637 0
    outer loop
      vertex -1.22352 -29.5705 5.5
      vertex -1.26858 -29.4617 0
      vertex -1.26858 -29.4617 5.5
    endloop
  endfacet
  facet normal 0.923899 0.382637 0
    outer loop
      vertex -1.26858 -29.4617 0
      vertex -1.22352 -29.5705 5.5
      vertex -1.22352 -29.5705 0
    endloop
  endfacet
  facet normal -0.536823 -0.843695 0
    outer loop
      vertex 0.674999 -27.8309 0
      vertex 0.774327 -27.8941 5.5
      vertex 0.674999 -27.8309 5.5
    endloop
  endfacet
  facet normal -0.536823 -0.843695 -0
    outer loop
      vertex 0.774327 -27.8941 5.5
      vertex 0.674999 -27.8309 0
      vertex 0.774327 -27.8941 0
    endloop
  endfacet
  facet normal -0.461875 -0.886945 0
    outer loop
      vertex 0.570534 -27.7765 0
      vertex 0.674999 -27.8309 5.5
      vertex 0.570534 -27.7765 5.5
    endloop
  endfacet
  facet normal -0.461875 -0.886945 -0
    outer loop
      vertex 0.674999 -27.8309 5.5
      vertex 0.570534 -27.7765 0
      vertex 0.674999 -27.8309 0
    endloop
  endfacet
  facet normal 0.382906 -0.923787 0
    outer loop
      vertex -0.570534 -27.7765 0
      vertex -0.461727 -27.7314 5.5
      vertex -0.570534 -27.7765 5.5
    endloop
  endfacet
  facet normal 0.382906 -0.923787 0
    outer loop
      vertex -0.461727 -27.7314 5.5
      vertex -0.570534 -27.7765 0
      vertex -0.461727 -27.7314 0
    endloop
  endfacet
  facet normal 0.887043 -0.461687 0
    outer loop
      vertex -1.22352 -28.4295 5.5
      vertex -1.16913 -28.325 0
      vertex -1.16913 -28.325 5.5
    endloop
  endfacet
  facet normal 0.887043 -0.461687 0
    outer loop
      vertex -1.16913 -28.325 0
      vertex -1.22352 -28.4295 5.5
      vertex -1.22352 -28.4295 0
    endloop
  endfacet
  facet normal 0.461875 -0.886945 0
    outer loop
      vertex -0.674999 -27.8309 0
      vertex -0.570534 -27.7765 5.5
      vertex -0.674999 -27.8309 5.5
    endloop
  endfacet
  facet normal 0.461875 -0.886945 0
    outer loop
      vertex -0.570534 -27.7765 5.5
      vertex -0.674999 -27.8309 0
      vertex -0.570534 -27.7765 0
    endloop
  endfacet
  facet normal -0.991405 0.130828 0
    outer loop
      vertex -10.6705 -44.2344 0
      vertex -10.6551 -44.1177 5.5
      vertex -10.6551 -44.1177 0
    endloop
  endfacet
  facet normal -0.991405 0.130828 0
    outer loop
      vertex -10.6551 -44.1177 5.5
      vertex -10.6705 -44.2344 0
      vertex -10.6705 -44.2344 5.5
    endloop
  endfacet
  facet normal -0.999063 0.0432899 0
    outer loop
      vertex -10.6551 -44.1177 0
      vertex -10.65 -44 5.5
      vertex -10.65 -44 0
    endloop
  endfacet
  facet normal -0.999063 0.0432899 0
    outer loop
      vertex -10.65 -44 5.5
      vertex -10.6551 -44.1177 0
      vertex -10.6551 -44.1177 5.5
    endloop
  endfacet
  facet normal -0.216481 -0.976287 0
    outer loop
      vertex -11.7656 -42.6705 0
      vertex -11.6506 -42.696 5.5
      vertex -11.7656 -42.6705 5.5
    endloop
  endfacet
  facet normal -0.216481 -0.976287 -0
    outer loop
      vertex -11.6506 -42.696 5.5
      vertex -11.7656 -42.6705 0
      vertex -11.6506 -42.696 0
    endloop
  endfacet
  facet normal 0.216481 0.976287 -0
    outer loop
      vertex -12.2344 -45.3295 0
      vertex -12.3494 -45.304 5.5
      vertex -12.2344 -45.3295 5.5
    endloop
  endfacet
  facet normal 0.216481 0.976287 0
    outer loop
      vertex -12.3494 -45.304 5.5
      vertex -12.2344 -45.3295 0
      vertex -12.3494 -45.304 0
    endloop
  endfacet
  facet normal -0.461754 0.887008 0
    outer loop
      vertex -11.325 -45.1691 0
      vertex -11.4295 -45.2235 5.5
      vertex -11.325 -45.1691 5.5
    endloop
  endfacet
  facet normal -0.461754 0.887008 0
    outer loop
      vertex -11.4295 -45.2235 5.5
      vertex -11.325 -45.1691 0
      vertex -11.4295 -45.2235 0
    endloop
  endfacet
  facet normal 0.737013 -0.675878 0
    outer loop
      vertex -13.0342 -43.1322 5.5
      vertex -12.9546 -43.0454 0
      vertex -12.9546 -43.0454 5.5
    endloop
  endfacet
  facet normal 0.737013 -0.675878 0
    outer loop
      vertex -12.9546 -43.0454 0
      vertex -13.0342 -43.1322 5.5
      vertex -13.0342 -43.1322 0
    endloop
  endfacet
  facet normal -0.843627 -0.53693 0
    outer loop
      vertex -10.8309 -43.325 0
      vertex -10.8941 -43.2257 5.5
      vertex -10.8941 -43.2257 0
    endloop
  endfacet
  facet normal -0.843627 -0.53693 0
    outer loop
      vertex -10.8941 -43.2257 5.5
      vertex -10.8309 -43.325 0
      vertex -10.8309 -43.325 5.5
    endloop
  endfacet
  facet normal 0.675878 -0.737013 0
    outer loop
      vertex -12.9546 -43.0454 0
      vertex -12.8678 -42.9658 5.5
      vertex -12.9546 -43.0454 5.5
    endloop
  endfacet
  facet normal 0.675878 -0.737013 0
    outer loop
      vertex -12.8678 -42.9658 5.5
      vertex -12.9546 -43.0454 0
      vertex -12.8678 -42.9658 0
    endloop
  endfacet
  facet normal -0.953737 0.300644 0
    outer loop
      vertex -10.7314 -44.4617 0
      vertex -10.696 -44.3494 5.5
      vertex -10.696 -44.3494 0
    endloop
  endfacet
  facet normal -0.953737 0.300644 0
    outer loop
      vertex -10.696 -44.3494 5.5
      vertex -10.7314 -44.4617 0
      vertex -10.7314 -44.4617 5.5
    endloop
  endfacet
  facet normal -0.793538 -0.608521 0
    outer loop
      vertex -10.8941 -43.2257 0
      vertex -10.9658 -43.1322 5.5
      vertex -10.9658 -43.1322 0
    endloop
  endfacet
  facet normal -0.793538 -0.608521 0
    outer loop
      vertex -10.9658 -43.1322 5.5
      vertex -10.8941 -43.2257 0
      vertex -10.8941 -43.2257 5.5
    endloop
  endfacet
  facet normal -0.976287 0.216481 0
    outer loop
      vertex -10.696 -44.3494 0
      vertex -10.6705 -44.2344 5.5
      vertex -10.6705 -44.2344 0
    endloop
  endfacet
  facet normal -0.976287 0.216481 0
    outer loop
      vertex -10.6705 -44.2344 5.5
      vertex -10.696 -44.3494 0
      vertex -10.696 -44.3494 5.5
    endloop
  endfacet
  facet normal -0.737013 0.675878 0
    outer loop
      vertex -11.0454 -44.9546 0
      vertex -10.9658 -44.8678 5.5
      vertex -10.9658 -44.8678 0
    endloop
  endfacet
  facet normal -0.737013 0.675878 0
    outer loop
      vertex -10.9658 -44.8678 5.5
      vertex -11.0454 -44.9546 0
      vertex -11.0454 -44.9546 5.5
    endloop
  endfacet
  facet normal 0.53693 -0.843627 0
    outer loop
      vertex -12.7743 -42.8941 0
      vertex -12.675 -42.8309 5.5
      vertex -12.7743 -42.8941 5.5
    endloop
  endfacet
  facet normal 0.53693 -0.843627 0
    outer loop
      vertex -12.675 -42.8309 5.5
      vertex -12.7743 -42.8941 0
      vertex -12.675 -42.8309 0
    endloop
  endfacet
  facet normal -0.999063 -0.0432899 0
    outer loop
      vertex -10.65 -44 0
      vertex -10.6551 -43.8823 5.5
      vertex -10.6551 -43.8823 0
    endloop
  endfacet
  facet normal -0.999063 -0.0432899 0
    outer loop
      vertex -10.6551 -43.8823 5.5
      vertex -10.65 -44 0
      vertex -10.65 -44 5.5
    endloop
  endfacet
  facet normal -0.976287 -0.216481 0
    outer loop
      vertex -10.6705 -43.7656 0
      vertex -10.696 -43.6506 5.5
      vertex -10.696 -43.6506 0
    endloop
  endfacet
  facet normal -0.976287 -0.216481 0
    outer loop
      vertex -10.696 -43.6506 5.5
      vertex -10.6705 -43.7656 0
      vertex -10.6705 -43.7656 5.5
    endloop
  endfacet
  facet normal -0.953737 -0.300644 0
    outer loop
      vertex -10.696 -43.6506 0
      vertex -10.7314 -43.5383 5.5
      vertex -10.7314 -43.5383 0
    endloop
  endfacet
  facet normal -0.953737 -0.300644 0
    outer loop
      vertex -10.7314 -43.5383 5.5
      vertex -10.696 -43.6506 0
      vertex -10.696 -43.6506 5.5
    endloop
  endfacet
  facet normal -0.887008 -0.461754 0
    outer loop
      vertex -10.7765 -43.4295 0
      vertex -10.8309 -43.325 5.5
      vertex -10.8309 -43.325 0
    endloop
  endfacet
  facet normal -0.887008 -0.461754 0
    outer loop
      vertex -10.8309 -43.325 5.5
      vertex -10.7765 -43.4295 0
      vertex -10.7765 -43.4295 5.5
    endloop
  endfacet
  facet normal 0.793538 -0.608521 0
    outer loop
      vertex -13.1059 -43.2257 5.5
      vertex -13.0342 -43.1322 0
      vertex -13.0342 -43.1322 5.5
    endloop
  endfacet
  facet normal 0.793538 -0.608521 0
    outer loop
      vertex -13.0342 -43.1322 0
      vertex -13.1059 -43.2257 5.5
      vertex -13.1059 -43.2257 0
    endloop
  endfacet
  facet normal 0.382927 0.923779 -0
    outer loop
      vertex -12.4617 -45.2686 0
      vertex -12.5705 -45.2235 5.5
      vertex -12.4617 -45.2686 5.5
    endloop
  endfacet
  facet normal 0.382927 0.923779 0
    outer loop
      vertex -12.5705 -45.2235 5.5
      vertex -12.4617 -45.2686 0
      vertex -12.5705 -45.2235 0
    endloop
  endfacet
  facet normal 0.0432899 0.999063 -0
    outer loop
      vertex -12 -45.35 0
      vertex -12.1177 -45.3449 5.5
      vertex -12 -45.35 5.5
    endloop
  endfacet
  facet normal 0.0432899 0.999063 0
    outer loop
      vertex -12.1177 -45.3449 5.5
      vertex -12 -45.35 0
      vertex -12.1177 -45.3449 0
    endloop
  endfacet
  facet normal 0.675878 0.737013 -0
    outer loop
      vertex -12.8678 -45.0342 0
      vertex -12.9546 -44.9546 5.5
      vertex -12.8678 -45.0342 5.5
    endloop
  endfacet
  facet normal 0.675878 0.737013 0
    outer loop
      vertex -12.9546 -44.9546 5.5
      vertex -12.8678 -45.0342 0
      vertex -12.9546 -44.9546 0
    endloop
  endfacet
  facet normal 0.887008 0.461754 0
    outer loop
      vertex -13.1691 -44.675 5.5
      vertex -13.2235 -44.5705 0
      vertex -13.2235 -44.5705 5.5
    endloop
  endfacet
  facet normal 0.887008 0.461754 0
    outer loop
      vertex -13.2235 -44.5705 0
      vertex -13.1691 -44.675 5.5
      vertex -13.1691 -44.675 0
    endloop
  endfacet
  facet normal -0.216481 0.976287 0
    outer loop
      vertex -11.6506 -45.304 0
      vertex -11.7656 -45.3295 5.5
      vertex -11.6506 -45.304 5.5
    endloop
  endfacet
  facet normal -0.216481 0.976287 0
    outer loop
      vertex -11.7656 -45.3295 5.5
      vertex -11.6506 -45.304 0
      vertex -11.7656 -45.3295 0
    endloop
  endfacet
  facet normal -0.53693 0.843627 0
    outer loop
      vertex -11.2257 -45.1059 0
      vertex -11.325 -45.1691 5.5
      vertex -11.2257 -45.1059 5.5
    endloop
  endfacet
  facet normal -0.53693 0.843627 0
    outer loop
      vertex -11.325 -45.1691 5.5
      vertex -11.2257 -45.1059 0
      vertex -11.325 -45.1691 0
    endloop
  endfacet
  facet normal -0.991405 -0.130828 0
    outer loop
      vertex -10.6551 -43.8823 0
      vertex -10.6705 -43.7656 5.5
      vertex -10.6705 -43.7656 0
    endloop
  endfacet
  facet normal -0.991405 -0.130828 0
    outer loop
      vertex -10.6705 -43.7656 5.5
      vertex -10.6551 -43.8823 0
      vertex -10.6551 -43.8823 5.5
    endloop
  endfacet
  facet normal -0.130828 0.991405 0
    outer loop
      vertex -11.7656 -45.3295 0
      vertex -11.8823 -45.3449 5.5
      vertex -11.7656 -45.3295 5.5
    endloop
  endfacet
  facet normal -0.130828 0.991405 0
    outer loop
      vertex -11.8823 -45.3449 5.5
      vertex -11.7656 -45.3295 0
      vertex -11.8823 -45.3449 0
    endloop
  endfacet
  facet normal 0.216481 -0.976287 0
    outer loop
      vertex -12.3494 -42.696 0
      vertex -12.2344 -42.6705 5.5
      vertex -12.3494 -42.696 5.5
    endloop
  endfacet
  facet normal 0.216481 -0.976287 0
    outer loop
      vertex -12.2344 -42.6705 5.5
      vertex -12.3494 -42.696 0
      vertex -12.2344 -42.6705 0
    endloop
  endfacet
  facet normal 0.953737 0.300644 0
    outer loop
      vertex -13.2686 -44.4617 5.5
      vertex -13.304 -44.3494 0
      vertex -13.304 -44.3494 5.5
    endloop
  endfacet
  facet normal 0.953737 0.300644 0
    outer loop
      vertex -13.304 -44.3494 0
      vertex -13.2686 -44.4617 5.5
      vertex -13.2686 -44.4617 0
    endloop
  endfacet
  facet normal -0.887008 0.461754 0
    outer loop
      vertex -10.8309 -44.675 0
      vertex -10.7765 -44.5705 5.5
      vertex -10.7765 -44.5705 0
    endloop
  endfacet
  facet normal -0.887008 0.461754 0
    outer loop
      vertex -10.7765 -44.5705 5.5
      vertex -10.8309 -44.675 0
      vertex -10.8309 -44.675 5.5
    endloop
  endfacet
  facet normal -0.382927 0.923779 0
    outer loop
      vertex -11.4295 -45.2235 0
      vertex -11.5383 -45.2686 5.5
      vertex -11.4295 -45.2235 5.5
    endloop
  endfacet
  facet normal -0.382927 0.923779 0
    outer loop
      vertex -11.5383 -45.2686 5.5
      vertex -11.4295 -45.2235 0
      vertex -11.5383 -45.2686 0
    endloop
  endfacet
  facet normal -0.0432899 -0.999063 0
    outer loop
      vertex -12 -42.65 0
      vertex -11.8823 -42.6551 5.5
      vertex -12 -42.65 5.5
    endloop
  endfacet
  facet normal -0.0432899 -0.999063 -0
    outer loop
      vertex -11.8823 -42.6551 5.5
      vertex -12 -42.65 0
      vertex -11.8823 -42.6551 0
    endloop
  endfacet
  facet normal 0.999063 -0.0432899 0
    outer loop
      vertex -13.35 -44 5.5
      vertex -13.3449 -43.8823 0
      vertex -13.3449 -43.8823 5.5
    endloop
  endfacet
  facet normal 0.999063 -0.0432899 0
    outer loop
      vertex -13.3449 -43.8823 0
      vertex -13.35 -44 5.5
      vertex -13.35 -44 0
    endloop
  endfacet
  facet normal 0.991405 -0.130828 0
    outer loop
      vertex -13.3449 -43.8823 5.5
      vertex -13.3295 -43.7656 0
      vertex -13.3295 -43.7656 5.5
    endloop
  endfacet
  facet normal 0.991405 -0.130828 0
    outer loop
      vertex -13.3295 -43.7656 0
      vertex -13.3449 -43.8823 5.5
      vertex -13.3449 -43.8823 0
    endloop
  endfacet
  facet normal 0.991405 0.130828 0
    outer loop
      vertex -13.3295 -44.2344 5.5
      vertex -13.3449 -44.1177 0
      vertex -13.3449 -44.1177 5.5
    endloop
  endfacet
  facet normal 0.991405 0.130828 0
    outer loop
      vertex -13.3449 -44.1177 0
      vertex -13.3295 -44.2344 5.5
      vertex -13.3295 -44.2344 0
    endloop
  endfacet
  facet normal 0.923779 -0.382927 0
    outer loop
      vertex -13.2686 -43.5383 5.5
      vertex -13.2235 -43.4295 0
      vertex -13.2235 -43.4295 5.5
    endloop
  endfacet
  facet normal 0.923779 -0.382927 0
    outer loop
      vertex -13.2235 -43.4295 0
      vertex -13.2686 -43.5383 5.5
      vertex -13.2686 -43.5383 0
    endloop
  endfacet
  facet normal -0.382927 -0.923779 0
    outer loop
      vertex -11.5383 -42.7314 0
      vertex -11.4295 -42.7765 5.5
      vertex -11.5383 -42.7314 5.5
    endloop
  endfacet
  facet normal -0.382927 -0.923779 -0
    outer loop
      vertex -11.4295 -42.7765 5.5
      vertex -11.5383 -42.7314 0
      vertex -11.4295 -42.7765 0
    endloop
  endfacet
  facet normal -0.608521 0.793538 0
    outer loop
      vertex -11.1322 -45.0342 0
      vertex -11.2257 -45.1059 5.5
      vertex -11.1322 -45.0342 5.5
    endloop
  endfacet
  facet normal -0.608521 0.793538 0
    outer loop
      vertex -11.2257 -45.1059 5.5
      vertex -11.1322 -45.0342 0
      vertex -11.2257 -45.1059 0
    endloop
  endfacet
  facet normal 0.999063 0.0432899 0
    outer loop
      vertex -13.3449 -44.1177 5.5
      vertex -13.35 -44 0
      vertex -13.35 -44 5.5
    endloop
  endfacet
  facet normal 0.999063 0.0432899 0
    outer loop
      vertex -13.35 -44 0
      vertex -13.3449 -44.1177 5.5
      vertex -13.3449 -44.1177 0
    endloop
  endfacet
  facet normal -0.130828 -0.991405 0
    outer loop
      vertex -11.8823 -42.6551 0
      vertex -11.7656 -42.6705 5.5
      vertex -11.8823 -42.6551 5.5
    endloop
  endfacet
  facet normal -0.130828 -0.991405 -0
    outer loop
      vertex -11.7656 -42.6705 5.5
      vertex -11.8823 -42.6551 0
      vertex -11.7656 -42.6705 0
    endloop
  endfacet
  facet normal 0.608521 0.793538 -0
    outer loop
      vertex -12.7743 -45.1059 0
      vertex -12.8678 -45.0342 5.5
      vertex -12.7743 -45.1059 5.5
    endloop
  endfacet
  facet normal 0.608521 0.793538 0
    outer loop
      vertex -12.8678 -45.0342 5.5
      vertex -12.7743 -45.1059 0
      vertex -12.8678 -45.0342 0
    endloop
  endfacet
  facet normal -0.923779 0.382927 0
    outer loop
      vertex -10.7765 -44.5705 0
      vertex -10.7314 -44.4617 5.5
      vertex -10.7314 -44.4617 0
    endloop
  endfacet
  facet normal -0.923779 0.382927 0
    outer loop
      vertex -10.7314 -44.4617 5.5
      vertex -10.7765 -44.5705 0
      vertex -10.7765 -44.5705 5.5
    endloop
  endfacet
  facet normal -0.300644 0.953737 0
    outer loop
      vertex -11.5383 -45.2686 0
      vertex -11.6506 -45.304 5.5
      vertex -11.5383 -45.2686 5.5
    endloop
  endfacet
  facet normal -0.300644 0.953737 0
    outer loop
      vertex -11.6506 -45.304 5.5
      vertex -11.5383 -45.2686 0
      vertex -11.6506 -45.304 0
    endloop
  endfacet
  facet normal 0.737013 0.675878 0
    outer loop
      vertex -12.9546 -44.9546 5.5
      vertex -13.0342 -44.8678 0
      vertex -13.0342 -44.8678 5.5
    endloop
  endfacet
  facet normal 0.737013 0.675878 0
    outer loop
      vertex -13.0342 -44.8678 0
      vertex -12.9546 -44.9546 5.5
      vertex -12.9546 -44.9546 0
    endloop
  endfacet
  facet normal -0.793538 0.608521 0
    outer loop
      vertex -10.9658 -44.8678 0
      vertex -10.8941 -44.7743 5.5
      vertex -10.8941 -44.7743 0
    endloop
  endfacet
  facet normal -0.793538 0.608521 0
    outer loop
      vertex -10.8941 -44.7743 5.5
      vertex -10.9658 -44.8678 0
      vertex -10.9658 -44.8678 5.5
    endloop
  endfacet
  facet normal 0.130828 0.991405 -0
    outer loop
      vertex -12.1177 -45.3449 0
      vertex -12.2344 -45.3295 5.5
      vertex -12.1177 -45.3449 5.5
    endloop
  endfacet
  facet normal 0.130828 0.991405 0
    outer loop
      vertex -12.2344 -45.3295 5.5
      vertex -12.1177 -45.3449 0
      vertex -12.2344 -45.3295 0
    endloop
  endfacet
  facet normal 0.300644 0.953737 -0
    outer loop
      vertex -12.3494 -45.304 0
      vertex -12.4617 -45.2686 5.5
      vertex -12.3494 -45.304 5.5
    endloop
  endfacet
  facet normal 0.300644 0.953737 0
    outer loop
      vertex -12.4617 -45.2686 5.5
      vertex -12.3494 -45.304 0
      vertex -12.4617 -45.2686 0
    endloop
  endfacet
  facet normal 0.976287 0.216481 0
    outer loop
      vertex -13.304 -44.3494 5.5
      vertex -13.3295 -44.2344 0
      vertex -13.3295 -44.2344 5.5
    endloop
  endfacet
  facet normal 0.976287 0.216481 0
    outer loop
      vertex -13.3295 -44.2344 0
      vertex -13.304 -44.3494 5.5
      vertex -13.304 -44.3494 0
    endloop
  endfacet
  facet normal 0.300644 -0.953737 0
    outer loop
      vertex -12.4617 -42.7314 0
      vertex -12.3494 -42.696 5.5
      vertex -12.4617 -42.7314 5.5
    endloop
  endfacet
  facet normal 0.300644 -0.953737 0
    outer loop
      vertex -12.3494 -42.696 5.5
      vertex -12.4617 -42.7314 0
      vertex -12.3494 -42.696 0
    endloop
  endfacet
  facet normal 0.130828 -0.991405 0
    outer loop
      vertex -12.2344 -42.6705 0
      vertex -12.1177 -42.6551 5.5
      vertex -12.2344 -42.6705 5.5
    endloop
  endfacet
  facet normal 0.130828 -0.991405 0
    outer loop
      vertex -12.1177 -42.6551 5.5
      vertex -12.2344 -42.6705 0
      vertex -12.1177 -42.6551 0
    endloop
  endfacet
  facet normal 0.793538 0.608521 0
    outer loop
      vertex -13.0342 -44.8678 5.5
      vertex -13.1059 -44.7743 0
      vertex -13.1059 -44.7743 5.5
    endloop
  endfacet
  facet normal 0.793538 0.608521 0
    outer loop
      vertex -13.1059 -44.7743 0
      vertex -13.0342 -44.8678 5.5
      vertex -13.0342 -44.8678 0
    endloop
  endfacet
  facet normal 0.953737 -0.300644 0
    outer loop
      vertex -13.304 -43.6506 5.5
      vertex -13.2686 -43.5383 0
      vertex -13.2686 -43.5383 5.5
    endloop
  endfacet
  facet normal 0.953737 -0.300644 0
    outer loop
      vertex -13.2686 -43.5383 0
      vertex -13.304 -43.6506 5.5
      vertex -13.304 -43.6506 0
    endloop
  endfacet
  facet normal -0.675878 0.737013 0
    outer loop
      vertex -11.0454 -44.9546 0
      vertex -11.1322 -45.0342 5.5
      vertex -11.0454 -44.9546 5.5
    endloop
  endfacet
  facet normal -0.675878 0.737013 0
    outer loop
      vertex -11.1322 -45.0342 5.5
      vertex -11.0454 -44.9546 0
      vertex -11.1322 -45.0342 0
    endloop
  endfacet
  facet normal 0.608521 -0.793538 0
    outer loop
      vertex -12.8678 -42.9658 0
      vertex -12.7743 -42.8941 5.5
      vertex -12.8678 -42.9658 5.5
    endloop
  endfacet
  facet normal 0.608521 -0.793538 0
    outer loop
      vertex -12.7743 -42.8941 5.5
      vertex -12.8678 -42.9658 0
      vertex -12.7743 -42.8941 0
    endloop
  endfacet
  facet normal 0 0 -1
    outer loop
      vertex -10.6551 -44.1177 5.5
      vertex -10.6551 -43.8823 5.5
      vertex -10.65 -44 5.5
    endloop
  endfacet
  facet normal 0 0 -1
    outer loop
      vertex -10.6705 -44.2344 5.5
      vertex -10.6551 -43.8823 5.5
      vertex -10.6551 -44.1177 5.5
    endloop
  endfacet
  facet normal 0 0 -1
    outer loop
      vertex -10.6705 -44.2344 5.5
      vertex -10.6705 -43.7656 5.5
      vertex -10.6551 -43.8823 5.5
    endloop
  endfacet
  facet normal 0 0 -1
    outer loop
      vertex -10.696 -44.3494 5.5
      vertex -10.6705 -43.7656 5.5
      vertex -10.6705 -44.2344 5.5
    endloop
  endfacet
  facet normal 0 0 -1
    outer loop
      vertex -10.696 -44.3494 5.5
      vertex -10.696 -43.6506 5.5
      vertex -10.6705 -43.7656 5.5
    endloop
  endfacet
  facet normal 0 0 -1
    outer loop
      vertex -10.7314 -44.4617 5.5
      vertex -10.696 -43.6506 5.5
      vertex -10.696 -44.3494 5.5
    endloop
  endfacet
  facet normal 0 0 -1
    outer loop
      vertex -10.7314 -44.4617 5.5
      vertex -10.7314 -43.5383 5.5
      vertex -10.696 -43.6506 5.5
    endloop
  endfacet
  facet normal 0 0 -1
    outer loop
      vertex -10.7765 -44.5705 5.5
      vertex -10.7314 -43.5383 5.5
      vertex -10.7314 -44.4617 5.5
    endloop
  endfacet
  facet normal 0 0 -1
    outer loop
      vertex -10.7765 -44.5705 5.5
      vertex -10.7765 -43.4295 5.5
      vertex -10.7314 -43.5383 5.5
    endloop
  endfacet
  facet normal 0 0 -1
    outer loop
      vertex -10.8309 -44.675 5.5
      vertex -10.7765 -43.4295 5.5
      vertex -10.7765 -44.5705 5.5
    endloop
  endfacet
  facet normal 0 0 -1
    outer loop
      vertex -10.8309 -44.675 5.5
      vertex -10.8309 -43.325 5.5
      vertex -10.7765 -43.4295 5.5
    endloop
  endfacet
  facet normal 0 0 -1
    outer loop
      vertex -10.8941 -44.7743 5.5
      vertex -10.8309 -43.325 5.5
      vertex -10.8309 -44.675 5.5
    endloop
  endfacet
  facet normal 0 0 -1
    outer loop
      vertex -10.8941 -44.7743 5.5
      vertex -10.8941 -43.2257 5.5
      vertex -10.8309 -43.325 5.5
    endloop
  endfacet
  facet normal 0 0 -1
    outer loop
      vertex -10.9658 -44.8678 5.5
      vertex -10.8941 -43.2257 5.5
      vertex -10.8941 -44.7743 5.5
    endloop
  endfacet
  facet normal 0 0 -1
    outer loop
      vertex -10.9658 -44.8678 5.5
      vertex -10.9658 -43.1322 5.5
      vertex -10.8941 -43.2257 5.5
    endloop
  endfacet
  facet normal 0 0 -1
    outer loop
      vertex -11.0454 -44.9546 5.5
      vertex -10.9658 -43.1322 5.5
      vertex -10.9658 -44.8678 5.5
    endloop
  endfacet
  facet normal 0 0 -1
    outer loop
      vertex -11.0454 -44.9546 5.5
      vertex -11.0454 -43.0454 5.5
      vertex -10.9658 -43.1322 5.5
    endloop
  endfacet
  facet normal 0 0 -1
    outer loop
      vertex -11.1322 -45.0342 5.5
      vertex -11.0454 -43.0454 5.5
      vertex -11.0454 -44.9546 5.5
    endloop
  endfacet
  facet normal 0 0 -1
    outer loop
      vertex -11.1322 -45.0342 5.5
      vertex -11.1322 -42.9658 5.5
      vertex -11.0454 -43.0454 5.5
    endloop
  endfacet
  facet normal 0 0 -1
    outer loop
      vertex -11.2257 -45.1059 5.5
      vertex -11.1322 -42.9658 5.5
      vertex -11.1322 -45.0342 5.5
    endloop
  endfacet
  facet normal 0 0 -1
    outer loop
      vertex -11.2257 -45.1059 5.5
      vertex -11.2257 -42.8941 5.5
      vertex -11.1322 -42.9658 5.5
    endloop
  endfacet
  facet normal 0 0 -1
    outer loop
      vertex -11.325 -45.1691 5.5
      vertex -11.2257 -42.8941 5.5
      vertex -11.2257 -45.1059 5.5
    endloop
  endfacet
  facet normal 0 0 -1
    outer loop
      vertex -11.325 -45.1691 5.5
      vertex -11.325 -42.8309 5.5
      vertex -11.2257 -42.8941 5.5
    endloop
  endfacet
  facet normal 0 0 -1
    outer loop
      vertex -11.4295 -45.2235 5.5
      vertex -11.325 -42.8309 5.5
      vertex -11.325 -45.1691 5.5
    endloop
  endfacet
  facet normal 0 0 -1
    outer loop
      vertex -11.4295 -45.2235 5.5
      vertex -11.4295 -42.7765 5.5
      vertex -11.325 -42.8309 5.5
    endloop
  endfacet
  facet normal 0 0 -1
    outer loop
      vertex -11.5383 -45.2686 5.5
      vertex -11.4295 -42.7765 5.5
      vertex -11.4295 -45.2235 5.5
    endloop
  endfacet
  facet normal 0 0 -1
    outer loop
      vertex -11.5383 -45.2686 5.5
      vertex -11.5383 -42.7314 5.5
      vertex -11.4295 -42.7765 5.5
    endloop
  endfacet
  facet normal 0 0 -1
    outer loop
      vertex -11.6506 -45.304 5.5
      vertex -11.5383 -42.7314 5.5
      vertex -11.5383 -45.2686 5.5
    endloop
  endfacet
  facet normal 0 0 -1
    outer loop
      vertex -11.6506 -45.304 5.5
      vertex -11.6506 -42.696 5.5
      vertex -11.5383 -42.7314 5.5
    endloop
  endfacet
  facet normal 0 0 -1
    outer loop
      vertex -11.7656 -45.3295 5.5
      vertex -11.6506 -42.696 5.5
      vertex -11.6506 -45.304 5.5
    endloop
  endfacet
  facet normal 0 0 -1
    outer loop
      vertex -11.7656 -45.3295 5.5
      vertex -11.7656 -42.6705 5.5
      vertex -11.6506 -42.696 5.5
    endloop
  endfacet
  facet normal 0 0 -1
    outer loop
      vertex -11.8823 -45.3449 5.5
      vertex -11.7656 -42.6705 5.5
      vertex -11.7656 -45.3295 5.5
    endloop
  endfacet
  facet normal 0 0 -1
    outer loop
      vertex -11.8823 -45.3449 5.5
      vertex -11.8823 -42.6551 5.5
      vertex -11.7656 -42.6705 5.5
    endloop
  endfacet
  facet normal 0 0 -1
    outer loop
      vertex -12 -45.35 5.5
      vertex -11.8823 -42.6551 5.5
      vertex -11.8823 -45.3449 5.5
    endloop
  endfacet
  facet normal 0 0 -1
    outer loop
      vertex -12 -45.35 5.5
      vertex -12 -42.65 5.5
      vertex -11.8823 -42.6551 5.5
    endloop
  endfacet
  facet normal 0 0 -1
    outer loop
      vertex -12.1177 -45.3449 5.5
      vertex -12 -42.65 5.5
      vertex -12 -45.35 5.5
    endloop
  endfacet
  facet normal 0 0 -1
    outer loop
      vertex -12.1177 -45.3449 5.5
      vertex -12.1177 -42.6551 5.5
      vertex -12 -42.65 5.5
    endloop
  endfacet
  facet normal 0 0 -1
    outer loop
      vertex -12.2344 -45.3295 5.5
      vertex -12.1177 -42.6551 5.5
      vertex -12.1177 -45.3449 5.5
    endloop
  endfacet
  facet normal 0 0 -1
    outer loop
      vertex -12.2344 -45.3295 5.5
      vertex -12.2344 -42.6705 5.5
      vertex -12.1177 -42.6551 5.5
    endloop
  endfacet
  facet normal 0 0 -1
    outer loop
      vertex -12.3494 -45.304 5.5
      vertex -12.2344 -42.6705 5.5
      vertex -12.2344 -45.3295 5.5
    endloop
  endfacet
  facet normal 0 0 -1
    outer loop
      vertex -12.3494 -45.304 5.5
      vertex -12.3494 -42.696 5.5
      vertex -12.2344 -42.6705 5.5
    endloop
  endfacet
  facet normal 0 0 -1
    outer loop
      vertex -12.4617 -45.2686 5.5
      vertex -12.3494 -42.696 5.5
      vertex -12.3494 -45.304 5.5
    endloop
  endfacet
  facet normal 0 0 -1
    outer loop
      vertex -12.4617 -45.2686 5.5
      vertex -12.4617 -42.7314 5.5
      vertex -12.3494 -42.696 5.5
    endloop
  endfacet
  facet normal 0 0 -1
    outer loop
      vertex -12.5705 -45.2235 5.5
      vertex -12.4617 -42.7314 5.5
      vertex -12.4617 -45.2686 5.5
    endloop
  endfacet
  facet normal 0 0 -1
    outer loop
      vertex -12.5705 -45.2235 5.5
      vertex -12.5705 -42.7765 5.5
      vertex -12.4617 -42.7314 5.5
    endloop
  endfacet
  facet normal 0 0 -1
    outer loop
      vertex -12.675 -45.1691 5.5
      vertex -12.5705 -42.7765 5.5
      vertex -12.5705 -45.2235 5.5
    endloop
  endfacet
  facet normal 0 0 -1
    outer loop
      vertex -12.675 -45.1691 5.5
      vertex -12.675 -42.8309 5.5
      vertex -12.5705 -42.7765 5.5
    endloop
  endfacet
  facet normal 0 0 -1
    outer loop
      vertex -12.7743 -45.1059 5.5
      vertex -12.675 -42.8309 5.5
      vertex -12.675 -45.1691 5.5
    endloop
  endfacet
  facet normal 0 0 -1
    outer loop
      vertex -12.7743 -45.1059 5.5
      vertex -12.7743 -42.8941 5.5
      vertex -12.675 -42.8309 5.5
    endloop
  endfacet
  facet normal 0 0 -1
    outer loop
      vertex -12.8678 -45.0342 5.5
      vertex -12.7743 -42.8941 5.5
      vertex -12.7743 -45.1059 5.5
    endloop
  endfacet
  facet normal 0 0 -1
    outer loop
      vertex -12.8678 -45.0342 5.5
      vertex -12.8678 -42.9658 5.5
      vertex -12.7743 -42.8941 5.5
    endloop
  endfacet
  facet normal 0 0 -1
    outer loop
      vertex -12.9546 -44.9546 5.5
      vertex -12.8678 -42.9658 5.5
      vertex -12.8678 -45.0342 5.5
    endloop
  endfacet
  facet normal 0 0 -1
    outer loop
      vertex -12.9546 -44.9546 5.5
      vertex -12.9546 -43.0454 5.5
      vertex -12.8678 -42.9658 5.5
    endloop
  endfacet
  facet normal 0 0 -1
    outer loop
      vertex -13.0342 -44.8678 5.5
      vertex -12.9546 -43.0454 5.5
      vertex -12.9546 -44.9546 5.5
    endloop
  endfacet
  facet normal 0 0 -1
    outer loop
      vertex -13.0342 -44.8678 5.5
      vertex -13.0342 -43.1322 5.5
      vertex -12.9546 -43.0454 5.5
    endloop
  endfacet
  facet normal 0 0 -1
    outer loop
      vertex -13.1059 -44.7743 5.5
      vertex -13.0342 -43.1322 5.5
      vertex -13.0342 -44.8678 5.5
    endloop
  endfacet
  facet normal 0 0 -1
    outer loop
      vertex -13.1059 -44.7743 5.5
      vertex -13.1059 -43.2257 5.5
      vertex -13.0342 -43.1322 5.5
    endloop
  endfacet
  facet normal 0 0 -1
    outer loop
      vertex -13.1691 -44.675 5.5
      vertex -13.1059 -43.2257 5.5
      vertex -13.1059 -44.7743 5.5
    endloop
  endfacet
  facet normal 0 0 -1
    outer loop
      vertex -13.1691 -44.675 5.5
      vertex -13.1691 -43.325 5.5
      vertex -13.1059 -43.2257 5.5
    endloop
  endfacet
  facet normal 0 0 -1
    outer loop
      vertex -13.2235 -44.5705 5.5
      vertex -13.1691 -43.325 5.5
      vertex -13.1691 -44.675 5.5
    endloop
  endfacet
  facet normal 0 0 -1
    outer loop
      vertex -13.2235 -44.5705 5.5
      vertex -13.2235 -43.4295 5.5
      vertex -13.1691 -43.325 5.5
    endloop
  endfacet
  facet normal 0 0 -1
    outer loop
      vertex -13.2686 -44.4617 5.5
      vertex -13.2235 -43.4295 5.5
      vertex -13.2235 -44.5705 5.5
    endloop
  endfacet
  facet normal 0 0 -1
    outer loop
      vertex -13.2686 -44.4617 5.5
      vertex -13.2686 -43.5383 5.5
      vertex -13.2235 -43.4295 5.5
    endloop
  endfacet
  facet normal 0 0 -1
    outer loop
      vertex -13.304 -44.3494 5.5
      vertex -13.2686 -43.5383 5.5
      vertex -13.2686 -44.4617 5.5
    endloop
  endfacet
  facet normal 0 0 -1
    outer loop
      vertex -13.304 -44.3494 5.5
      vertex -13.304 -43.6506 5.5
      vertex -13.2686 -43.5383 5.5
    endloop
  endfacet
  facet normal 0 0 -1
    outer loop
      vertex -13.3295 -44.2344 5.5
      vertex -13.304 -43.6506 5.5
      vertex -13.304 -44.3494 5.5
    endloop
  endfacet
  facet normal 0 0 -1
    outer loop
      vertex -13.3295 -44.2344 5.5
      vertex -13.3295 -43.7656 5.5
      vertex -13.304 -43.6506 5.5
    endloop
  endfacet
  facet normal 0 0 -1
    outer loop
      vertex -13.3449 -44.1177 5.5
      vertex -13.3295 -43.7656 5.5
      vertex -13.3295 -44.2344 5.5
    endloop
  endfacet
  facet normal 0 0 -1
    outer loop
      vertex -13.3449 -44.1177 5.5
      vertex -13.3449 -43.8823 5.5
      vertex -13.3295 -43.7656 5.5
    endloop
  endfacet
  facet normal 0 -0 -1
    outer loop
      vertex -13.3449 -43.8823 5.5
      vertex -13.3449 -44.1177 5.5
      vertex -13.35 -44 5.5
    endloop
  endfacet
  facet normal -0.843627 0.53693 0
    outer loop
      vertex -10.8941 -44.7743 0
      vertex -10.8309 -44.675 5.5
      vertex -10.8309 -44.675 0
    endloop
  endfacet
  facet normal -0.843627 0.53693 0
    outer loop
      vertex -10.8309 -44.675 5.5
      vertex -10.8941 -44.7743 0
      vertex -10.8941 -44.7743 5.5
    endloop
  endfacet
  facet normal 0.461754 0.887008 -0
    outer loop
      vertex -12.5705 -45.2235 0
      vertex -12.675 -45.1691 5.5
      vertex -12.5705 -45.2235 5.5
    endloop
  endfacet
  facet normal 0.461754 0.887008 0
    outer loop
      vertex -12.675 -45.1691 5.5
      vertex -12.5705 -45.2235 0
      vertex -12.675 -45.1691 0
    endloop
  endfacet
  facet normal 0.843627 -0.53693 0
    outer loop
      vertex -13.1691 -43.325 5.5
      vertex -13.1059 -43.2257 0
      vertex -13.1059 -43.2257 5.5
    endloop
  endfacet
  facet normal 0.843627 -0.53693 0
    outer loop
      vertex -13.1059 -43.2257 0
      vertex -13.1691 -43.325 5.5
      vertex -13.1691 -43.325 0
    endloop
  endfacet
  facet normal -0.675878 -0.737013 0
    outer loop
      vertex -11.1322 -42.9658 0
      vertex -11.0454 -43.0454 5.5
      vertex -11.1322 -42.9658 5.5
    endloop
  endfacet
  facet normal -0.675878 -0.737013 -0
    outer loop
      vertex -11.0454 -43.0454 5.5
      vertex -11.1322 -42.9658 0
      vertex -11.0454 -43.0454 0
    endloop
  endfacet
  facet normal -0.923779 -0.382927 0
    outer loop
      vertex -10.7314 -43.5383 0
      vertex -10.7765 -43.4295 5.5
      vertex -10.7765 -43.4295 0
    endloop
  endfacet
  facet normal -0.923779 -0.382927 0
    outer loop
      vertex -10.7765 -43.4295 5.5
      vertex -10.7314 -43.5383 0
      vertex -10.7314 -43.5383 5.5
    endloop
  endfacet
  facet normal -0.737013 -0.675878 0
    outer loop
      vertex -10.9658 -43.1322 0
      vertex -11.0454 -43.0454 5.5
      vertex -11.0454 -43.0454 0
    endloop
  endfacet
  facet normal -0.737013 -0.675878 0
    outer loop
      vertex -11.0454 -43.0454 5.5
      vertex -10.9658 -43.1322 0
      vertex -10.9658 -43.1322 5.5
    endloop
  endfacet
  facet normal -0.608521 -0.793538 0
    outer loop
      vertex -11.2257 -42.8941 0
      vertex -11.1322 -42.9658 5.5
      vertex -11.2257 -42.8941 5.5
    endloop
  endfacet
  facet normal -0.608521 -0.793538 -0
    outer loop
      vertex -11.1322 -42.9658 5.5
      vertex -11.2257 -42.8941 0
      vertex -11.1322 -42.9658 0
    endloop
  endfacet
  facet normal -0.300644 -0.953737 0
    outer loop
      vertex -11.6506 -42.696 0
      vertex -11.5383 -42.7314 5.5
      vertex -11.6506 -42.696 5.5
    endloop
  endfacet
  facet normal -0.300644 -0.953737 -0
    outer loop
      vertex -11.5383 -42.7314 5.5
      vertex -11.6506 -42.696 0
      vertex -11.5383 -42.7314 0
    endloop
  endfacet
  facet normal -0.0432899 0.999063 0
    outer loop
      vertex -11.8823 -45.3449 0
      vertex -12 -45.35 5.5
      vertex -11.8823 -45.3449 5.5
    endloop
  endfacet
  facet normal -0.0432899 0.999063 0
    outer loop
      vertex -12 -45.35 5.5
      vertex -11.8823 -45.3449 0
      vertex -12 -45.35 0
    endloop
  endfacet
  facet normal 0.0432899 -0.999063 0
    outer loop
      vertex -12.1177 -42.6551 0
      vertex -12 -42.65 5.5
      vertex -12.1177 -42.6551 5.5
    endloop
  endfacet
  facet normal 0.0432899 -0.999063 0
    outer loop
      vertex -12 -42.65 5.5
      vertex -12.1177 -42.6551 0
      vertex -12 -42.65 0
    endloop
  endfacet
  facet normal 0.843627 0.53693 0
    outer loop
      vertex -13.1059 -44.7743 5.5
      vertex -13.1691 -44.675 0
      vertex -13.1691 -44.675 5.5
    endloop
  endfacet
  facet normal 0.843627 0.53693 0
    outer loop
      vertex -13.1691 -44.675 0
      vertex -13.1059 -44.7743 5.5
      vertex -13.1059 -44.7743 0
    endloop
  endfacet
  facet normal 0.976287 -0.216481 0
    outer loop
      vertex -13.3295 -43.7656 5.5
      vertex -13.304 -43.6506 0
      vertex -13.304 -43.6506 5.5
    endloop
  endfacet
  facet normal 0.976287 -0.216481 0
    outer loop
      vertex -13.304 -43.6506 0
      vertex -13.3295 -43.7656 5.5
      vertex -13.3295 -43.7656 0
    endloop
  endfacet
  facet normal 0.923779 0.382927 0
    outer loop
      vertex -13.2235 -44.5705 5.5
      vertex -13.2686 -44.4617 0
      vertex -13.2686 -44.4617 5.5
    endloop
  endfacet
  facet normal 0.923779 0.382927 0
    outer loop
      vertex -13.2686 -44.4617 0
      vertex -13.2235 -44.5705 5.5
      vertex -13.2235 -44.5705 0
    endloop
  endfacet
  facet normal -0.53693 -0.843627 0
    outer loop
      vertex -11.325 -42.8309 0
      vertex -11.2257 -42.8941 5.5
      vertex -11.325 -42.8309 5.5
    endloop
  endfacet
  facet normal -0.53693 -0.843627 -0
    outer loop
      vertex -11.2257 -42.8941 5.5
      vertex -11.325 -42.8309 0
      vertex -11.2257 -42.8941 0
    endloop
  endfacet
  facet normal -0.461754 -0.887008 0
    outer loop
      vertex -11.4295 -42.7765 0
      vertex -11.325 -42.8309 5.5
      vertex -11.4295 -42.7765 5.5
    endloop
  endfacet
  facet normal -0.461754 -0.887008 -0
    outer loop
      vertex -11.325 -42.8309 5.5
      vertex -11.4295 -42.7765 0
      vertex -11.325 -42.8309 0
    endloop
  endfacet
  facet normal 0.382927 -0.923779 0
    outer loop
      vertex -12.5705 -42.7765 0
      vertex -12.4617 -42.7314 5.5
      vertex -12.5705 -42.7765 5.5
    endloop
  endfacet
  facet normal 0.382927 -0.923779 0
    outer loop
      vertex -12.4617 -42.7314 5.5
      vertex -12.5705 -42.7765 0
      vertex -12.4617 -42.7314 0
    endloop
  endfacet
  facet normal 0.887008 -0.461754 0
    outer loop
      vertex -13.2235 -43.4295 5.5
      vertex -13.1691 -43.325 0
      vertex -13.1691 -43.325 5.5
    endloop
  endfacet
  facet normal 0.887008 -0.461754 0
    outer loop
      vertex -13.1691 -43.325 0
      vertex -13.2235 -43.4295 5.5
      vertex -13.2235 -43.4295 0
    endloop
  endfacet
  facet normal 0.53693 0.843627 -0
    outer loop
      vertex -12.675 -45.1691 0
      vertex -12.7743 -45.1059 5.5
      vertex -12.675 -45.1691 5.5
    endloop
  endfacet
  facet normal 0.53693 0.843627 0
    outer loop
      vertex -12.7743 -45.1059 5.5
      vertex -12.675 -45.1691 0
      vertex -12.7743 -45.1059 0
    endloop
  endfacet
  facet normal 0.461754 -0.887008 0
    outer loop
      vertex -12.675 -42.8309 0
      vertex -12.5705 -42.7765 5.5
      vertex -12.675 -42.8309 5.5
    endloop
  endfacet
  facet normal 0.461754 -0.887008 0
    outer loop
      vertex -12.5705 -42.7765 5.5
      vertex -12.675 -42.8309 0
      vertex -12.5705 -42.7765 0
    endloop
  endfacet
  facet normal -0.991438 0.130578 0
    outer loop
      vertex 4.32949 -46.2344 0
      vertex 4.34486 -46.1177 5.5
      vertex 4.34486 -46.1177 0
    endloop
  endfacet
  facet normal -0.991438 0.130578 0
    outer loop
      vertex 4.34486 -46.1177 5.5
      vertex 4.32949 -46.2344 0
      vertex 4.32949 -46.2344 5.5
    endloop
  endfacet
  facet normal -0.999048 0.0436288 0
    outer loop
      vertex 4.34486 -46.1177 0
      vertex 4.35 -46 5.5
      vertex 4.35 -46 0
    endloop
  endfacet
  facet normal -0.999048 0.0436288 0
    outer loop
      vertex 4.35 -46 5.5
      vertex 4.34486 -46.1177 0
      vertex 4.34486 -46.1177 5.5
    endloop
  endfacet
  facet normal -0.216499 -0.976283 0
    outer loop
      vertex 3.23442 -44.6705 0
      vertex 3.34941 -44.696 5.5
      vertex 3.23442 -44.6705 5.5
    endloop
  endfacet
  facet normal -0.216499 -0.976283 -0
    outer loop
      vertex 3.34941 -44.696 5.5
      vertex 3.23442 -44.6705 0
      vertex 3.34941 -44.696 0
    endloop
  endfacet
  facet normal 0.216517 0.976279 -0
    outer loop
      vertex 2.76557 -47.3295 0
      vertex 2.65059 -47.304 5.5
      vertex 2.76557 -47.3295 5.5
    endloop
  endfacet
  facet normal 0.216517 0.976279 0
    outer loop
      vertex 2.65059 -47.304 5.5
      vertex 2.76557 -47.3295 0
      vertex 2.65059 -47.304 0
    endloop
  endfacet
  facet normal -0.461858 0.886954 0
    outer loop
      vertex 3.675 -47.1691 0
      vertex 3.57053 -47.2235 5.5
      vertex 3.675 -47.1691 5.5
    endloop
  endfacet
  facet normal -0.461858 0.886954 0
    outer loop
      vertex 3.57053 -47.2235 5.5
      vertex 3.675 -47.1691 0
      vertex 3.57053 -47.2235 0
    endloop
  endfacet
  facet normal 0.73714 -0.67574 0
    outer loop
      vertex 1.96584 -45.1322 5.5
      vertex 2.04541 -45.0454 0
      vertex 2.04541 -45.0454 5.5
    endloop
  endfacet
  facet normal 0.73714 -0.67574 0
    outer loop
      vertex 2.04541 -45.0454 0
      vertex 1.96584 -45.1322 5.5
      vertex 1.96584 -45.1322 0
    endloop
  endfacet
  facet normal -0.843319 -0.537414 0
    outer loop
      vertex 4.16913 -45.325 0
      vertex 4.10585 -45.2257 5.5
      vertex 4.10585 -45.2257 0
    endloop
  endfacet
  facet normal -0.843319 -0.537414 0
    outer loop
      vertex 4.10585 -45.2257 5.5
      vertex 4.16913 -45.325 0
      vertex 4.16913 -45.325 5.5
    endloop
  endfacet
  facet normal 0.675752 -0.737129 0
    outer loop
      vertex 2.04541 -45.0454 0
      vertex 2.13224 -44.9658 5.5
      vertex 2.04541 -45.0454 5.5
    endloop
  endfacet
  facet normal 0.675752 -0.737129 0
    outer loop
      vertex 2.13224 -44.9658 5.5
      vertex 2.04541 -45.0454 0
      vertex 2.13224 -44.9658 0
    endloop
  endfacet
  facet normal -0.953688 0.300798 0
    outer loop
      vertex 4.26858 -46.4617 0
      vertex 4.304 -46.3494 5.5
      vertex 4.304 -46.3494 0
    endloop
  endfacet
  facet normal -0.953688 0.300798 0
    outer loop
      vertex 4.304 -46.3494 5.5
      vertex 4.26858 -46.4617 0
      vertex 4.26858 -46.4617 5.5
    endloop
  endfacet
  facet normal -0.793579 -0.608467 0
    outer loop
      vertex 4.10585 -45.2257 0
      vertex 4.03416 -45.1322 5.5
      vertex 4.03416 -45.1322 0
    endloop
  endfacet
  facet normal -0.793579 -0.608467 0
    outer loop
      vertex 4.03416 -45.1322 5.5
      vertex 4.10585 -45.2257 0
      vertex 4.10585 -45.2257 5.5
    endloop
  endfacet
  facet normal -0.976305 0.2164 0
    outer loop
      vertex 4.304 -46.3494 0
      vertex 4.32949 -46.2344 5.5
      vertex 4.32949 -46.2344 0
    endloop
  endfacet
  facet normal -0.976305 0.2164 0
    outer loop
      vertex 4.32949 -46.2344 5.5
      vertex 4.304 -46.3494 0
      vertex 4.304 -46.3494 5.5
    endloop
  endfacet
  facet normal -0.73714 0.67574 0
    outer loop
      vertex 3.95459 -46.9546 0
      vertex 4.03416 -46.8678 5.5
      vertex 4.03416 -46.8678 0
    endloop
  endfacet
  facet normal -0.73714 0.67574 0
    outer loop
      vertex 4.03416 -46.8678 5.5
      vertex 3.95459 -46.9546 0
      vertex 3.95459 -46.9546 5.5
    endloop
  endfacet
  facet normal 0.536815 -0.8437 0
    outer loop
      vertex 2.22567 -44.8941 0
      vertex 2.325 -44.8309 5.5
      vertex 2.22567 -44.8941 5.5
    endloop
  endfacet
  facet normal 0.536815 -0.8437 0
    outer loop
      vertex 2.325 -44.8309 5.5
      vertex 2.22567 -44.8941 0
      vertex 2.325 -44.8309 0
    endloop
  endfacet
  facet normal -0.999048 -0.0436288 0
    outer loop
      vertex 4.35 -46 0
      vertex 4.34486 -45.8823 5.5
      vertex 4.34486 -45.8823 0
    endloop
  endfacet
  facet normal -0.999048 -0.0436288 0
    outer loop
      vertex 4.34486 -45.8823 5.5
      vertex 4.35 -46 0
      vertex 4.35 -46 5.5
    endloop
  endfacet
  facet normal -0.976305 -0.2164 0
    outer loop
      vertex 4.32949 -45.7656 0
      vertex 4.304 -45.6506 5.5
      vertex 4.304 -45.6506 0
    endloop
  endfacet
  facet normal -0.976305 -0.2164 0
    outer loop
      vertex 4.304 -45.6506 5.5
      vertex 4.32949 -45.7656 0
      vertex 4.32949 -45.7656 5.5
    endloop
  endfacet
  facet normal -0.953688 -0.300798 0
    outer loop
      vertex 4.304 -45.6506 0
      vertex 4.26858 -45.5383 5.5
      vertex 4.26858 -45.5383 0
    endloop
  endfacet
  facet normal -0.953688 -0.300798 0
    outer loop
      vertex 4.26858 -45.5383 5.5
      vertex 4.304 -45.6506 0
      vertex 4.304 -45.6506 5.5
    endloop
  endfacet
  facet normal -0.887043 -0.461687 0
    outer loop
      vertex 4.22352 -45.4295 0
      vertex 4.16913 -45.325 5.5
      vertex 4.16913 -45.325 0
    endloop
  endfacet
  facet normal -0.887043 -0.461687 0
    outer loop
      vertex 4.16913 -45.325 5.5
      vertex 4.22352 -45.4295 0
      vertex 4.22352 -45.4295 5.5
    endloop
  endfacet
  facet normal 0.793538 -0.608521 0
    outer loop
      vertex 1.89414 -45.2257 5.5
      vertex 1.96584 -45.1322 0
      vertex 1.96584 -45.1322 5.5
    endloop
  endfacet
  facet normal 0.793538 -0.608521 0
    outer loop
      vertex 1.96584 -45.1322 0
      vertex 1.89414 -45.2257 5.5
      vertex 1.89414 -45.2257 0
    endloop
  endfacet
  facet normal 0.382927 0.923779 -0
    outer loop
      vertex 2.53827 -47.2686 0
      vertex 2.42947 -47.2235 5.5
      vertex 2.53827 -47.2686 5.5
    endloop
  endfacet
  facet normal 0.382927 0.923779 0
    outer loop
      vertex 2.42947 -47.2235 5.5
      vertex 2.53827 -47.2686 0
      vertex 2.42947 -47.2235 0
    endloop
  endfacet
  facet normal 0.0433046 0.999062 -0
    outer loop
      vertex 3 -47.35 0
      vertex 2.88234 -47.3449 5.5
      vertex 3 -47.35 5.5
    endloop
  endfacet
  facet normal 0.0433046 0.999062 0
    outer loop
      vertex 2.88234 -47.3449 5.5
      vertex 3 -47.35 0
      vertex 2.88234 -47.3449 0
    endloop
  endfacet
  facet normal 0.675752 0.737129 -0
    outer loop
      vertex 2.13224 -47.0342 0
      vertex 2.04541 -46.9546 5.5
      vertex 2.13224 -47.0342 5.5
    endloop
  endfacet
  facet normal 0.675752 0.737129 0
    outer loop
      vertex 2.04541 -46.9546 5.5
      vertex 2.13224 -47.0342 0
      vertex 2.04541 -46.9546 0
    endloop
  endfacet
  facet normal 0.887078 0.46162 0
    outer loop
      vertex 1.83086 -46.675 5.5
      vertex 1.77648 -46.5705 0
      vertex 1.77648 -46.5705 5.5
    endloop
  endfacet
  facet normal 0.887078 0.46162 0
    outer loop
      vertex 1.77648 -46.5705 0
      vertex 1.83086 -46.675 5.5
      vertex 1.83086 -46.675 0
    endloop
  endfacet
  facet normal -0.536815 0.8437 0
    outer loop
      vertex 3.77433 -47.1059 0
      vertex 3.675 -47.1691 5.5
      vertex 3.77433 -47.1059 5.5
    endloop
  endfacet
  facet normal -0.536815 0.8437 0
    outer loop
      vertex 3.675 -47.1691 5.5
      vertex 3.77433 -47.1059 0
      vertex 3.675 -47.1691 0
    endloop
  endfacet
  facet normal -0.991438 -0.130578 0
    outer loop
      vertex 4.34486 -45.8823 0
      vertex 4.32949 -45.7656 5.5
      vertex 4.32949 -45.7656 0
    endloop
  endfacet
  facet normal -0.991438 -0.130578 0
    outer loop
      vertex 4.32949 -45.7656 5.5
      vertex 4.34486 -45.8823 0
      vertex 4.34486 -45.8823 5.5
    endloop
  endfacet
  facet normal -0.130762 0.991414 0
    outer loop
      vertex 3.23442 -47.3295 0
      vertex 3.11766 -47.3449 5.5
      vertex 3.23442 -47.3295 5.5
    endloop
  endfacet
  facet normal -0.130762 0.991414 0
    outer loop
      vertex 3.11766 -47.3449 5.5
      vertex 3.23442 -47.3295 0
      vertex 3.11766 -47.3449 0
    endloop
  endfacet
  facet normal 0.216517 -0.976279 0
    outer loop
      vertex 2.65059 -44.696 0
      vertex 2.76557 -44.6705 5.5
      vertex 2.65059 -44.696 5.5
    endloop
  endfacet
  facet normal 0.216517 -0.976279 0
    outer loop
      vertex 2.76557 -44.6705 5.5
      vertex 2.65059 -44.696 0
      vertex 2.76557 -44.6705 0
    endloop
  endfacet
  facet normal 0.953712 0.300721 0
    outer loop
      vertex 1.73141 -46.4617 5.5
      vertex 1.696 -46.3494 0
      vertex 1.696 -46.3494 5.5
    endloop
  endfacet
  facet normal 0.953712 0.300721 0
    outer loop
      vertex 1.696 -46.3494 0
      vertex 1.73141 -46.4617 5.5
      vertex 1.73141 -46.4617 0
    endloop
  endfacet
  facet normal -0.887043 0.461687 0
    outer loop
      vertex 4.16913 -46.675 0
      vertex 4.22352 -46.5705 5.5
      vertex 4.22352 -46.5705 0
    endloop
  endfacet
  facet normal -0.887043 0.461687 0
    outer loop
      vertex 4.22352 -46.5705 5.5
      vertex 4.16913 -46.675 0
      vertex 4.16913 -46.675 5.5
    endloop
  endfacet
  facet normal -0.382927 0.923779 0
    outer loop
      vertex 3.57053 -47.2235 0
      vertex 3.46173 -47.2686 5.5
      vertex 3.57053 -47.2235 5.5
    endloop
  endfacet
  facet normal -0.382927 0.923779 0
    outer loop
      vertex 3.46173 -47.2686 5.5
      vertex 3.57053 -47.2235 0
      vertex 3.46173 -47.2686 0
    endloop
  endfacet
  facet normal -0.0433046 -0.999062 0
    outer loop
      vertex 3 -44.65 0
      vertex 3.11766 -44.6551 5.5
      vertex 3 -44.65 5.5
    endloop
  endfacet
  facet normal -0.0433046 -0.999062 -0
    outer loop
      vertex 3.11766 -44.6551 5.5
      vertex 3 -44.65 0
      vertex 3.11766 -44.6551 0
    endloop
  endfacet
  facet normal 0.999048 -0.0436288 0
    outer loop
      vertex 1.65 -46 5.5
      vertex 1.65514 -45.8823 0
      vertex 1.65514 -45.8823 5.5
    endloop
  endfacet
  facet normal 0.999048 -0.0436288 0
    outer loop
      vertex 1.65514 -45.8823 0
      vertex 1.65 -46 5.5
      vertex 1.65 -46 0
    endloop
  endfacet
  facet normal 0.991438 -0.130578 0
    outer loop
      vertex 1.65514 -45.8823 5.5
      vertex 1.67051 -45.7656 0
      vertex 1.67051 -45.7656 5.5
    endloop
  endfacet
  facet normal 0.991438 -0.130578 0
    outer loop
      vertex 1.67051 -45.7656 0
      vertex 1.65514 -45.8823 5.5
      vertex 1.65514 -45.8823 0
    endloop
  endfacet
  facet normal 0.991438 0.130578 0
    outer loop
      vertex 1.67051 -46.2344 5.5
      vertex 1.65514 -46.1177 0
      vertex 1.65514 -46.1177 5.5
    endloop
  endfacet
  facet normal 0.991438 0.130578 0
    outer loop
      vertex 1.65514 -46.1177 0
      vertex 1.67051 -46.2344 5.5
      vertex 1.67051 -46.2344 0
    endloop
  endfacet
  facet normal 0.923869 -0.382709 0
    outer loop
      vertex 1.73141 -45.5383 5.5
      vertex 1.77648 -45.4295 0
      vertex 1.77648 -45.4295 5.5
    endloop
  endfacet
  facet normal 0.923869 -0.382709 0
    outer loop
      vertex 1.77648 -45.4295 0
      vertex 1.73141 -45.5383 5.5
      vertex 1.73141 -45.5383 0
    endloop
  endfacet
  facet normal -0.382927 -0.923779 0
    outer loop
      vertex 3.46173 -44.7314 0
      vertex 3.57053 -44.7765 5.5
      vertex 3.46173 -44.7314 5.5
    endloop
  endfacet
  facet normal -0.382927 -0.923779 -0
    outer loop
      vertex 3.57053 -44.7765 5.5
      vertex 3.46173 -44.7314 0
      vertex 3.57053 -44.7765 0
    endloop
  endfacet
  facet normal -0.608808 0.793318 0
    outer loop
      vertex 3.86776 -47.0342 0
      vertex 3.77433 -47.1059 5.5
      vertex 3.86776 -47.0342 5.5
    endloop
  endfacet
  facet normal -0.608808 0.793318 0
    outer loop
      vertex 3.77433 -47.1059 5.5
      vertex 3.86776 -47.0342 0
      vertex 3.77433 -47.1059 0
    endloop
  endfacet
  facet normal 0.999048 0.0436288 0
    outer loop
      vertex 1.65514 -46.1177 5.5
      vertex 1.65 -46 0
      vertex 1.65 -46 5.5
    endloop
  endfacet
  facet normal 0.999048 0.0436288 0
    outer loop
      vertex 1.65 -46 0
      vertex 1.65514 -46.1177 5.5
      vertex 1.65514 -46.1177 0
    endloop
  endfacet
  facet normal -0.130762 -0.991414 0
    outer loop
      vertex 3.11766 -44.6551 0
      vertex 3.23442 -44.6705 5.5
      vertex 3.11766 -44.6551 5.5
    endloop
  endfacet
  facet normal -0.130762 -0.991414 -0
    outer loop
      vertex 3.23442 -44.6705 5.5
      vertex 3.11766 -44.6551 0
      vertex 3.23442 -44.6705 0
    endloop
  endfacet
  facet normal 0.608808 0.793318 -0
    outer loop
      vertex 2.22567 -47.1059 0
      vertex 2.13224 -47.0342 5.5
      vertex 2.22567 -47.1059 5.5
    endloop
  endfacet
  facet normal 0.608808 0.793318 0
    outer loop
      vertex 2.13224 -47.0342 5.5
      vertex 2.22567 -47.1059 0
      vertex 2.13224 -47.0342 0
    endloop
  endfacet
  facet normal -0.923899 0.382637 0
    outer loop
      vertex 4.22352 -46.5705 0
      vertex 4.26858 -46.4617 5.5
      vertex 4.26858 -46.4617 0
    endloop
  endfacet
  facet normal -0.923899 0.382637 0
    outer loop
      vertex 4.26858 -46.4617 5.5
      vertex 4.22352 -46.5705 0
      vertex 4.22352 -46.5705 5.5
    endloop
  endfacet
  facet normal -0.300595 0.953752 0
    outer loop
      vertex 3.46173 -47.2686 0
      vertex 3.34941 -47.304 5.5
      vertex 3.46173 -47.2686 5.5
    endloop
  endfacet
  facet normal -0.300595 0.953752 0
    outer loop
      vertex 3.34941 -47.304 5.5
      vertex 3.46173 -47.2686 0
      vertex 3.34941 -47.304 0
    endloop
  endfacet
  facet normal 0.73714 0.67574 0
    outer loop
      vertex 2.04541 -46.9546 5.5
      vertex 1.96584 -46.8678 0
      vertex 1.96584 -46.8678 5.5
    endloop
  endfacet
  facet normal 0.73714 0.67574 0
    outer loop
      vertex 1.96584 -46.8678 0
      vertex 2.04541 -46.9546 5.5
      vertex 2.04541 -46.9546 0
    endloop
  endfacet
  facet normal -0.793579 0.608467 0
    outer loop
      vertex 4.03416 -46.8678 0
      vertex 4.10585 -46.7743 5.5
      vertex 4.10585 -46.7743 0
    endloop
  endfacet
  facet normal -0.793579 0.608467 0
    outer loop
      vertex 4.10585 -46.7743 5.5
      vertex 4.03416 -46.8678 0
      vertex 4.03416 -46.8678 5.5
    endloop
  endfacet
  facet normal 0.130751 0.991415 -0
    outer loop
      vertex 2.88234 -47.3449 0
      vertex 2.76557 -47.3295 5.5
      vertex 2.88234 -47.3449 5.5
    endloop
  endfacet
  facet normal 0.130751 0.991415 0
    outer loop
      vertex 2.76557 -47.3295 5.5
      vertex 2.88234 -47.3449 0
      vertex 2.76557 -47.3295 0
    endloop
  endfacet
  facet normal 0.300595 0.953752 -0
    outer loop
      vertex 2.65059 -47.304 0
      vertex 2.53827 -47.2686 5.5
      vertex 2.65059 -47.304 5.5
    endloop
  endfacet
  facet normal 0.300595 0.953752 0
    outer loop
      vertex 2.53827 -47.2686 5.5
      vertex 2.65059 -47.304 0
      vertex 2.53827 -47.2686 0
    endloop
  endfacet
  facet normal 0.976305 0.2164 0
    outer loop
      vertex 1.696 -46.3494 5.5
      vertex 1.67051 -46.2344 0
      vertex 1.67051 -46.2344 5.5
    endloop
  endfacet
  facet normal 0.976305 0.2164 0
    outer loop
      vertex 1.67051 -46.2344 0
      vertex 1.696 -46.3494 5.5
      vertex 1.696 -46.3494 0
    endloop
  endfacet
  facet normal 0.300595 -0.953752 0
    outer loop
      vertex 2.53827 -44.7314 0
      vertex 2.65059 -44.696 5.5
      vertex 2.53827 -44.7314 5.5
    endloop
  endfacet
  facet normal 0.300595 -0.953752 0
    outer loop
      vertex 2.65059 -44.696 5.5
      vertex 2.53827 -44.7314 0
      vertex 2.65059 -44.696 0
    endloop
  endfacet
  facet normal 0.130751 -0.991415 0
    outer loop
      vertex 2.76557 -44.6705 0
      vertex 2.88234 -44.6551 5.5
      vertex 2.76557 -44.6705 5.5
    endloop
  endfacet
  facet normal 0.130751 -0.991415 0
    outer loop
      vertex 2.88234 -44.6551 5.5
      vertex 2.76557 -44.6705 0
      vertex 2.88234 -44.6551 0
    endloop
  endfacet
  facet normal 0.793538 0.608521 0
    outer loop
      vertex 1.96584 -46.8678 5.5
      vertex 1.89414 -46.7743 0
      vertex 1.89414 -46.7743 5.5
    endloop
  endfacet
  facet normal 0.793538 0.608521 0
    outer loop
      vertex 1.89414 -46.7743 0
      vertex 1.96584 -46.8678 5.5
      vertex 1.96584 -46.8678 0
    endloop
  endfacet
  facet normal 0.953712 -0.300721 0
    outer loop
      vertex 1.696 -45.6506 5.5
      vertex 1.73141 -45.5383 0
      vertex 1.73141 -45.5383 5.5
    endloop
  endfacet
  facet normal 0.953712 -0.300721 0
    outer loop
      vertex 1.73141 -45.5383 0
      vertex 1.696 -45.6506 5.5
      vertex 1.696 -45.6506 0
    endloop
  endfacet
  facet normal -0.675752 0.737129 0
    outer loop
      vertex 3.95459 -46.9546 0
      vertex 3.86776 -47.0342 5.5
      vertex 3.95459 -46.9546 5.5
    endloop
  endfacet
  facet normal -0.675752 0.737129 0
    outer loop
      vertex 3.86776 -47.0342 5.5
      vertex 3.95459 -46.9546 0
      vertex 3.86776 -47.0342 0
    endloop
  endfacet
  facet normal -0.216499 0.976283 0
    outer loop
      vertex 3.34941 -47.304 0
      vertex 3.23442 -47.3295 5.5
      vertex 3.34941 -47.304 5.5
    endloop
  endfacet
  facet normal -0.216499 0.976283 0
    outer loop
      vertex 3.23442 -47.3295 5.5
      vertex 3.34941 -47.304 0
      vertex 3.23442 -47.3295 0
    endloop
  endfacet
  facet normal 0.608808 -0.793318 0
    outer loop
      vertex 2.13224 -44.9658 0
      vertex 2.22567 -44.8941 5.5
      vertex 2.13224 -44.9658 5.5
    endloop
  endfacet
  facet normal 0.608808 -0.793318 0
    outer loop
      vertex 2.22567 -44.8941 5.5
      vertex 2.13224 -44.9658 0
      vertex 2.22567 -44.8941 0
    endloop
  endfacet
  facet normal 0 0 -1
    outer loop
      vertex 4.34486 -46.1177 5.5
      vertex 4.34486 -45.8823 5.5
      vertex 4.35 -46 5.5
    endloop
  endfacet
  facet normal 0 0 -1
    outer loop
      vertex 4.32949 -46.2344 5.5
      vertex 4.34486 -45.8823 5.5
      vertex 4.34486 -46.1177 5.5
    endloop
  endfacet
  facet normal 0 0 -1
    outer loop
      vertex 4.32949 -46.2344 5.5
      vertex 4.32949 -45.7656 5.5
      vertex 4.34486 -45.8823 5.5
    endloop
  endfacet
  facet normal 0 0 -1
    outer loop
      vertex 4.304 -46.3494 5.5
      vertex 4.32949 -45.7656 5.5
      vertex 4.32949 -46.2344 5.5
    endloop
  endfacet
  facet normal 0 0 -1
    outer loop
      vertex 4.304 -46.3494 5.5
      vertex 4.304 -45.6506 5.5
      vertex 4.32949 -45.7656 5.5
    endloop
  endfacet
  facet normal 0 0 -1
    outer loop
      vertex 4.26858 -46.4617 5.5
      vertex 4.304 -45.6506 5.5
      vertex 4.304 -46.3494 5.5
    endloop
  endfacet
  facet normal 0 0 -1
    outer loop
      vertex 4.26858 -46.4617 5.5
      vertex 4.26858 -45.5383 5.5
      vertex 4.304 -45.6506 5.5
    endloop
  endfacet
  facet normal 0 0 -1
    outer loop
      vertex 4.22352 -46.5705 5.5
      vertex 4.26858 -45.5383 5.5
      vertex 4.26858 -46.4617 5.5
    endloop
  endfacet
  facet normal 0 0 -1
    outer loop
      vertex 4.22352 -46.5705 5.5
      vertex 4.22352 -45.4295 5.5
      vertex 4.26858 -45.5383 5.5
    endloop
  endfacet
  facet normal 0 0 -1
    outer loop
      vertex 4.16913 -46.675 5.5
      vertex 4.22352 -45.4295 5.5
      vertex 4.22352 -46.5705 5.5
    endloop
  endfacet
  facet normal 0 0 -1
    outer loop
      vertex 4.16913 -46.675 5.5
      vertex 4.16913 -45.325 5.5
      vertex 4.22352 -45.4295 5.5
    endloop
  endfacet
  facet normal 0 0 -1
    outer loop
      vertex 4.10585 -46.7743 5.5
      vertex 4.16913 -45.325 5.5
      vertex 4.16913 -46.675 5.5
    endloop
  endfacet
  facet normal 0 0 -1
    outer loop
      vertex 4.10585 -46.7743 5.5
      vertex 4.10585 -45.2257 5.5
      vertex 4.16913 -45.325 5.5
    endloop
  endfacet
  facet normal 0 0 -1
    outer loop
      vertex 4.03416 -46.8678 5.5
      vertex 4.10585 -45.2257 5.5
      vertex 4.10585 -46.7743 5.5
    endloop
  endfacet
  facet normal 0 0 -1
    outer loop
      vertex 4.03416 -46.8678 5.5
      vertex 4.03416 -45.1322 5.5
      vertex 4.10585 -45.2257 5.5
    endloop
  endfacet
  facet normal 0 0 -1
    outer loop
      vertex 3.95459 -46.9546 5.5
      vertex 4.03416 -45.1322 5.5
      vertex 4.03416 -46.8678 5.5
    endloop
  endfacet
  facet normal 0 0 -1
    outer loop
      vertex 3.95459 -46.9546 5.5
      vertex 3.95459 -45.0454 5.5
      vertex 4.03416 -45.1322 5.5
    endloop
  endfacet
  facet normal 0 0 -1
    outer loop
      vertex 3.86776 -47.0342 5.5
      vertex 3.95459 -45.0454 5.5
      vertex 3.95459 -46.9546 5.5
    endloop
  endfacet
  facet normal 0 0 -1
    outer loop
      vertex 3.86776 -47.0342 5.5
      vertex 3.86776 -44.9658 5.5
      vertex 3.95459 -45.0454 5.5
    endloop
  endfacet
  facet normal 0 0 -1
    outer loop
      vertex 3.77433 -47.1059 5.5
      vertex 3.86776 -44.9658 5.5
      vertex 3.86776 -47.0342 5.5
    endloop
  endfacet
  facet normal 0 0 -1
    outer loop
      vertex 3.77433 -47.1059 5.5
      vertex 3.77433 -44.8941 5.5
      vertex 3.86776 -44.9658 5.5
    endloop
  endfacet
  facet normal 0 0 -1
    outer loop
      vertex 3.675 -47.1691 5.5
      vertex 3.77433 -44.8941 5.5
      vertex 3.77433 -47.1059 5.5
    endloop
  endfacet
  facet normal 0 0 -1
    outer loop
      vertex 3.675 -47.1691 5.5
      vertex 3.675 -44.8309 5.5
      vertex 3.77433 -44.8941 5.5
    endloop
  endfacet
  facet normal 0 0 -1
    outer loop
      vertex 3.57053 -47.2235 5.5
      vertex 3.675 -44.8309 5.5
      vertex 3.675 -47.1691 5.5
    endloop
  endfacet
  facet normal 0 0 -1
    outer loop
      vertex 3.57053 -47.2235 5.5
      vertex 3.57053 -44.7765 5.5
      vertex 3.675 -44.8309 5.5
    endloop
  endfacet
  facet normal 0 0 -1
    outer loop
      vertex 3.46173 -47.2686 5.5
      vertex 3.57053 -44.7765 5.5
      vertex 3.57053 -47.2235 5.5
    endloop
  endfacet
  facet normal 0 0 -1
    outer loop
      vertex 3.46173 -47.2686 5.5
      vertex 3.46173 -44.7314 5.5
      vertex 3.57053 -44.7765 5.5
    endloop
  endfacet
  facet normal 0 0 -1
    outer loop
      vertex 3.34941 -47.304 5.5
      vertex 3.46173 -44.7314 5.5
      vertex 3.46173 -47.2686 5.5
    endloop
  endfacet
  facet normal 0 0 -1
    outer loop
      vertex 3.34941 -47.304 5.5
      vertex 3.34941 -44.696 5.5
      vertex 3.46173 -44.7314 5.5
    endloop
  endfacet
  facet normal 0 0 -1
    outer loop
      vertex 3.23442 -47.3295 5.5
      vertex 3.34941 -44.696 5.5
      vertex 3.34941 -47.304 5.5
    endloop
  endfacet
  facet normal 0 0 -1
    outer loop
      vertex 3.23442 -47.3295 5.5
      vertex 3.23442 -44.6705 5.5
      vertex 3.34941 -44.696 5.5
    endloop
  endfacet
  facet normal 0 0 -1
    outer loop
      vertex 3.11766 -47.3449 5.5
      vertex 3.23442 -44.6705 5.5
      vertex 3.23442 -47.3295 5.5
    endloop
  endfacet
  facet normal 0 0 -1
    outer loop
      vertex 3.11766 -47.3449 5.5
      vertex 3.11766 -44.6551 5.5
      vertex 3.23442 -44.6705 5.5
    endloop
  endfacet
  facet normal 0 0 -1
    outer loop
      vertex 3 -47.35 5.5
      vertex 3.11766 -44.6551 5.5
      vertex 3.11766 -47.3449 5.5
    endloop
  endfacet
  facet normal 0 0 -1
    outer loop
      vertex 3 -47.35 5.5
      vertex 3 -44.65 5.5
      vertex 3.11766 -44.6551 5.5
    endloop
  endfacet
  facet normal 0 0 -1
    outer loop
      vertex 2.88234 -47.3449 5.5
      vertex 3 -44.65 5.5
      vertex 3 -47.35 5.5
    endloop
  endfacet
  facet normal 0 0 -1
    outer loop
      vertex 2.88234 -47.3449 5.5
      vertex 2.88234 -44.6551 5.5
      vertex 3 -44.65 5.5
    endloop
  endfacet
  facet normal 0 0 -1
    outer loop
      vertex 2.76557 -47.3295 5.5
      vertex 2.88234 -44.6551 5.5
      vertex 2.88234 -47.3449 5.5
    endloop
  endfacet
  facet normal 0 0 -1
    outer loop
      vertex 2.76557 -47.3295 5.5
      vertex 2.76557 -44.6705 5.5
      vertex 2.88234 -44.6551 5.5
    endloop
  endfacet
  facet normal 0 0 -1
    outer loop
      vertex 2.65059 -47.304 5.5
      vertex 2.76557 -44.6705 5.5
      vertex 2.76557 -47.3295 5.5
    endloop
  endfacet
  facet normal 0 0 -1
    outer loop
      vertex 2.65059 -47.304 5.5
      vertex 2.65059 -44.696 5.5
      vertex 2.76557 -44.6705 5.5
    endloop
  endfacet
  facet normal 0 0 -1
    outer loop
      vertex 2.53827 -47.2686 5.5
      vertex 2.65059 -44.696 5.5
      vertex 2.65059 -47.304 5.5
    endloop
  endfacet
  facet normal 0 0 -1
    outer loop
      vertex 2.53827 -47.2686 5.5
      vertex 2.53827 -44.7314 5.5
      vertex 2.65059 -44.696 5.5
    endloop
  endfacet
  facet normal 0 0 -1
    outer loop
      vertex 2.42947 -47.2235 5.5
      vertex 2.53827 -44.7314 5.5
      vertex 2.53827 -47.2686 5.5
    endloop
  endfacet
  facet normal 0 0 -1
    outer loop
      vertex 2.42947 -47.2235 5.5
      vertex 2.42947 -44.7765 5.5
      vertex 2.53827 -44.7314 5.5
    endloop
  endfacet
  facet normal 0 0 -1
    outer loop
      vertex 2.325 -47.1691 5.5
      vertex 2.42947 -44.7765 5.5
      vertex 2.42947 -47.2235 5.5
    endloop
  endfacet
  facet normal 0 0 -1
    outer loop
      vertex 2.325 -47.1691 5.5
      vertex 2.325 -44.8309 5.5
      vertex 2.42947 -44.7765 5.5
    endloop
  endfacet
  facet normal 0 0 -1
    outer loop
      vertex 2.22567 -47.1059 5.5
      vertex 2.325 -44.8309 5.5
      vertex 2.325 -47.1691 5.5
    endloop
  endfacet
  facet normal 0 0 -1
    outer loop
      vertex 2.22567 -47.1059 5.5
      vertex 2.22567 -44.8941 5.5
      vertex 2.325 -44.8309 5.5
    endloop
  endfacet
  facet normal 0 0 -1
    outer loop
      vertex 2.13224 -47.0342 5.5
      vertex 2.22567 -44.8941 5.5
      vertex 2.22567 -47.1059 5.5
    endloop
  endfacet
  facet normal 0 0 -1
    outer loop
      vertex 2.13224 -47.0342 5.5
      vertex 2.13224 -44.9658 5.5
      vertex 2.22567 -44.8941 5.5
    endloop
  endfacet
  facet normal 0 0 -1
    outer loop
      vertex 2.04541 -46.9546 5.5
      vertex 2.13224 -44.9658 5.5
      vertex 2.13224 -47.0342 5.5
    endloop
  endfacet
  facet normal 0 0 -1
    outer loop
      vertex 2.04541 -46.9546 5.5
      vertex 2.04541 -45.0454 5.5
      vertex 2.13224 -44.9658 5.5
    endloop
  endfacet
  facet normal 0 0 -1
    outer loop
      vertex 1.96584 -46.8678 5.5
      vertex 2.04541 -45.0454 5.5
      vertex 2.04541 -46.9546 5.5
    endloop
  endfacet
  facet normal 0 0 -1
    outer loop
      vertex 1.96584 -46.8678 5.5
      vertex 1.96584 -45.1322 5.5
      vertex 2.04541 -45.0454 5.5
    endloop
  endfacet
  facet normal 0 0 -1
    outer loop
      vertex 1.89414 -46.7743 5.5
      vertex 1.96584 -45.1322 5.5
      vertex 1.96584 -46.8678 5.5
    endloop
  endfacet
  facet normal 0 0 -1
    outer loop
      vertex 1.89414 -46.7743 5.5
      vertex 1.89414 -45.2257 5.5
      vertex 1.96584 -45.1322 5.5
    endloop
  endfacet
  facet normal 0 0 -1
    outer loop
      vertex 1.83086 -46.675 5.5
      vertex 1.89414 -45.2257 5.5
      vertex 1.89414 -46.7743 5.5
    endloop
  endfacet
  facet normal 0 0 -1
    outer loop
      vertex 1.83086 -46.675 5.5
      vertex 1.83086 -45.325 5.5
      vertex 1.89414 -45.2257 5.5
    endloop
  endfacet
  facet normal 0 0 -1
    outer loop
      vertex 1.77648 -46.5705 5.5
      vertex 1.83086 -45.325 5.5
      vertex 1.83086 -46.675 5.5
    endloop
  endfacet
  facet normal 0 0 -1
    outer loop
      vertex 1.77648 -46.5705 5.5
      vertex 1.77648 -45.4295 5.5
      vertex 1.83086 -45.325 5.5
    endloop
  endfacet
  facet normal 0 0 -1
    outer loop
      vertex 1.73141 -46.4617 5.5
      vertex 1.77648 -45.4295 5.5
      vertex 1.77648 -46.5705 5.5
    endloop
  endfacet
  facet normal 0 0 -1
    outer loop
      vertex 1.73141 -46.4617 5.5
      vertex 1.73141 -45.5383 5.5
      vertex 1.77648 -45.4295 5.5
    endloop
  endfacet
  facet normal 0 0 -1
    outer loop
      vertex 1.696 -46.3494 5.5
      vertex 1.73141 -45.5383 5.5
      vertex 1.73141 -46.4617 5.5
    endloop
  endfacet
  facet normal 0 0 -1
    outer loop
      vertex 1.696 -46.3494 5.5
      vertex 1.696 -45.6506 5.5
      vertex 1.73141 -45.5383 5.5
    endloop
  endfacet
  facet normal 0 0 -1
    outer loop
      vertex 1.67051 -46.2344 5.5
      vertex 1.696 -45.6506 5.5
      vertex 1.696 -46.3494 5.5
    endloop
  endfacet
  facet normal 0 0 -1
    outer loop
      vertex 1.67051 -46.2344 5.5
      vertex 1.67051 -45.7656 5.5
      vertex 1.696 -45.6506 5.5
    endloop
  endfacet
  facet normal 0 0 -1
    outer loop
      vertex 1.65514 -46.1177 5.5
      vertex 1.67051 -45.7656 5.5
      vertex 1.67051 -46.2344 5.5
    endloop
  endfacet
  facet normal 0 0 -1
    outer loop
      vertex 1.65514 -46.1177 5.5
      vertex 1.65514 -45.8823 5.5
      vertex 1.67051 -45.7656 5.5
    endloop
  endfacet
  facet normal 0 -0 -1
    outer loop
      vertex 1.65514 -45.8823 5.5
      vertex 1.65514 -46.1177 5.5
      vertex 1.65 -46 5.5
    endloop
  endfacet
  facet normal -0.843319 0.537414 0
    outer loop
      vertex 4.10585 -46.7743 0
      vertex 4.16913 -46.675 5.5
      vertex 4.16913 -46.675 0
    endloop
  endfacet
  facet normal -0.843319 0.537414 0
    outer loop
      vertex 4.16913 -46.675 5.5
      vertex 4.10585 -46.7743 0
      vertex 4.10585 -46.7743 5.5
    endloop
  endfacet
  facet normal 0.461858 0.886954 -0
    outer loop
      vertex 2.42947 -47.2235 0
      vertex 2.325 -47.1691 5.5
      vertex 2.42947 -47.2235 5.5
    endloop
  endfacet
  facet normal 0.461858 0.886954 0
    outer loop
      vertex 2.325 -47.1691 5.5
      vertex 2.42947 -47.2235 0
      vertex 2.325 -47.1691 0
    endloop
  endfacet
  facet normal 0.843319 -0.537414 0
    outer loop
      vertex 1.83086 -45.325 5.5
      vertex 1.89414 -45.2257 0
      vertex 1.89414 -45.2257 5.5
    endloop
  endfacet
  facet normal 0.843319 -0.537414 0
    outer loop
      vertex 1.89414 -45.2257 0
      vertex 1.83086 -45.325 5.5
      vertex 1.83086 -45.325 0
    endloop
  endfacet
  facet normal -0.675752 -0.737129 0
    outer loop
      vertex 3.86776 -44.9658 0
      vertex 3.95459 -45.0454 5.5
      vertex 3.86776 -44.9658 5.5
    endloop
  endfacet
  facet normal -0.675752 -0.737129 -0
    outer loop
      vertex 3.95459 -45.0454 5.5
      vertex 3.86776 -44.9658 0
      vertex 3.95459 -45.0454 0
    endloop
  endfacet
  facet normal -0.923899 -0.382637 0
    outer loop
      vertex 4.26858 -45.5383 0
      vertex 4.22352 -45.4295 5.5
      vertex 4.22352 -45.4295 0
    endloop
  endfacet
  facet normal -0.923899 -0.382637 0
    outer loop
      vertex 4.22352 -45.4295 5.5
      vertex 4.26858 -45.5383 0
      vertex 4.26858 -45.5383 5.5
    endloop
  endfacet
  facet normal -0.73714 -0.67574 0
    outer loop
      vertex 4.03416 -45.1322 0
      vertex 3.95459 -45.0454 5.5
      vertex 3.95459 -45.0454 0
    endloop
  endfacet
  facet normal -0.73714 -0.67574 0
    outer loop
      vertex 3.95459 -45.0454 5.5
      vertex 4.03416 -45.1322 0
      vertex 4.03416 -45.1322 5.5
    endloop
  endfacet
  facet normal -0.608808 -0.793318 0
    outer loop
      vertex 3.77433 -44.8941 0
      vertex 3.86776 -44.9658 5.5
      vertex 3.77433 -44.8941 5.5
    endloop
  endfacet
  facet normal -0.608808 -0.793318 -0
    outer loop
      vertex 3.86776 -44.9658 5.5
      vertex 3.77433 -44.8941 0
      vertex 3.86776 -44.9658 0
    endloop
  endfacet
  facet normal -0.300595 -0.953752 0
    outer loop
      vertex 3.34941 -44.696 0
      vertex 3.46173 -44.7314 5.5
      vertex 3.34941 -44.696 5.5
    endloop
  endfacet
  facet normal -0.300595 -0.953752 -0
    outer loop
      vertex 3.46173 -44.7314 5.5
      vertex 3.34941 -44.696 0
      vertex 3.46173 -44.7314 0
    endloop
  endfacet
  facet normal -0.0433046 0.999062 0
    outer loop
      vertex 3.11766 -47.3449 0
      vertex 3 -47.35 5.5
      vertex 3.11766 -47.3449 5.5
    endloop
  endfacet
  facet normal -0.0433046 0.999062 0
    outer loop
      vertex 3 -47.35 5.5
      vertex 3.11766 -47.3449 0
      vertex 3 -47.35 0
    endloop
  endfacet
  facet normal 0.0433046 -0.999062 0
    outer loop
      vertex 2.88234 -44.6551 0
      vertex 3 -44.65 5.5
      vertex 2.88234 -44.6551 5.5
    endloop
  endfacet
  facet normal 0.0433046 -0.999062 0
    outer loop
      vertex 3 -44.65 5.5
      vertex 2.88234 -44.6551 0
      vertex 3 -44.65 0
    endloop
  endfacet
  facet normal 0.843319 0.537414 0
    outer loop
      vertex 1.89414 -46.7743 5.5
      vertex 1.83086 -46.675 0
      vertex 1.83086 -46.675 5.5
    endloop
  endfacet
  facet normal 0.843319 0.537414 0
    outer loop
      vertex 1.83086 -46.675 0
      vertex 1.89414 -46.7743 5.5
      vertex 1.89414 -46.7743 0
    endloop
  endfacet
  facet normal 0.976305 -0.2164 0
    outer loop
      vertex 1.67051 -45.7656 5.5
      vertex 1.696 -45.6506 0
      vertex 1.696 -45.6506 5.5
    endloop
  endfacet
  facet normal 0.976305 -0.2164 0
    outer loop
      vertex 1.696 -45.6506 0
      vertex 1.67051 -45.7656 5.5
      vertex 1.67051 -45.7656 0
    endloop
  endfacet
  facet normal 0.923869 0.382709 0
    outer loop
      vertex 1.77648 -46.5705 5.5
      vertex 1.73141 -46.4617 0
      vertex 1.73141 -46.4617 5.5
    endloop
  endfacet
  facet normal 0.923869 0.382709 0
    outer loop
      vertex 1.73141 -46.4617 0
      vertex 1.77648 -46.5705 5.5
      vertex 1.77648 -46.5705 0
    endloop
  endfacet
  facet normal -0.536815 -0.8437 0
    outer loop
      vertex 3.675 -44.8309 0
      vertex 3.77433 -44.8941 5.5
      vertex 3.675 -44.8309 5.5
    endloop
  endfacet
  facet normal -0.536815 -0.8437 -0
    outer loop
      vertex 3.77433 -44.8941 5.5
      vertex 3.675 -44.8309 0
      vertex 3.77433 -44.8941 0
    endloop
  endfacet
  facet normal -0.461858 -0.886954 0
    outer loop
      vertex 3.57053 -44.7765 0
      vertex 3.675 -44.8309 5.5
      vertex 3.57053 -44.7765 5.5
    endloop
  endfacet
  facet normal -0.461858 -0.886954 -0
    outer loop
      vertex 3.675 -44.8309 5.5
      vertex 3.57053 -44.7765 0
      vertex 3.675 -44.8309 0
    endloop
  endfacet
  facet normal 0.382927 -0.923779 0
    outer loop
      vertex 2.42947 -44.7765 0
      vertex 2.53827 -44.7314 5.5
      vertex 2.42947 -44.7765 5.5
    endloop
  endfacet
  facet normal 0.382927 -0.923779 0
    outer loop
      vertex 2.53827 -44.7314 5.5
      vertex 2.42947 -44.7765 0
      vertex 2.53827 -44.7314 0
    endloop
  endfacet
  facet normal 0.887078 -0.46162 0
    outer loop
      vertex 1.77648 -45.4295 5.5
      vertex 1.83086 -45.325 0
      vertex 1.83086 -45.325 5.5
    endloop
  endfacet
  facet normal 0.887078 -0.46162 0
    outer loop
      vertex 1.83086 -45.325 0
      vertex 1.77648 -45.4295 5.5
      vertex 1.77648 -45.4295 0
    endloop
  endfacet
  facet normal 0.536815 0.8437 -0
    outer loop
      vertex 2.325 -47.1691 0
      vertex 2.22567 -47.1059 5.5
      vertex 2.325 -47.1691 5.5
    endloop
  endfacet
  facet normal 0.536815 0.8437 0
    outer loop
      vertex 2.22567 -47.1059 5.5
      vertex 2.325 -47.1691 0
      vertex 2.22567 -47.1059 0
    endloop
  endfacet
  facet normal 0.461858 -0.886954 0
    outer loop
      vertex 2.325 -44.8309 0
      vertex 2.42947 -44.7765 5.5
      vertex 2.325 -44.8309 5.5
    endloop
  endfacet
  facet normal 0.461858 -0.886954 0
    outer loop
      vertex 2.42947 -44.7765 5.5
      vertex 2.325 -44.8309 0
      vertex 2.42947 -44.7765 0
    endloop
  endfacet
  facet normal -0.991438 0.130578 0
    outer loop
      vertex 1.32949 -29.2344 89.5
      vertex 1.34486 -29.1177 95
      vertex 1.34486 -29.1177 89.5
    endloop
  endfacet
  facet normal -0.991438 0.130578 0
    outer loop
      vertex 1.34486 -29.1177 95
      vertex 1.32949 -29.2344 89.5
      vertex 1.32949 -29.2344 95
    endloop
  endfacet
  facet normal -0.999048 0.0436288 0
    outer loop
      vertex 1.34486 -29.1177 89.5
      vertex 1.35 -29 95
      vertex 1.35 -29 89.5
    endloop
  endfacet
  facet normal -0.999048 0.0436288 0
    outer loop
      vertex 1.35 -29 95
      vertex 1.34486 -29.1177 89.5
      vertex 1.34486 -29.1177 95
    endloop
  endfacet
  facet normal -0.216517 -0.976279 0
    outer loop
      vertex 0.234425 -27.6705 89.5
      vertex 0.349405 -27.696 95
      vertex 0.234425 -27.6705 95
    endloop
  endfacet
  facet normal -0.216517 -0.976279 -0
    outer loop
      vertex 0.349405 -27.696 95
      vertex 0.234425 -27.6705 89.5
      vertex 0.349405 -27.696 89.5
    endloop
  endfacet
  facet normal 0.216517 0.976279 -0
    outer loop
      vertex -0.234425 -30.3295 89.5
      vertex -0.349405 -30.304 95
      vertex -0.234425 -30.3295 95
    endloop
  endfacet
  facet normal 0.216517 0.976279 0
    outer loop
      vertex -0.349405 -30.304 95
      vertex -0.234425 -30.3295 89.5
      vertex -0.349405 -30.304 89.5
    endloop
  endfacet
  facet normal -0.461875 0.886945 0
    outer loop
      vertex 0.674999 -30.1691 89.5
      vertex 0.570534 -30.2235 95
      vertex 0.674999 -30.1691 95
    endloop
  endfacet
  facet normal -0.461875 0.886945 0
    outer loop
      vertex 0.570534 -30.2235 95
      vertex 0.674999 -30.1691 89.5
      vertex 0.570534 -30.2235 89.5
    endloop
  endfacet
  facet normal 0.737157 -0.675722 0
    outer loop
      vertex -1.03416 -28.1322 95
      vertex -0.954594 -28.0454 89.5
      vertex -0.954594 -28.0454 95
    endloop
  endfacet
  facet normal 0.737157 -0.675722 0
    outer loop
      vertex -0.954594 -28.0454 89.5
      vertex -1.03416 -28.1322 95
      vertex -1.03416 -28.1322 89.5
    endloop
  endfacet
  facet normal -0.843319 -0.537414 0
    outer loop
      vertex 1.16913 -28.325 89.5
      vertex 1.10585 -28.2257 95
      vertex 1.10585 -28.2257 89.5
    endloop
  endfacet
  facet normal -0.843319 -0.537414 0
    outer loop
      vertex 1.10585 -28.2257 95
      vertex 1.16913 -28.325 89.5
      vertex 1.16913 -28.325 95
    endloop
  endfacet
  facet normal 0.675747 -0.737133 0
    outer loop
      vertex -0.954594 -28.0454 89.5
      vertex -0.867763 -27.9658 95
      vertex -0.954594 -28.0454 95
    endloop
  endfacet
  facet normal 0.675747 -0.737133 0
    outer loop
      vertex -0.867763 -27.9658 95
      vertex -0.954594 -28.0454 89.5
      vertex -0.867763 -27.9658 89.5
    endloop
  endfacet
  facet normal -0.953688 0.300798 0
    outer loop
      vertex 1.26858 -29.4617 89.5
      vertex 1.304 -29.3494 95
      vertex 1.304 -29.3494 89.5
    endloop
  endfacet
  facet normal -0.953688 0.300798 0
    outer loop
      vertex 1.304 -29.3494 95
      vertex 1.26858 -29.4617 89.5
      vertex 1.26858 -29.4617 95
    endloop
  endfacet
  facet normal -0.793579 -0.608467 0
    outer loop
      vertex 1.10585 -28.2257 89.5
      vertex 1.03416 -28.1322 95
      vertex 1.03416 -28.1322 89.5
    endloop
  endfacet
  facet normal -0.793579 -0.608467 0
    outer loop
      vertex 1.03416 -28.1322 95
      vertex 1.10585 -28.2257 89.5
      vertex 1.10585 -28.2257 95
    endloop
  endfacet
  facet normal -0.976305 0.2164 0
    outer loop
      vertex 1.304 -29.3494 89.5
      vertex 1.32949 -29.2344 95
      vertex 1.32949 -29.2344 89.5
    endloop
  endfacet
  facet normal -0.976305 0.2164 0
    outer loop
      vertex 1.32949 -29.2344 95
      vertex 1.304 -29.3494 89.5
      vertex 1.304 -29.3494 95
    endloop
  endfacet
  facet normal -0.737157 0.675722 0
    outer loop
      vertex 0.954594 -29.9546 89.5
      vertex 1.03416 -29.8678 95
      vertex 1.03416 -29.8678 89.5
    endloop
  endfacet
  facet normal -0.737157 0.675722 0
    outer loop
      vertex 1.03416 -29.8678 95
      vertex 0.954594 -29.9546 89.5
      vertex 0.954594 -29.9546 95
    endloop
  endfacet
  facet normal 0.536823 -0.843695 0
    outer loop
      vertex -0.774327 -27.8941 89.5
      vertex -0.674999 -27.8309 95
      vertex -0.774327 -27.8941 95
    endloop
  endfacet
  facet normal 0.536823 -0.843695 0
    outer loop
      vertex -0.674999 -27.8309 95
      vertex -0.774327 -27.8941 89.5
      vertex -0.674999 -27.8309 89.5
    endloop
  endfacet
  facet normal -0.976305 -0.2164 0
    outer loop
      vertex 1.32949 -28.7656 89.5
      vertex 1.304 -28.6506 95
      vertex 1.304 -28.6506 89.5
    endloop
  endfacet
  facet normal -0.976305 -0.2164 0
    outer loop
      vertex 1.304 -28.6506 95
      vertex 1.32949 -28.7656 89.5
      vertex 1.32949 -28.7656 95
    endloop
  endfacet
  facet normal -0.953688 -0.300798 0
    outer loop
      vertex 1.304 -28.6506 89.5
      vertex 1.26858 -28.5383 95
      vertex 1.26858 -28.5383 89.5
    endloop
  endfacet
  facet normal -0.953688 -0.300798 0
    outer loop
      vertex 1.26858 -28.5383 95
      vertex 1.304 -28.6506 89.5
      vertex 1.304 -28.6506 95
    endloop
  endfacet
  facet normal -0.887043 -0.461687 0
    outer loop
      vertex 1.22352 -28.4295 89.5
      vertex 1.16913 -28.325 95
      vertex 1.16913 -28.325 89.5
    endloop
  endfacet
  facet normal -0.887043 -0.461687 0
    outer loop
      vertex 1.16913 -28.325 95
      vertex 1.22352 -28.4295 89.5
      vertex 1.22352 -28.4295 95
    endloop
  endfacet
  facet normal 0.793579 -0.608467 0
    outer loop
      vertex -1.10585 -28.2257 95
      vertex -1.03416 -28.1322 89.5
      vertex -1.03416 -28.1322 95
    endloop
  endfacet
  facet normal 0.793579 -0.608467 0
    outer loop
      vertex -1.03416 -28.1322 89.5
      vertex -1.10585 -28.2257 95
      vertex -1.10585 -28.2257 89.5
    endloop
  endfacet
  facet normal 0.382906 0.923787 -0
    outer loop
      vertex -0.461727 -30.2686 89.5
      vertex -0.570534 -30.2235 95
      vertex -0.461727 -30.2686 95
    endloop
  endfacet
  facet normal 0.382906 0.923787 0
    outer loop
      vertex -0.570534 -30.2235 95
      vertex -0.461727 -30.2686 89.5
      vertex -0.570534 -30.2235 89.5
    endloop
  endfacet
  facet normal 0.0433046 0.999062 -0
    outer loop
      vertex 0 -30.35 89.5
      vertex -0.11766 -30.3449 95
      vertex 0 -30.35 95
    endloop
  endfacet
  facet normal 0.0433046 0.999062 0
    outer loop
      vertex -0.11766 -30.3449 95
      vertex 0 -30.35 89.5
      vertex -0.11766 -30.3449 89.5
    endloop
  endfacet
  facet normal 0.675747 0.737133 -0
    outer loop
      vertex -0.867763 -30.0342 89.5
      vertex -0.954594 -29.9546 95
      vertex -0.867763 -30.0342 95
    endloop
  endfacet
  facet normal 0.675747 0.737133 0
    outer loop
      vertex -0.954594 -29.9546 95
      vertex -0.867763 -30.0342 89.5
      vertex -0.954594 -29.9546 89.5
    endloop
  endfacet
  facet normal 0.887043 0.461687 0
    outer loop
      vertex -1.16913 -29.675 95
      vertex -1.22352 -29.5705 89.5
      vertex -1.22352 -29.5705 95
    endloop
  endfacet
  facet normal 0.887043 0.461687 0
    outer loop
      vertex -1.22352 -29.5705 89.5
      vertex -1.16913 -29.675 95
      vertex -1.16913 -29.675 89.5
    endloop
  endfacet
  facet normal -0.216517 0.976279 0
    outer loop
      vertex 0.349405 -30.304 89.5
      vertex 0.234425 -30.3295 95
      vertex 0.349405 -30.304 95
    endloop
  endfacet
  facet normal -0.216517 0.976279 0
    outer loop
      vertex 0.234425 -30.3295 95
      vertex 0.349405 -30.304 89.5
      vertex 0.234425 -30.3295 89.5
    endloop
  endfacet
  facet normal -0.536823 0.843695 0
    outer loop
      vertex 0.774327 -30.1059 89.5
      vertex 0.674999 -30.1691 95
      vertex 0.774327 -30.1059 95
    endloop
  endfacet
  facet normal -0.536823 0.843695 0
    outer loop
      vertex 0.674999 -30.1691 95
      vertex 0.774327 -30.1059 89.5
      vertex 0.674999 -30.1691 89.5
    endloop
  endfacet
  facet normal -0.991438 -0.130578 0
    outer loop
      vertex 1.34486 -28.8823 89.5
      vertex 1.32949 -28.7656 95
      vertex 1.32949 -28.7656 89.5
    endloop
  endfacet
  facet normal -0.991438 -0.130578 0
    outer loop
      vertex 1.32949 -28.7656 95
      vertex 1.34486 -28.8823 89.5
      vertex 1.34486 -28.8823 95
    endloop
  endfacet
  facet normal -0.130757 0.991415 0
    outer loop
      vertex 0.234425 -30.3295 89.5
      vertex 0.11766 -30.3449 95
      vertex 0.234425 -30.3295 95
    endloop
  endfacet
  facet normal -0.130757 0.991415 0
    outer loop
      vertex 0.11766 -30.3449 95
      vertex 0.234425 -30.3295 89.5
      vertex 0.11766 -30.3449 89.5
    endloop
  endfacet
  facet normal 0.216517 -0.976279 0
    outer loop
      vertex -0.349405 -27.696 89.5
      vertex -0.234425 -27.6705 95
      vertex -0.349405 -27.696 95
    endloop
  endfacet
  facet normal 0.216517 -0.976279 0
    outer loop
      vertex -0.234425 -27.6705 95
      vertex -0.349405 -27.696 89.5
      vertex -0.234425 -27.6705 89.5
    endloop
  endfacet
  facet normal 0.953688 0.300798 0
    outer loop
      vertex -1.26858 -29.4617 95
      vertex -1.304 -29.3494 89.5
      vertex -1.304 -29.3494 95
    endloop
  endfacet
  facet normal 0.953688 0.300798 0
    outer loop
      vertex -1.304 -29.3494 89.5
      vertex -1.26858 -29.4617 95
      vertex -1.26858 -29.4617 89.5
    endloop
  endfacet
  facet normal -0.887043 0.461687 0
    outer loop
      vertex 1.16913 -29.675 89.5
      vertex 1.22352 -29.5705 95
      vertex 1.22352 -29.5705 89.5
    endloop
  endfacet
  facet normal -0.887043 0.461687 0
    outer loop
      vertex 1.22352 -29.5705 95
      vertex 1.16913 -29.675 89.5
      vertex 1.16913 -29.675 95
    endloop
  endfacet
  facet normal -0.382906 0.923787 0
    outer loop
      vertex 0.570534 -30.2235 89.5
      vertex 0.461727 -30.2686 95
      vertex 0.570534 -30.2235 95
    endloop
  endfacet
  facet normal -0.382906 0.923787 0
    outer loop
      vertex 0.461727 -30.2686 95
      vertex 0.570534 -30.2235 89.5
      vertex 0.461727 -30.2686 89.5
    endloop
  endfacet
  facet normal -0.0433046 -0.999062 0
    outer loop
      vertex 0 -27.65 89.5
      vertex 0.11766 -27.6551 95
      vertex 0 -27.65 95
    endloop
  endfacet
  facet normal -0.0433046 -0.999062 -0
    outer loop
      vertex 0.11766 -27.6551 95
      vertex 0 -27.65 89.5
      vertex 0.11766 -27.6551 89.5
    endloop
  endfacet
  facet normal 0.999048 -0.0436288 0
    outer loop
      vertex -1.35 -29 95
      vertex -1.34486 -28.8823 89.5
      vertex -1.34486 -28.8823 95
    endloop
  endfacet
  facet normal 0.999048 -0.0436288 0
    outer loop
      vertex -1.34486 -28.8823 89.5
      vertex -1.35 -29 95
      vertex -1.35 -29 89.5
    endloop
  endfacet
  facet normal 0.991438 -0.130578 0
    outer loop
      vertex -1.34486 -28.8823 95
      vertex -1.32949 -28.7656 89.5
      vertex -1.32949 -28.7656 95
    endloop
  endfacet
  facet normal 0.991438 -0.130578 0
    outer loop
      vertex -1.32949 -28.7656 89.5
      vertex -1.34486 -28.8823 95
      vertex -1.34486 -28.8823 89.5
    endloop
  endfacet
  facet normal 0.991438 0.130578 0
    outer loop
      vertex -1.32949 -29.2344 95
      vertex -1.34486 -29.1177 89.5
      vertex -1.34486 -29.1177 95
    endloop
  endfacet
  facet normal 0.991438 0.130578 0
    outer loop
      vertex -1.34486 -29.1177 89.5
      vertex -1.32949 -29.2344 95
      vertex -1.32949 -29.2344 89.5
    endloop
  endfacet
  facet normal 0.923899 -0.382637 0
    outer loop
      vertex -1.26858 -28.5383 95
      vertex -1.22352 -28.4295 89.5
      vertex -1.22352 -28.4295 95
    endloop
  endfacet
  facet normal 0.923899 -0.382637 0
    outer loop
      vertex -1.22352 -28.4295 89.5
      vertex -1.26858 -28.5383 95
      vertex -1.26858 -28.5383 89.5
    endloop
  endfacet
  facet normal -0.382906 -0.923787 0
    outer loop
      vertex 0.461727 -27.7314 89.5
      vertex 0.570534 -27.7765 95
      vertex 0.461727 -27.7314 95
    endloop
  endfacet
  facet normal -0.382906 -0.923787 -0
    outer loop
      vertex 0.570534 -27.7765 95
      vertex 0.461727 -27.7314 89.5
      vertex 0.570534 -27.7765 89.5
    endloop
  endfacet
  facet normal -0.608783 0.793337 0
    outer loop
      vertex 0.867763 -30.0342 89.5
      vertex 0.774327 -30.1059 95
      vertex 0.867763 -30.0342 95
    endloop
  endfacet
  facet normal -0.608783 0.793337 0
    outer loop
      vertex 0.774327 -30.1059 95
      vertex 0.867763 -30.0342 89.5
      vertex 0.774327 -30.1059 89.5
    endloop
  endfacet
  facet normal 0.999048 0.0436288 0
    outer loop
      vertex -1.34486 -29.1177 95
      vertex -1.35 -29 89.5
      vertex -1.35 -29 95
    endloop
  endfacet
  facet normal 0.999048 0.0436288 0
    outer loop
      vertex -1.35 -29 89.5
      vertex -1.34486 -29.1177 95
      vertex -1.34486 -29.1177 89.5
    endloop
  endfacet
  facet normal -0.130757 -0.991415 0
    outer loop
      vertex 0.11766 -27.6551 89.5
      vertex 0.234425 -27.6705 95
      vertex 0.11766 -27.6551 95
    endloop
  endfacet
  facet normal -0.130757 -0.991415 -0
    outer loop
      vertex 0.234425 -27.6705 95
      vertex 0.11766 -27.6551 89.5
      vertex 0.234425 -27.6705 89.5
    endloop
  endfacet
  facet normal 0.608783 0.793337 -0
    outer loop
      vertex -0.774327 -30.1059 89.5
      vertex -0.867763 -30.0342 95
      vertex -0.774327 -30.1059 95
    endloop
  endfacet
  facet normal 0.608783 0.793337 0
    outer loop
      vertex -0.867763 -30.0342 95
      vertex -0.774327 -30.1059 89.5
      vertex -0.867763 -30.0342 89.5
    endloop
  endfacet
  facet normal -0.923899 0.382637 0
    outer loop
      vertex 1.22352 -29.5705 89.5
      vertex 1.26858 -29.4617 95
      vertex 1.26858 -29.4617 89.5
    endloop
  endfacet
  facet normal -0.923899 0.382637 0
    outer loop
      vertex 1.26858 -29.4617 95
      vertex 1.22352 -29.5705 89.5
      vertex 1.22352 -29.5705 95
    endloop
  endfacet
  facet normal -0.30059 0.953753 0
    outer loop
      vertex 0.461727 -30.2686 89.5
      vertex 0.349405 -30.304 95
      vertex 0.461727 -30.2686 95
    endloop
  endfacet
  facet normal -0.30059 0.953753 0
    outer loop
      vertex 0.349405 -30.304 95
      vertex 0.461727 -30.2686 89.5
      vertex 0.349405 -30.304 89.5
    endloop
  endfacet
  facet normal 0.737157 0.675722 0
    outer loop
      vertex -0.954594 -29.9546 95
      vertex -1.03416 -29.8678 89.5
      vertex -1.03416 -29.8678 95
    endloop
  endfacet
  facet normal 0.737157 0.675722 0
    outer loop
      vertex -1.03416 -29.8678 89.5
      vertex -0.954594 -29.9546 95
      vertex -0.954594 -29.9546 89.5
    endloop
  endfacet
  facet normal -0.793579 0.608467 0
    outer loop
      vertex 1.03416 -29.8678 89.5
      vertex 1.10585 -29.7743 95
      vertex 1.10585 -29.7743 89.5
    endloop
  endfacet
  facet normal -0.793579 0.608467 0
    outer loop
      vertex 1.10585 -29.7743 95
      vertex 1.03416 -29.8678 89.5
      vertex 1.03416 -29.8678 95
    endloop
  endfacet
  facet normal 0.130757 0.991415 -0
    outer loop
      vertex -0.11766 -30.3449 89.5
      vertex -0.234425 -30.3295 95
      vertex -0.11766 -30.3449 95
    endloop
  endfacet
  facet normal 0.130757 0.991415 0
    outer loop
      vertex -0.234425 -30.3295 95
      vertex -0.11766 -30.3449 89.5
      vertex -0.234425 -30.3295 89.5
    endloop
  endfacet
  facet normal 0.30059 0.953753 -0
    outer loop
      vertex -0.349405 -30.304 89.5
      vertex -0.461727 -30.2686 95
      vertex -0.349405 -30.304 95
    endloop
  endfacet
  facet normal 0.30059 0.953753 0
    outer loop
      vertex -0.461727 -30.2686 95
      vertex -0.349405 -30.304 89.5
      vertex -0.461727 -30.2686 89.5
    endloop
  endfacet
  facet normal 0.976305 0.2164 0
    outer loop
      vertex -1.304 -29.3494 95
      vertex -1.32949 -29.2344 89.5
      vertex -1.32949 -29.2344 95
    endloop
  endfacet
  facet normal 0.976305 0.2164 0
    outer loop
      vertex -1.32949 -29.2344 89.5
      vertex -1.304 -29.3494 95
      vertex -1.304 -29.3494 89.5
    endloop
  endfacet
  facet normal 0.30059 -0.953753 0
    outer loop
      vertex -0.461727 -27.7314 89.5
      vertex -0.349405 -27.696 95
      vertex -0.461727 -27.7314 95
    endloop
  endfacet
  facet normal 0.30059 -0.953753 0
    outer loop
      vertex -0.349405 -27.696 95
      vertex -0.461727 -27.7314 89.5
      vertex -0.349405 -27.696 89.5
    endloop
  endfacet
  facet normal 0.130757 -0.991415 0
    outer loop
      vertex -0.234425 -27.6705 89.5
      vertex -0.11766 -27.6551 95
      vertex -0.234425 -27.6705 95
    endloop
  endfacet
  facet normal 0.130757 -0.991415 0
    outer loop
      vertex -0.11766 -27.6551 95
      vertex -0.234425 -27.6705 89.5
      vertex -0.11766 -27.6551 89.5
    endloop
  endfacet
  facet normal 0.793579 0.608467 0
    outer loop
      vertex -1.03416 -29.8678 95
      vertex -1.10585 -29.7743 89.5
      vertex -1.10585 -29.7743 95
    endloop
  endfacet
  facet normal 0.793579 0.608467 0
    outer loop
      vertex -1.10585 -29.7743 89.5
      vertex -1.03416 -29.8678 95
      vertex -1.03416 -29.8678 89.5
    endloop
  endfacet
  facet normal 0 0 1
    outer loop
      vertex 1.34486 -28.8823 89.5
      vertex 1.34486 -29.1177 89.5
      vertex 1.35 -29 89.5
    endloop
  endfacet
  facet normal 0 0 1
    outer loop
      vertex 1.32949 -28.7656 89.5
      vertex 1.34486 -29.1177 89.5
      vertex 1.34486 -28.8823 89.5
    endloop
  endfacet
  facet normal 0 0 1
    outer loop
      vertex 1.32949 -28.7656 89.5
      vertex 1.32949 -29.2344 89.5
      vertex 1.34486 -29.1177 89.5
    endloop
  endfacet
  facet normal 0 0 1
    outer loop
      vertex 1.304 -28.6506 89.5
      vertex 1.32949 -29.2344 89.5
      vertex 1.32949 -28.7656 89.5
    endloop
  endfacet
  facet normal 0 0 1
    outer loop
      vertex 1.304 -28.6506 89.5
      vertex 1.304 -29.3494 89.5
      vertex 1.32949 -29.2344 89.5
    endloop
  endfacet
  facet normal 0 0 1
    outer loop
      vertex 1.26858 -28.5383 89.5
      vertex 1.304 -29.3494 89.5
      vertex 1.304 -28.6506 89.5
    endloop
  endfacet
  facet normal 0 0 1
    outer loop
      vertex 1.26858 -28.5383 89.5
      vertex 1.26858 -29.4617 89.5
      vertex 1.304 -29.3494 89.5
    endloop
  endfacet
  facet normal 0 0 1
    outer loop
      vertex 1.22352 -28.4295 89.5
      vertex 1.26858 -29.4617 89.5
      vertex 1.26858 -28.5383 89.5
    endloop
  endfacet
  facet normal 0 0 1
    outer loop
      vertex 1.22352 -28.4295 89.5
      vertex 1.22352 -29.5705 89.5
      vertex 1.26858 -29.4617 89.5
    endloop
  endfacet
  facet normal 0 0 1
    outer loop
      vertex 1.16913 -28.325 89.5
      vertex 1.22352 -29.5705 89.5
      vertex 1.22352 -28.4295 89.5
    endloop
  endfacet
  facet normal 0 0 1
    outer loop
      vertex 1.16913 -28.325 89.5
      vertex 1.16913 -29.675 89.5
      vertex 1.22352 -29.5705 89.5
    endloop
  endfacet
  facet normal 0 0 1
    outer loop
      vertex 1.10585 -28.2257 89.5
      vertex 1.16913 -29.675 89.5
      vertex 1.16913 -28.325 89.5
    endloop
  endfacet
  facet normal 0 0 1
    outer loop
      vertex 1.10585 -28.2257 89.5
      vertex 1.10585 -29.7743 89.5
      vertex 1.16913 -29.675 89.5
    endloop
  endfacet
  facet normal 0 0 1
    outer loop
      vertex 1.03416 -28.1322 89.5
      vertex 1.10585 -29.7743 89.5
      vertex 1.10585 -28.2257 89.5
    endloop
  endfacet
  facet normal 0 0 1
    outer loop
      vertex 1.03416 -28.1322 89.5
      vertex 1.03416 -29.8678 89.5
      vertex 1.10585 -29.7743 89.5
    endloop
  endfacet
  facet normal 0 0 1
    outer loop
      vertex 0.954594 -28.0454 89.5
      vertex 1.03416 -29.8678 89.5
      vertex 1.03416 -28.1322 89.5
    endloop
  endfacet
  facet normal 0 0 1
    outer loop
      vertex 0.954594 -28.0454 89.5
      vertex 0.954594 -29.9546 89.5
      vertex 1.03416 -29.8678 89.5
    endloop
  endfacet
  facet normal 0 0 1
    outer loop
      vertex 0.867763 -27.9658 89.5
      vertex 0.954594 -29.9546 89.5
      vertex 0.954594 -28.0454 89.5
    endloop
  endfacet
  facet normal 0 0 1
    outer loop
      vertex 0.867763 -27.9658 89.5
      vertex 0.867763 -30.0342 89.5
      vertex 0.954594 -29.9546 89.5
    endloop
  endfacet
  facet normal 0 0 1
    outer loop
      vertex 0.774327 -27.8941 89.5
      vertex 0.867763 -30.0342 89.5
      vertex 0.867763 -27.9658 89.5
    endloop
  endfacet
  facet normal 0 0 1
    outer loop
      vertex 0.774327 -27.8941 89.5
      vertex 0.774327 -30.1059 89.5
      vertex 0.867763 -30.0342 89.5
    endloop
  endfacet
  facet normal 0 0 1
    outer loop
      vertex 0.674999 -27.8309 89.5
      vertex 0.774327 -30.1059 89.5
      vertex 0.774327 -27.8941 89.5
    endloop
  endfacet
  facet normal 0 0 1
    outer loop
      vertex 0.674999 -27.8309 89.5
      vertex 0.674999 -30.1691 89.5
      vertex 0.774327 -30.1059 89.5
    endloop
  endfacet
  facet normal 0 0 1
    outer loop
      vertex 0.570534 -27.7765 89.5
      vertex 0.674999 -30.1691 89.5
      vertex 0.674999 -27.8309 89.5
    endloop
  endfacet
  facet normal 0 0 1
    outer loop
      vertex 0.570534 -27.7765 89.5
      vertex 0.570534 -30.2235 89.5
      vertex 0.674999 -30.1691 89.5
    endloop
  endfacet
  facet normal 0 0 1
    outer loop
      vertex 0.461727 -27.7314 89.5
      vertex 0.570534 -30.2235 89.5
      vertex 0.570534 -27.7765 89.5
    endloop
  endfacet
  facet normal 0 0 1
    outer loop
      vertex 0.461727 -27.7314 89.5
      vertex 0.461727 -30.2686 89.5
      vertex 0.570534 -30.2235 89.5
    endloop
  endfacet
  facet normal 0 0 1
    outer loop
      vertex 0.349405 -27.696 89.5
      vertex 0.461727 -30.2686 89.5
      vertex 0.461727 -27.7314 89.5
    endloop
  endfacet
  facet normal 0 0 1
    outer loop
      vertex 0.349405 -27.696 89.5
      vertex 0.349405 -30.304 89.5
      vertex 0.461727 -30.2686 89.5
    endloop
  endfacet
  facet normal 0 0 1
    outer loop
      vertex 0.234425 -27.6705 89.5
      vertex 0.349405 -30.304 89.5
      vertex 0.349405 -27.696 89.5
    endloop
  endfacet
  facet normal 0 0 1
    outer loop
      vertex 0.234425 -27.6705 89.5
      vertex 0.234425 -30.3295 89.5
      vertex 0.349405 -30.304 89.5
    endloop
  endfacet
  facet normal 0 0 1
    outer loop
      vertex 0.11766 -27.6551 89.5
      vertex 0.234425 -30.3295 89.5
      vertex 0.234425 -27.6705 89.5
    endloop
  endfacet
  facet normal 0 0 1
    outer loop
      vertex 0.11766 -27.6551 89.5
      vertex 0.11766 -30.3449 89.5
      vertex 0.234425 -30.3295 89.5
    endloop
  endfacet
  facet normal 0 0 1
    outer loop
      vertex 0 -27.65 89.5
      vertex 0.11766 -30.3449 89.5
      vertex 0.11766 -27.6551 89.5
    endloop
  endfacet
  facet normal 0 0 1
    outer loop
      vertex 0 -27.65 89.5
      vertex 0 -30.35 89.5
      vertex 0.11766 -30.3449 89.5
    endloop
  endfacet
  facet normal -0 0 1
    outer loop
      vertex -0.11766 -27.6551 89.5
      vertex 0 -30.35 89.5
      vertex 0 -27.65 89.5
    endloop
  endfacet
  facet normal 0 0 1
    outer loop
      vertex -0.11766 -27.6551 89.5
      vertex -0.11766 -30.3449 89.5
      vertex 0 -30.35 89.5
    endloop
  endfacet
  facet normal -0 0 1
    outer loop
      vertex -0.234425 -27.6705 89.5
      vertex -0.11766 -30.3449 89.5
      vertex -0.11766 -27.6551 89.5
    endloop
  endfacet
  facet normal 0 0 1
    outer loop
      vertex -0.234425 -27.6705 89.5
      vertex -0.234425 -30.3295 89.5
      vertex -0.11766 -30.3449 89.5
    endloop
  endfacet
  facet normal -0 0 1
    outer loop
      vertex -0.349405 -27.696 89.5
      vertex -0.234425 -30.3295 89.5
      vertex -0.234425 -27.6705 89.5
    endloop
  endfacet
  facet normal 0 0 1
    outer loop
      vertex -0.349405 -27.696 89.5
      vertex -0.349405 -30.304 89.5
      vertex -0.234425 -30.3295 89.5
    endloop
  endfacet
  facet normal -0 0 1
    outer loop
      vertex -0.461727 -27.7314 89.5
      vertex -0.349405 -30.304 89.5
      vertex -0.349405 -27.696 89.5
    endloop
  endfacet
  facet normal 0 0 1
    outer loop
      vertex -0.461727 -27.7314 89.5
      vertex -0.461727 -30.2686 89.5
      vertex -0.349405 -30.304 89.5
    endloop
  endfacet
  facet normal -0 0 1
    outer loop
      vertex -0.570534 -27.7765 89.5
      vertex -0.461727 -30.2686 89.5
      vertex -0.461727 -27.7314 89.5
    endloop
  endfacet
  facet normal 0 0 1
    outer loop
      vertex -0.570534 -27.7765 89.5
      vertex -0.570534 -30.2235 89.5
      vertex -0.461727 -30.2686 89.5
    endloop
  endfacet
  facet normal -0 0 1
    outer loop
      vertex -0.674999 -27.8309 89.5
      vertex -0.570534 -30.2235 89.5
      vertex -0.570534 -27.7765 89.5
    endloop
  endfacet
  facet normal 0 0 1
    outer loop
      vertex -0.674999 -27.8309 89.5
      vertex -0.674999 -30.1691 89.5
      vertex -0.570534 -30.2235 89.5
    endloop
  endfacet
  facet normal -0 0 1
    outer loop
      vertex -0.774327 -27.8941 89.5
      vertex -0.674999 -30.1691 89.5
      vertex -0.674999 -27.8309 89.5
    endloop
  endfacet
  facet normal 0 0 1
    outer loop
      vertex -0.774327 -27.8941 89.5
      vertex -0.774327 -30.1059 89.5
      vertex -0.674999 -30.1691 89.5
    endloop
  endfacet
  facet normal -0 0 1
    outer loop
      vertex -0.867763 -27.9658 89.5
      vertex -0.774327 -30.1059 89.5
      vertex -0.774327 -27.8941 89.5
    endloop
  endfacet
  facet normal 0 0 1
    outer loop
      vertex -0.867763 -27.9658 89.5
      vertex -0.867763 -30.0342 89.5
      vertex -0.774327 -30.1059 89.5
    endloop
  endfacet
  facet normal -0 0 1
    outer loop
      vertex -0.954594 -28.0454 89.5
      vertex -0.867763 -30.0342 89.5
      vertex -0.867763 -27.9658 89.5
    endloop
  endfacet
  facet normal 0 0 1
    outer loop
      vertex -0.954594 -28.0454 89.5
      vertex -0.954594 -29.9546 89.5
      vertex -0.867763 -30.0342 89.5
    endloop
  endfacet
  facet normal -0 0 1
    outer loop
      vertex -1.03416 -28.1322 89.5
      vertex -0.954594 -29.9546 89.5
      vertex -0.954594 -28.0454 89.5
    endloop
  endfacet
  facet normal 0 0 1
    outer loop
      vertex -1.03416 -28.1322 89.5
      vertex -1.03416 -29.8678 89.5
      vertex -0.954594 -29.9546 89.5
    endloop
  endfacet
  facet normal -0 0 1
    outer loop
      vertex -1.10585 -28.2257 89.5
      vertex -1.03416 -29.8678 89.5
      vertex -1.03416 -28.1322 89.5
    endloop
  endfacet
  facet normal 0 0 1
    outer loop
      vertex -1.10585 -28.2257 89.5
      vertex -1.10585 -29.7743 89.5
      vertex -1.03416 -29.8678 89.5
    endloop
  endfacet
  facet normal -0 0 1
    outer loop
      vertex -1.16913 -28.325 89.5
      vertex -1.10585 -29.7743 89.5
      vertex -1.10585 -28.2257 89.5
    endloop
  endfacet
  facet normal 0 0 1
    outer loop
      vertex -1.16913 -28.325 89.5
      vertex -1.16913 -29.675 89.5
      vertex -1.10585 -29.7743 89.5
    endloop
  endfacet
  facet normal -0 0 1
    outer loop
      vertex -1.22352 -28.4295 89.5
      vertex -1.16913 -29.675 89.5
      vertex -1.16913 -28.325 89.5
    endloop
  endfacet
  facet normal 0 0 1
    outer loop
      vertex -1.22352 -28.4295 89.5
      vertex -1.22352 -29.5705 89.5
      vertex -1.16913 -29.675 89.5
    endloop
  endfacet
  facet normal -0 0 1
    outer loop
      vertex -1.26858 -28.5383 89.5
      vertex -1.22352 -29.5705 89.5
      vertex -1.22352 -28.4295 89.5
    endloop
  endfacet
  facet normal 0 0 1
    outer loop
      vertex -1.26858 -28.5383 89.5
      vertex -1.26858 -29.4617 89.5
      vertex -1.22352 -29.5705 89.5
    endloop
  endfacet
  facet normal -0 0 1
    outer loop
      vertex -1.304 -28.6506 89.5
      vertex -1.26858 -29.4617 89.5
      vertex -1.26858 -28.5383 89.5
    endloop
  endfacet
  facet normal 0 0 1
    outer loop
      vertex -1.304 -28.6506 89.5
      vertex -1.304 -29.3494 89.5
      vertex -1.26858 -29.4617 89.5
    endloop
  endfacet
  facet normal -0 0 1
    outer loop
      vertex -1.32949 -28.7656 89.5
      vertex -1.304 -29.3494 89.5
      vertex -1.304 -28.6506 89.5
    endloop
  endfacet
  facet normal 0 0 1
    outer loop
      vertex -1.32949 -28.7656 89.5
      vertex -1.32949 -29.2344 89.5
      vertex -1.304 -29.3494 89.5
    endloop
  endfacet
  facet normal -0 0 1
    outer loop
      vertex -1.34486 -28.8823 89.5
      vertex -1.32949 -29.2344 89.5
      vertex -1.32949 -28.7656 89.5
    endloop
  endfacet
  facet normal 0 0 1
    outer loop
      vertex -1.34486 -28.8823 89.5
      vertex -1.34486 -29.1177 89.5
      vertex -1.32949 -29.2344 89.5
    endloop
  endfacet
  facet normal 0 -0 1
    outer loop
      vertex -1.34486 -29.1177 89.5
      vertex -1.34486 -28.8823 89.5
      vertex -1.35 -29 89.5
    endloop
  endfacet
  facet normal 0.953688 -0.300798 0
    outer loop
      vertex -1.304 -28.6506 95
      vertex -1.26858 -28.5383 89.5
      vertex -1.26858 -28.5383 95
    endloop
  endfacet
  facet normal 0.953688 -0.300798 0
    outer loop
      vertex -1.26858 -28.5383 89.5
      vertex -1.304 -28.6506 95
      vertex -1.304 -28.6506 89.5
    endloop
  endfacet
  facet normal -0.675747 0.737133 0
    outer loop
      vertex 0.954594 -29.9546 89.5
      vertex 0.867763 -30.0342 95
      vertex 0.954594 -29.9546 95
    endloop
  endfacet
  facet normal -0.675747 0.737133 0
    outer loop
      vertex 0.867763 -30.0342 95
      vertex 0.954594 -29.9546 89.5
      vertex 0.867763 -30.0342 89.5
    endloop
  endfacet
  facet normal -0.999048 -0.0436288 0
    outer loop
      vertex 1.35 -29 89.5
      vertex 1.34486 -28.8823 95
      vertex 1.34486 -28.8823 89.5
    endloop
  endfacet
  facet normal -0.999048 -0.0436288 0
    outer loop
      vertex 1.34486 -28.8823 95
      vertex 1.35 -29 89.5
      vertex 1.35 -29 95
    endloop
  endfacet
  facet normal 0.608783 -0.793337 0
    outer loop
      vertex -0.867763 -27.9658 89.5
      vertex -0.774327 -27.8941 95
      vertex -0.867763 -27.9658 95
    endloop
  endfacet
  facet normal 0.608783 -0.793337 0
    outer loop
      vertex -0.774327 -27.8941 95
      vertex -0.867763 -27.9658 89.5
      vertex -0.774327 -27.8941 89.5
    endloop
  endfacet
  facet normal -0.843319 0.537414 0
    outer loop
      vertex 1.10585 -29.7743 89.5
      vertex 1.16913 -29.675 95
      vertex 1.16913 -29.675 89.5
    endloop
  endfacet
  facet normal -0.843319 0.537414 0
    outer loop
      vertex 1.16913 -29.675 95
      vertex 1.10585 -29.7743 89.5
      vertex 1.10585 -29.7743 95
    endloop
  endfacet
  facet normal 0.461875 0.886945 -0
    outer loop
      vertex -0.570534 -30.2235 89.5
      vertex -0.674999 -30.1691 95
      vertex -0.570534 -30.2235 95
    endloop
  endfacet
  facet normal 0.461875 0.886945 0
    outer loop
      vertex -0.674999 -30.1691 95
      vertex -0.570534 -30.2235 89.5
      vertex -0.674999 -30.1691 89.5
    endloop
  endfacet
  facet normal 0.843319 -0.537414 0
    outer loop
      vertex -1.16913 -28.325 95
      vertex -1.10585 -28.2257 89.5
      vertex -1.10585 -28.2257 95
    endloop
  endfacet
  facet normal 0.843319 -0.537414 0
    outer loop
      vertex -1.10585 -28.2257 89.5
      vertex -1.16913 -28.325 95
      vertex -1.16913 -28.325 89.5
    endloop
  endfacet
  facet normal -0.675747 -0.737133 0
    outer loop
      vertex 0.867763 -27.9658 89.5
      vertex 0.954594 -28.0454 95
      vertex 0.867763 -27.9658 95
    endloop
  endfacet
  facet normal -0.675747 -0.737133 -0
    outer loop
      vertex 0.954594 -28.0454 95
      vertex 0.867763 -27.9658 89.5
      vertex 0.954594 -28.0454 89.5
    endloop
  endfacet
  facet normal -0.923899 -0.382637 0
    outer loop
      vertex 1.26858 -28.5383 89.5
      vertex 1.22352 -28.4295 95
      vertex 1.22352 -28.4295 89.5
    endloop
  endfacet
  facet normal -0.923899 -0.382637 0
    outer loop
      vertex 1.22352 -28.4295 95
      vertex 1.26858 -28.5383 89.5
      vertex 1.26858 -28.5383 95
    endloop
  endfacet
  facet normal -0.737157 -0.675722 0
    outer loop
      vertex 1.03416 -28.1322 89.5
      vertex 0.954594 -28.0454 95
      vertex 0.954594 -28.0454 89.5
    endloop
  endfacet
  facet normal -0.737157 -0.675722 0
    outer loop
      vertex 0.954594 -28.0454 95
      vertex 1.03416 -28.1322 89.5
      vertex 1.03416 -28.1322 95
    endloop
  endfacet
  facet normal -0.608783 -0.793337 0
    outer loop
      vertex 0.774327 -27.8941 89.5
      vertex 0.867763 -27.9658 95
      vertex 0.774327 -27.8941 95
    endloop
  endfacet
  facet normal -0.608783 -0.793337 -0
    outer loop
      vertex 0.867763 -27.9658 95
      vertex 0.774327 -27.8941 89.5
      vertex 0.867763 -27.9658 89.5
    endloop
  endfacet
  facet normal -0.0433046 0.999062 0
    outer loop
      vertex 0.11766 -30.3449 89.5
      vertex 0 -30.35 95
      vertex 0.11766 -30.3449 95
    endloop
  endfacet
  facet normal -0.0433046 0.999062 0
    outer loop
      vertex 0 -30.35 95
      vertex 0.11766 -30.3449 89.5
      vertex 0 -30.35 89.5
    endloop
  endfacet
  facet normal 0.0433046 -0.999062 0
    outer loop
      vertex -0.11766 -27.6551 89.5
      vertex 0 -27.65 95
      vertex -0.11766 -27.6551 95
    endloop
  endfacet
  facet normal 0.0433046 -0.999062 0
    outer loop
      vertex 0 -27.65 95
      vertex -0.11766 -27.6551 89.5
      vertex 0 -27.65 89.5
    endloop
  endfacet
  facet normal -0.30059 -0.953753 0
    outer loop
      vertex 0.349405 -27.696 89.5
      vertex 0.461727 -27.7314 95
      vertex 0.349405 -27.696 95
    endloop
  endfacet
  facet normal -0.30059 -0.953753 -0
    outer loop
      vertex 0.461727 -27.7314 95
      vertex 0.349405 -27.696 89.5
      vertex 0.461727 -27.7314 89.5
    endloop
  endfacet
  facet normal 0.843319 0.537414 0
    outer loop
      vertex -1.10585 -29.7743 95
      vertex -1.16913 -29.675 89.5
      vertex -1.16913 -29.675 95
    endloop
  endfacet
  facet normal 0.843319 0.537414 0
    outer loop
      vertex -1.16913 -29.675 89.5
      vertex -1.10585 -29.7743 95
      vertex -1.10585 -29.7743 89.5
    endloop
  endfacet
  facet normal 0.976305 -0.2164 0
    outer loop
      vertex -1.32949 -28.7656 95
      vertex -1.304 -28.6506 89.5
      vertex -1.304 -28.6506 95
    endloop
  endfacet
  facet normal 0.976305 -0.2164 0
    outer loop
      vertex -1.304 -28.6506 89.5
      vertex -1.32949 -28.7656 95
      vertex -1.32949 -28.7656 89.5
    endloop
  endfacet
  facet normal 0.923899 0.382637 0
    outer loop
      vertex -1.22352 -29.5705 95
      vertex -1.26858 -29.4617 89.5
      vertex -1.26858 -29.4617 95
    endloop
  endfacet
  facet normal 0.923899 0.382637 0
    outer loop
      vertex -1.26858 -29.4617 89.5
      vertex -1.22352 -29.5705 95
      vertex -1.22352 -29.5705 89.5
    endloop
  endfacet
  facet normal -0.536823 -0.843695 0
    outer loop
      vertex 0.674999 -27.8309 89.5
      vertex 0.774327 -27.8941 95
      vertex 0.674999 -27.8309 95
    endloop
  endfacet
  facet normal -0.536823 -0.843695 -0
    outer loop
      vertex 0.774327 -27.8941 95
      vertex 0.674999 -27.8309 89.5
      vertex 0.774327 -27.8941 89.5
    endloop
  endfacet
  facet normal -0.461875 -0.886945 0
    outer loop
      vertex 0.570534 -27.7765 89.5
      vertex 0.674999 -27.8309 95
      vertex 0.570534 -27.7765 95
    endloop
  endfacet
  facet normal -0.461875 -0.886945 -0
    outer loop
      vertex 0.674999 -27.8309 95
      vertex 0.570534 -27.7765 89.5
      vertex 0.674999 -27.8309 89.5
    endloop
  endfacet
  facet normal 0.382906 -0.923787 0
    outer loop
      vertex -0.570534 -27.7765 89.5
      vertex -0.461727 -27.7314 95
      vertex -0.570534 -27.7765 95
    endloop
  endfacet
  facet normal 0.382906 -0.923787 0
    outer loop
      vertex -0.461727 -27.7314 95
      vertex -0.570534 -27.7765 89.5
      vertex -0.461727 -27.7314 89.5
    endloop
  endfacet
  facet normal 0.887043 -0.461687 0
    outer loop
      vertex -1.22352 -28.4295 95
      vertex -1.16913 -28.325 89.5
      vertex -1.16913 -28.325 95
    endloop
  endfacet
  facet normal 0.887043 -0.461687 0
    outer loop
      vertex -1.16913 -28.325 89.5
      vertex -1.22352 -28.4295 95
      vertex -1.22352 -28.4295 89.5
    endloop
  endfacet
  facet normal 0.536823 0.843695 -0
    outer loop
      vertex -0.674999 -30.1691 89.5
      vertex -0.774327 -30.1059 95
      vertex -0.674999 -30.1691 95
    endloop
  endfacet
  facet normal 0.536823 0.843695 0
    outer loop
      vertex -0.774327 -30.1059 95
      vertex -0.674999 -30.1691 89.5
      vertex -0.774327 -30.1059 89.5
    endloop
  endfacet
  facet normal 0.461875 -0.886945 0
    outer loop
      vertex -0.674999 -27.8309 89.5
      vertex -0.570534 -27.7765 95
      vertex -0.674999 -27.8309 95
    endloop
  endfacet
  facet normal 0.461875 -0.886945 0
    outer loop
      vertex -0.570534 -27.7765 95
      vertex -0.674999 -27.8309 89.5
      vertex -0.570534 -27.7765 89.5
    endloop
  endfacet
  facet normal -0.991405 0.130828 0
    outer loop
      vertex -10.6705 -44.2344 89.5
      vertex -10.6551 -44.1177 95
      vertex -10.6551 -44.1177 89.5
    endloop
  endfacet
  facet normal -0.991405 0.130828 0
    outer loop
      vertex -10.6551 -44.1177 95
      vertex -10.6705 -44.2344 89.5
      vertex -10.6705 -44.2344 95
    endloop
  endfacet
  facet normal -0.999063 0.0432899 0
    outer loop
      vertex -10.6551 -44.1177 89.5
      vertex -10.65 -44 95
      vertex -10.65 -44 89.5
    endloop
  endfacet
  facet normal -0.999063 0.0432899 0
    outer loop
      vertex -10.65 -44 95
      vertex -10.6551 -44.1177 89.5
      vertex -10.6551 -44.1177 95
    endloop
  endfacet
  facet normal -0.216481 -0.976287 0
    outer loop
      vertex -11.7656 -42.6705 89.5
      vertex -11.6506 -42.696 95
      vertex -11.7656 -42.6705 95
    endloop
  endfacet
  facet normal -0.216481 -0.976287 -0
    outer loop
      vertex -11.6506 -42.696 95
      vertex -11.7656 -42.6705 89.5
      vertex -11.6506 -42.696 89.5
    endloop
  endfacet
  facet normal 0.216481 0.976287 -0
    outer loop
      vertex -12.2344 -45.3295 89.5
      vertex -12.3494 -45.304 95
      vertex -12.2344 -45.3295 95
    endloop
  endfacet
  facet normal 0.216481 0.976287 0
    outer loop
      vertex -12.3494 -45.304 95
      vertex -12.2344 -45.3295 89.5
      vertex -12.3494 -45.304 89.5
    endloop
  endfacet
  facet normal -0.461754 0.887008 0
    outer loop
      vertex -11.325 -45.1691 89.5
      vertex -11.4295 -45.2235 95
      vertex -11.325 -45.1691 95
    endloop
  endfacet
  facet normal -0.461754 0.887008 0
    outer loop
      vertex -11.4295 -45.2235 95
      vertex -11.325 -45.1691 89.5
      vertex -11.4295 -45.2235 89.5
    endloop
  endfacet
  facet normal 0.737013 -0.675878 0
    outer loop
      vertex -13.0342 -43.1322 95
      vertex -12.9546 -43.0454 89.5
      vertex -12.9546 -43.0454 95
    endloop
  endfacet
  facet normal 0.737013 -0.675878 0
    outer loop
      vertex -12.9546 -43.0454 89.5
      vertex -13.0342 -43.1322 95
      vertex -13.0342 -43.1322 89.5
    endloop
  endfacet
  facet normal -0.843627 -0.53693 0
    outer loop
      vertex -10.8309 -43.325 89.5
      vertex -10.8941 -43.2257 95
      vertex -10.8941 -43.2257 89.5
    endloop
  endfacet
  facet normal -0.843627 -0.53693 0
    outer loop
      vertex -10.8941 -43.2257 95
      vertex -10.8309 -43.325 89.5
      vertex -10.8309 -43.325 95
    endloop
  endfacet
  facet normal 0.675878 -0.737013 0
    outer loop
      vertex -12.9546 -43.0454 89.5
      vertex -12.8678 -42.9658 95
      vertex -12.9546 -43.0454 95
    endloop
  endfacet
  facet normal 0.675878 -0.737013 0
    outer loop
      vertex -12.8678 -42.9658 95
      vertex -12.9546 -43.0454 89.5
      vertex -12.8678 -42.9658 89.5
    endloop
  endfacet
  facet normal -0.953737 0.300644 0
    outer loop
      vertex -10.7314 -44.4617 89.5
      vertex -10.696 -44.3494 95
      vertex -10.696 -44.3494 89.5
    endloop
  endfacet
  facet normal -0.953737 0.300644 0
    outer loop
      vertex -10.696 -44.3494 95
      vertex -10.7314 -44.4617 89.5
      vertex -10.7314 -44.4617 95
    endloop
  endfacet
  facet normal -0.793538 -0.608521 0
    outer loop
      vertex -10.8941 -43.2257 89.5
      vertex -10.9658 -43.1322 95
      vertex -10.9658 -43.1322 89.5
    endloop
  endfacet
  facet normal -0.793538 -0.608521 0
    outer loop
      vertex -10.9658 -43.1322 95
      vertex -10.8941 -43.2257 89.5
      vertex -10.8941 -43.2257 95
    endloop
  endfacet
  facet normal -0.976287 0.216481 0
    outer loop
      vertex -10.696 -44.3494 89.5
      vertex -10.6705 -44.2344 95
      vertex -10.6705 -44.2344 89.5
    endloop
  endfacet
  facet normal -0.976287 0.216481 0
    outer loop
      vertex -10.6705 -44.2344 95
      vertex -10.696 -44.3494 89.5
      vertex -10.696 -44.3494 95
    endloop
  endfacet
  facet normal -0.737013 0.675878 0
    outer loop
      vertex -11.0454 -44.9546 89.5
      vertex -10.9658 -44.8678 95
      vertex -10.9658 -44.8678 89.5
    endloop
  endfacet
  facet normal -0.737013 0.675878 0
    outer loop
      vertex -10.9658 -44.8678 95
      vertex -11.0454 -44.9546 89.5
      vertex -11.0454 -44.9546 95
    endloop
  endfacet
  facet normal 0.53693 -0.843627 0
    outer loop
      vertex -12.7743 -42.8941 89.5
      vertex -12.675 -42.8309 95
      vertex -12.7743 -42.8941 95
    endloop
  endfacet
  facet normal 0.53693 -0.843627 0
    outer loop
      vertex -12.675 -42.8309 95
      vertex -12.7743 -42.8941 89.5
      vertex -12.675 -42.8309 89.5
    endloop
  endfacet
  facet normal -0.976287 -0.216481 0
    outer loop
      vertex -10.6705 -43.7656 89.5
      vertex -10.696 -43.6506 95
      vertex -10.696 -43.6506 89.5
    endloop
  endfacet
  facet normal -0.976287 -0.216481 0
    outer loop
      vertex -10.696 -43.6506 95
      vertex -10.6705 -43.7656 89.5
      vertex -10.6705 -43.7656 95
    endloop
  endfacet
  facet normal -0.953737 -0.300644 0
    outer loop
      vertex -10.696 -43.6506 89.5
      vertex -10.7314 -43.5383 95
      vertex -10.7314 -43.5383 89.5
    endloop
  endfacet
  facet normal -0.953737 -0.300644 0
    outer loop
      vertex -10.7314 -43.5383 95
      vertex -10.696 -43.6506 89.5
      vertex -10.696 -43.6506 95
    endloop
  endfacet
  facet normal -0.887008 -0.461754 0
    outer loop
      vertex -10.7765 -43.4295 89.5
      vertex -10.8309 -43.325 95
      vertex -10.8309 -43.325 89.5
    endloop
  endfacet
  facet normal -0.887008 -0.461754 0
    outer loop
      vertex -10.8309 -43.325 95
      vertex -10.7765 -43.4295 89.5
      vertex -10.7765 -43.4295 95
    endloop
  endfacet
  facet normal 0.793538 -0.608521 0
    outer loop
      vertex -13.1059 -43.2257 95
      vertex -13.0342 -43.1322 89.5
      vertex -13.0342 -43.1322 95
    endloop
  endfacet
  facet normal 0.793538 -0.608521 0
    outer loop
      vertex -13.0342 -43.1322 89.5
      vertex -13.1059 -43.2257 95
      vertex -13.1059 -43.2257 89.5
    endloop
  endfacet
  facet normal 0.382927 0.923779 -0
    outer loop
      vertex -12.4617 -45.2686 89.5
      vertex -12.5705 -45.2235 95
      vertex -12.4617 -45.2686 95
    endloop
  endfacet
  facet normal 0.382927 0.923779 0
    outer loop
      vertex -12.5705 -45.2235 95
      vertex -12.4617 -45.2686 89.5
      vertex -12.5705 -45.2235 89.5
    endloop
  endfacet
  facet normal 0.0432899 0.999063 -0
    outer loop
      vertex -12 -45.35 89.5
      vertex -12.1177 -45.3449 95
      vertex -12 -45.35 95
    endloop
  endfacet
  facet normal 0.0432899 0.999063 0
    outer loop
      vertex -12.1177 -45.3449 95
      vertex -12 -45.35 89.5
      vertex -12.1177 -45.3449 89.5
    endloop
  endfacet
  facet normal 0.675878 0.737013 -0
    outer loop
      vertex -12.8678 -45.0342 89.5
      vertex -12.9546 -44.9546 95
      vertex -12.8678 -45.0342 95
    endloop
  endfacet
  facet normal 0.675878 0.737013 0
    outer loop
      vertex -12.9546 -44.9546 95
      vertex -12.8678 -45.0342 89.5
      vertex -12.9546 -44.9546 89.5
    endloop
  endfacet
  facet normal 0.887008 0.461754 0
    outer loop
      vertex -13.1691 -44.675 95
      vertex -13.2235 -44.5705 89.5
      vertex -13.2235 -44.5705 95
    endloop
  endfacet
  facet normal 0.887008 0.461754 0
    outer loop
      vertex -13.2235 -44.5705 89.5
      vertex -13.1691 -44.675 95
      vertex -13.1691 -44.675 89.5
    endloop
  endfacet
  facet normal -0.53693 0.843627 0
    outer loop
      vertex -11.2257 -45.1059 89.5
      vertex -11.325 -45.1691 95
      vertex -11.2257 -45.1059 95
    endloop
  endfacet
  facet normal -0.53693 0.843627 0
    outer loop
      vertex -11.325 -45.1691 95
      vertex -11.2257 -45.1059 89.5
      vertex -11.325 -45.1691 89.5
    endloop
  endfacet
  facet normal -0.991405 -0.130828 0
    outer loop
      vertex -10.6551 -43.8823 89.5
      vertex -10.6705 -43.7656 95
      vertex -10.6705 -43.7656 89.5
    endloop
  endfacet
  facet normal -0.991405 -0.130828 0
    outer loop
      vertex -10.6705 -43.7656 95
      vertex -10.6551 -43.8823 89.5
      vertex -10.6551 -43.8823 95
    endloop
  endfacet
  facet normal -0.130828 0.991405 0
    outer loop
      vertex -11.7656 -45.3295 89.5
      vertex -11.8823 -45.3449 95
      vertex -11.7656 -45.3295 95
    endloop
  endfacet
  facet normal -0.130828 0.991405 0
    outer loop
      vertex -11.8823 -45.3449 95
      vertex -11.7656 -45.3295 89.5
      vertex -11.8823 -45.3449 89.5
    endloop
  endfacet
  facet normal 0.216481 -0.976287 0
    outer loop
      vertex -12.3494 -42.696 89.5
      vertex -12.2344 -42.6705 95
      vertex -12.3494 -42.696 95
    endloop
  endfacet
  facet normal 0.216481 -0.976287 0
    outer loop
      vertex -12.2344 -42.6705 95
      vertex -12.3494 -42.696 89.5
      vertex -12.2344 -42.6705 89.5
    endloop
  endfacet
  facet normal 0.953737 0.300644 0
    outer loop
      vertex -13.2686 -44.4617 95
      vertex -13.304 -44.3494 89.5
      vertex -13.304 -44.3494 95
    endloop
  endfacet
  facet normal 0.953737 0.300644 0
    outer loop
      vertex -13.304 -44.3494 89.5
      vertex -13.2686 -44.4617 95
      vertex -13.2686 -44.4617 89.5
    endloop
  endfacet
  facet normal -0.887008 0.461754 0
    outer loop
      vertex -10.8309 -44.675 89.5
      vertex -10.7765 -44.5705 95
      vertex -10.7765 -44.5705 89.5
    endloop
  endfacet
  facet normal -0.887008 0.461754 0
    outer loop
      vertex -10.7765 -44.5705 95
      vertex -10.8309 -44.675 89.5
      vertex -10.8309 -44.675 95
    endloop
  endfacet
  facet normal -0.0432899 -0.999063 0
    outer loop
      vertex -12 -42.65 89.5
      vertex -11.8823 -42.6551 95
      vertex -12 -42.65 95
    endloop
  endfacet
  facet normal -0.0432899 -0.999063 -0
    outer loop
      vertex -11.8823 -42.6551 95
      vertex -12 -42.65 89.5
      vertex -11.8823 -42.6551 89.5
    endloop
  endfacet
  facet normal 0.999063 -0.0432899 0
    outer loop
      vertex -13.35 -44 95
      vertex -13.3449 -43.8823 89.5
      vertex -13.3449 -43.8823 95
    endloop
  endfacet
  facet normal 0.999063 -0.0432899 0
    outer loop
      vertex -13.3449 -43.8823 89.5
      vertex -13.35 -44 95
      vertex -13.35 -44 89.5
    endloop
  endfacet
  facet normal -0.382927 0.923779 0
    outer loop
      vertex -11.4295 -45.2235 89.5
      vertex -11.5383 -45.2686 95
      vertex -11.4295 -45.2235 95
    endloop
  endfacet
  facet normal -0.382927 0.923779 0
    outer loop
      vertex -11.5383 -45.2686 95
      vertex -11.4295 -45.2235 89.5
      vertex -11.5383 -45.2686 89.5
    endloop
  endfacet
  facet normal 0.991405 -0.130828 0
    outer loop
      vertex -13.3449 -43.8823 95
      vertex -13.3295 -43.7656 89.5
      vertex -13.3295 -43.7656 95
    endloop
  endfacet
  facet normal 0.991405 -0.130828 0
    outer loop
      vertex -13.3295 -43.7656 89.5
      vertex -13.3449 -43.8823 95
      vertex -13.3449 -43.8823 89.5
    endloop
  endfacet
  facet normal 0.991405 0.130828 0
    outer loop
      vertex -13.3295 -44.2344 95
      vertex -13.3449 -44.1177 89.5
      vertex -13.3449 -44.1177 95
    endloop
  endfacet
  facet normal 0.991405 0.130828 0
    outer loop
      vertex -13.3449 -44.1177 89.5
      vertex -13.3295 -44.2344 95
      vertex -13.3295 -44.2344 89.5
    endloop
  endfacet
  facet normal 0.923779 -0.382927 0
    outer loop
      vertex -13.2686 -43.5383 95
      vertex -13.2235 -43.4295 89.5
      vertex -13.2235 -43.4295 95
    endloop
  endfacet
  facet normal 0.923779 -0.382927 0
    outer loop
      vertex -13.2235 -43.4295 89.5
      vertex -13.2686 -43.5383 95
      vertex -13.2686 -43.5383 89.5
    endloop
  endfacet
  facet normal -0.382927 -0.923779 0
    outer loop
      vertex -11.5383 -42.7314 89.5
      vertex -11.4295 -42.7765 95
      vertex -11.5383 -42.7314 95
    endloop
  endfacet
  facet normal -0.382927 -0.923779 -0
    outer loop
      vertex -11.4295 -42.7765 95
      vertex -11.5383 -42.7314 89.5
      vertex -11.4295 -42.7765 89.5
    endloop
  endfacet
  facet normal -0.608521 0.793538 0
    outer loop
      vertex -11.1322 -45.0342 89.5
      vertex -11.2257 -45.1059 95
      vertex -11.1322 -45.0342 95
    endloop
  endfacet
  facet normal -0.608521 0.793538 0
    outer loop
      vertex -11.2257 -45.1059 95
      vertex -11.1322 -45.0342 89.5
      vertex -11.2257 -45.1059 89.5
    endloop
  endfacet
  facet normal 0.999063 0.0432899 0
    outer loop
      vertex -13.3449 -44.1177 95
      vertex -13.35 -44 89.5
      vertex -13.35 -44 95
    endloop
  endfacet
  facet normal 0.999063 0.0432899 0
    outer loop
      vertex -13.35 -44 89.5
      vertex -13.3449 -44.1177 95
      vertex -13.3449 -44.1177 89.5
    endloop
  endfacet
  facet normal -0.130828 -0.991405 0
    outer loop
      vertex -11.8823 -42.6551 89.5
      vertex -11.7656 -42.6705 95
      vertex -11.8823 -42.6551 95
    endloop
  endfacet
  facet normal -0.130828 -0.991405 -0
    outer loop
      vertex -11.7656 -42.6705 95
      vertex -11.8823 -42.6551 89.5
      vertex -11.7656 -42.6705 89.5
    endloop
  endfacet
  facet normal 0.608521 0.793538 -0
    outer loop
      vertex -12.7743 -45.1059 89.5
      vertex -12.8678 -45.0342 95
      vertex -12.7743 -45.1059 95
    endloop
  endfacet
  facet normal 0.608521 0.793538 0
    outer loop
      vertex -12.8678 -45.0342 95
      vertex -12.7743 -45.1059 89.5
      vertex -12.8678 -45.0342 89.5
    endloop
  endfacet
  facet normal -0.923779 0.382927 0
    outer loop
      vertex -10.7765 -44.5705 89.5
      vertex -10.7314 -44.4617 95
      vertex -10.7314 -44.4617 89.5
    endloop
  endfacet
  facet normal -0.923779 0.382927 0
    outer loop
      vertex -10.7314 -44.4617 95
      vertex -10.7765 -44.5705 89.5
      vertex -10.7765 -44.5705 95
    endloop
  endfacet
  facet normal -0.300644 0.953737 0
    outer loop
      vertex -11.5383 -45.2686 89.5
      vertex -11.6506 -45.304 95
      vertex -11.5383 -45.2686 95
    endloop
  endfacet
  facet normal -0.300644 0.953737 0
    outer loop
      vertex -11.6506 -45.304 95
      vertex -11.5383 -45.2686 89.5
      vertex -11.6506 -45.304 89.5
    endloop
  endfacet
  facet normal 0.737013 0.675878 0
    outer loop
      vertex -12.9546 -44.9546 95
      vertex -13.0342 -44.8678 89.5
      vertex -13.0342 -44.8678 95
    endloop
  endfacet
  facet normal 0.737013 0.675878 0
    outer loop
      vertex -13.0342 -44.8678 89.5
      vertex -12.9546 -44.9546 95
      vertex -12.9546 -44.9546 89.5
    endloop
  endfacet
  facet normal -0.793538 0.608521 0
    outer loop
      vertex -10.9658 -44.8678 89.5
      vertex -10.8941 -44.7743 95
      vertex -10.8941 -44.7743 89.5
    endloop
  endfacet
  facet normal -0.793538 0.608521 0
    outer loop
      vertex -10.8941 -44.7743 95
      vertex -10.9658 -44.8678 89.5
      vertex -10.9658 -44.8678 95
    endloop
  endfacet
  facet normal 0.130828 0.991405 -0
    outer loop
      vertex -12.1177 -45.3449 89.5
      vertex -12.2344 -45.3295 95
      vertex -12.1177 -45.3449 95
    endloop
  endfacet
  facet normal 0.130828 0.991405 0
    outer loop
      vertex -12.2344 -45.3295 95
      vertex -12.1177 -45.3449 89.5
      vertex -12.2344 -45.3295 89.5
    endloop
  endfacet
  facet normal 0.300644 0.953737 -0
    outer loop
      vertex -12.3494 -45.304 89.5
      vertex -12.4617 -45.2686 95
      vertex -12.3494 -45.304 95
    endloop
  endfacet
  facet normal 0.300644 0.953737 0
    outer loop
      vertex -12.4617 -45.2686 95
      vertex -12.3494 -45.304 89.5
      vertex -12.4617 -45.2686 89.5
    endloop
  endfacet
  facet normal 0.976287 0.216481 0
    outer loop
      vertex -13.304 -44.3494 95
      vertex -13.3295 -44.2344 89.5
      vertex -13.3295 -44.2344 95
    endloop
  endfacet
  facet normal 0.976287 0.216481 0
    outer loop
      vertex -13.3295 -44.2344 89.5
      vertex -13.304 -44.3494 95
      vertex -13.304 -44.3494 89.5
    endloop
  endfacet
  facet normal 0.300644 -0.953737 0
    outer loop
      vertex -12.4617 -42.7314 89.5
      vertex -12.3494 -42.696 95
      vertex -12.4617 -42.7314 95
    endloop
  endfacet
  facet normal 0.300644 -0.953737 0
    outer loop
      vertex -12.3494 -42.696 95
      vertex -12.4617 -42.7314 89.5
      vertex -12.3494 -42.696 89.5
    endloop
  endfacet
  facet normal 0.130828 -0.991405 0
    outer loop
      vertex -12.2344 -42.6705 89.5
      vertex -12.1177 -42.6551 95
      vertex -12.2344 -42.6705 95
    endloop
  endfacet
  facet normal 0.130828 -0.991405 0
    outer loop
      vertex -12.1177 -42.6551 95
      vertex -12.2344 -42.6705 89.5
      vertex -12.1177 -42.6551 89.5
    endloop
  endfacet
  facet normal 0.793538 0.608521 0
    outer loop
      vertex -13.0342 -44.8678 95
      vertex -13.1059 -44.7743 89.5
      vertex -13.1059 -44.7743 95
    endloop
  endfacet
  facet normal 0.793538 0.608521 0
    outer loop
      vertex -13.1059 -44.7743 89.5
      vertex -13.0342 -44.8678 95
      vertex -13.0342 -44.8678 89.5
    endloop
  endfacet
  facet normal 0 0 1
    outer loop
      vertex -10.6551 -43.8823 89.5
      vertex -10.6551 -44.1177 89.5
      vertex -10.65 -44 89.5
    endloop
  endfacet
  facet normal 0 0 1
    outer loop
      vertex -10.6705 -43.7656 89.5
      vertex -10.6551 -44.1177 89.5
      vertex -10.6551 -43.8823 89.5
    endloop
  endfacet
  facet normal 0 0 1
    outer loop
      vertex -10.6705 -43.7656 89.5
      vertex -10.6705 -44.2344 89.5
      vertex -10.6551 -44.1177 89.5
    endloop
  endfacet
  facet normal 0 0 1
    outer loop
      vertex -10.696 -43.6506 89.5
      vertex -10.6705 -44.2344 89.5
      vertex -10.6705 -43.7656 89.5
    endloop
  endfacet
  facet normal 0 0 1
    outer loop
      vertex -10.696 -43.6506 89.5
      vertex -10.696 -44.3494 89.5
      vertex -10.6705 -44.2344 89.5
    endloop
  endfacet
  facet normal 0 0 1
    outer loop
      vertex -10.7314 -43.5383 89.5
      vertex -10.696 -44.3494 89.5
      vertex -10.696 -43.6506 89.5
    endloop
  endfacet
  facet normal 0 0 1
    outer loop
      vertex -10.7314 -43.5383 89.5
      vertex -10.7314 -44.4617 89.5
      vertex -10.696 -44.3494 89.5
    endloop
  endfacet
  facet normal 0 0 1
    outer loop
      vertex -10.7765 -43.4295 89.5
      vertex -10.7314 -44.4617 89.5
      vertex -10.7314 -43.5383 89.5
    endloop
  endfacet
  facet normal 0 0 1
    outer loop
      vertex -10.7765 -43.4295 89.5
      vertex -10.7765 -44.5705 89.5
      vertex -10.7314 -44.4617 89.5
    endloop
  endfacet
  facet normal 0 0 1
    outer loop
      vertex -10.8309 -43.325 89.5
      vertex -10.7765 -44.5705 89.5
      vertex -10.7765 -43.4295 89.5
    endloop
  endfacet
  facet normal 0 0 1
    outer loop
      vertex -10.8309 -43.325 89.5
      vertex -10.8309 -44.675 89.5
      vertex -10.7765 -44.5705 89.5
    endloop
  endfacet
  facet normal 0 0 1
    outer loop
      vertex -10.8941 -43.2257 89.5
      vertex -10.8309 -44.675 89.5
      vertex -10.8309 -43.325 89.5
    endloop
  endfacet
  facet normal 0 0 1
    outer loop
      vertex -10.8941 -43.2257 89.5
      vertex -10.8941 -44.7743 89.5
      vertex -10.8309 -44.675 89.5
    endloop
  endfacet
  facet normal 0 0 1
    outer loop
      vertex -10.9658 -43.1322 89.5
      vertex -10.8941 -44.7743 89.5
      vertex -10.8941 -43.2257 89.5
    endloop
  endfacet
  facet normal 0 0 1
    outer loop
      vertex -10.9658 -43.1322 89.5
      vertex -10.9658 -44.8678 89.5
      vertex -10.8941 -44.7743 89.5
    endloop
  endfacet
  facet normal 0 0 1
    outer loop
      vertex -11.0454 -43.0454 89.5
      vertex -10.9658 -44.8678 89.5
      vertex -10.9658 -43.1322 89.5
    endloop
  endfacet
  facet normal 0 0 1
    outer loop
      vertex -11.0454 -43.0454 89.5
      vertex -11.0454 -44.9546 89.5
      vertex -10.9658 -44.8678 89.5
    endloop
  endfacet
  facet normal 0 0 1
    outer loop
      vertex -11.1322 -42.9658 89.5
      vertex -11.0454 -44.9546 89.5
      vertex -11.0454 -43.0454 89.5
    endloop
  endfacet
  facet normal 0 0 1
    outer loop
      vertex -11.1322 -42.9658 89.5
      vertex -11.1322 -45.0342 89.5
      vertex -11.0454 -44.9546 89.5
    endloop
  endfacet
  facet normal 0 0 1
    outer loop
      vertex -11.2257 -42.8941 89.5
      vertex -11.1322 -45.0342 89.5
      vertex -11.1322 -42.9658 89.5
    endloop
  endfacet
  facet normal 0 0 1
    outer loop
      vertex -11.2257 -42.8941 89.5
      vertex -11.2257 -45.1059 89.5
      vertex -11.1322 -45.0342 89.5
    endloop
  endfacet
  facet normal 0 0 1
    outer loop
      vertex -11.325 -42.8309 89.5
      vertex -11.2257 -45.1059 89.5
      vertex -11.2257 -42.8941 89.5
    endloop
  endfacet
  facet normal 0 0 1
    outer loop
      vertex -11.325 -42.8309 89.5
      vertex -11.325 -45.1691 89.5
      vertex -11.2257 -45.1059 89.5
    endloop
  endfacet
  facet normal 0 0 1
    outer loop
      vertex -11.4295 -42.7765 89.5
      vertex -11.325 -45.1691 89.5
      vertex -11.325 -42.8309 89.5
    endloop
  endfacet
  facet normal 0 0 1
    outer loop
      vertex -11.4295 -42.7765 89.5
      vertex -11.4295 -45.2235 89.5
      vertex -11.325 -45.1691 89.5
    endloop
  endfacet
  facet normal 0 0 1
    outer loop
      vertex -11.5383 -42.7314 89.5
      vertex -11.4295 -45.2235 89.5
      vertex -11.4295 -42.7765 89.5
    endloop
  endfacet
  facet normal 0 0 1
    outer loop
      vertex -11.5383 -42.7314 89.5
      vertex -11.5383 -45.2686 89.5
      vertex -11.4295 -45.2235 89.5
    endloop
  endfacet
  facet normal 0 0 1
    outer loop
      vertex -11.6506 -42.696 89.5
      vertex -11.5383 -45.2686 89.5
      vertex -11.5383 -42.7314 89.5
    endloop
  endfacet
  facet normal 0 0 1
    outer loop
      vertex -11.6506 -42.696 89.5
      vertex -11.6506 -45.304 89.5
      vertex -11.5383 -45.2686 89.5
    endloop
  endfacet
  facet normal 0 0 1
    outer loop
      vertex -11.7656 -42.6705 89.5
      vertex -11.6506 -45.304 89.5
      vertex -11.6506 -42.696 89.5
    endloop
  endfacet
  facet normal 0 0 1
    outer loop
      vertex -11.7656 -42.6705 89.5
      vertex -11.7656 -45.3295 89.5
      vertex -11.6506 -45.304 89.5
    endloop
  endfacet
  facet normal 0 0 1
    outer loop
      vertex -11.8823 -42.6551 89.5
      vertex -11.7656 -45.3295 89.5
      vertex -11.7656 -42.6705 89.5
    endloop
  endfacet
  facet normal 0 0 1
    outer loop
      vertex -11.8823 -42.6551 89.5
      vertex -11.8823 -45.3449 89.5
      vertex -11.7656 -45.3295 89.5
    endloop
  endfacet
  facet normal 0 0 1
    outer loop
      vertex -12 -42.65 89.5
      vertex -11.8823 -45.3449 89.5
      vertex -11.8823 -42.6551 89.5
    endloop
  endfacet
  facet normal 0 0 1
    outer loop
      vertex -12 -42.65 89.5
      vertex -12 -45.35 89.5
      vertex -11.8823 -45.3449 89.5
    endloop
  endfacet
  facet normal -0 0 1
    outer loop
      vertex -12.1177 -42.6551 89.5
      vertex -12 -45.35 89.5
      vertex -12 -42.65 89.5
    endloop
  endfacet
  facet normal 0 0 1
    outer loop
      vertex -12.1177 -42.6551 89.5
      vertex -12.1177 -45.3449 89.5
      vertex -12 -45.35 89.5
    endloop
  endfacet
  facet normal -0 0 1
    outer loop
      vertex -12.2344 -42.6705 89.5
      vertex -12.1177 -45.3449 89.5
      vertex -12.1177 -42.6551 89.5
    endloop
  endfacet
  facet normal 0 0 1
    outer loop
      vertex -12.2344 -42.6705 89.5
      vertex -12.2344 -45.3295 89.5
      vertex -12.1177 -45.3449 89.5
    endloop
  endfacet
  facet normal -0 0 1
    outer loop
      vertex -12.3494 -42.696 89.5
      vertex -12.2344 -45.3295 89.5
      vertex -12.2344 -42.6705 89.5
    endloop
  endfacet
  facet normal 0 0 1
    outer loop
      vertex -12.3494 -42.696 89.5
      vertex -12.3494 -45.304 89.5
      vertex -12.2344 -45.3295 89.5
    endloop
  endfacet
  facet normal -0 0 1
    outer loop
      vertex -12.4617 -42.7314 89.5
      vertex -12.3494 -45.304 89.5
      vertex -12.3494 -42.696 89.5
    endloop
  endfacet
  facet normal 0 0 1
    outer loop
      vertex -12.4617 -42.7314 89.5
      vertex -12.4617 -45.2686 89.5
      vertex -12.3494 -45.304 89.5
    endloop
  endfacet
  facet normal -0 0 1
    outer loop
      vertex -12.5705 -42.7765 89.5
      vertex -12.4617 -45.2686 89.5
      vertex -12.4617 -42.7314 89.5
    endloop
  endfacet
  facet normal 0 0 1
    outer loop
      vertex -12.5705 -42.7765 89.5
      vertex -12.5705 -45.2235 89.5
      vertex -12.4617 -45.2686 89.5
    endloop
  endfacet
  facet normal -0 0 1
    outer loop
      vertex -12.675 -42.8309 89.5
      vertex -12.5705 -45.2235 89.5
      vertex -12.5705 -42.7765 89.5
    endloop
  endfacet
  facet normal 0 0 1
    outer loop
      vertex -12.675 -42.8309 89.5
      vertex -12.675 -45.1691 89.5
      vertex -12.5705 -45.2235 89.5
    endloop
  endfacet
  facet normal -0 0 1
    outer loop
      vertex -12.7743 -42.8941 89.5
      vertex -12.675 -45.1691 89.5
      vertex -12.675 -42.8309 89.5
    endloop
  endfacet
  facet normal 0 0 1
    outer loop
      vertex -12.7743 -42.8941 89.5
      vertex -12.7743 -45.1059 89.5
      vertex -12.675 -45.1691 89.5
    endloop
  endfacet
  facet normal -0 0 1
    outer loop
      vertex -12.8678 -42.9658 89.5
      vertex -12.7743 -45.1059 89.5
      vertex -12.7743 -42.8941 89.5
    endloop
  endfacet
  facet normal 0 0 1
    outer loop
      vertex -12.8678 -42.9658 89.5
      vertex -12.8678 -45.0342 89.5
      vertex -12.7743 -45.1059 89.5
    endloop
  endfacet
  facet normal -0 0 1
    outer loop
      vertex -12.9546 -43.0454 89.5
      vertex -12.8678 -45.0342 89.5
      vertex -12.8678 -42.9658 89.5
    endloop
  endfacet
  facet normal 0 0 1
    outer loop
      vertex -12.9546 -43.0454 89.5
      vertex -12.9546 -44.9546 89.5
      vertex -12.8678 -45.0342 89.5
    endloop
  endfacet
  facet normal -0 0 1
    outer loop
      vertex -13.0342 -43.1322 89.5
      vertex -12.9546 -44.9546 89.5
      vertex -12.9546 -43.0454 89.5
    endloop
  endfacet
  facet normal 0 0 1
    outer loop
      vertex -13.0342 -43.1322 89.5
      vertex -13.0342 -44.8678 89.5
      vertex -12.9546 -44.9546 89.5
    endloop
  endfacet
  facet normal -0 0 1
    outer loop
      vertex -13.1059 -43.2257 89.5
      vertex -13.0342 -44.8678 89.5
      vertex -13.0342 -43.1322 89.5
    endloop
  endfacet
  facet normal 0 0 1
    outer loop
      vertex -13.1059 -43.2257 89.5
      vertex -13.1059 -44.7743 89.5
      vertex -13.0342 -44.8678 89.5
    endloop
  endfacet
  facet normal -0 0 1
    outer loop
      vertex -13.1691 -43.325 89.5
      vertex -13.1059 -44.7743 89.5
      vertex -13.1059 -43.2257 89.5
    endloop
  endfacet
  facet normal 0 0 1
    outer loop
      vertex -13.1691 -43.325 89.5
      vertex -13.1691 -44.675 89.5
      vertex -13.1059 -44.7743 89.5
    endloop
  endfacet
  facet normal -0 0 1
    outer loop
      vertex -13.2235 -43.4295 89.5
      vertex -13.1691 -44.675 89.5
      vertex -13.1691 -43.325 89.5
    endloop
  endfacet
  facet normal 0 0 1
    outer loop
      vertex -13.2235 -43.4295 89.5
      vertex -13.2235 -44.5705 89.5
      vertex -13.1691 -44.675 89.5
    endloop
  endfacet
  facet normal -0 0 1
    outer loop
      vertex -13.2686 -43.5383 89.5
      vertex -13.2235 -44.5705 89.5
      vertex -13.2235 -43.4295 89.5
    endloop
  endfacet
  facet normal 0 0 1
    outer loop
      vertex -13.2686 -43.5383 89.5
      vertex -13.2686 -44.4617 89.5
      vertex -13.2235 -44.5705 89.5
    endloop
  endfacet
  facet normal -0 0 1
    outer loop
      vertex -13.304 -43.6506 89.5
      vertex -13.2686 -44.4617 89.5
      vertex -13.2686 -43.5383 89.5
    endloop
  endfacet
  facet normal 0 0 1
    outer loop
      vertex -13.304 -43.6506 89.5
      vertex -13.304 -44.3494 89.5
      vertex -13.2686 -44.4617 89.5
    endloop
  endfacet
  facet normal -0 0 1
    outer loop
      vertex -13.3295 -43.7656 89.5
      vertex -13.304 -44.3494 89.5
      vertex -13.304 -43.6506 89.5
    endloop
  endfacet
  facet normal 0 0 1
    outer loop
      vertex -13.3295 -43.7656 89.5
      vertex -13.3295 -44.2344 89.5
      vertex -13.304 -44.3494 89.5
    endloop
  endfacet
  facet normal -0 0 1
    outer loop
      vertex -13.3449 -43.8823 89.5
      vertex -13.3295 -44.2344 89.5
      vertex -13.3295 -43.7656 89.5
    endloop
  endfacet
  facet normal 0 0 1
    outer loop
      vertex -13.3449 -43.8823 89.5
      vertex -13.3449 -44.1177 89.5
      vertex -13.3295 -44.2344 89.5
    endloop
  endfacet
  facet normal 0 -0 1
    outer loop
      vertex -13.3449 -44.1177 89.5
      vertex -13.3449 -43.8823 89.5
      vertex -13.35 -44 89.5
    endloop
  endfacet
  facet normal 0.953737 -0.300644 0
    outer loop
      vertex -13.304 -43.6506 95
      vertex -13.2686 -43.5383 89.5
      vertex -13.2686 -43.5383 95
    endloop
  endfacet
  facet normal 0.953737 -0.300644 0
    outer loop
      vertex -13.2686 -43.5383 89.5
      vertex -13.304 -43.6506 95
      vertex -13.304 -43.6506 89.5
    endloop
  endfacet
  facet normal -0.675878 0.737013 0
    outer loop
      vertex -11.0454 -44.9546 89.5
      vertex -11.1322 -45.0342 95
      vertex -11.0454 -44.9546 95
    endloop
  endfacet
  facet normal -0.675878 0.737013 0
    outer loop
      vertex -11.1322 -45.0342 95
      vertex -11.0454 -44.9546 89.5
      vertex -11.1322 -45.0342 89.5
    endloop
  endfacet
  facet normal -0.999063 -0.0432899 0
    outer loop
      vertex -10.65 -44 89.5
      vertex -10.6551 -43.8823 95
      vertex -10.6551 -43.8823 89.5
    endloop
  endfacet
  facet normal -0.999063 -0.0432899 0
    outer loop
      vertex -10.6551 -43.8823 95
      vertex -10.65 -44 89.5
      vertex -10.65 -44 95
    endloop
  endfacet
  facet normal -0.216481 0.976287 0
    outer loop
      vertex -11.6506 -45.304 89.5
      vertex -11.7656 -45.3295 95
      vertex -11.6506 -45.304 95
    endloop
  endfacet
  facet normal -0.216481 0.976287 0
    outer loop
      vertex -11.7656 -45.3295 95
      vertex -11.6506 -45.304 89.5
      vertex -11.7656 -45.3295 89.5
    endloop
  endfacet
  facet normal 0.608521 -0.793538 0
    outer loop
      vertex -12.8678 -42.9658 89.5
      vertex -12.7743 -42.8941 95
      vertex -12.8678 -42.9658 95
    endloop
  endfacet
  facet normal 0.608521 -0.793538 0
    outer loop
      vertex -12.7743 -42.8941 95
      vertex -12.8678 -42.9658 89.5
      vertex -12.7743 -42.8941 89.5
    endloop
  endfacet
  facet normal -0.843627 0.53693 0
    outer loop
      vertex -10.8941 -44.7743 89.5
      vertex -10.8309 -44.675 95
      vertex -10.8309 -44.675 89.5
    endloop
  endfacet
  facet normal -0.843627 0.53693 0
    outer loop
      vertex -10.8309 -44.675 95
      vertex -10.8941 -44.7743 89.5
      vertex -10.8941 -44.7743 95
    endloop
  endfacet
  facet normal 0.461754 0.887008 -0
    outer loop
      vertex -12.5705 -45.2235 89.5
      vertex -12.675 -45.1691 95
      vertex -12.5705 -45.2235 95
    endloop
  endfacet
  facet normal 0.461754 0.887008 0
    outer loop
      vertex -12.675 -45.1691 95
      vertex -12.5705 -45.2235 89.5
      vertex -12.675 -45.1691 89.5
    endloop
  endfacet
  facet normal 0.843627 -0.53693 0
    outer loop
      vertex -13.1691 -43.325 95
      vertex -13.1059 -43.2257 89.5
      vertex -13.1059 -43.2257 95
    endloop
  endfacet
  facet normal 0.843627 -0.53693 0
    outer loop
      vertex -13.1059 -43.2257 89.5
      vertex -13.1691 -43.325 95
      vertex -13.1691 -43.325 89.5
    endloop
  endfacet
  facet normal -0.675878 -0.737013 0
    outer loop
      vertex -11.1322 -42.9658 89.5
      vertex -11.0454 -43.0454 95
      vertex -11.1322 -42.9658 95
    endloop
  endfacet
  facet normal -0.675878 -0.737013 -0
    outer loop
      vertex -11.0454 -43.0454 95
      vertex -11.1322 -42.9658 89.5
      vertex -11.0454 -43.0454 89.5
    endloop
  endfacet
  facet normal -0.923779 -0.382927 0
    outer loop
      vertex -10.7314 -43.5383 89.5
      vertex -10.7765 -43.4295 95
      vertex -10.7765 -43.4295 89.5
    endloop
  endfacet
  facet normal -0.923779 -0.382927 0
    outer loop
      vertex -10.7765 -43.4295 95
      vertex -10.7314 -43.5383 89.5
      vertex -10.7314 -43.5383 95
    endloop
  endfacet
  facet normal -0.737013 -0.675878 0
    outer loop
      vertex -10.9658 -43.1322 89.5
      vertex -11.0454 -43.0454 95
      vertex -11.0454 -43.0454 89.5
    endloop
  endfacet
  facet normal -0.737013 -0.675878 0
    outer loop
      vertex -11.0454 -43.0454 95
      vertex -10.9658 -43.1322 89.5
      vertex -10.9658 -43.1322 95
    endloop
  endfacet
  facet normal -0.608521 -0.793538 0
    outer loop
      vertex -11.2257 -42.8941 89.5
      vertex -11.1322 -42.9658 95
      vertex -11.2257 -42.8941 95
    endloop
  endfacet
  facet normal -0.608521 -0.793538 -0
    outer loop
      vertex -11.1322 -42.9658 95
      vertex -11.2257 -42.8941 89.5
      vertex -11.1322 -42.9658 89.5
    endloop
  endfacet
  facet normal -0.0432899 0.999063 0
    outer loop
      vertex -11.8823 -45.3449 89.5
      vertex -12 -45.35 95
      vertex -11.8823 -45.3449 95
    endloop
  endfacet
  facet normal -0.0432899 0.999063 0
    outer loop
      vertex -12 -45.35 95
      vertex -11.8823 -45.3449 89.5
      vertex -12 -45.35 89.5
    endloop
  endfacet
  facet normal 0.0432899 -0.999063 0
    outer loop
      vertex -12.1177 -42.6551 89.5
      vertex -12 -42.65 95
      vertex -12.1177 -42.6551 95
    endloop
  endfacet
  facet normal 0.0432899 -0.999063 0
    outer loop
      vertex -12 -42.65 95
      vertex -12.1177 -42.6551 89.5
      vertex -12 -42.65 89.5
    endloop
  endfacet
  facet normal -0.300644 -0.953737 0
    outer loop
      vertex -11.6506 -42.696 89.5
      vertex -11.5383 -42.7314 95
      vertex -11.6506 -42.696 95
    endloop
  endfacet
  facet normal -0.300644 -0.953737 -0
    outer loop
      vertex -11.5383 -42.7314 95
      vertex -11.6506 -42.696 89.5
      vertex -11.5383 -42.7314 89.5
    endloop
  endfacet
  facet normal 0.843627 0.53693 0
    outer loop
      vertex -13.1059 -44.7743 95
      vertex -13.1691 -44.675 89.5
      vertex -13.1691 -44.675 95
    endloop
  endfacet
  facet normal 0.843627 0.53693 0
    outer loop
      vertex -13.1691 -44.675 89.5
      vertex -13.1059 -44.7743 95
      vertex -13.1059 -44.7743 89.5
    endloop
  endfacet
  facet normal 0.976287 -0.216481 0
    outer loop
      vertex -13.3295 -43.7656 95
      vertex -13.304 -43.6506 89.5
      vertex -13.304 -43.6506 95
    endloop
  endfacet
  facet normal 0.976287 -0.216481 0
    outer loop
      vertex -13.304 -43.6506 89.5
      vertex -13.3295 -43.7656 95
      vertex -13.3295 -43.7656 89.5
    endloop
  endfacet
  facet normal 0.923779 0.382927 0
    outer loop
      vertex -13.2235 -44.5705 95
      vertex -13.2686 -44.4617 89.5
      vertex -13.2686 -44.4617 95
    endloop
  endfacet
  facet normal 0.923779 0.382927 0
    outer loop
      vertex -13.2686 -44.4617 89.5
      vertex -13.2235 -44.5705 95
      vertex -13.2235 -44.5705 89.5
    endloop
  endfacet
  facet normal -0.53693 -0.843627 0
    outer loop
      vertex -11.325 -42.8309 89.5
      vertex -11.2257 -42.8941 95
      vertex -11.325 -42.8309 95
    endloop
  endfacet
  facet normal -0.53693 -0.843627 -0
    outer loop
      vertex -11.2257 -42.8941 95
      vertex -11.325 -42.8309 89.5
      vertex -11.2257 -42.8941 89.5
    endloop
  endfacet
  facet normal -0.461754 -0.887008 0
    outer loop
      vertex -11.4295 -42.7765 89.5
      vertex -11.325 -42.8309 95
      vertex -11.4295 -42.7765 95
    endloop
  endfacet
  facet normal -0.461754 -0.887008 -0
    outer loop
      vertex -11.325 -42.8309 95
      vertex -11.4295 -42.7765 89.5
      vertex -11.325 -42.8309 89.5
    endloop
  endfacet
  facet normal 0.382927 -0.923779 0
    outer loop
      vertex -12.5705 -42.7765 89.5
      vertex -12.4617 -42.7314 95
      vertex -12.5705 -42.7765 95
    endloop
  endfacet
  facet normal 0.382927 -0.923779 0
    outer loop
      vertex -12.4617 -42.7314 95
      vertex -12.5705 -42.7765 89.5
      vertex -12.4617 -42.7314 89.5
    endloop
  endfacet
  facet normal 0.887008 -0.461754 0
    outer loop
      vertex -13.2235 -43.4295 95
      vertex -13.1691 -43.325 89.5
      vertex -13.1691 -43.325 95
    endloop
  endfacet
  facet normal 0.887008 -0.461754 0
    outer loop
      vertex -13.1691 -43.325 89.5
      vertex -13.2235 -43.4295 95
      vertex -13.2235 -43.4295 89.5
    endloop
  endfacet
  facet normal 0.53693 0.843627 -0
    outer loop
      vertex -12.675 -45.1691 89.5
      vertex -12.7743 -45.1059 95
      vertex -12.675 -45.1691 95
    endloop
  endfacet
  facet normal 0.53693 0.843627 0
    outer loop
      vertex -12.7743 -45.1059 95
      vertex -12.675 -45.1691 89.5
      vertex -12.7743 -45.1059 89.5
    endloop
  endfacet
  facet normal 0.461754 -0.887008 0
    outer loop
      vertex -12.675 -42.8309 89.5
      vertex -12.5705 -42.7765 95
      vertex -12.675 -42.8309 95
    endloop
  endfacet
  facet normal 0.461754 -0.887008 0
    outer loop
      vertex -12.5705 -42.7765 95
      vertex -12.675 -42.8309 89.5
      vertex -12.5705 -42.7765 89.5
    endloop
  endfacet
  facet normal -0.991438 0.130578 0
    outer loop
      vertex 4.32949 -46.2344 89.5
      vertex 4.34486 -46.1177 95
      vertex 4.34486 -46.1177 89.5
    endloop
  endfacet
  facet normal -0.991438 0.130578 0
    outer loop
      vertex 4.34486 -46.1177 95
      vertex 4.32949 -46.2344 89.5
      vertex 4.32949 -46.2344 95
    endloop
  endfacet
  facet normal -0.999048 0.0436288 0
    outer loop
      vertex 4.34486 -46.1177 89.5
      vertex 4.35 -46 95
      vertex 4.35 -46 89.5
    endloop
  endfacet
  facet normal -0.999048 0.0436288 0
    outer loop
      vertex 4.35 -46 95
      vertex 4.34486 -46.1177 89.5
      vertex 4.34486 -46.1177 95
    endloop
  endfacet
  facet normal -0.216499 -0.976283 0
    outer loop
      vertex 3.23442 -44.6705 89.5
      vertex 3.34941 -44.696 95
      vertex 3.23442 -44.6705 95
    endloop
  endfacet
  facet normal -0.216499 -0.976283 -0
    outer loop
      vertex 3.34941 -44.696 95
      vertex 3.23442 -44.6705 89.5
      vertex 3.34941 -44.696 89.5
    endloop
  endfacet
  facet normal 0.216517 0.976279 -0
    outer loop
      vertex 2.76557 -47.3295 89.5
      vertex 2.65059 -47.304 95
      vertex 2.76557 -47.3295 95
    endloop
  endfacet
  facet normal 0.216517 0.976279 0
    outer loop
      vertex 2.65059 -47.304 95
      vertex 2.76557 -47.3295 89.5
      vertex 2.65059 -47.304 89.5
    endloop
  endfacet
  facet normal -0.461858 0.886954 0
    outer loop
      vertex 3.675 -47.1691 89.5
      vertex 3.57053 -47.2235 95
      vertex 3.675 -47.1691 95
    endloop
  endfacet
  facet normal -0.461858 0.886954 0
    outer loop
      vertex 3.57053 -47.2235 95
      vertex 3.675 -47.1691 89.5
      vertex 3.57053 -47.2235 89.5
    endloop
  endfacet
  facet normal 0.73714 -0.67574 0
    outer loop
      vertex 1.96584 -45.1322 95
      vertex 2.04541 -45.0454 89.5
      vertex 2.04541 -45.0454 95
    endloop
  endfacet
  facet normal 0.73714 -0.67574 0
    outer loop
      vertex 2.04541 -45.0454 89.5
      vertex 1.96584 -45.1322 95
      vertex 1.96584 -45.1322 89.5
    endloop
  endfacet
  facet normal -0.843319 -0.537414 0
    outer loop
      vertex 4.16913 -45.325 89.5
      vertex 4.10585 -45.2257 95
      vertex 4.10585 -45.2257 89.5
    endloop
  endfacet
  facet normal -0.843319 -0.537414 0
    outer loop
      vertex 4.10585 -45.2257 95
      vertex 4.16913 -45.325 89.5
      vertex 4.16913 -45.325 95
    endloop
  endfacet
  facet normal 0.675752 -0.737129 0
    outer loop
      vertex 2.04541 -45.0454 89.5
      vertex 2.13224 -44.9658 95
      vertex 2.04541 -45.0454 95
    endloop
  endfacet
  facet normal 0.675752 -0.737129 0
    outer loop
      vertex 2.13224 -44.9658 95
      vertex 2.04541 -45.0454 89.5
      vertex 2.13224 -44.9658 89.5
    endloop
  endfacet
  facet normal -0.953688 0.300798 0
    outer loop
      vertex 4.26858 -46.4617 89.5
      vertex 4.304 -46.3494 95
      vertex 4.304 -46.3494 89.5
    endloop
  endfacet
  facet normal -0.953688 0.300798 0
    outer loop
      vertex 4.304 -46.3494 95
      vertex 4.26858 -46.4617 89.5
      vertex 4.26858 -46.4617 95
    endloop
  endfacet
  facet normal -0.793579 -0.608467 0
    outer loop
      vertex 4.10585 -45.2257 89.5
      vertex 4.03416 -45.1322 95
      vertex 4.03416 -45.1322 89.5
    endloop
  endfacet
  facet normal -0.793579 -0.608467 0
    outer loop
      vertex 4.03416 -45.1322 95
      vertex 4.10585 -45.2257 89.5
      vertex 4.10585 -45.2257 95
    endloop
  endfacet
  facet normal -0.976305 0.2164 0
    outer loop
      vertex 4.304 -46.3494 89.5
      vertex 4.32949 -46.2344 95
      vertex 4.32949 -46.2344 89.5
    endloop
  endfacet
  facet normal -0.976305 0.2164 0
    outer loop
      vertex 4.32949 -46.2344 95
      vertex 4.304 -46.3494 89.5
      vertex 4.304 -46.3494 95
    endloop
  endfacet
  facet normal -0.73714 0.67574 0
    outer loop
      vertex 3.95459 -46.9546 89.5
      vertex 4.03416 -46.8678 95
      vertex 4.03416 -46.8678 89.5
    endloop
  endfacet
  facet normal -0.73714 0.67574 0
    outer loop
      vertex 4.03416 -46.8678 95
      vertex 3.95459 -46.9546 89.5
      vertex 3.95459 -46.9546 95
    endloop
  endfacet
  facet normal 0.536815 -0.8437 0
    outer loop
      vertex 2.22567 -44.8941 89.5
      vertex 2.325 -44.8309 95
      vertex 2.22567 -44.8941 95
    endloop
  endfacet
  facet normal 0.536815 -0.8437 0
    outer loop
      vertex 2.325 -44.8309 95
      vertex 2.22567 -44.8941 89.5
      vertex 2.325 -44.8309 89.5
    endloop
  endfacet
  facet normal -0.976305 -0.2164 0
    outer loop
      vertex 4.32949 -45.7656 89.5
      vertex 4.304 -45.6506 95
      vertex 4.304 -45.6506 89.5
    endloop
  endfacet
  facet normal -0.976305 -0.2164 0
    outer loop
      vertex 4.304 -45.6506 95
      vertex 4.32949 -45.7656 89.5
      vertex 4.32949 -45.7656 95
    endloop
  endfacet
  facet normal -0.953688 -0.300798 0
    outer loop
      vertex 4.304 -45.6506 89.5
      vertex 4.26858 -45.5383 95
      vertex 4.26858 -45.5383 89.5
    endloop
  endfacet
  facet normal -0.953688 -0.300798 0
    outer loop
      vertex 4.26858 -45.5383 95
      vertex 4.304 -45.6506 89.5
      vertex 4.304 -45.6506 95
    endloop
  endfacet
  facet normal -0.887043 -0.461687 0
    outer loop
      vertex 4.22352 -45.4295 89.5
      vertex 4.16913 -45.325 95
      vertex 4.16913 -45.325 89.5
    endloop
  endfacet
  facet normal -0.887043 -0.461687 0
    outer loop
      vertex 4.16913 -45.325 95
      vertex 4.22352 -45.4295 89.5
      vertex 4.22352 -45.4295 95
    endloop
  endfacet
  facet normal 0.793538 -0.608521 0
    outer loop
      vertex 1.89414 -45.2257 95
      vertex 1.96584 -45.1322 89.5
      vertex 1.96584 -45.1322 95
    endloop
  endfacet
  facet normal 0.793538 -0.608521 0
    outer loop
      vertex 1.96584 -45.1322 89.5
      vertex 1.89414 -45.2257 95
      vertex 1.89414 -45.2257 89.5
    endloop
  endfacet
  facet normal 0.382927 0.923779 -0
    outer loop
      vertex 2.53827 -47.2686 89.5
      vertex 2.42947 -47.2235 95
      vertex 2.53827 -47.2686 95
    endloop
  endfacet
  facet normal 0.382927 0.923779 0
    outer loop
      vertex 2.42947 -47.2235 95
      vertex 2.53827 -47.2686 89.5
      vertex 2.42947 -47.2235 89.5
    endloop
  endfacet
  facet normal 0.0433046 0.999062 -0
    outer loop
      vertex 3 -47.35 89.5
      vertex 2.88234 -47.3449 95
      vertex 3 -47.35 95
    endloop
  endfacet
  facet normal 0.0433046 0.999062 0
    outer loop
      vertex 2.88234 -47.3449 95
      vertex 3 -47.35 89.5
      vertex 2.88234 -47.3449 89.5
    endloop
  endfacet
  facet normal 0.675752 0.737129 -0
    outer loop
      vertex 2.13224 -47.0342 89.5
      vertex 2.04541 -46.9546 95
      vertex 2.13224 -47.0342 95
    endloop
  endfacet
  facet normal 0.675752 0.737129 0
    outer loop
      vertex 2.04541 -46.9546 95
      vertex 2.13224 -47.0342 89.5
      vertex 2.04541 -46.9546 89.5
    endloop
  endfacet
  facet normal 0.887078 0.46162 0
    outer loop
      vertex 1.83086 -46.675 95
      vertex 1.77648 -46.5705 89.5
      vertex 1.77648 -46.5705 95
    endloop
  endfacet
  facet normal 0.887078 0.46162 0
    outer loop
      vertex 1.77648 -46.5705 89.5
      vertex 1.83086 -46.675 95
      vertex 1.83086 -46.675 89.5
    endloop
  endfacet
  facet normal -0.216499 0.976283 0
    outer loop
      vertex 3.34941 -47.304 89.5
      vertex 3.23442 -47.3295 95
      vertex 3.34941 -47.304 95
    endloop
  endfacet
  facet normal -0.216499 0.976283 0
    outer loop
      vertex 3.23442 -47.3295 95
      vertex 3.34941 -47.304 89.5
      vertex 3.23442 -47.3295 89.5
    endloop
  endfacet
  facet normal -0.536815 0.8437 0
    outer loop
      vertex 3.77433 -47.1059 89.5
      vertex 3.675 -47.1691 95
      vertex 3.77433 -47.1059 95
    endloop
  endfacet
  facet normal -0.536815 0.8437 0
    outer loop
      vertex 3.675 -47.1691 95
      vertex 3.77433 -47.1059 89.5
      vertex 3.675 -47.1691 89.5
    endloop
  endfacet
  facet normal -0.991438 -0.130578 0
    outer loop
      vertex 4.34486 -45.8823 89.5
      vertex 4.32949 -45.7656 95
      vertex 4.32949 -45.7656 89.5
    endloop
  endfacet
  facet normal -0.991438 -0.130578 0
    outer loop
      vertex 4.32949 -45.7656 95
      vertex 4.34486 -45.8823 89.5
      vertex 4.34486 -45.8823 95
    endloop
  endfacet
  facet normal -0.130762 0.991414 0
    outer loop
      vertex 3.23442 -47.3295 89.5
      vertex 3.11766 -47.3449 95
      vertex 3.23442 -47.3295 95
    endloop
  endfacet
  facet normal -0.130762 0.991414 0
    outer loop
      vertex 3.11766 -47.3449 95
      vertex 3.23442 -47.3295 89.5
      vertex 3.11766 -47.3449 89.5
    endloop
  endfacet
  facet normal 0.216517 -0.976279 0
    outer loop
      vertex 2.65059 -44.696 89.5
      vertex 2.76557 -44.6705 95
      vertex 2.65059 -44.696 95
    endloop
  endfacet
  facet normal 0.216517 -0.976279 0
    outer loop
      vertex 2.76557 -44.6705 95
      vertex 2.65059 -44.696 89.5
      vertex 2.76557 -44.6705 89.5
    endloop
  endfacet
  facet normal 0.953712 0.300721 0
    outer loop
      vertex 1.73141 -46.4617 95
      vertex 1.696 -46.3494 89.5
      vertex 1.696 -46.3494 95
    endloop
  endfacet
  facet normal 0.953712 0.300721 0
    outer loop
      vertex 1.696 -46.3494 89.5
      vertex 1.73141 -46.4617 95
      vertex 1.73141 -46.4617 89.5
    endloop
  endfacet
  facet normal -0.887043 0.461687 0
    outer loop
      vertex 4.16913 -46.675 89.5
      vertex 4.22352 -46.5705 95
      vertex 4.22352 -46.5705 89.5
    endloop
  endfacet
  facet normal -0.887043 0.461687 0
    outer loop
      vertex 4.22352 -46.5705 95
      vertex 4.16913 -46.675 89.5
      vertex 4.16913 -46.675 95
    endloop
  endfacet
  facet normal -0.0433046 -0.999062 0
    outer loop
      vertex 3 -44.65 89.5
      vertex 3.11766 -44.6551 95
      vertex 3 -44.65 95
    endloop
  endfacet
  facet normal -0.0433046 -0.999062 -0
    outer loop
      vertex 3.11766 -44.6551 95
      vertex 3 -44.65 89.5
      vertex 3.11766 -44.6551 89.5
    endloop
  endfacet
  facet normal 0.999048 -0.0436288 0
    outer loop
      vertex 1.65 -46 95
      vertex 1.65514 -45.8823 89.5
      vertex 1.65514 -45.8823 95
    endloop
  endfacet
  facet normal 0.999048 -0.0436288 0
    outer loop
      vertex 1.65514 -45.8823 89.5
      vertex 1.65 -46 95
      vertex 1.65 -46 89.5
    endloop
  endfacet
  facet normal -0.382927 0.923779 0
    outer loop
      vertex 3.57053 -47.2235 89.5
      vertex 3.46173 -47.2686 95
      vertex 3.57053 -47.2235 95
    endloop
  endfacet
  facet normal -0.382927 0.923779 0
    outer loop
      vertex 3.46173 -47.2686 95
      vertex 3.57053 -47.2235 89.5
      vertex 3.46173 -47.2686 89.5
    endloop
  endfacet
  facet normal 0.991438 -0.130578 0
    outer loop
      vertex 1.65514 -45.8823 95
      vertex 1.67051 -45.7656 89.5
      vertex 1.67051 -45.7656 95
    endloop
  endfacet
  facet normal 0.991438 -0.130578 0
    outer loop
      vertex 1.67051 -45.7656 89.5
      vertex 1.65514 -45.8823 95
      vertex 1.65514 -45.8823 89.5
    endloop
  endfacet
  facet normal 0.991438 0.130578 0
    outer loop
      vertex 1.67051 -46.2344 95
      vertex 1.65514 -46.1177 89.5
      vertex 1.65514 -46.1177 95
    endloop
  endfacet
  facet normal 0.991438 0.130578 0
    outer loop
      vertex 1.65514 -46.1177 89.5
      vertex 1.67051 -46.2344 95
      vertex 1.67051 -46.2344 89.5
    endloop
  endfacet
  facet normal 0.923869 -0.382709 0
    outer loop
      vertex 1.73141 -45.5383 95
      vertex 1.77648 -45.4295 89.5
      vertex 1.77648 -45.4295 95
    endloop
  endfacet
  facet normal 0.923869 -0.382709 0
    outer loop
      vertex 1.77648 -45.4295 89.5
      vertex 1.73141 -45.5383 95
      vertex 1.73141 -45.5383 89.5
    endloop
  endfacet
  facet normal -0.382927 -0.923779 0
    outer loop
      vertex 3.46173 -44.7314 89.5
      vertex 3.57053 -44.7765 95
      vertex 3.46173 -44.7314 95
    endloop
  endfacet
  facet normal -0.382927 -0.923779 -0
    outer loop
      vertex 3.57053 -44.7765 95
      vertex 3.46173 -44.7314 89.5
      vertex 3.57053 -44.7765 89.5
    endloop
  endfacet
  facet normal -0.608808 0.793318 0
    outer loop
      vertex 3.86776 -47.0342 89.5
      vertex 3.77433 -47.1059 95
      vertex 3.86776 -47.0342 95
    endloop
  endfacet
  facet normal -0.608808 0.793318 0
    outer loop
      vertex 3.77433 -47.1059 95
      vertex 3.86776 -47.0342 89.5
      vertex 3.77433 -47.1059 89.5
    endloop
  endfacet
  facet normal 0.999048 0.0436288 0
    outer loop
      vertex 1.65514 -46.1177 95
      vertex 1.65 -46 89.5
      vertex 1.65 -46 95
    endloop
  endfacet
  facet normal 0.999048 0.0436288 0
    outer loop
      vertex 1.65 -46 89.5
      vertex 1.65514 -46.1177 95
      vertex 1.65514 -46.1177 89.5
    endloop
  endfacet
  facet normal -0.130762 -0.991414 0
    outer loop
      vertex 3.11766 -44.6551 89.5
      vertex 3.23442 -44.6705 95
      vertex 3.11766 -44.6551 95
    endloop
  endfacet
  facet normal -0.130762 -0.991414 -0
    outer loop
      vertex 3.23442 -44.6705 95
      vertex 3.11766 -44.6551 89.5
      vertex 3.23442 -44.6705 89.5
    endloop
  endfacet
  facet normal 0.608808 0.793318 -0
    outer loop
      vertex 2.22567 -47.1059 89.5
      vertex 2.13224 -47.0342 95
      vertex 2.22567 -47.1059 95
    endloop
  endfacet
  facet normal 0.608808 0.793318 0
    outer loop
      vertex 2.13224 -47.0342 95
      vertex 2.22567 -47.1059 89.5
      vertex 2.13224 -47.0342 89.5
    endloop
  endfacet
  facet normal -0.923899 0.382637 0
    outer loop
      vertex 4.22352 -46.5705 89.5
      vertex 4.26858 -46.4617 95
      vertex 4.26858 -46.4617 89.5
    endloop
  endfacet
  facet normal -0.923899 0.382637 0
    outer loop
      vertex 4.26858 -46.4617 95
      vertex 4.22352 -46.5705 89.5
      vertex 4.22352 -46.5705 95
    endloop
  endfacet
  facet normal -0.300595 0.953752 0
    outer loop
      vertex 3.46173 -47.2686 89.5
      vertex 3.34941 -47.304 95
      vertex 3.46173 -47.2686 95
    endloop
  endfacet
  facet normal -0.300595 0.953752 0
    outer loop
      vertex 3.34941 -47.304 95
      vertex 3.46173 -47.2686 89.5
      vertex 3.34941 -47.304 89.5
    endloop
  endfacet
  facet normal 0.73714 0.67574 0
    outer loop
      vertex 2.04541 -46.9546 95
      vertex 1.96584 -46.8678 89.5
      vertex 1.96584 -46.8678 95
    endloop
  endfacet
  facet normal 0.73714 0.67574 0
    outer loop
      vertex 1.96584 -46.8678 89.5
      vertex 2.04541 -46.9546 95
      vertex 2.04541 -46.9546 89.5
    endloop
  endfacet
  facet normal -0.793579 0.608467 0
    outer loop
      vertex 4.03416 -46.8678 89.5
      vertex 4.10585 -46.7743 95
      vertex 4.10585 -46.7743 89.5
    endloop
  endfacet
  facet normal -0.793579 0.608467 0
    outer loop
      vertex 4.10585 -46.7743 95
      vertex 4.03416 -46.8678 89.5
      vertex 4.03416 -46.8678 95
    endloop
  endfacet
  facet normal 0.130751 0.991415 -0
    outer loop
      vertex 2.88234 -47.3449 89.5
      vertex 2.76557 -47.3295 95
      vertex 2.88234 -47.3449 95
    endloop
  endfacet
  facet normal 0.130751 0.991415 0
    outer loop
      vertex 2.76557 -47.3295 95
      vertex 2.88234 -47.3449 89.5
      vertex 2.76557 -47.3295 89.5
    endloop
  endfacet
  facet normal 0.300595 0.953752 -0
    outer loop
      vertex 2.65059 -47.304 89.5
      vertex 2.53827 -47.2686 95
      vertex 2.65059 -47.304 95
    endloop
  endfacet
  facet normal 0.300595 0.953752 0
    outer loop
      vertex 2.53827 -47.2686 95
      vertex 2.65059 -47.304 89.5
      vertex 2.53827 -47.2686 89.5
    endloop
  endfacet
  facet normal 0.976305 0.2164 0
    outer loop
      vertex 1.696 -46.3494 95
      vertex 1.67051 -46.2344 89.5
      vertex 1.67051 -46.2344 95
    endloop
  endfacet
  facet normal 0.976305 0.2164 0
    outer loop
      vertex 1.67051 -46.2344 89.5
      vertex 1.696 -46.3494 95
      vertex 1.696 -46.3494 89.5
    endloop
  endfacet
  facet normal 0.300595 -0.953752 0
    outer loop
      vertex 2.53827 -44.7314 89.5
      vertex 2.65059 -44.696 95
      vertex 2.53827 -44.7314 95
    endloop
  endfacet
  facet normal 0.300595 -0.953752 0
    outer loop
      vertex 2.65059 -44.696 95
      vertex 2.53827 -44.7314 89.5
      vertex 2.65059 -44.696 89.5
    endloop
  endfacet
  facet normal 0.130751 -0.991415 0
    outer loop
      vertex 2.76557 -44.6705 89.5
      vertex 2.88234 -44.6551 95
      vertex 2.76557 -44.6705 95
    endloop
  endfacet
  facet normal 0.130751 -0.991415 0
    outer loop
      vertex 2.88234 -44.6551 95
      vertex 2.76557 -44.6705 89.5
      vertex 2.88234 -44.6551 89.5
    endloop
  endfacet
  facet normal 0.793538 0.608521 0
    outer loop
      vertex 1.96584 -46.8678 95
      vertex 1.89414 -46.7743 89.5
      vertex 1.89414 -46.7743 95
    endloop
  endfacet
  facet normal 0.793538 0.608521 0
    outer loop
      vertex 1.89414 -46.7743 89.5
      vertex 1.96584 -46.8678 95
      vertex 1.96584 -46.8678 89.5
    endloop
  endfacet
  facet normal 0 0 1
    outer loop
      vertex 4.34486 -45.8823 89.5
      vertex 4.34486 -46.1177 89.5
      vertex 4.35 -46 89.5
    endloop
  endfacet
  facet normal 0 0 1
    outer loop
      vertex 4.32949 -45.7656 89.5
      vertex 4.34486 -46.1177 89.5
      vertex 4.34486 -45.8823 89.5
    endloop
  endfacet
  facet normal 0 0 1
    outer loop
      vertex 4.32949 -45.7656 89.5
      vertex 4.32949 -46.2344 89.5
      vertex 4.34486 -46.1177 89.5
    endloop
  endfacet
  facet normal 0 0 1
    outer loop
      vertex 4.304 -45.6506 89.5
      vertex 4.32949 -46.2344 89.5
      vertex 4.32949 -45.7656 89.5
    endloop
  endfacet
  facet normal 0 0 1
    outer loop
      vertex 4.304 -45.6506 89.5
      vertex 4.304 -46.3494 89.5
      vertex 4.32949 -46.2344 89.5
    endloop
  endfacet
  facet normal 0 0 1
    outer loop
      vertex 4.26858 -45.5383 89.5
      vertex 4.304 -46.3494 89.5
      vertex 4.304 -45.6506 89.5
    endloop
  endfacet
  facet normal 0 0 1
    outer loop
      vertex 4.26858 -45.5383 89.5
      vertex 4.26858 -46.4617 89.5
      vertex 4.304 -46.3494 89.5
    endloop
  endfacet
  facet normal 0 0 1
    outer loop
      vertex 4.22352 -45.4295 89.5
      vertex 4.26858 -46.4617 89.5
      vertex 4.26858 -45.5383 89.5
    endloop
  endfacet
  facet normal 0 0 1
    outer loop
      vertex 4.22352 -45.4295 89.5
      vertex 4.22352 -46.5705 89.5
      vertex 4.26858 -46.4617 89.5
    endloop
  endfacet
  facet normal 0 0 1
    outer loop
      vertex 4.16913 -45.325 89.5
      vertex 4.22352 -46.5705 89.5
      vertex 4.22352 -45.4295 89.5
    endloop
  endfacet
  facet normal 0 0 1
    outer loop
      vertex 4.16913 -45.325 89.5
      vertex 4.16913 -46.675 89.5
      vertex 4.22352 -46.5705 89.5
    endloop
  endfacet
  facet normal 0 0 1
    outer loop
      vertex 4.10585 -45.2257 89.5
      vertex 4.16913 -46.675 89.5
      vertex 4.16913 -45.325 89.5
    endloop
  endfacet
  facet normal 0 0 1
    outer loop
      vertex 4.10585 -45.2257 89.5
      vertex 4.10585 -46.7743 89.5
      vertex 4.16913 -46.675 89.5
    endloop
  endfacet
  facet normal 0 0 1
    outer loop
      vertex 4.03416 -45.1322 89.5
      vertex 4.10585 -46.7743 89.5
      vertex 4.10585 -45.2257 89.5
    endloop
  endfacet
  facet normal 0 0 1
    outer loop
      vertex 4.03416 -45.1322 89.5
      vertex 4.03416 -46.8678 89.5
      vertex 4.10585 -46.7743 89.5
    endloop
  endfacet
  facet normal 0 0 1
    outer loop
      vertex 3.95459 -45.0454 89.5
      vertex 4.03416 -46.8678 89.5
      vertex 4.03416 -45.1322 89.5
    endloop
  endfacet
  facet normal 0 0 1
    outer loop
      vertex 3.95459 -45.0454 89.5
      vertex 3.95459 -46.9546 89.5
      vertex 4.03416 -46.8678 89.5
    endloop
  endfacet
  facet normal 0 0 1
    outer loop
      vertex 3.86776 -44.9658 89.5
      vertex 3.95459 -46.9546 89.5
      vertex 3.95459 -45.0454 89.5
    endloop
  endfacet
  facet normal 0 0 1
    outer loop
      vertex 3.86776 -44.9658 89.5
      vertex 3.86776 -47.0342 89.5
      vertex 3.95459 -46.9546 89.5
    endloop
  endfacet
  facet normal 0 0 1
    outer loop
      vertex 3.77433 -44.8941 89.5
      vertex 3.86776 -47.0342 89.5
      vertex 3.86776 -44.9658 89.5
    endloop
  endfacet
  facet normal 0 0 1
    outer loop
      vertex 3.77433 -44.8941 89.5
      vertex 3.77433 -47.1059 89.5
      vertex 3.86776 -47.0342 89.5
    endloop
  endfacet
  facet normal 0 0 1
    outer loop
      vertex 3.675 -44.8309 89.5
      vertex 3.77433 -47.1059 89.5
      vertex 3.77433 -44.8941 89.5
    endloop
  endfacet
  facet normal 0 0 1
    outer loop
      vertex 3.675 -44.8309 89.5
      vertex 3.675 -47.1691 89.5
      vertex 3.77433 -47.1059 89.5
    endloop
  endfacet
  facet normal 0 0 1
    outer loop
      vertex 3.57053 -44.7765 89.5
      vertex 3.675 -47.1691 89.5
      vertex 3.675 -44.8309 89.5
    endloop
  endfacet
  facet normal 0 0 1
    outer loop
      vertex 3.57053 -44.7765 89.5
      vertex 3.57053 -47.2235 89.5
      vertex 3.675 -47.1691 89.5
    endloop
  endfacet
  facet normal 0 0 1
    outer loop
      vertex 3.46173 -44.7314 89.5
      vertex 3.57053 -47.2235 89.5
      vertex 3.57053 -44.7765 89.5
    endloop
  endfacet
  facet normal 0 0 1
    outer loop
      vertex 3.46173 -44.7314 89.5
      vertex 3.46173 -47.2686 89.5
      vertex 3.57053 -47.2235 89.5
    endloop
  endfacet
  facet normal 0 0 1
    outer loop
      vertex 3.34941 -44.696 89.5
      vertex 3.46173 -47.2686 89.5
      vertex 3.46173 -44.7314 89.5
    endloop
  endfacet
  facet normal 0 0 1
    outer loop
      vertex 3.34941 -44.696 89.5
      vertex 3.34941 -47.304 89.5
      vertex 3.46173 -47.2686 89.5
    endloop
  endfacet
  facet normal 0 0 1
    outer loop
      vertex 3.23442 -44.6705 89.5
      vertex 3.34941 -47.304 89.5
      vertex 3.34941 -44.696 89.5
    endloop
  endfacet
  facet normal 0 0 1
    outer loop
      vertex 3.23442 -44.6705 89.5
      vertex 3.23442 -47.3295 89.5
      vertex 3.34941 -47.304 89.5
    endloop
  endfacet
  facet normal 0 0 1
    outer loop
      vertex 3.11766 -44.6551 89.5
      vertex 3.23442 -47.3295 89.5
      vertex 3.23442 -44.6705 89.5
    endloop
  endfacet
  facet normal 0 0 1
    outer loop
      vertex 3.11766 -44.6551 89.5
      vertex 3.11766 -47.3449 89.5
      vertex 3.23442 -47.3295 89.5
    endloop
  endfacet
  facet normal 0 0 1
    outer loop
      vertex 3 -44.65 89.5
      vertex 3.11766 -47.3449 89.5
      vertex 3.11766 -44.6551 89.5
    endloop
  endfacet
  facet normal 0 0 1
    outer loop
      vertex 3 -44.65 89.5
      vertex 3 -47.35 89.5
      vertex 3.11766 -47.3449 89.5
    endloop
  endfacet
  facet normal -0 0 1
    outer loop
      vertex 2.88234 -44.6551 89.5
      vertex 3 -47.35 89.5
      vertex 3 -44.65 89.5
    endloop
  endfacet
  facet normal 0 0 1
    outer loop
      vertex 2.88234 -44.6551 89.5
      vertex 2.88234 -47.3449 89.5
      vertex 3 -47.35 89.5
    endloop
  endfacet
  facet normal -0 0 1
    outer loop
      vertex 2.76557 -44.6705 89.5
      vertex 2.88234 -47.3449 89.5
      vertex 2.88234 -44.6551 89.5
    endloop
  endfacet
  facet normal 0 0 1
    outer loop
      vertex 2.76557 -44.6705 89.5
      vertex 2.76557 -47.3295 89.5
      vertex 2.88234 -47.3449 89.5
    endloop
  endfacet
  facet normal -0 0 1
    outer loop
      vertex 2.65059 -44.696 89.5
      vertex 2.76557 -47.3295 89.5
      vertex 2.76557 -44.6705 89.5
    endloop
  endfacet
  facet normal 0 0 1
    outer loop
      vertex 2.65059 -44.696 89.5
      vertex 2.65059 -47.304 89.5
      vertex 2.76557 -47.3295 89.5
    endloop
  endfacet
  facet normal -0 0 1
    outer loop
      vertex 2.53827 -44.7314 89.5
      vertex 2.65059 -47.304 89.5
      vertex 2.65059 -44.696 89.5
    endloop
  endfacet
  facet normal 0 0 1
    outer loop
      vertex 2.53827 -44.7314 89.5
      vertex 2.53827 -47.2686 89.5
      vertex 2.65059 -47.304 89.5
    endloop
  endfacet
  facet normal -0 0 1
    outer loop
      vertex 2.42947 -44.7765 89.5
      vertex 2.53827 -47.2686 89.5
      vertex 2.53827 -44.7314 89.5
    endloop
  endfacet
  facet normal 0 0 1
    outer loop
      vertex 2.42947 -44.7765 89.5
      vertex 2.42947 -47.2235 89.5
      vertex 2.53827 -47.2686 89.5
    endloop
  endfacet
  facet normal -0 0 1
    outer loop
      vertex 2.325 -44.8309 89.5
      vertex 2.42947 -47.2235 89.5
      vertex 2.42947 -44.7765 89.5
    endloop
  endfacet
  facet normal 0 0 1
    outer loop
      vertex 2.325 -44.8309 89.5
      vertex 2.325 -47.1691 89.5
      vertex 2.42947 -47.2235 89.5
    endloop
  endfacet
  facet normal -0 0 1
    outer loop
      vertex 2.22567 -44.8941 89.5
      vertex 2.325 -47.1691 89.5
      vertex 2.325 -44.8309 89.5
    endloop
  endfacet
  facet normal 0 0 1
    outer loop
      vertex 2.22567 -44.8941 89.5
      vertex 2.22567 -47.1059 89.5
      vertex 2.325 -47.1691 89.5
    endloop
  endfacet
  facet normal -0 0 1
    outer loop
      vertex 2.13224 -44.9658 89.5
      vertex 2.22567 -47.1059 89.5
      vertex 2.22567 -44.8941 89.5
    endloop
  endfacet
  facet normal 0 0 1
    outer loop
      vertex 2.13224 -44.9658 89.5
      vertex 2.13224 -47.0342 89.5
      vertex 2.22567 -47.1059 89.5
    endloop
  endfacet
  facet normal -0 0 1
    outer loop
      vertex 2.04541 -45.0454 89.5
      vertex 2.13224 -47.0342 89.5
      vertex 2.13224 -44.9658 89.5
    endloop
  endfacet
  facet normal 0 0 1
    outer loop
      vertex 2.04541 -45.0454 89.5
      vertex 2.04541 -46.9546 89.5
      vertex 2.13224 -47.0342 89.5
    endloop
  endfacet
  facet normal -0 0 1
    outer loop
      vertex 1.96584 -45.1322 89.5
      vertex 2.04541 -46.9546 89.5
      vertex 2.04541 -45.0454 89.5
    endloop
  endfacet
  facet normal 0 0 1
    outer loop
      vertex 1.96584 -45.1322 89.5
      vertex 1.96584 -46.8678 89.5
      vertex 2.04541 -46.9546 89.5
    endloop
  endfacet
  facet normal -0 0 1
    outer loop
      vertex 1.89414 -45.2257 89.5
      vertex 1.96584 -46.8678 89.5
      vertex 1.96584 -45.1322 89.5
    endloop
  endfacet
  facet normal 0 0 1
    outer loop
      vertex 1.89414 -45.2257 89.5
      vertex 1.89414 -46.7743 89.5
      vertex 1.96584 -46.8678 89.5
    endloop
  endfacet
  facet normal -0 0 1
    outer loop
      vertex 1.83086 -45.325 89.5
      vertex 1.89414 -46.7743 89.5
      vertex 1.89414 -45.2257 89.5
    endloop
  endfacet
  facet normal 0 0 1
    outer loop
      vertex 1.83086 -45.325 89.5
      vertex 1.83086 -46.675 89.5
      vertex 1.89414 -46.7743 89.5
    endloop
  endfacet
  facet normal -0 0 1
    outer loop
      vertex 1.77648 -45.4295 89.5
      vertex 1.83086 -46.675 89.5
      vertex 1.83086 -45.325 89.5
    endloop
  endfacet
  facet normal 0 0 1
    outer loop
      vertex 1.77648 -45.4295 89.5
      vertex 1.77648 -46.5705 89.5
      vertex 1.83086 -46.675 89.5
    endloop
  endfacet
  facet normal -0 0 1
    outer loop
      vertex 1.73141 -45.5383 89.5
      vertex 1.77648 -46.5705 89.5
      vertex 1.77648 -45.4295 89.5
    endloop
  endfacet
  facet normal 0 0 1
    outer loop
      vertex 1.73141 -45.5383 89.5
      vertex 1.73141 -46.4617 89.5
      vertex 1.77648 -46.5705 89.5
    endloop
  endfacet
  facet normal -0 0 1
    outer loop
      vertex 1.696 -45.6506 89.5
      vertex 1.73141 -46.4617 89.5
      vertex 1.73141 -45.5383 89.5
    endloop
  endfacet
  facet normal 0 0 1
    outer loop
      vertex 1.696 -45.6506 89.5
      vertex 1.696 -46.3494 89.5
      vertex 1.73141 -46.4617 89.5
    endloop
  endfacet
  facet normal -0 0 1
    outer loop
      vertex 1.67051 -45.7656 89.5
      vertex 1.696 -46.3494 89.5
      vertex 1.696 -45.6506 89.5
    endloop
  endfacet
  facet normal 0 0 1
    outer loop
      vertex 1.67051 -45.7656 89.5
      vertex 1.67051 -46.2344 89.5
      vertex 1.696 -46.3494 89.5
    endloop
  endfacet
  facet normal -0 0 1
    outer loop
      vertex 1.65514 -45.8823 89.5
      vertex 1.67051 -46.2344 89.5
      vertex 1.67051 -45.7656 89.5
    endloop
  endfacet
  facet normal 0 0 1
    outer loop
      vertex 1.65514 -45.8823 89.5
      vertex 1.65514 -46.1177 89.5
      vertex 1.67051 -46.2344 89.5
    endloop
  endfacet
  facet normal 0 -0 1
    outer loop
      vertex 1.65514 -46.1177 89.5
      vertex 1.65514 -45.8823 89.5
      vertex 1.65 -46 89.5
    endloop
  endfacet
  facet normal 0.953712 -0.300721 0
    outer loop
      vertex 1.696 -45.6506 95
      vertex 1.73141 -45.5383 89.5
      vertex 1.73141 -45.5383 95
    endloop
  endfacet
  facet normal 0.953712 -0.300721 0
    outer loop
      vertex 1.73141 -45.5383 89.5
      vertex 1.696 -45.6506 95
      vertex 1.696 -45.6506 89.5
    endloop
  endfacet
  facet normal -0.675752 0.737129 0
    outer loop
      vertex 3.95459 -46.9546 89.5
      vertex 3.86776 -47.0342 95
      vertex 3.95459 -46.9546 95
    endloop
  endfacet
  facet normal -0.675752 0.737129 0
    outer loop
      vertex 3.86776 -47.0342 95
      vertex 3.95459 -46.9546 89.5
      vertex 3.86776 -47.0342 89.5
    endloop
  endfacet
  facet normal -0.999048 -0.0436288 0
    outer loop
      vertex 4.35 -46 89.5
      vertex 4.34486 -45.8823 95
      vertex 4.34486 -45.8823 89.5
    endloop
  endfacet
  facet normal -0.999048 -0.0436288 0
    outer loop
      vertex 4.34486 -45.8823 95
      vertex 4.35 -46 89.5
      vertex 4.35 -46 95
    endloop
  endfacet
  facet normal 0.608808 -0.793318 0
    outer loop
      vertex 2.13224 -44.9658 89.5
      vertex 2.22567 -44.8941 95
      vertex 2.13224 -44.9658 95
    endloop
  endfacet
  facet normal 0.608808 -0.793318 0
    outer loop
      vertex 2.22567 -44.8941 95
      vertex 2.13224 -44.9658 89.5
      vertex 2.22567 -44.8941 89.5
    endloop
  endfacet
  facet normal 0.536815 0.8437 -0
    outer loop
      vertex 2.325 -47.1691 89.5
      vertex 2.22567 -47.1059 95
      vertex 2.325 -47.1691 95
    endloop
  endfacet
  facet normal 0.536815 0.8437 0
    outer loop
      vertex 2.22567 -47.1059 95
      vertex 2.325 -47.1691 89.5
      vertex 2.22567 -47.1059 89.5
    endloop
  endfacet
  facet normal -0.843319 0.537414 0
    outer loop
      vertex 4.10585 -46.7743 89.5
      vertex 4.16913 -46.675 95
      vertex 4.16913 -46.675 89.5
    endloop
  endfacet
  facet normal -0.843319 0.537414 0
    outer loop
      vertex 4.16913 -46.675 95
      vertex 4.10585 -46.7743 89.5
      vertex 4.10585 -46.7743 95
    endloop
  endfacet
  facet normal 0.461858 0.886954 -0
    outer loop
      vertex 2.42947 -47.2235 89.5
      vertex 2.325 -47.1691 95
      vertex 2.42947 -47.2235 95
    endloop
  endfacet
  facet normal 0.461858 0.886954 0
    outer loop
      vertex 2.325 -47.1691 95
      vertex 2.42947 -47.2235 89.5
      vertex 2.325 -47.1691 89.5
    endloop
  endfacet
  facet normal 0.843319 -0.537414 0
    outer loop
      vertex 1.83086 -45.325 95
      vertex 1.89414 -45.2257 89.5
      vertex 1.89414 -45.2257 95
    endloop
  endfacet
  facet normal 0.843319 -0.537414 0
    outer loop
      vertex 1.89414 -45.2257 89.5
      vertex 1.83086 -45.325 95
      vertex 1.83086 -45.325 89.5
    endloop
  endfacet
  facet normal -0.675752 -0.737129 0
    outer loop
      vertex 3.86776 -44.9658 89.5
      vertex 3.95459 -45.0454 95
      vertex 3.86776 -44.9658 95
    endloop
  endfacet
  facet normal -0.675752 -0.737129 -0
    outer loop
      vertex 3.95459 -45.0454 95
      vertex 3.86776 -44.9658 89.5
      vertex 3.95459 -45.0454 89.5
    endloop
  endfacet
  facet normal -0.923899 -0.382637 0
    outer loop
      vertex 4.26858 -45.5383 89.5
      vertex 4.22352 -45.4295 95
      vertex 4.22352 -45.4295 89.5
    endloop
  endfacet
  facet normal -0.923899 -0.382637 0
    outer loop
      vertex 4.22352 -45.4295 95
      vertex 4.26858 -45.5383 89.5
      vertex 4.26858 -45.5383 95
    endloop
  endfacet
  facet normal -0.73714 -0.67574 0
    outer loop
      vertex 4.03416 -45.1322 89.5
      vertex 3.95459 -45.0454 95
      vertex 3.95459 -45.0454 89.5
    endloop
  endfacet
  facet normal -0.73714 -0.67574 0
    outer loop
      vertex 3.95459 -45.0454 95
      vertex 4.03416 -45.1322 89.5
      vertex 4.03416 -45.1322 95
    endloop
  endfacet
  facet normal -0.608808 -0.793318 0
    outer loop
      vertex 3.77433 -44.8941 89.5
      vertex 3.86776 -44.9658 95
      vertex 3.77433 -44.8941 95
    endloop
  endfacet
  facet normal -0.608808 -0.793318 -0
    outer loop
      vertex 3.86776 -44.9658 95
      vertex 3.77433 -44.8941 89.5
      vertex 3.86776 -44.9658 89.5
    endloop
  endfacet
  facet normal -0.0433046 0.999062 0
    outer loop
      vertex 3.11766 -47.3449 89.5
      vertex 3 -47.35 95
      vertex 3.11766 -47.3449 95
    endloop
  endfacet
  facet normal -0.0433046 0.999062 0
    outer loop
      vertex 3 -47.35 95
      vertex 3.11766 -47.3449 89.5
      vertex 3 -47.35 89.5
    endloop
  endfacet
  facet normal 0.0433046 -0.999062 0
    outer loop
      vertex 2.88234 -44.6551 89.5
      vertex 3 -44.65 95
      vertex 2.88234 -44.6551 95
    endloop
  endfacet
  facet normal 0.0433046 -0.999062 0
    outer loop
      vertex 3 -44.65 95
      vertex 2.88234 -44.6551 89.5
      vertex 3 -44.65 89.5
    endloop
  endfacet
  facet normal -0.300595 -0.953752 0
    outer loop
      vertex 3.34941 -44.696 89.5
      vertex 3.46173 -44.7314 95
      vertex 3.34941 -44.696 95
    endloop
  endfacet
  facet normal -0.300595 -0.953752 -0
    outer loop
      vertex 3.46173 -44.7314 95
      vertex 3.34941 -44.696 89.5
      vertex 3.46173 -44.7314 89.5
    endloop
  endfacet
  facet normal 0.843319 0.537414 0
    outer loop
      vertex 1.89414 -46.7743 95
      vertex 1.83086 -46.675 89.5
      vertex 1.83086 -46.675 95
    endloop
  endfacet
  facet normal 0.843319 0.537414 0
    outer loop
      vertex 1.83086 -46.675 89.5
      vertex 1.89414 -46.7743 95
      vertex 1.89414 -46.7743 89.5
    endloop
  endfacet
  facet normal 0.976305 -0.2164 0
    outer loop
      vertex 1.67051 -45.7656 95
      vertex 1.696 -45.6506 89.5
      vertex 1.696 -45.6506 95
    endloop
  endfacet
  facet normal 0.976305 -0.2164 0
    outer loop
      vertex 1.696 -45.6506 89.5
      vertex 1.67051 -45.7656 95
      vertex 1.67051 -45.7656 89.5
    endloop
  endfacet
  facet normal 0.923869 0.382709 0
    outer loop
      vertex 1.77648 -46.5705 95
      vertex 1.73141 -46.4617 89.5
      vertex 1.73141 -46.4617 95
    endloop
  endfacet
  facet normal 0.923869 0.382709 0
    outer loop
      vertex 1.73141 -46.4617 89.5
      vertex 1.77648 -46.5705 95
      vertex 1.77648 -46.5705 89.5
    endloop
  endfacet
  facet normal -0.536815 -0.8437 0
    outer loop
      vertex 3.675 -44.8309 89.5
      vertex 3.77433 -44.8941 95
      vertex 3.675 -44.8309 95
    endloop
  endfacet
  facet normal -0.536815 -0.8437 -0
    outer loop
      vertex 3.77433 -44.8941 95
      vertex 3.675 -44.8309 89.5
      vertex 3.77433 -44.8941 89.5
    endloop
  endfacet
  facet normal -0.461858 -0.886954 0
    outer loop
      vertex 3.57053 -44.7765 89.5
      vertex 3.675 -44.8309 95
      vertex 3.57053 -44.7765 95
    endloop
  endfacet
  facet normal -0.461858 -0.886954 -0
    outer loop
      vertex 3.675 -44.8309 95
      vertex 3.57053 -44.7765 89.5
      vertex 3.675 -44.8309 89.5
    endloop
  endfacet
  facet normal 0.382927 -0.923779 0
    outer loop
      vertex 2.42947 -44.7765 89.5
      vertex 2.53827 -44.7314 95
      vertex 2.42947 -44.7765 95
    endloop
  endfacet
  facet normal 0.382927 -0.923779 0
    outer loop
      vertex 2.53827 -44.7314 95
      vertex 2.42947 -44.7765 89.5
      vertex 2.53827 -44.7314 89.5
    endloop
  endfacet
  facet normal 0.887078 -0.46162 0
    outer loop
      vertex 1.77648 -45.4295 95
      vertex 1.83086 -45.325 89.5
      vertex 1.83086 -45.325 95
    endloop
  endfacet
  facet normal 0.887078 -0.46162 0
    outer loop
      vertex 1.83086 -45.325 89.5
      vertex 1.77648 -45.4295 95
      vertex 1.77648 -45.4295 89.5
    endloop
  endfacet
  facet normal 0.461858 -0.886954 0
    outer loop
      vertex 2.325 -44.8309 89.5
      vertex 2.42947 -44.7765 95
      vertex 2.325 -44.8309 95
    endloop
  endfacet
  facet normal 0.461858 -0.886954 0
    outer loop
      vertex 2.42947 -44.7765 95
      vertex 2.325 -44.8309 89.5
      vertex 2.42947 -44.7765 89.5
    endloop
  endfacet
endsolid OpenSCAD_Model
