solid OpenSCAD_Model
  facet normal 0 0 -1
    outer loop
      vertex 3.98477 40.3486 0
      vertex 1.49428 39.8693 0
      vertex 1.5 40 0
    endloop
  endfacet
  facet normal 0 0 -1
    outer loop
      vertex 3.98477 40.3486 0
      vertex 1.4772 39.7395 0
      vertex 1.49428 39.8693 0
    endloop
  endfacet
  facet normal 0 0 -1
    outer loop
      vertex 3.98477 40.3486 0
      vertex 1.44888 39.6118 0
      vertex 1.4772 39.7395 0
    endloop
  endfacet
  facet normal 0 0 -1
    outer loop
      vertex 1.34058 23.1249 0
      vertex 3.98477 40.3486 0
      vertex 1.4335 23.0038 0
    endloop
  endfacet
  facet normal 0 0 -1
    outer loop
      vertex 3.98477 40.3486 0
      vertex 1.40953 39.487 0
      vertex 1.44888 39.6118 0
    endloop
  endfacet
  facet normal 0 0 -1
    outer loop
      vertex 3.98477 40.3486 0
      vertex 1.35945 39.3661 0
      vertex 1.40953 39.487 0
    endloop
  endfacet
  facet normal 0 0 -1
    outer loop
      vertex 1.23743 23.2374 0
      vertex 3.98477 40.3486 0
      vertex 1.34058 23.1249 0
    endloop
  endfacet
  facet normal 0 0 -1
    outer loop
      vertex 3.98477 40.3486 0
      vertex 1.29903 39.25 0
      vertex 1.35945 39.3661 0
    endloop
  endfacet
  facet normal 0 0 -1
    outer loop
      vertex 1.12488 23.3406 0
      vertex 3.98477 40.3486 0
      vertex 1.23743 23.2374 0
    endloop
  endfacet
  facet normal 0 0 -1
    outer loop
      vertex 3.98477 40.3486 0
      vertex 1.22871 39.1396 0
      vertex 1.29903 39.25 0
    endloop
  endfacet
  facet normal 0 0 -1
    outer loop
      vertex 3.98477 40.3486 0
      vertex 1.14906 39.0358 0
      vertex 1.22871 39.1396 0
    endloop
  endfacet
  facet normal 0 0 -1
    outer loop
      vertex 1.00375 23.4335 0
      vertex 3.98477 40.3486 0
      vertex 1.12488 23.3406 0
    endloop
  endfacet
  facet normal 0 0 -1
    outer loop
      vertex 3.98477 40.3486 0
      vertex 1.06065 38.9393 0
      vertex 1.14906 39.0358 0
    endloop
  endfacet
  facet normal 0 0 -1
    outer loop
      vertex 0.860352 38.7713 0
      vertex 3.98477 40.3486 0
      vertex 1.00375 23.4335 0
    endloop
  endfacet
  facet normal 0 0 -1
    outer loop
      vertex 3.98477 40.3486 0
      vertex 0.964172 38.8509 0
      vertex 1.06065 38.9393 0
    endloop
  endfacet
  facet normal 0 0 -1
    outer loop
      vertex 0.860352 38.7713 0
      vertex 1.00375 23.4335 0
      vertex 0.875 23.5155 0
    endloop
  endfacet
  facet normal 0 0 -1
    outer loop
      vertex 3.98477 40.3486 0
      vertex 0.860352 38.7713 0
      vertex 0.964172 38.8509 0
    endloop
  endfacet
  facet normal 0 0 -1
    outer loop
      vertex 0.875 23.5155 0
      vertex 0.75 38.701 0
      vertex 0.860352 38.7713 0
    endloop
  endfacet
  facet normal 0 0 -1
    outer loop
      vertex 0.739578 23.586 0
      vertex 0.75 38.701 0
      vertex 0.875 23.5155 0
    endloop
  endfacet
  facet normal 0 0 -1
    outer loop
      vertex 0.739578 23.586 0
      vertex 0.633926 38.6405 0
      vertex 0.75 38.701 0
    endloop
  endfacet
  facet normal 0 0 -1
    outer loop
      vertex 0.598526 23.6445 0
      vertex 0.633926 38.6405 0
      vertex 0.739578 23.586 0
    endloop
  endfacet
  facet normal 0 0 -1
    outer loop
      vertex 0.598526 23.6445 0
      vertex 0.513016 38.5905 0
      vertex 0.633926 38.6405 0
    endloop
  endfacet
  facet normal 0 0 -1
    outer loop
      vertex 0.452927 23.6904 0
      vertex 0.513016 38.5905 0
      vertex 0.598526 23.6445 0
    endloop
  endfacet
  facet normal 0 0 -1
    outer loop
      vertex 0.452927 23.6904 0
      vertex 0.388214 38.5511 0
      vertex 0.513016 38.5905 0
    endloop
  endfacet
  facet normal 0 0 -1
    outer loop
      vertex 0.303879 23.7234 0
      vertex 0.388214 38.5511 0
      vertex 0.452927 23.6904 0
    endloop
  endfacet
  facet normal 0 0 -1
    outer loop
      vertex 0.303879 23.7234 0
      vertex 0.260468 38.5228 0
      vertex 0.388214 38.5511 0
    endloop
  endfacet
  facet normal 0 0 -1
    outer loop
      vertex 0.152512 23.7433 0
      vertex 0.260468 38.5228 0
      vertex 0.303879 23.7234 0
    endloop
  endfacet
  facet normal 0 0 -1
    outer loop
      vertex 0.152512 23.7433 0
      vertex 0.130722 38.5057 0
      vertex 0.260468 38.5228 0
    endloop
  endfacet
  facet normal 0 0 -1
    outer loop
      vertex 0 23.75 0
      vertex 0.130722 38.5057 0
      vertex 0.152512 23.7433 0
    endloop
  endfacet
  facet normal 0 0 -1
    outer loop
      vertex 0 23.75 0
      vertex 0 38.5 0
      vertex 0.130722 38.5057 0
    endloop
  endfacet
  facet normal 0 0 -1
    outer loop
      vertex 0 23.75 0
      vertex -0.130722 38.5057 0
      vertex 0 38.5 0
    endloop
  endfacet
  facet normal 0 0 -1
    outer loop
      vertex -0.152512 23.7433 0
      vertex -0.130722 38.5057 0
      vertex 0 23.75 0
    endloop
  endfacet
  facet normal 0 0 -1
    outer loop
      vertex -0.152512 23.7433 0
      vertex -0.260468 38.5228 0
      vertex -0.130722 38.5057 0
    endloop
  endfacet
  facet normal 0 0 -1
    outer loop
      vertex -0.303879 23.7234 0
      vertex -0.260468 38.5228 0
      vertex -0.152512 23.7433 0
    endloop
  endfacet
  facet normal 0 0 -1
    outer loop
      vertex -0.303879 23.7234 0
      vertex -0.388214 38.5511 0
      vertex -0.260468 38.5228 0
    endloop
  endfacet
  facet normal 0 0 -1
    outer loop
      vertex -0.452927 23.6904 0
      vertex -0.388214 38.5511 0
      vertex -0.303879 23.7234 0
    endloop
  endfacet
  facet normal 0 0 -1
    outer loop
      vertex -0.452927 23.6904 0
      vertex -0.513016 38.5905 0
      vertex -0.388214 38.5511 0
    endloop
  endfacet
  facet normal 0 0 -1
    outer loop
      vertex -0.598526 23.6445 0
      vertex -0.513016 38.5905 0
      vertex -0.452927 23.6904 0
    endloop
  endfacet
  facet normal 0 0 -1
    outer loop
      vertex -0.598526 23.6445 0
      vertex -0.633926 38.6405 0
      vertex -0.513016 38.5905 0
    endloop
  endfacet
  facet normal 0 0 -1
    outer loop
      vertex -0.739578 23.586 0
      vertex -0.633926 38.6405 0
      vertex -0.598526 23.6445 0
    endloop
  endfacet
  facet normal 0 0 -1
    outer loop
      vertex -0.739578 23.586 0
      vertex -0.75 38.701 0
      vertex -0.633926 38.6405 0
    endloop
  endfacet
  facet normal 0 0 -1
    outer loop
      vertex -0.875 23.5155 0
      vertex -0.75 38.701 0
      vertex -0.739578 23.586 0
    endloop
  endfacet
  facet normal -0 0 -1
    outer loop
      vertex -0.75 38.701 0
      vertex -0.875 23.5155 0
      vertex -0.860352 38.7713 0
    endloop
  endfacet
  facet normal 0 0 -1
    outer loop
      vertex -1.00375 23.4335 0
      vertex -0.860352 38.7713 0
      vertex -0.875 23.5155 0
    endloop
  endfacet
  facet normal -0 0 -1
    outer loop
      vertex -0.860352 38.7713 0
      vertex -1.00375 23.4335 0
      vertex -0.964172 38.8509 0
    endloop
  endfacet
  facet normal 0 0 -1
    outer loop
      vertex -1.12488 23.3406 0
      vertex -0.964172 38.8509 0
      vertex -1.00375 23.4335 0
    endloop
  endfacet
  facet normal -0 0 -1
    outer loop
      vertex -0.964172 38.8509 0
      vertex -1.12488 23.3406 0
      vertex -1.06065 38.9393 0
    endloop
  endfacet
  facet normal 0 0 -1
    outer loop
      vertex -1.23743 23.2374 0
      vertex -1.06065 38.9393 0
      vertex -1.12488 23.3406 0
    endloop
  endfacet
  facet normal -0 0 -1
    outer loop
      vertex -1.06065 38.9393 0
      vertex -1.23743 23.2374 0
      vertex -1.14906 39.0358 0
    endloop
  endfacet
  facet normal 0 0 -1
    outer loop
      vertex -1.34058 23.1249 0
      vertex -1.14906 39.0358 0
      vertex -1.23743 23.2374 0
    endloop
  endfacet
  facet normal -0 0 -1
    outer loop
      vertex -1.14906 39.0358 0
      vertex -1.34058 23.1249 0
      vertex -1.22871 39.1396 0
    endloop
  endfacet
  facet normal 0 0 -1
    outer loop
      vertex -1.4335 23.0038 0
      vertex -1.22871 39.1396 0
      vertex -1.34058 23.1249 0
    endloop
  endfacet
  facet normal -0 0 -1
    outer loop
      vertex -1.22871 39.1396 0
      vertex -1.4335 23.0038 0
      vertex -1.29903 39.25 0
    endloop
  endfacet
  facet normal 0 0 -1
    outer loop
      vertex -1.51553 22.875 0
      vertex -1.29903 39.25 0
      vertex -1.4335 23.0038 0
    endloop
  endfacet
  facet normal -0 0 -1
    outer loop
      vertex -1.29903 39.25 0
      vertex -1.51553 22.875 0
      vertex -1.35945 39.3661 0
    endloop
  endfacet
  facet normal 0 0 -1
    outer loop
      vertex -1.58603 22.7396 0
      vertex -1.35945 39.3661 0
      vertex -1.51553 22.875 0
    endloop
  endfacet
  facet normal -0 0 -1
    outer loop
      vertex -1.35945 39.3661 0
      vertex -1.58603 22.7396 0
      vertex -1.40953 39.487 0
    endloop
  endfacet
  facet normal 0 0 -1
    outer loop
      vertex -1.64445 22.5985 0
      vertex -1.40953 39.487 0
      vertex -1.58603 22.7396 0
    endloop
  endfacet
  facet normal -0 0 -1
    outer loop
      vertex -1.40953 39.487 0
      vertex -1.64445 22.5985 0
      vertex -1.44888 39.6118 0
    endloop
  endfacet
  facet normal 0 0 -1
    outer loop
      vertex -1.69037 22.4529 0
      vertex -1.44888 39.6118 0
      vertex -1.64445 22.5985 0
    endloop
  endfacet
  facet normal 0 0 -1
    outer loop
      vertex 7.96954 -0.697235 0
      vertex 4.0844 -0.35733 0
      vertex 4.09999 0 0
    endloop
  endfacet
  facet normal 0 0 -1
    outer loop
      vertex 5.14229 -6.12834 0
      vertex 4.0377 -0.711945 0
      vertex 4.0844 -0.35733 0
    endloop
  endfacet
  facet normal 0 0 -1
    outer loop
      vertex 2.35165 -3.35852 0
      vertex 4.58861 -6.55321 0
      vertex 4 -6.92819 0
    endloop
  endfacet
  facet normal 0 0 -1
    outer loop
      vertex 5.14229 -6.12834 0
      vertex 3.96028 -1.06116 0
      vertex 4.0377 -0.711945 0
    endloop
  endfacet
  facet normal 0 0 -1
    outer loop
      vertex 5.14229 -6.12834 0
      vertex 3.85274 -1.40227 0
      vertex 3.96028 -1.06116 0
    endloop
  endfacet
  facet normal 0 0 -1
    outer loop
      vertex 5.14229 -6.12834 0
      vertex 3.71585 -1.73273 0
      vertex 3.85274 -1.40227 0
    endloop
  endfacet
  facet normal 0 0 -1
    outer loop
      vertex 5.14229 -6.12834 0
      vertex 3.55069 -2.04999 0
      vertex 3.71585 -1.73273 0
    endloop
  endfacet
  facet normal 0 0 -1
    outer loop
      vertex 2.04999 -3.55069 0
      vertex 4 -6.92819 0
      vertex 3.38094 -7.25046 0
    endloop
  endfacet
  facet normal 0 0 -1
    outer loop
      vertex 5.14229 -6.12834 0
      vertex 3.35852 -2.35165 0
      vertex 3.55069 -2.04999 0
    endloop
  endfacet
  facet normal 0 0 -1
    outer loop
      vertex 5.14229 -6.12834 0
      vertex 3.14078 -2.63542 0
      vertex 3.35852 -2.35165 0
    endloop
  endfacet
  facet normal 0 0 -1
    outer loop
      vertex 5.14229 -6.12834 0
      vertex 2.89912 -2.89912 0
      vertex 3.14078 -2.63542 0
    endloop
  endfacet
  facet normal 0 0 -1
    outer loop
      vertex 1.73273 -3.71585 0
      vertex 3.38094 -7.25046 0
      vertex 2.73616 -7.51753 0
    endloop
  endfacet
  facet normal 0 0 -1
    outer loop
      vertex 5.14229 -6.12834 0
      vertex 2.63542 -3.14078 0
      vertex 2.89912 -2.89912 0
    endloop
  endfacet
  facet normal 0 0 -1
    outer loop
      vertex 4.58861 -6.55321 0
      vertex 2.35165 -3.35852 0
      vertex 2.63542 -3.14078 0
    endloop
  endfacet
  facet normal 0 0 -1
    outer loop
      vertex 1.40227 -3.85274 0
      vertex 2.73616 -7.51753 0
      vertex 2.07054 -7.7274 0
    endloop
  endfacet
  facet normal 0 0 -1
    outer loop
      vertex 4 -6.92819 0
      vertex 2.04999 -3.55069 0
      vertex 2.35165 -3.35852 0
    endloop
  endfacet
  facet normal 0 0 -1
    outer loop
      vertex 3.38094 -7.25046 0
      vertex 1.73273 -3.71585 0
      vertex 2.04999 -3.55069 0
    endloop
  endfacet
  facet normal 0 0 -1
    outer loop
      vertex 2.73616 -7.51753 0
      vertex 1.40227 -3.85274 0
      vertex 1.73273 -3.71585 0
    endloop
  endfacet
  facet normal 0 0 -1
    outer loop
      vertex 1.06116 -3.96028 0
      vertex 2.07054 -7.7274 0
      vertex 1.38918 -7.87845 0
    endloop
  endfacet
  facet normal 0 0 -1
    outer loop
      vertex 2.07054 -7.7274 0
      vertex 1.06116 -3.96028 0
      vertex 1.40227 -3.85274 0
    endloop
  endfacet
  facet normal 0 0 -1
    outer loop
      vertex 1.38918 -7.87845 0
      vertex 0.711945 -4.0377 0
      vertex 1.06116 -3.96028 0
    endloop
  endfacet
  facet normal 0 0 -1
    outer loop
      vertex 0.697235 -7.96954 0
      vertex 0.711945 -4.0377 0
      vertex 1.38918 -7.87845 0
    endloop
  endfacet
  facet normal 0 0 -1
    outer loop
      vertex 0.697235 -7.96954 0
      vertex 0.35733 -4.0844 0
      vertex 0.711945 -4.0377 0
    endloop
  endfacet
  facet normal 0 0 -1
    outer loop
      vertex 0 -8 0
      vertex 0.35733 -4.0844 0
      vertex 0.697235 -7.96954 0
    endloop
  endfacet
  facet normal 0 0 -1
    outer loop
      vertex 0 -8 0
      vertex 0 -4.09999 0
      vertex 0.35733 -4.0844 0
    endloop
  endfacet
  facet normal 0 0 -1
    outer loop
      vertex 0 -8 0
      vertex -0.35733 -4.0844 0
      vertex 0 -4.09999 0
    endloop
  endfacet
  facet normal 0 0 -1
    outer loop
      vertex -0.697235 -7.96954 0
      vertex -0.35733 -4.0844 0
      vertex 0 -8 0
    endloop
  endfacet
  facet normal 0 0 -1
    outer loop
      vertex -0.697235 -7.96954 0
      vertex -0.711945 -4.0377 0
      vertex -0.35733 -4.0844 0
    endloop
  endfacet
  facet normal 0 0 -1
    outer loop
      vertex -1.38918 -7.87845 0
      vertex -0.711945 -4.0377 0
      vertex -0.697235 -7.96954 0
    endloop
  endfacet
  facet normal -0 0 -1
    outer loop
      vertex -0.711945 -4.0377 0
      vertex -1.38918 -7.87845 0
      vertex -1.06116 -3.96028 0
    endloop
  endfacet
  facet normal 0 0 -1
    outer loop
      vertex -2.07054 -7.7274 0
      vertex -1.06116 -3.96028 0
      vertex -1.38918 -7.87845 0
    endloop
  endfacet
  facet normal -0 0 -1
    outer loop
      vertex -1.06116 -3.96028 0
      vertex -2.07054 -7.7274 0
      vertex -1.40227 -3.85274 0
    endloop
  endfacet
  facet normal 0 0 -1
    outer loop
      vertex -2.73616 -7.51753 0
      vertex -1.40227 -3.85274 0
      vertex -2.07054 -7.7274 0
    endloop
  endfacet
  facet normal -0 0 -1
    outer loop
      vertex -1.40227 -3.85274 0
      vertex -2.73616 -7.51753 0
      vertex -1.73273 -3.71585 0
    endloop
  endfacet
  facet normal 0 0 -1
    outer loop
      vertex -3.38094 -7.25046 0
      vertex -1.73273 -3.71585 0
      vertex -2.73616 -7.51753 0
    endloop
  endfacet
  facet normal -0 0 -1
    outer loop
      vertex -1.73273 -3.71585 0
      vertex -3.38094 -7.25046 0
      vertex -2.04999 -3.55069 0
    endloop
  endfacet
  facet normal 0 0 -1
    outer loop
      vertex -4 -6.92819 0
      vertex -2.04999 -3.55069 0
      vertex -3.38094 -7.25046 0
    endloop
  endfacet
  facet normal -0 0 -1
    outer loop
      vertex -2.04999 -3.55069 0
      vertex -4 -6.92819 0
      vertex -2.35165 -3.35852 0
    endloop
  endfacet
  facet normal 0 0 -1
    outer loop
      vertex -4.58861 -6.55321 0
      vertex -2.35165 -3.35852 0
      vertex -4 -6.92819 0
    endloop
  endfacet
  facet normal -0 0 -1
    outer loop
      vertex -2.35165 -3.35852 0
      vertex -4.58861 -6.55321 0
      vertex -2.63542 -3.14078 0
    endloop
  endfacet
  facet normal 0 0 -1
    outer loop
      vertex -5.14229 -6.12834 0
      vertex -2.63542 -3.14078 0
      vertex -4.58861 -6.55321 0
    endloop
  endfacet
  facet normal -0 0 -1
    outer loop
      vertex -2.63542 -3.14078 0
      vertex -5.14229 -6.12834 0
      vertex -2.89912 -2.89912 0
    endloop
  endfacet
  facet normal 0 0 -1
    outer loop
      vertex -5.65685 -5.65685 0
      vertex -2.89912 -2.89912 0
      vertex -5.14229 -6.12834 0
    endloop
  endfacet
  facet normal -0 0 -1
    outer loop
      vertex -2.89912 -2.89912 0
      vertex -5.65685 -5.65685 0
      vertex -3.14078 -2.63542 0
    endloop
  endfacet
  facet normal 0 0 -1
    outer loop
      vertex -6.12834 -5.14229 0
      vertex -3.14078 -2.63542 0
      vertex -5.65685 -5.65685 0
    endloop
  endfacet
  facet normal -0 0 -1
    outer loop
      vertex -3.14078 -2.63542 0
      vertex -6.12834 -5.14229 0
      vertex -3.35852 -2.35165 0
    endloop
  endfacet
  facet normal 0 0 -1
    outer loop
      vertex -6.55321 -4.58861 0
      vertex -3.35852 -2.35165 0
      vertex -6.12834 -5.14229 0
    endloop
  endfacet
  facet normal -0 0 -1
    outer loop
      vertex -3.35852 -2.35165 0
      vertex -6.55321 -4.58861 0
      vertex -3.55069 -2.04999 0
    endloop
  endfacet
  facet normal 0 0 -1
    outer loop
      vertex -6.92819 -4 0
      vertex -3.55069 -2.04999 0
      vertex -6.55321 -4.58861 0
    endloop
  endfacet
  facet normal -0 0 -1
    outer loop
      vertex -3.55069 -2.04999 0
      vertex -6.92819 -4 0
      vertex -3.71585 -1.73273 0
    endloop
  endfacet
  facet normal 0 0 -1
    outer loop
      vertex 4.09999 0 0
      vertex 8 0 0
      vertex 7.96954 -0.697235 0
    endloop
  endfacet
  facet normal 0 0 -1
    outer loop
      vertex 4.0844 -0.35733 0
      vertex 7.96954 -0.697235 0
      vertex 7.87845 -1.38918 0
    endloop
  endfacet
  facet normal 0 0 -1
    outer loop
      vertex 4.0844 -0.35733 0
      vertex 7.87845 -1.38918 0
      vertex 7.7274 -2.07054 0
    endloop
  endfacet
  facet normal 0 0 -1
    outer loop
      vertex 4.0844 -0.35733 0
      vertex 7.7274 -2.07054 0
      vertex 7.51753 -2.73616 0
    endloop
  endfacet
  facet normal 0 0 -1
    outer loop
      vertex 4.0844 -0.35733 0
      vertex 7.51753 -2.73616 0
      vertex 7.25046 -3.38094 0
    endloop
  endfacet
  facet normal 0 0 -1
    outer loop
      vertex 4.0844 -0.35733 0
      vertex 7.25046 -3.38094 0
      vertex 6.92819 -4 0
    endloop
  endfacet
  facet normal 0 0 -1
    outer loop
      vertex 4.0844 -0.35733 0
      vertex 6.92819 -4 0
      vertex 6.55321 -4.58861 0
    endloop
  endfacet
  facet normal 0 0 -1
    outer loop
      vertex 4.0844 -0.35733 0
      vertex 6.55321 -4.58861 0
      vertex 6.12834 -5.14229 0
    endloop
  endfacet
  facet normal 0 0 -1
    outer loop
      vertex 4.0844 -0.35733 0
      vertex 6.12834 -5.14229 0
      vertex 5.65685 -5.65685 0
    endloop
  endfacet
  facet normal 0 0 -1
    outer loop
      vertex 4.0844 -0.35733 0
      vertex 5.65685 -5.65685 0
      vertex 5.14229 -6.12834 0
    endloop
  endfacet
  facet normal 0 0 -1
    outer loop
      vertex 2.63542 -3.14078 0
      vertex 5.14229 -6.12834 0
      vertex 4.58861 -6.55321 0
    endloop
  endfacet
  facet normal 0 0 -1
    outer loop
      vertex 8 0 0
      vertex 4.09999 0 0
      vertex 7.96954 0.697235 0
    endloop
  endfacet
  facet normal 0 0 -1
    outer loop
      vertex 4.0844 0.35733 0
      vertex 7.96954 0.697235 0
      vertex 4.09999 0 0
    endloop
  endfacet
  facet normal 0 0 -1
    outer loop
      vertex 4.0377 0.711945 0
      vertex 7.96954 0.697235 0
      vertex 4.0844 0.35733 0
    endloop
  endfacet
  facet normal 0 0 -1
    outer loop
      vertex 3.96028 1.06116 0
      vertex 7.96954 0.697235 0
      vertex 4.0377 0.711945 0
    endloop
  endfacet
  facet normal 0 0 -1
    outer loop
      vertex 3.85274 1.40227 0
      vertex 7.96954 0.697235 0
      vertex 3.96028 1.06116 0
    endloop
  endfacet
  facet normal 0 0 -1
    outer loop
      vertex 1.74333 22.1525 0
      vertex 7.96954 0.697235 0
      vertex 1.75 22 0
    endloop
  endfacet
  facet normal 0 0 -1
    outer loop
      vertex 7.96954 0.697235 0
      vertex 1.74333 22.1525 0
      vertex 3.98477 40.3486 0
    endloop
  endfacet
  facet normal 0 0 -1
    outer loop
      vertex 3.71585 1.73273 0
      vertex 7.96954 0.697235 0
      vertex 3.85274 1.40227 0
    endloop
  endfacet
  facet normal 0 0 -1
    outer loop
      vertex 1.7234 22.3039 0
      vertex 3.98477 40.3486 0
      vertex 1.74333 22.1525 0
    endloop
  endfacet
  facet normal 0 0 -1
    outer loop
      vertex 3.55069 2.04999 0
      vertex 7.96954 0.697235 0
      vertex 3.71585 1.73273 0
    endloop
  endfacet
  facet normal 0 0 -1
    outer loop
      vertex 1.69037 22.4529 0
      vertex 3.98477 40.3486 0
      vertex 1.7234 22.3039 0
    endloop
  endfacet
  facet normal 0 0 -1
    outer loop
      vertex 3.35852 2.35165 0
      vertex 7.96954 0.697235 0
      vertex 3.55069 2.04999 0
    endloop
  endfacet
  facet normal 0 0 -1
    outer loop
      vertex 1.64445 22.5985 0
      vertex 3.98477 40.3486 0
      vertex 1.69037 22.4529 0
    endloop
  endfacet
  facet normal 0 0 -1
    outer loop
      vertex 3.14078 2.63542 0
      vertex 7.96954 0.697235 0
      vertex 3.35852 2.35165 0
    endloop
  endfacet
  facet normal 0 0 -1
    outer loop
      vertex 1.58603 22.7396 0
      vertex 3.98477 40.3486 0
      vertex 1.64445 22.5985 0
    endloop
  endfacet
  facet normal 0 0 -1
    outer loop
      vertex 2.89912 2.89912 0
      vertex 7.96954 0.697235 0
      vertex 3.14078 2.63542 0
    endloop
  endfacet
  facet normal 0 0 -1
    outer loop
      vertex 1.51553 22.875 0
      vertex 3.98477 40.3486 0
      vertex 1.58603 22.7396 0
    endloop
  endfacet
  facet normal 0 0 -1
    outer loop
      vertex 2.63542 3.14078 0
      vertex 7.96954 0.697235 0
      vertex 2.89912 2.89912 0
    endloop
  endfacet
  facet normal 0 0 -1
    outer loop
      vertex 1.4335 23.0038 0
      vertex 3.98477 40.3486 0
      vertex 1.51553 22.875 0
    endloop
  endfacet
  facet normal 0 0 -1
    outer loop
      vertex 7.96954 0.697235 0
      vertex 2.63542 3.14078 0
      vertex 1.34058 20.8751 0
    endloop
  endfacet
  facet normal 0 0 -1
    outer loop
      vertex 1.49428 40.1307 0
      vertex 3.98477 40.3486 0
      vertex 1.5 40 0
    endloop
  endfacet
  facet normal 0 0 -1
    outer loop
      vertex 1.23743 20.7626 0
      vertex 2.63542 3.14078 0
      vertex 2.35165 3.35852 0
    endloop
  endfacet
  facet normal -0 0 -1
    outer loop
      vertex 3.98477 40.3486 0
      vertex 1.49428 40.1307 0
      vertex 3.93922 40.6946 0
    endloop
  endfacet
  facet normal 0 0 -1
    outer loop
      vertex 1.12488 20.6594 0
      vertex 2.35165 3.35852 0
      vertex 2.04999 3.55069 0
    endloop
  endfacet
  facet normal 0 0 -1
    outer loop
      vertex 1.4772 40.2605 0
      vertex 3.93922 40.6946 0
      vertex 1.49428 40.1307 0
    endloop
  endfacet
  facet normal -0 0 -1
    outer loop
      vertex 3.93922 40.6946 0
      vertex 1.4772 40.2605 0
      vertex 3.86369 41.0353 0
    endloop
  endfacet
  facet normal 0 0 -1
    outer loop
      vertex 7.96954 0.697235 0
      vertex 1.74333 21.8475 0
      vertex 1.75 22 0
    endloop
  endfacet
  facet normal 0 0 -1
    outer loop
      vertex 1.00375 20.5665 0
      vertex 2.04999 3.55069 0
      vertex 1.73273 3.71585 0
    endloop
  endfacet
  facet normal 0 0 -1
    outer loop
      vertex 7.96954 0.697235 0
      vertex 1.7234 21.6961 0
      vertex 1.74333 21.8475 0
    endloop
  endfacet
  facet normal 0 0 -1
    outer loop
      vertex 7.96954 0.697235 0
      vertex 1.69037 21.5471 0
      vertex 1.7234 21.6961 0
    endloop
  endfacet
  facet normal 0 0 -1
    outer loop
      vertex 7.96954 0.697235 0
      vertex 1.64445 21.4015 0
      vertex 1.69037 21.5471 0
    endloop
  endfacet
  facet normal 0 0 -1
    outer loop
      vertex 7.96954 0.697235 0
      vertex 1.58603 21.2604 0
      vertex 1.64445 21.4015 0
    endloop
  endfacet
  facet normal 0 0 -1
    outer loop
      vertex 7.96954 0.697235 0
      vertex 1.51553 21.125 0
      vertex 1.58603 21.2604 0
    endloop
  endfacet
  facet normal 0 0 -1
    outer loop
      vertex 7.96954 0.697235 0
      vertex 1.4335 20.9962 0
      vertex 1.51553 21.125 0
    endloop
  endfacet
  facet normal 0 0 -1
    outer loop
      vertex 0.875 20.4845 0
      vertex 1.73273 3.71585 0
      vertex 1.40227 3.85274 0
    endloop
  endfacet
  facet normal 0 0 -1
    outer loop
      vertex 7.96954 0.697235 0
      vertex 1.34058 20.8751 0
      vertex 1.4335 20.9962 0
    endloop
  endfacet
  facet normal 0 0 -1
    outer loop
      vertex 2.63542 3.14078 0
      vertex 1.23743 20.7626 0
      vertex 1.34058 20.8751 0
    endloop
  endfacet
  facet normal 0 0 -1
    outer loop
      vertex 2.35165 3.35852 0
      vertex 1.12488 20.6594 0
      vertex 1.23743 20.7626 0
    endloop
  endfacet
  facet normal 0 0 -1
    outer loop
      vertex 0.598526 20.3555 0
      vertex 1.40227 3.85274 0
      vertex 1.06116 3.96028 0
    endloop
  endfacet
  facet normal 0 0 -1
    outer loop
      vertex 2.04999 3.55069 0
      vertex 1.00375 20.5665 0
      vertex 1.12488 20.6594 0
    endloop
  endfacet
  facet normal 0 0 -1
    outer loop
      vertex 1.73273 3.71585 0
      vertex 0.875 20.4845 0
      vertex 1.00375 20.5665 0
    endloop
  endfacet
  facet normal 0 0 -1
    outer loop
      vertex 1.40227 3.85274 0
      vertex 0.739578 20.414 0
      vertex 0.875 20.4845 0
    endloop
  endfacet
  facet normal 0 0 -1
    outer loop
      vertex 0.452927 20.3096 0
      vertex 1.06116 3.96028 0
      vertex 0.711945 4.0377 0
    endloop
  endfacet
  facet normal 0 0 -1
    outer loop
      vertex 1.40227 3.85274 0
      vertex 0.598526 20.3555 0
      vertex 0.739578 20.414 0
    endloop
  endfacet
  facet normal 0 0 -1
    outer loop
      vertex 1.06116 3.96028 0
      vertex 0.452927 20.3096 0
      vertex 0.598526 20.3555 0
    endloop
  endfacet
  facet normal 0 0 -1
    outer loop
      vertex 0.303879 20.2766 0
      vertex 0.711945 4.0377 0
      vertex 0.35733 4.0844 0
    endloop
  endfacet
  facet normal 0 0 -1
    outer loop
      vertex 0.711945 4.0377 0
      vertex 0.303879 20.2766 0
      vertex 0.452927 20.3096 0
    endloop
  endfacet
  facet normal 0 0 -1
    outer loop
      vertex 0.35733 4.0844 0
      vertex 0.152512 20.2567 0
      vertex 0.303879 20.2766 0
    endloop
  endfacet
  facet normal 0 0 -1
    outer loop
      vertex 0 4.09999 0
      vertex 0.152512 20.2567 0
      vertex 0.35733 4.0844 0
    endloop
  endfacet
  facet normal 0 0 -1
    outer loop
      vertex 0 4.09999 0
      vertex 0 20.25 0
      vertex 0.152512 20.2567 0
    endloop
  endfacet
  facet normal 0 0 -1
    outer loop
      vertex 0 4.09999 0
      vertex -0.152512 20.2567 0
      vertex 0 20.25 0
    endloop
  endfacet
  facet normal 0 0 -1
    outer loop
      vertex -0.35733 4.0844 0
      vertex -0.152512 20.2567 0
      vertex 0 4.09999 0
    endloop
  endfacet
  facet normal -0 0 -1
    outer loop
      vertex -0.152512 20.2567 0
      vertex -0.35733 4.0844 0
      vertex -0.303879 20.2766 0
    endloop
  endfacet
  facet normal 0 0 -1
    outer loop
      vertex -0.711945 4.0377 0
      vertex -0.303879 20.2766 0
      vertex -0.35733 4.0844 0
    endloop
  endfacet
  facet normal -0 0 -1
    outer loop
      vertex -0.303879 20.2766 0
      vertex -0.711945 4.0377 0
      vertex -0.452927 20.3096 0
    endloop
  endfacet
  facet normal 0 0 -1
    outer loop
      vertex -1.06116 3.96028 0
      vertex -0.452927 20.3096 0
      vertex -0.711945 4.0377 0
    endloop
  endfacet
  facet normal -0 0 -1
    outer loop
      vertex -0.452927 20.3096 0
      vertex -1.06116 3.96028 0
      vertex -0.598526 20.3555 0
    endloop
  endfacet
  facet normal 0 0 -1
    outer loop
      vertex -1.40227 3.85274 0
      vertex -0.598526 20.3555 0
      vertex -1.06116 3.96028 0
    endloop
  endfacet
  facet normal -0 0 -1
    outer loop
      vertex -0.598526 20.3555 0
      vertex -1.40227 3.85274 0
      vertex -0.739578 20.414 0
    endloop
  endfacet
  facet normal -0 0 -1
    outer loop
      vertex -0.739578 20.414 0
      vertex -1.40227 3.85274 0
      vertex -0.875 20.4845 0
    endloop
  endfacet
  facet normal 0 0 -1
    outer loop
      vertex -1.73273 3.71585 0
      vertex -0.875 20.4845 0
      vertex -1.40227 3.85274 0
    endloop
  endfacet
  facet normal -0 0 -1
    outer loop
      vertex -0.875 20.4845 0
      vertex -1.73273 3.71585 0
      vertex -1.00375 20.5665 0
    endloop
  endfacet
  facet normal 0 0 -1
    outer loop
      vertex -2.04999 3.55069 0
      vertex -1.00375 20.5665 0
      vertex -1.73273 3.71585 0
    endloop
  endfacet
  facet normal -0 0 -1
    outer loop
      vertex -1.00375 20.5665 0
      vertex -2.04999 3.55069 0
      vertex -1.12488 20.6594 0
    endloop
  endfacet
  facet normal 0 0 -1
    outer loop
      vertex -2.35165 3.35852 0
      vertex -1.12488 20.6594 0
      vertex -2.04999 3.55069 0
    endloop
  endfacet
  facet normal -0 0 -1
    outer loop
      vertex -1.12488 20.6594 0
      vertex -2.35165 3.35852 0
      vertex -1.23743 20.7626 0
    endloop
  endfacet
  facet normal 0 0 -1
    outer loop
      vertex -2.63542 3.14078 0
      vertex -1.23743 20.7626 0
      vertex -2.35165 3.35852 0
    endloop
  endfacet
  facet normal -0 0 -1
    outer loop
      vertex -1.23743 20.7626 0
      vertex -2.63542 3.14078 0
      vertex -1.34058 20.8751 0
    endloop
  endfacet
  facet normal 0 0 -1
    outer loop
      vertex -7.96954 0.697235 0
      vertex -1.34058 20.8751 0
      vertex -2.63542 3.14078 0
    endloop
  endfacet
  facet normal -0 0 -1
    outer loop
      vertex -1.34058 20.8751 0
      vertex -7.96954 0.697235 0
      vertex -1.4335 20.9962 0
    endloop
  endfacet
  facet normal -0 0 -1
    outer loop
      vertex -1.4335 20.9962 0
      vertex -7.96954 0.697235 0
      vertex -1.51553 21.125 0
    endloop
  endfacet
  facet normal -0 0 -1
    outer loop
      vertex -1.51553 21.125 0
      vertex -7.96954 0.697235 0
      vertex -1.58603 21.2604 0
    endloop
  endfacet
  facet normal -0 0 -1
    outer loop
      vertex -1.58603 21.2604 0
      vertex -7.96954 0.697235 0
      vertex -1.64445 21.4015 0
    endloop
  endfacet
  facet normal -0 0 -1
    outer loop
      vertex -1.64445 21.4015 0
      vertex -7.96954 0.697235 0
      vertex -1.69037 21.5471 0
    endloop
  endfacet
  facet normal -0 0 -1
    outer loop
      vertex -1.69037 21.5471 0
      vertex -7.96954 0.697235 0
      vertex -1.7234 21.6961 0
    endloop
  endfacet
  facet normal 0 0 -1
    outer loop
      vertex -1.75 22 0
      vertex -3.98477 40.3486 0
      vertex -2 43.4641 0
    endloop
  endfacet
  facet normal -0 0 -1
    outer loop
      vertex -1.7234 21.6961 0
      vertex -7.96954 0.697235 0
      vertex -1.74333 21.8475 0
    endloop
  endfacet
  facet normal 0 0 -1
    outer loop
      vertex -2 43.4641 0
      vertex -3.98477 40.3486 0
      vertex -2.2943 43.2766 0
    endloop
  endfacet
  facet normal -0 0 -1
    outer loop
      vertex -1.74333 21.8475 0
      vertex -7.96954 0.697235 0
      vertex -1.75 22 0
    endloop
  endfacet
  facet normal 0 0 -1
    outer loop
      vertex -2.2943 43.2766 0
      vertex -3.98477 40.3486 0
      vertex -2.57114 43.0642 0
    endloop
  endfacet
  facet normal 0 0 -1
    outer loop
      vertex -7.96954 0.697235 0
      vertex -2.63542 3.14078 0
      vertex -2.89912 2.89912 0
    endloop
  endfacet
  facet normal 0 0 -1
    outer loop
      vertex -2.57114 43.0642 0
      vertex -3.98477 40.3486 0
      vertex -2.82841 42.8284 0
    endloop
  endfacet
  facet normal 0 0 -1
    outer loop
      vertex -7.96954 0.697235 0
      vertex -2.89912 2.89912 0
      vertex -3.14078 2.63542 0
    endloop
  endfacet
  facet normal 0 0 -1
    outer loop
      vertex -2.82841 42.8284 0
      vertex -3.98477 40.3486 0
      vertex -3.06416 42.5711 0
    endloop
  endfacet
  facet normal 0 0 -1
    outer loop
      vertex -7.96954 0.697235 0
      vertex -3.14078 2.63542 0
      vertex -3.35852 2.35165 0
    endloop
  endfacet
  facet normal 0 0 -1
    outer loop
      vertex -3.06416 42.5711 0
      vertex -3.98477 40.3486 0
      vertex -3.2766 42.2943 0
    endloop
  endfacet
  facet normal 0 0 -1
    outer loop
      vertex -7.96954 0.697235 0
      vertex -3.35852 2.35165 0
      vertex -3.55069 2.04999 0
    endloop
  endfacet
  facet normal 0 0 -1
    outer loop
      vertex -3.2766 42.2943 0
      vertex -3.98477 40.3486 0
      vertex -3.4641 42 0
    endloop
  endfacet
  facet normal 0 0 -1
    outer loop
      vertex -7.96954 0.697235 0
      vertex -3.55069 2.04999 0
      vertex -3.71585 1.73273 0
    endloop
  endfacet
  facet normal 0 0 -1
    outer loop
      vertex -3.4641 42 0
      vertex -3.98477 40.3486 0
      vertex -3.62523 41.6905 0
    endloop
  endfacet
  facet normal 0 0 -1
    outer loop
      vertex -7.96954 0.697235 0
      vertex -3.71585 1.73273 0
      vertex -3.85274 1.40227 0
    endloop
  endfacet
  facet normal 0 0 -1
    outer loop
      vertex -3.62523 41.6905 0
      vertex -3.98477 40.3486 0
      vertex -3.75876 41.3681 0
    endloop
  endfacet
  facet normal 0 0 -1
    outer loop
      vertex -3.75876 41.3681 0
      vertex -3.98477 40.3486 0
      vertex -3.86369 41.0353 0
    endloop
  endfacet
  facet normal 0 0 -1
    outer loop
      vertex -7.96954 0.697235 0
      vertex -3.85274 1.40227 0
      vertex -3.96028 1.06116 0
    endloop
  endfacet
  facet normal 0 0 -1
    outer loop
      vertex -3.86369 41.0353 0
      vertex -3.98477 40.3486 0
      vertex -3.93922 40.6946 0
    endloop
  endfacet
  facet normal 0 0 -1
    outer loop
      vertex -7.96954 0.697235 0
      vertex -3.96028 1.06116 0
      vertex -4.0377 0.711945 0
    endloop
  endfacet
  facet normal 0 0 -1
    outer loop
      vertex -7.96954 0.697235 0
      vertex -4.0377 0.711945 0
      vertex -4.0844 0.35733 0
    endloop
  endfacet
  facet normal 0 0 -1
    outer loop
      vertex -7.96954 0.697235 0
      vertex -4.0844 0.35733 0
      vertex -4.09999 0 0
    endloop
  endfacet
  facet normal 0 0 -1
    outer loop
      vertex -7.25046 -3.38094 0
      vertex -3.71585 -1.73273 0
      vertex -6.92819 -4 0
    endloop
  endfacet
  facet normal -0 0 -1
    outer loop
      vertex -3.71585 -1.73273 0
      vertex -7.25046 -3.38094 0
      vertex -3.85274 -1.40227 0
    endloop
  endfacet
  facet normal 0 0 -1
    outer loop
      vertex -7.51753 -2.73616 0
      vertex -3.85274 -1.40227 0
      vertex -7.25046 -3.38094 0
    endloop
  endfacet
  facet normal -0 0 -1
    outer loop
      vertex -3.85274 -1.40227 0
      vertex -7.51753 -2.73616 0
      vertex -3.96028 -1.06116 0
    endloop
  endfacet
  facet normal 0 0 -1
    outer loop
      vertex -7.7274 -2.07054 0
      vertex -3.96028 -1.06116 0
      vertex -7.51753 -2.73616 0
    endloop
  endfacet
  facet normal -0 0 -1
    outer loop
      vertex -3.96028 -1.06116 0
      vertex -7.7274 -2.07054 0
      vertex -4.0377 -0.711945 0
    endloop
  endfacet
  facet normal 0 0 -1
    outer loop
      vertex -7.87845 -1.38918 0
      vertex -4.0377 -0.711945 0
      vertex -7.7274 -2.07054 0
    endloop
  endfacet
  facet normal -0 0 -1
    outer loop
      vertex -4.0377 -0.711945 0
      vertex -7.87845 -1.38918 0
      vertex -4.0844 -0.35733 0
    endloop
  endfacet
  facet normal 0 0 -1
    outer loop
      vertex -7.96954 -0.697235 0
      vertex -4.0844 -0.35733 0
      vertex -7.87845 -1.38918 0
    endloop
  endfacet
  facet normal -0 0 -1
    outer loop
      vertex -4.0844 -0.35733 0
      vertex -7.96954 -0.697235 0
      vertex -4.09999 0 0
    endloop
  endfacet
  facet normal 0 0 -1
    outer loop
      vertex -8 0 0
      vertex -4.09999 0 0
      vertex -7.96954 -0.697235 0
    endloop
  endfacet
  facet normal -0 0 -1
    outer loop
      vertex -1.75 22 0
      vertex -7.96954 0.697235 0
      vertex -3.98477 40.3486 0
    endloop
  endfacet
  facet normal 0 0 -1
    outer loop
      vertex -4.09999 0 0
      vertex -8 0 0
      vertex -7.96954 0.697235 0
    endloop
  endfacet
  facet normal 0 0 -1
    outer loop
      vertex 1.44888 40.3882 0
      vertex 3.86369 41.0353 0
      vertex 1.4772 40.2605 0
    endloop
  endfacet
  facet normal -0 0 -1
    outer loop
      vertex 3.62523 41.6905 0
      vertex 1.35945 40.6339 0
      vertex 3.4641 42 0
    endloop
  endfacet
  facet normal 0 0 -1
    outer loop
      vertex 1.29903 40.75 0
      vertex 3.4641 42 0
      vertex 1.35945 40.6339 0
    endloop
  endfacet
  facet normal 0 0 -1
    outer loop
      vertex 1.35945 40.6339 0
      vertex 3.62523 41.6905 0
      vertex 1.40953 40.513 0
    endloop
  endfacet
  facet normal -0 0 -1
    outer loop
      vertex 3.75876 41.3681 0
      vertex 1.40953 40.513 0
      vertex 3.62523 41.6905 0
    endloop
  endfacet
  facet normal 0 0 -1
    outer loop
      vertex 1.40953 40.513 0
      vertex 3.75876 41.3681 0
      vertex 1.44888 40.3882 0
    endloop
  endfacet
  facet normal -0 0 -1
    outer loop
      vertex 3.86369 41.0353 0
      vertex 1.44888 40.3882 0
      vertex 3.75876 41.3681 0
    endloop
  endfacet
  facet normal -0 0 -1
    outer loop
      vertex 3.4641 42 0
      vertex 1.29903 40.75 0
      vertex 3.2766 42.2943 0
    endloop
  endfacet
  facet normal 0 0 -1
    outer loop
      vertex 1.22871 40.8604 0
      vertex 3.2766 42.2943 0
      vertex 1.29903 40.75 0
    endloop
  endfacet
  facet normal -0 0 -1
    outer loop
      vertex 3.2766 42.2943 0
      vertex 1.22871 40.8604 0
      vertex 3.06416 42.5711 0
    endloop
  endfacet
  facet normal 0 0 -1
    outer loop
      vertex 1.14906 40.9642 0
      vertex 3.06416 42.5711 0
      vertex 1.22871 40.8604 0
    endloop
  endfacet
  facet normal -0 0 -1
    outer loop
      vertex 3.06416 42.5711 0
      vertex 1.14906 40.9642 0
      vertex 2.82841 42.8284 0
    endloop
  endfacet
  facet normal 0 0 -1
    outer loop
      vertex 1.06065 41.0607 0
      vertex 2.82841 42.8284 0
      vertex 1.14906 40.9642 0
    endloop
  endfacet
  facet normal -0 0 -1
    outer loop
      vertex 2.82841 42.8284 0
      vertex 1.06065 41.0607 0
      vertex 2.57114 43.0642 0
    endloop
  endfacet
  facet normal 0 0 -1
    outer loop
      vertex 0.964172 41.1491 0
      vertex 2.57114 43.0642 0
      vertex 1.06065 41.0607 0
    endloop
  endfacet
  facet normal -0 0 -1
    outer loop
      vertex 2.57114 43.0642 0
      vertex 0.964172 41.1491 0
      vertex 2.2943 43.2766 0
    endloop
  endfacet
  facet normal 0 0 -1
    outer loop
      vertex 0.860352 41.2287 0
      vertex 2.2943 43.2766 0
      vertex 0.964172 41.1491 0
    endloop
  endfacet
  facet normal -0 0 -1
    outer loop
      vertex 2.2943 43.2766 0
      vertex 0.860352 41.2287 0
      vertex 2 43.4641 0
    endloop
  endfacet
  facet normal 0 0 -1
    outer loop
      vertex 0.75 41.299 0
      vertex 2 43.4641 0
      vertex 0.860352 41.2287 0
    endloop
  endfacet
  facet normal -0 0 -1
    outer loop
      vertex 2 43.4641 0
      vertex 0.75 41.299 0
      vertex 1.69046 43.6252 0
    endloop
  endfacet
  facet normal 0 0 -1
    outer loop
      vertex 0.633926 41.3595 0
      vertex 1.69046 43.6252 0
      vertex 0.75 41.299 0
    endloop
  endfacet
  facet normal -0 0 -1
    outer loop
      vertex 1.69046 43.6252 0
      vertex 0.633926 41.3595 0
      vertex 1.36807 43.7588 0
    endloop
  endfacet
  facet normal 0 0 -1
    outer loop
      vertex 0.513016 41.4095 0
      vertex 1.36807 43.7588 0
      vertex 0.633926 41.3595 0
    endloop
  endfacet
  facet normal -0 0 -1
    outer loop
      vertex 1.36807 43.7588 0
      vertex 0.513016 41.4095 0
      vertex 1.03526 43.8637 0
    endloop
  endfacet
  facet normal 0 0 -1
    outer loop
      vertex 0.388214 41.4489 0
      vertex 1.03526 43.8637 0
      vertex 0.513016 41.4095 0
    endloop
  endfacet
  facet normal -0 0 -1
    outer loop
      vertex 1.03526 43.8637 0
      vertex 0.388214 41.4489 0
      vertex 0.69458 43.9392 0
    endloop
  endfacet
  facet normal 0 0 -1
    outer loop
      vertex 0.260468 41.4772 0
      vertex 0.69458 43.9392 0
      vertex 0.388214 41.4489 0
    endloop
  endfacet
  facet normal -0 0 -1
    outer loop
      vertex 0.69458 43.9392 0
      vertex 0.260468 41.4772 0
      vertex 0.348618 43.9848 0
    endloop
  endfacet
  facet normal 0 0 -1
    outer loop
      vertex 0.130722 41.4943 0
      vertex 0.348618 43.9848 0
      vertex 0.260468 41.4772 0
    endloop
  endfacet
  facet normal 0 0 -1
    outer loop
      vertex 0 41.5 0
      vertex 0.348618 43.9848 0
      vertex 0.130722 41.4943 0
    endloop
  endfacet
  facet normal 0 0 -1
    outer loop
      vertex 0 41.5 0
      vertex 0 44 0
      vertex 0.348618 43.9848 0
    endloop
  endfacet
  facet normal 0 0 -1
    outer loop
      vertex -0.130722 41.4943 0
      vertex 0 44 0
      vertex 0 41.5 0
    endloop
  endfacet
  facet normal 0 0 -1
    outer loop
      vertex -0.348618 43.9848 0
      vertex -0.130722 41.4943 0
      vertex -0.260468 41.4772 0
    endloop
  endfacet
  facet normal 0 0 -1
    outer loop
      vertex -0.130722 41.4943 0
      vertex -0.348618 43.9848 0
      vertex 0 44 0
    endloop
  endfacet
  facet normal 0 0 -1
    outer loop
      vertex -0.69458 43.9392 0
      vertex -0.260468 41.4772 0
      vertex -0.388214 41.4489 0
    endloop
  endfacet
  facet normal 0 0 -1
    outer loop
      vertex -1.03526 43.8637 0
      vertex -0.388214 41.4489 0
      vertex -0.513016 41.4095 0
    endloop
  endfacet
  facet normal 0 0 -1
    outer loop
      vertex -1.36807 43.7588 0
      vertex -0.513016 41.4095 0
      vertex -0.633926 41.3595 0
    endloop
  endfacet
  facet normal 0 0 -1
    outer loop
      vertex -0.260468 41.4772 0
      vertex -0.69458 43.9392 0
      vertex -0.348618 43.9848 0
    endloop
  endfacet
  facet normal 0 0 -1
    outer loop
      vertex -1.69046 43.6252 0
      vertex -0.633926 41.3595 0
      vertex -0.75 41.299 0
    endloop
  endfacet
  facet normal 0 0 -1
    outer loop
      vertex -2 43.4641 0
      vertex -0.75 41.299 0
      vertex -0.860352 41.2287 0
    endloop
  endfacet
  facet normal 0 0 -1
    outer loop
      vertex -2 43.4641 0
      vertex -0.860352 41.2287 0
      vertex -0.964172 41.1491 0
    endloop
  endfacet
  facet normal 0 0 -1
    outer loop
      vertex -0.388214 41.4489 0
      vertex -1.03526 43.8637 0
      vertex -0.69458 43.9392 0
    endloop
  endfacet
  facet normal 0 0 -1
    outer loop
      vertex -2 43.4641 0
      vertex -0.964172 41.1491 0
      vertex -1.06065 41.0607 0
    endloop
  endfacet
  facet normal 0 0 -1
    outer loop
      vertex -2 43.4641 0
      vertex -1.06065 41.0607 0
      vertex -1.14906 40.9642 0
    endloop
  endfacet
  facet normal 0 0 -1
    outer loop
      vertex -2 43.4641 0
      vertex -1.14906 40.9642 0
      vertex -1.22871 40.8604 0
    endloop
  endfacet
  facet normal 0 0 -1
    outer loop
      vertex -2 43.4641 0
      vertex -1.22871 40.8604 0
      vertex -1.29903 40.75 0
    endloop
  endfacet
  facet normal 0 0 -1
    outer loop
      vertex -2 43.4641 0
      vertex -1.29903 40.75 0
      vertex -1.35945 40.6339 0
    endloop
  endfacet
  facet normal 0 0 -1
    outer loop
      vertex -0.513016 41.4095 0
      vertex -1.36807 43.7588 0
      vertex -1.03526 43.8637 0
    endloop
  endfacet
  facet normal 0 0 -1
    outer loop
      vertex -2 43.4641 0
      vertex -1.35945 40.6339 0
      vertex -1.40953 40.513 0
    endloop
  endfacet
  facet normal 0 0 -1
    outer loop
      vertex -2 43.4641 0
      vertex -1.40953 40.513 0
      vertex -1.44888 40.3882 0
    endloop
  endfacet
  facet normal 0 0 -1
    outer loop
      vertex -2 43.4641 0
      vertex -1.44888 40.3882 0
      vertex -1.4772 40.2605 0
    endloop
  endfacet
  facet normal 0 0 -1
    outer loop
      vertex -2 43.4641 0
      vertex -1.4772 40.2605 0
      vertex -1.49428 40.1307 0
    endloop
  endfacet
  facet normal 0 0 -1
    outer loop
      vertex -2 43.4641 0
      vertex -1.49428 40.1307 0
      vertex -1.5 40 0
    endloop
  endfacet
  facet normal -0 0 -1
    outer loop
      vertex -1.44888 39.6118 0
      vertex -1.69037 22.4529 0
      vertex -1.4772 39.7395 0
    endloop
  endfacet
  facet normal 0 0 -1
    outer loop
      vertex -1.7234 22.3039 0
      vertex -1.4772 39.7395 0
      vertex -1.69037 22.4529 0
    endloop
  endfacet
  facet normal -0 0 -1
    outer loop
      vertex -1.4772 39.7395 0
      vertex -1.7234 22.3039 0
      vertex -1.49428 39.8693 0
    endloop
  endfacet
  facet normal 0 0 -1
    outer loop
      vertex -0.633926 41.3595 0
      vertex -1.69046 43.6252 0
      vertex -1.36807 43.7588 0
    endloop
  endfacet
  facet normal 0 0 -1
    outer loop
      vertex -2 43.4641 0
      vertex -1.49428 39.8693 0
      vertex -1.7234 22.3039 0
    endloop
  endfacet
  facet normal 0 0 -1
    outer loop
      vertex -1.49428 39.8693 0
      vertex -2 43.4641 0
      vertex -1.5 40 0
    endloop
  endfacet
  facet normal 0 0 -1
    outer loop
      vertex -2 43.4641 0
      vertex -1.7234 22.3039 0
      vertex -1.74333 22.1525 0
    endloop
  endfacet
  facet normal 0 0 -1
    outer loop
      vertex -2 43.4641 0
      vertex -1.74333 22.1525 0
      vertex -1.75 22 0
    endloop
  endfacet
  facet normal 0 0 -1
    outer loop
      vertex -0.75 41.299 0
      vertex -2 43.4641 0
      vertex -1.69046 43.6252 0
    endloop
  endfacet
  facet normal 0 0 1
    outer loop
      vertex 7.96954 0.697235 5
      vertex 1.74333 22.1525 5
      vertex 1.75 22 5
    endloop
  endfacet
  facet normal 0 0 1
    outer loop
      vertex 3.98477 40.3486 5
      vertex 1.7234 22.3039 5
      vertex 1.74333 22.1525 5
    endloop
  endfacet
  facet normal 0 0 1
    outer loop
      vertex 0.75 41.299 5
      vertex 2 43.4641 5
      vertex 1.69046 43.6252 5
    endloop
  endfacet
  facet normal 0 0 1
    outer loop
      vertex 3.98477 40.3486 5
      vertex 1.5 40 5
      vertex 1.49428 39.8693 5
    endloop
  endfacet
  facet normal 0 0 1
    outer loop
      vertex 1.4772 39.7395 5
      vertex 3.98477 40.3486 5
      vertex 1.49428 39.8693 5
    endloop
  endfacet
  facet normal 0 0 1
    outer loop
      vertex 1.44888 39.6118 5
      vertex 3.98477 40.3486 5
      vertex 1.4772 39.7395 5
    endloop
  endfacet
  facet normal 0 0 1
    outer loop
      vertex 3.98477 40.3486 5
      vertex 1.69037 22.4529 5
      vertex 1.7234 22.3039 5
    endloop
  endfacet
  facet normal 0 0 1
    outer loop
      vertex 1.40953 39.487 5
      vertex 3.98477 40.3486 5
      vertex 1.44888 39.6118 5
    endloop
  endfacet
  facet normal 0 0 1
    outer loop
      vertex 3.98477 40.3486 5
      vertex 1.49428 40.1307 5
      vertex 1.5 40 5
    endloop
  endfacet
  facet normal 0 0 1
    outer loop
      vertex 3.98477 40.3486 5
      vertex 1.4772 40.2605 5
      vertex 1.49428 40.1307 5
    endloop
  endfacet
  facet normal 0 0 1
    outer loop
      vertex 3.93922 40.6946 5
      vertex 1.4772 40.2605 5
      vertex 3.98477 40.3486 5
    endloop
  endfacet
  facet normal 0 -0 1
    outer loop
      vertex 1.4772 40.2605 5
      vertex 3.93922 40.6946 5
      vertex 1.44888 40.3882 5
    endloop
  endfacet
  facet normal 0 0 1
    outer loop
      vertex 0.633926 41.3595 5
      vertex 1.69046 43.6252 5
      vertex 1.36807 43.7588 5
    endloop
  endfacet
  facet normal 0 0 1
    outer loop
      vertex 3.86369 41.0353 5
      vertex 1.44888 40.3882 5
      vertex 3.93922 40.6946 5
    endloop
  endfacet
  facet normal 0 -0 1
    outer loop
      vertex 1.44888 40.3882 5
      vertex 3.86369 41.0353 5
      vertex 1.40953 40.513 5
    endloop
  endfacet
  facet normal 0 0 1
    outer loop
      vertex 2 43.4641 5
      vertex 1.22871 40.8604 5
      vertex 1.29903 40.75 5
    endloop
  endfacet
  facet normal 0 0 1
    outer loop
      vertex 2 43.4641 5
      vertex 1.14906 40.9642 5
      vertex 1.22871 40.8604 5
    endloop
  endfacet
  facet normal 0 0 1
    outer loop
      vertex 2 43.4641 5
      vertex 1.06065 41.0607 5
      vertex 1.14906 40.9642 5
    endloop
  endfacet
  facet normal 0 0 1
    outer loop
      vertex 0.513016 41.4095 5
      vertex 1.36807 43.7588 5
      vertex 1.03526 43.8637 5
    endloop
  endfacet
  facet normal 0 0 1
    outer loop
      vertex 2 43.4641 5
      vertex 0.964172 41.1491 5
      vertex 1.06065 41.0607 5
    endloop
  endfacet
  facet normal 0 0 1
    outer loop
      vertex 2 43.4641 5
      vertex 0.860352 41.2287 5
      vertex 0.964172 41.1491 5
    endloop
  endfacet
  facet normal 0 0 1
    outer loop
      vertex 2 43.4641 5
      vertex 0.75 41.299 5
      vertex 0.860352 41.2287 5
    endloop
  endfacet
  facet normal 0 0 1
    outer loop
      vertex 0.388214 41.4489 5
      vertex 1.03526 43.8637 5
      vertex 0.69458 43.9392 5
    endloop
  endfacet
  facet normal 0 0 1
    outer loop
      vertex 1.69046 43.6252 5
      vertex 0.633926 41.3595 5
      vertex 0.75 41.299 5
    endloop
  endfacet
  facet normal 0 0 1
    outer loop
      vertex 1.36807 43.7588 5
      vertex 0.513016 41.4095 5
      vertex 0.633926 41.3595 5
    endloop
  endfacet
  facet normal 0 0 1
    outer loop
      vertex 1.03526 43.8637 5
      vertex 0.388214 41.4489 5
      vertex 0.513016 41.4095 5
    endloop
  endfacet
  facet normal 0 0 1
    outer loop
      vertex 0.260468 41.4772 5
      vertex 0.69458 43.9392 5
      vertex 0.348618 43.9848 5
    endloop
  endfacet
  facet normal 0 0 1
    outer loop
      vertex 0.69458 43.9392 5
      vertex 0.260468 41.4772 5
      vertex 0.388214 41.4489 5
    endloop
  endfacet
  facet normal 0 0 1
    outer loop
      vertex 0.348618 43.9848 5
      vertex 0.130722 41.4943 5
      vertex 0.260468 41.4772 5
    endloop
  endfacet
  facet normal 0 0 1
    outer loop
      vertex 0 44 5
      vertex 0.130722 41.4943 5
      vertex 0.348618 43.9848 5
    endloop
  endfacet
  facet normal 0 0 1
    outer loop
      vertex 0 44 5
      vertex 0 41.5 5
      vertex 0.130722 41.4943 5
    endloop
  endfacet
  facet normal 0 0 1
    outer loop
      vertex 0 44 5
      vertex -0.130722 41.4943 5
      vertex 0 41.5 5
    endloop
  endfacet
  facet normal -0 0 1
    outer loop
      vertex -0.348618 43.9848 5
      vertex -0.130722 41.4943 5
      vertex 0 44 5
    endloop
  endfacet
  facet normal 0 0 1
    outer loop
      vertex -0.130722 41.4943 5
      vertex -0.348618 43.9848 5
      vertex -0.260468 41.4772 5
    endloop
  endfacet
  facet normal -0 0 1
    outer loop
      vertex -0.69458 43.9392 5
      vertex -0.260468 41.4772 5
      vertex -0.348618 43.9848 5
    endloop
  endfacet
  facet normal 0 0 1
    outer loop
      vertex -0.260468 41.4772 5
      vertex -0.69458 43.9392 5
      vertex -0.388214 41.4489 5
    endloop
  endfacet
  facet normal -0 0 1
    outer loop
      vertex -1.03526 43.8637 5
      vertex -0.388214 41.4489 5
      vertex -0.69458 43.9392 5
    endloop
  endfacet
  facet normal 0 0 1
    outer loop
      vertex -0.388214 41.4489 5
      vertex -1.03526 43.8637 5
      vertex -0.513016 41.4095 5
    endloop
  endfacet
  facet normal -0 0 1
    outer loop
      vertex -1.36807 43.7588 5
      vertex -0.513016 41.4095 5
      vertex -1.03526 43.8637 5
    endloop
  endfacet
  facet normal 0 0 1
    outer loop
      vertex -0.513016 41.4095 5
      vertex -1.36807 43.7588 5
      vertex -0.633926 41.3595 5
    endloop
  endfacet
  facet normal -0 0 1
    outer loop
      vertex -1.69046 43.6252 5
      vertex -0.633926 41.3595 5
      vertex -1.36807 43.7588 5
    endloop
  endfacet
  facet normal 0 0 1
    outer loop
      vertex -0.633926 41.3595 5
      vertex -1.69046 43.6252 5
      vertex -0.75 41.299 5
    endloop
  endfacet
  facet normal -0 0 1
    outer loop
      vertex -2 43.4641 5
      vertex -0.75 41.299 5
      vertex -1.69046 43.6252 5
    endloop
  endfacet
  facet normal 0 0 1
    outer loop
      vertex -0.75 41.299 5
      vertex -2 43.4641 5
      vertex -0.860352 41.2287 5
    endloop
  endfacet
  facet normal -0 0 1
    outer loop
      vertex -2.2943 43.2766 5
      vertex -0.860352 41.2287 5
      vertex -2 43.4641 5
    endloop
  endfacet
  facet normal 0 0 1
    outer loop
      vertex -0.860352 41.2287 5
      vertex -2.2943 43.2766 5
      vertex -0.964172 41.1491 5
    endloop
  endfacet
  facet normal -0 0 1
    outer loop
      vertex -2.57114 43.0642 5
      vertex -0.964172 41.1491 5
      vertex -2.2943 43.2766 5
    endloop
  endfacet
  facet normal 0 0 1
    outer loop
      vertex -0.964172 41.1491 5
      vertex -2.57114 43.0642 5
      vertex -1.06065 41.0607 5
    endloop
  endfacet
  facet normal -0 0 1
    outer loop
      vertex -2.82841 42.8284 5
      vertex -1.06065 41.0607 5
      vertex -2.57114 43.0642 5
    endloop
  endfacet
  facet normal 0 0 1
    outer loop
      vertex -1.06065 41.0607 5
      vertex -2.82841 42.8284 5
      vertex -1.14906 40.9642 5
    endloop
  endfacet
  facet normal -0 0 1
    outer loop
      vertex -3.06416 42.5711 5
      vertex -1.14906 40.9642 5
      vertex -2.82841 42.8284 5
    endloop
  endfacet
  facet normal 0 0 1
    outer loop
      vertex -1.14906 40.9642 5
      vertex -3.06416 42.5711 5
      vertex -1.22871 40.8604 5
    endloop
  endfacet
  facet normal -0 0 1
    outer loop
      vertex -3.2766 42.2943 5
      vertex -1.22871 40.8604 5
      vertex -3.06416 42.5711 5
    endloop
  endfacet
  facet normal 0 0 1
    outer loop
      vertex -1.35945 39.3661 5
      vertex -1.58603 22.7396 5
      vertex -1.51553 22.875 5
    endloop
  endfacet
  facet normal 0 0 1
    outer loop
      vertex -1.49428 39.8693 5
      vertex -3.98477 40.3486 5
      vertex -1.58603 22.7396 5
    endloop
  endfacet
  facet normal 0 0 1
    outer loop
      vertex -1.58603 22.7396 5
      vertex -3.98477 40.3486 5
      vertex -1.64445 22.5985 5
    endloop
  endfacet
  facet normal 0 0 1
    outer loop
      vertex -1.22871 40.8604 5
      vertex -3.2766 42.2943 5
      vertex -1.29903 40.75 5
    endloop
  endfacet
  facet normal -0 0 1
    outer loop
      vertex -3.4641 42 5
      vertex -1.29903 40.75 5
      vertex -3.2766 42.2943 5
    endloop
  endfacet
  facet normal 0 0 1
    outer loop
      vertex -1.64445 22.5985 5
      vertex -3.98477 40.3486 5
      vertex -1.69037 22.4529 5
    endloop
  endfacet
  facet normal 0 0 1
    outer loop
      vertex -1.69037 22.4529 5
      vertex -3.98477 40.3486 5
      vertex -1.7234 22.3039 5
    endloop
  endfacet
  facet normal 0 0 1
    outer loop
      vertex -1.7234 22.3039 5
      vertex -3.98477 40.3486 5
      vertex -1.74333 22.1525 5
    endloop
  endfacet
  facet normal 0 0 1
    outer loop
      vertex -1.29903 40.75 5
      vertex -3.4641 42 5
      vertex -1.35945 40.6339 5
    endloop
  endfacet
  facet normal 0 0 1
    outer loop
      vertex 4.09999 0 5
      vertex 8 0 5
      vertex 7.96954 0.697235 5
    endloop
  endfacet
  facet normal 0 0 1
    outer loop
      vertex 8 0 5
      vertex 4.09999 0 5
      vertex 7.96954 -0.697235 5
    endloop
  endfacet
  facet normal 0 0 1
    outer loop
      vertex 7.96954 -0.697235 5
      vertex 4.0844 -0.35733 5
      vertex 7.87845 -1.38918 5
    endloop
  endfacet
  facet normal -0 0 1
    outer loop
      vertex 4.0377 -0.711945 5
      vertex 7.87845 -1.38918 5
      vertex 4.0844 -0.35733 5
    endloop
  endfacet
  facet normal -0 0 1
    outer loop
      vertex 3.96028 -1.06116 5
      vertex 7.7274 -2.07054 5
      vertex 4.0377 -0.711945 5
    endloop
  endfacet
  facet normal 0 0 1
    outer loop
      vertex 7.7274 -2.07054 5
      vertex 3.96028 -1.06116 5
      vertex 7.51753 -2.73616 5
    endloop
  endfacet
  facet normal 0 0 1
    outer loop
      vertex 7.51753 -2.73616 5
      vertex 3.85274 -1.40227 5
      vertex 7.25046 -3.38094 5
    endloop
  endfacet
  facet normal -0 0 1
    outer loop
      vertex 3.71585 -1.73273 5
      vertex 7.25046 -3.38094 5
      vertex 3.85274 -1.40227 5
    endloop
  endfacet
  facet normal -0 0 1
    outer loop
      vertex 3.55069 -2.04999 5
      vertex 6.92819 -4 5
      vertex 3.71585 -1.73273 5
    endloop
  endfacet
  facet normal 0 0 1
    outer loop
      vertex 6.92819 -4 5
      vertex 3.55069 -2.04999 5
      vertex 6.55321 -4.58861 5
    endloop
  endfacet
  facet normal 0 0 1
    outer loop
      vertex 6.55321 -4.58861 5
      vertex 3.35852 -2.35165 5
      vertex 6.12834 -5.14229 5
    endloop
  endfacet
  facet normal 0 0 1
    outer loop
      vertex 7.96954 -0.697235 5
      vertex 4.09999 0 5
      vertex 4.0844 -0.35733 5
    endloop
  endfacet
  facet normal 0 0 1
    outer loop
      vertex 7.96954 0.697235 5
      vertex 4.0844 0.35733 5
      vertex 4.09999 0 5
    endloop
  endfacet
  facet normal 0 0 1
    outer loop
      vertex 7.96954 0.697235 5
      vertex 4.0377 0.711945 5
      vertex 4.0844 0.35733 5
    endloop
  endfacet
  facet normal -0 0 1
    outer loop
      vertex 1.74333 22.1525 5
      vertex 7.96954 0.697235 5
      vertex 3.98477 40.3486 5
    endloop
  endfacet
  facet normal 0 0 1
    outer loop
      vertex 7.96954 0.697235 5
      vertex 3.96028 1.06116 5
      vertex 4.0377 0.711945 5
    endloop
  endfacet
  facet normal 0 -0 1
    outer loop
      vertex 1.40953 40.513 5
      vertex 3.75876 41.3681 5
      vertex 1.35945 40.6339 5
    endloop
  endfacet
  facet normal 0 0 1
    outer loop
      vertex 3.62523 41.6905 5
      vertex 1.35945 40.6339 5
      vertex 3.75876 41.3681 5
    endloop
  endfacet
  facet normal -0 0 1
    outer loop
      vertex 1.74333 21.8475 5
      vertex 7.96954 0.697235 5
      vertex 1.75 22 5
    endloop
  endfacet
  facet normal 0 -0 1
    outer loop
      vertex 1.35945 40.6339 5
      vertex 3.62523 41.6905 5
      vertex 1.29903 40.75 5
    endloop
  endfacet
  facet normal -0 0 1
    outer loop
      vertex 1.7234 21.6961 5
      vertex 7.96954 0.697235 5
      vertex 1.74333 21.8475 5
    endloop
  endfacet
  facet normal 0 0 1
    outer loop
      vertex 3.4641 42 5
      vertex 1.29903 40.75 5
      vertex 3.62523 41.6905 5
    endloop
  endfacet
  facet normal 0 0 1
    outer loop
      vertex 7.96954 0.697235 5
      vertex 3.85274 1.40227 5
      vertex 3.96028 1.06116 5
    endloop
  endfacet
  facet normal 0 0 1
    outer loop
      vertex 3.2766 42.2943 5
      vertex 1.29903 40.75 5
      vertex 3.4641 42 5
    endloop
  endfacet
  facet normal -0 0 1
    outer loop
      vertex 1.69037 21.5471 5
      vertex 7.96954 0.697235 5
      vertex 1.7234 21.6961 5
    endloop
  endfacet
  facet normal 0 0 1
    outer loop
      vertex 3.06416 42.5711 5
      vertex 1.29903 40.75 5
      vertex 3.2766 42.2943 5
    endloop
  endfacet
  facet normal 0 0 1
    outer loop
      vertex 7.96954 0.697235 5
      vertex 3.71585 1.73273 5
      vertex 3.85274 1.40227 5
    endloop
  endfacet
  facet normal 0 0 1
    outer loop
      vertex 2.82841 42.8284 5
      vertex 1.29903 40.75 5
      vertex 3.06416 42.5711 5
    endloop
  endfacet
  facet normal -0 0 1
    outer loop
      vertex 1.64445 21.4015 5
      vertex 7.96954 0.697235 5
      vertex 1.69037 21.5471 5
    endloop
  endfacet
  facet normal 0 0 1
    outer loop
      vertex 2.57114 43.0642 5
      vertex 1.29903 40.75 5
      vertex 2.82841 42.8284 5
    endloop
  endfacet
  facet normal 0 0 1
    outer loop
      vertex 7.96954 0.697235 5
      vertex 3.55069 2.04999 5
      vertex 3.71585 1.73273 5
    endloop
  endfacet
  facet normal 0 0 1
    outer loop
      vertex 2.2943 43.2766 5
      vertex 1.29903 40.75 5
      vertex 2.57114 43.0642 5
    endloop
  endfacet
  facet normal -0 0 1
    outer loop
      vertex 1.58603 21.2604 5
      vertex 7.96954 0.697235 5
      vertex 1.64445 21.4015 5
    endloop
  endfacet
  facet normal 0 0 1
    outer loop
      vertex 1.29903 40.75 5
      vertex 2.2943 43.2766 5
      vertex 2 43.4641 5
    endloop
  endfacet
  facet normal 0 0 1
    outer loop
      vertex 7.96954 0.697235 5
      vertex 3.35852 2.35165 5
      vertex 3.55069 2.04999 5
    endloop
  endfacet
  facet normal 0 0 1
    outer loop
      vertex 3.75876 41.3681 5
      vertex 1.40953 40.513 5
      vertex 3.86369 41.0353 5
    endloop
  endfacet
  facet normal -0 0 1
    outer loop
      vertex 1.51553 21.125 5
      vertex 7.96954 0.697235 5
      vertex 1.58603 21.2604 5
    endloop
  endfacet
  facet normal 0 0 1
    outer loop
      vertex 7.96954 0.697235 5
      vertex 3.14078 2.63542 5
      vertex 3.35852 2.35165 5
    endloop
  endfacet
  facet normal -0 0 1
    outer loop
      vertex 1.4335 20.9962 5
      vertex 7.96954 0.697235 5
      vertex 1.51553 21.125 5
    endloop
  endfacet
  facet normal 0 0 1
    outer loop
      vertex 7.96954 0.697235 5
      vertex 2.89912 2.89912 5
      vertex 3.14078 2.63542 5
    endloop
  endfacet
  facet normal -0 0 1
    outer loop
      vertex 1.34058 20.8751 5
      vertex 7.96954 0.697235 5
      vertex 1.4335 20.9962 5
    endloop
  endfacet
  facet normal -0 -0 1
    outer loop
      vertex 2.63542 3.14078 5
      vertex 7.96954 0.697235 5
      vertex 1.34058 20.8751 5
    endloop
  endfacet
  facet normal 0 0 1
    outer loop
      vertex 7.96954 0.697235 5
      vertex 2.63542 3.14078 5
      vertex 2.89912 2.89912 5
    endloop
  endfacet
  facet normal -0 0 1
    outer loop
      vertex 1.23743 20.7626 5
      vertex 2.63542 3.14078 5
      vertex 1.34058 20.8751 5
    endloop
  endfacet
  facet normal 0 0 1
    outer loop
      vertex 2.63542 3.14078 5
      vertex 1.23743 20.7626 5
      vertex 2.35165 3.35852 5
    endloop
  endfacet
  facet normal -0 0 1
    outer loop
      vertex 1.12488 20.6594 5
      vertex 2.35165 3.35852 5
      vertex 1.23743 20.7626 5
    endloop
  endfacet
  facet normal 0 0 1
    outer loop
      vertex 2.35165 3.35852 5
      vertex 1.12488 20.6594 5
      vertex 2.04999 3.55069 5
    endloop
  endfacet
  facet normal -0 0 1
    outer loop
      vertex 1.00375 20.5665 5
      vertex 2.04999 3.55069 5
      vertex 1.12488 20.6594 5
    endloop
  endfacet
  facet normal 0 0 1
    outer loop
      vertex 2.04999 3.55069 5
      vertex 1.00375 20.5665 5
      vertex 1.73273 3.71585 5
    endloop
  endfacet
  facet normal -0 0 1
    outer loop
      vertex 0.875 20.4845 5
      vertex 1.73273 3.71585 5
      vertex 1.00375 20.5665 5
    endloop
  endfacet
  facet normal 0 0 1
    outer loop
      vertex 1.73273 3.71585 5
      vertex 0.875 20.4845 5
      vertex 1.40227 3.85274 5
    endloop
  endfacet
  facet normal -0 0 1
    outer loop
      vertex 0.739578 20.414 5
      vertex 1.40227 3.85274 5
      vertex 0.875 20.4845 5
    endloop
  endfacet
  facet normal -0 0 1
    outer loop
      vertex 0.598526 20.3555 5
      vertex 1.40227 3.85274 5
      vertex 0.739578 20.414 5
    endloop
  endfacet
  facet normal 0 0 1
    outer loop
      vertex 1.40227 3.85274 5
      vertex 0.598526 20.3555 5
      vertex 1.06116 3.96028 5
    endloop
  endfacet
  facet normal -0 0 1
    outer loop
      vertex 0.452927 20.3096 5
      vertex 1.06116 3.96028 5
      vertex 0.598526 20.3555 5
    endloop
  endfacet
  facet normal 0 0 1
    outer loop
      vertex 1.06116 3.96028 5
      vertex 0.452927 20.3096 5
      vertex 0.711945 4.0377 5
    endloop
  endfacet
  facet normal -0 0 1
    outer loop
      vertex 0.303879 20.2766 5
      vertex 0.711945 4.0377 5
      vertex 0.452927 20.3096 5
    endloop
  endfacet
  facet normal 0 0 1
    outer loop
      vertex 0.711945 4.0377 5
      vertex 0.303879 20.2766 5
      vertex 0.35733 4.0844 5
    endloop
  endfacet
  facet normal -0 0 1
    outer loop
      vertex 0.152512 20.2567 5
      vertex 0.35733 4.0844 5
      vertex 0.303879 20.2766 5
    endloop
  endfacet
  facet normal 0 0 1
    outer loop
      vertex 0 4.09999 5
      vertex 0.152512 20.2567 5
      vertex 0 20.25 5
    endloop
  endfacet
  facet normal 0 0 1
    outer loop
      vertex 0.152512 20.2567 5
      vertex 0 4.09999 5
      vertex 0.35733 4.0844 5
    endloop
  endfacet
  facet normal 0 0 1
    outer loop
      vertex -0.152512 20.2567 5
      vertex 0 4.09999 5
      vertex 0 20.25 5
    endloop
  endfacet
  facet normal 0 0 1
    outer loop
      vertex -0.35733 4.0844 5
      vertex -0.152512 20.2567 5
      vertex -0.303879 20.2766 5
    endloop
  endfacet
  facet normal 0 0 1
    outer loop
      vertex -0.152512 20.2567 5
      vertex -0.35733 4.0844 5
      vertex 0 4.09999 5
    endloop
  endfacet
  facet normal 0 0 1
    outer loop
      vertex -0.711945 4.0377 5
      vertex -0.303879 20.2766 5
      vertex -0.452927 20.3096 5
    endloop
  endfacet
  facet normal 0 0 1
    outer loop
      vertex -1.06116 3.96028 5
      vertex -0.452927 20.3096 5
      vertex -0.598526 20.3555 5
    endloop
  endfacet
  facet normal 0 0 1
    outer loop
      vertex -0.303879 20.2766 5
      vertex -0.711945 4.0377 5
      vertex -0.35733 4.0844 5
    endloop
  endfacet
  facet normal 0 0 1
    outer loop
      vertex -1.40227 3.85274 5
      vertex -0.598526 20.3555 5
      vertex -0.739578 20.414 5
    endloop
  endfacet
  facet normal 0 0 1
    outer loop
      vertex -1.40227 3.85274 5
      vertex -0.739578 20.414 5
      vertex -0.875 20.4845 5
    endloop
  endfacet
  facet normal 0 0 1
    outer loop
      vertex -1.73273 3.71585 5
      vertex -0.875 20.4845 5
      vertex -1.00375 20.5665 5
    endloop
  endfacet
  facet normal 0 0 1
    outer loop
      vertex -0.452927 20.3096 5
      vertex -1.06116 3.96028 5
      vertex -0.711945 4.0377 5
    endloop
  endfacet
  facet normal 0 0 1
    outer loop
      vertex -2.04999 3.55069 5
      vertex -1.00375 20.5665 5
      vertex -1.12488 20.6594 5
    endloop
  endfacet
  facet normal 0 0 1
    outer loop
      vertex -2.35165 3.35852 5
      vertex -1.12488 20.6594 5
      vertex -1.23743 20.7626 5
    endloop
  endfacet
  facet normal 0 0 1
    outer loop
      vertex -2.63542 3.14078 5
      vertex -1.23743 20.7626 5
      vertex -1.34058 20.8751 5
    endloop
  endfacet
  facet normal 0 0 1
    outer loop
      vertex -0.598526 20.3555 5
      vertex -1.40227 3.85274 5
      vertex -1.06116 3.96028 5
    endloop
  endfacet
  facet normal 0 0 1
    outer loop
      vertex -7.96954 0.697235 5
      vertex -1.34058 20.8751 5
      vertex -1.4335 20.9962 5
    endloop
  endfacet
  facet normal 0 0 1
    outer loop
      vertex -7.96954 0.697235 5
      vertex -1.4335 20.9962 5
      vertex -1.51553 21.125 5
    endloop
  endfacet
  facet normal 0 0 1
    outer loop
      vertex -7.96954 0.697235 5
      vertex -1.51553 21.125 5
      vertex -1.58603 21.2604 5
    endloop
  endfacet
  facet normal 0 0 1
    outer loop
      vertex -7.96954 0.697235 5
      vertex -1.58603 21.2604 5
      vertex -1.64445 21.4015 5
    endloop
  endfacet
  facet normal 0 0 1
    outer loop
      vertex -7.96954 0.697235 5
      vertex -1.64445 21.4015 5
      vertex -1.69037 21.5471 5
    endloop
  endfacet
  facet normal 0 0 1
    outer loop
      vertex -7.96954 0.697235 5
      vertex -1.69037 21.5471 5
      vertex -1.7234 21.6961 5
    endloop
  endfacet
  facet normal 0 0 1
    outer loop
      vertex -0.875 20.4845 5
      vertex -1.73273 3.71585 5
      vertex -1.40227 3.85274 5
    endloop
  endfacet
  facet normal 0 0 1
    outer loop
      vertex -7.96954 0.697235 5
      vertex -1.7234 21.6961 5
      vertex -1.74333 21.8475 5
    endloop
  endfacet
  facet normal 0 0 1
    outer loop
      vertex -7.96954 0.697235 5
      vertex -1.74333 21.8475 5
      vertex -1.75 22 5
    endloop
  endfacet
  facet normal 0 0 1
    outer loop
      vertex -7.96954 0.697235 5
      vertex -1.74333 22.1525 5
      vertex -3.98477 40.3486 5
    endloop
  endfacet
  facet normal 0 0 1
    outer loop
      vertex -1.74333 22.1525 5
      vertex -7.96954 0.697235 5
      vertex -1.75 22 5
    endloop
  endfacet
  facet normal -0 0 1
    outer loop
      vertex -3.62523 41.6905 5
      vertex -1.35945 40.6339 5
      vertex -3.4641 42 5
    endloop
  endfacet
  facet normal 0 0 1
    outer loop
      vertex -1.00375 20.5665 5
      vertex -2.04999 3.55069 5
      vertex -1.73273 3.71585 5
    endloop
  endfacet
  facet normal 0 0 1
    outer loop
      vertex -1.35945 40.6339 5
      vertex -3.62523 41.6905 5
      vertex -1.40953 40.513 5
    endloop
  endfacet
  facet normal 0 0 1
    outer loop
      vertex -1.12488 20.6594 5
      vertex -2.35165 3.35852 5
      vertex -2.04999 3.55069 5
    endloop
  endfacet
  facet normal -0 0 1
    outer loop
      vertex -3.75876 41.3681 5
      vertex -1.40953 40.513 5
      vertex -3.62523 41.6905 5
    endloop
  endfacet
  facet normal 0 0 1
    outer loop
      vertex -1.34058 20.8751 5
      vertex -7.96954 0.697235 5
      vertex -2.63542 3.14078 5
    endloop
  endfacet
  facet normal 0 0 1
    outer loop
      vertex -1.40953 40.513 5
      vertex -3.75876 41.3681 5
      vertex -1.44888 40.3882 5
    endloop
  endfacet
  facet normal 0 0 1
    outer loop
      vertex -1.23743 20.7626 5
      vertex -2.63542 3.14078 5
      vertex -2.35165 3.35852 5
    endloop
  endfacet
  facet normal -0 0 1
    outer loop
      vertex -3.86369 41.0353 5
      vertex -1.44888 40.3882 5
      vertex -3.75876 41.3681 5
    endloop
  endfacet
  facet normal 0 0 1
    outer loop
      vertex -2.63542 3.14078 5
      vertex -7.96954 0.697235 5
      vertex -2.89912 2.89912 5
    endloop
  endfacet
  facet normal 0 0 1
    outer loop
      vertex -1.44888 40.3882 5
      vertex -3.86369 41.0353 5
      vertex -1.4772 40.2605 5
    endloop
  endfacet
  facet normal 0 0 1
    outer loop
      vertex -2.89912 2.89912 5
      vertex -7.96954 0.697235 5
      vertex -3.14078 2.63542 5
    endloop
  endfacet
  facet normal -0 0 1
    outer loop
      vertex -3.93922 40.6946 5
      vertex -1.4772 40.2605 5
      vertex -3.86369 41.0353 5
    endloop
  endfacet
  facet normal 0 0 1
    outer loop
      vertex -3.14078 2.63542 5
      vertex -7.96954 0.697235 5
      vertex -3.35852 2.35165 5
    endloop
  endfacet
  facet normal 0 0 1
    outer loop
      vertex -1.4772 40.2605 5
      vertex -3.93922 40.6946 5
      vertex -1.49428 40.1307 5
    endloop
  endfacet
  facet normal 0 0 1
    outer loop
      vertex -3.35852 2.35165 5
      vertex -7.96954 0.697235 5
      vertex -3.55069 2.04999 5
    endloop
  endfacet
  facet normal -0 0 1
    outer loop
      vertex -3.98477 40.3486 5
      vertex -1.49428 40.1307 5
      vertex -3.93922 40.6946 5
    endloop
  endfacet
  facet normal 0 0 1
    outer loop
      vertex -1.49428 40.1307 5
      vertex -3.98477 40.3486 5
      vertex -1.5 40 5
    endloop
  endfacet
  facet normal 0 0 1
    outer loop
      vertex -3.55069 2.04999 5
      vertex -7.96954 0.697235 5
      vertex -3.71585 1.73273 5
    endloop
  endfacet
  facet normal 0 0 1
    outer loop
      vertex -3.71585 1.73273 5
      vertex -7.96954 0.697235 5
      vertex -3.85274 1.40227 5
    endloop
  endfacet
  facet normal 0 0 1
    outer loop
      vertex -3.85274 1.40227 5
      vertex -7.96954 0.697235 5
      vertex -3.96028 1.06116 5
    endloop
  endfacet
  facet normal 0 0 1
    outer loop
      vertex -3.96028 1.06116 5
      vertex -7.96954 0.697235 5
      vertex -4.0377 0.711945 5
    endloop
  endfacet
  facet normal 0 0 1
    outer loop
      vertex -4.0377 0.711945 5
      vertex -7.96954 0.697235 5
      vertex -4.0844 0.35733 5
    endloop
  endfacet
  facet normal 0 0 1
    outer loop
      vertex -4.0844 0.35733 5
      vertex -7.96954 0.697235 5
      vertex -4.09999 0 5
    endloop
  endfacet
  facet normal 0 0 1
    outer loop
      vertex -8 0 5
      vertex -4.09999 0 5
      vertex -7.96954 0.697235 5
    endloop
  endfacet
  facet normal 0 0 1
    outer loop
      vertex -4.09999 0 5
      vertex -5.14229 -6.12834 5
      vertex -4.58861 -6.55321 5
    endloop
  endfacet
  facet normal 0 0 1
    outer loop
      vertex -4.09999 0 5
      vertex -5.65685 -5.65685 5
      vertex -5.14229 -6.12834 5
    endloop
  endfacet
  facet normal 0 0 1
    outer loop
      vertex -4.09999 0 5
      vertex -6.12834 -5.14229 5
      vertex -5.65685 -5.65685 5
    endloop
  endfacet
  facet normal 0 0 1
    outer loop
      vertex -4.09999 0 5
      vertex -6.55321 -4.58861 5
      vertex -6.12834 -5.14229 5
    endloop
  endfacet
  facet normal 0 0 1
    outer loop
      vertex -4.09999 0 5
      vertex -6.92819 -4 5
      vertex -6.55321 -4.58861 5
    endloop
  endfacet
  facet normal 0 0 1
    outer loop
      vertex -4.09999 0 5
      vertex -7.25046 -3.38094 5
      vertex -6.92819 -4 5
    endloop
  endfacet
  facet normal 0 0 1
    outer loop
      vertex -4.09999 0 5
      vertex -7.51753 -2.73616 5
      vertex -7.25046 -3.38094 5
    endloop
  endfacet
  facet normal 0 0 1
    outer loop
      vertex -4.09999 0 5
      vertex -7.7274 -2.07054 5
      vertex -7.51753 -2.73616 5
    endloop
  endfacet
  facet normal 0 0 1
    outer loop
      vertex -4.09999 0 5
      vertex -7.87845 -1.38918 5
      vertex -7.7274 -2.07054 5
    endloop
  endfacet
  facet normal 0 0 1
    outer loop
      vertex -4.09999 0 5
      vertex -7.96954 -0.697235 5
      vertex -7.87845 -1.38918 5
    endloop
  endfacet
  facet normal 0 0 1
    outer loop
      vertex -4.09999 0 5
      vertex -8 0 5
      vertex -7.96954 -0.697235 5
    endloop
  endfacet
  facet normal 0 0 1
    outer loop
      vertex 7.87845 -1.38918 5
      vertex 4.0377 -0.711945 5
      vertex 7.7274 -2.07054 5
    endloop
  endfacet
  facet normal -0 0 1
    outer loop
      vertex 3.85274 -1.40227 5
      vertex 7.51753 -2.73616 5
      vertex 3.96028 -1.06116 5
    endloop
  endfacet
  facet normal 0 0 1
    outer loop
      vertex 7.25046 -3.38094 5
      vertex 3.71585 -1.73273 5
      vertex 6.92819 -4 5
    endloop
  endfacet
  facet normal -0 0 1
    outer loop
      vertex 3.35852 -2.35165 5
      vertex 6.55321 -4.58861 5
      vertex 3.55069 -2.04999 5
    endloop
  endfacet
  facet normal -0 0 1
    outer loop
      vertex 3.14078 -2.63542 5
      vertex 6.12834 -5.14229 5
      vertex 3.35852 -2.35165 5
    endloop
  endfacet
  facet normal 0 0 1
    outer loop
      vertex 6.12834 -5.14229 5
      vertex 3.14078 -2.63542 5
      vertex 5.65685 -5.65685 5
    endloop
  endfacet
  facet normal -0 0 1
    outer loop
      vertex 2.89912 -2.89912 5
      vertex 5.65685 -5.65685 5
      vertex 3.14078 -2.63542 5
    endloop
  endfacet
  facet normal 0 0 1
    outer loop
      vertex 5.65685 -5.65685 5
      vertex 2.89912 -2.89912 5
      vertex 5.14229 -6.12834 5
    endloop
  endfacet
  facet normal -0 0 1
    outer loop
      vertex 2.63542 -3.14078 5
      vertex 5.14229 -6.12834 5
      vertex 2.89912 -2.89912 5
    endloop
  endfacet
  facet normal 0 0 1
    outer loop
      vertex 5.14229 -6.12834 5
      vertex 2.63542 -3.14078 5
      vertex 4.58861 -6.55321 5
    endloop
  endfacet
  facet normal -0 0 1
    outer loop
      vertex 2.35165 -3.35852 5
      vertex 4.58861 -6.55321 5
      vertex 2.63542 -3.14078 5
    endloop
  endfacet
  facet normal 0 0 1
    outer loop
      vertex 4.58861 -6.55321 5
      vertex 2.35165 -3.35852 5
      vertex 4 -6.92819 5
    endloop
  endfacet
  facet normal -0 0 1
    outer loop
      vertex 2.04999 -3.55069 5
      vertex 4 -6.92819 5
      vertex 2.35165 -3.35852 5
    endloop
  endfacet
  facet normal 0 0 1
    outer loop
      vertex 4 -6.92819 5
      vertex 2.04999 -3.55069 5
      vertex 3.38094 -7.25046 5
    endloop
  endfacet
  facet normal -0 0 1
    outer loop
      vertex 1.73273 -3.71585 5
      vertex 3.38094 -7.25046 5
      vertex 2.04999 -3.55069 5
    endloop
  endfacet
  facet normal 0 0 1
    outer loop
      vertex 3.38094 -7.25046 5
      vertex 1.73273 -3.71585 5
      vertex 2.73616 -7.51753 5
    endloop
  endfacet
  facet normal -0 0 1
    outer loop
      vertex 1.40227 -3.85274 5
      vertex 2.73616 -7.51753 5
      vertex 1.73273 -3.71585 5
    endloop
  endfacet
  facet normal 0 0 1
    outer loop
      vertex 2.73616 -7.51753 5
      vertex 1.40227 -3.85274 5
      vertex 2.07054 -7.7274 5
    endloop
  endfacet
  facet normal -0 0 1
    outer loop
      vertex 1.06116 -3.96028 5
      vertex 2.07054 -7.7274 5
      vertex 1.40227 -3.85274 5
    endloop
  endfacet
  facet normal 0 0 1
    outer loop
      vertex 2.07054 -7.7274 5
      vertex 1.06116 -3.96028 5
      vertex 1.38918 -7.87845 5
    endloop
  endfacet
  facet normal -0 0 1
    outer loop
      vertex 0.711945 -4.0377 5
      vertex 1.38918 -7.87845 5
      vertex 1.06116 -3.96028 5
    endloop
  endfacet
  facet normal 0 0 1
    outer loop
      vertex 0.711945 -4.0377 5
      vertex 0.697235 -7.96954 5
      vertex 1.38918 -7.87845 5
    endloop
  endfacet
  facet normal -0 0 1
    outer loop
      vertex 0.35733 -4.0844 5
      vertex 0.697235 -7.96954 5
      vertex 0.711945 -4.0377 5
    endloop
  endfacet
  facet normal -0 0 1
    outer loop
      vertex 0 -4.09999 5
      vertex 0.697235 -7.96954 5
      vertex 0.35733 -4.0844 5
    endloop
  endfacet
  facet normal 0 0 1
    outer loop
      vertex 0 -4.09999 5
      vertex 0 -8 5
      vertex 0.697235 -7.96954 5
    endloop
  endfacet
  facet normal 0 0 1
    outer loop
      vertex -0.35733 -4.0844 5
      vertex 0 -8 5
      vertex 0 -4.09999 5
    endloop
  endfacet
  facet normal 0 0 1
    outer loop
      vertex -0.35733 -4.0844 5
      vertex -0.697235 -7.96954 5
      vertex 0 -8 5
    endloop
  endfacet
  facet normal 0 0 1
    outer loop
      vertex -0.711945 -4.0377 5
      vertex -0.697235 -7.96954 5
      vertex -0.35733 -4.0844 5
    endloop
  endfacet
  facet normal 0 0 1
    outer loop
      vertex -1.38918 -7.87845 5
      vertex -0.711945 -4.0377 5
      vertex -1.06116 -3.96028 5
    endloop
  endfacet
  facet normal 0 0 1
    outer loop
      vertex -0.711945 -4.0377 5
      vertex -1.38918 -7.87845 5
      vertex -0.697235 -7.96954 5
    endloop
  endfacet
  facet normal 0 0 1
    outer loop
      vertex -2.07054 -7.7274 5
      vertex -1.06116 -3.96028 5
      vertex -1.40227 -3.85274 5
    endloop
  endfacet
  facet normal 0 0 1
    outer loop
      vertex -2.73616 -7.51753 5
      vertex -1.40227 -3.85274 5
      vertex -1.73273 -3.71585 5
    endloop
  endfacet
  facet normal 0 0 1
    outer loop
      vertex -3.38094 -7.25046 5
      vertex -1.73273 -3.71585 5
      vertex -2.04999 -3.55069 5
    endloop
  endfacet
  facet normal 0 0 1
    outer loop
      vertex -1.06116 -3.96028 5
      vertex -2.07054 -7.7274 5
      vertex -1.38918 -7.87845 5
    endloop
  endfacet
  facet normal 0 0 1
    outer loop
      vertex -4 -6.92819 5
      vertex -2.04999 -3.55069 5
      vertex -2.35165 -3.35852 5
    endloop
  endfacet
  facet normal 0 0 1
    outer loop
      vertex -4.58861 -6.55321 5
      vertex -2.35165 -3.35852 5
      vertex -2.63542 -3.14078 5
    endloop
  endfacet
  facet normal 0 0 1
    outer loop
      vertex -1.40227 -3.85274 5
      vertex -2.73616 -7.51753 5
      vertex -2.07054 -7.7274 5
    endloop
  endfacet
  facet normal 0 0 1
    outer loop
      vertex -4.58861 -6.55321 5
      vertex -2.63542 -3.14078 5
      vertex -2.89912 -2.89912 5
    endloop
  endfacet
  facet normal 0 0 1
    outer loop
      vertex -4.58861 -6.55321 5
      vertex -2.89912 -2.89912 5
      vertex -3.14078 -2.63542 5
    endloop
  endfacet
  facet normal 0 0 1
    outer loop
      vertex -4.58861 -6.55321 5
      vertex -3.14078 -2.63542 5
      vertex -3.35852 -2.35165 5
    endloop
  endfacet
  facet normal 0 0 1
    outer loop
      vertex -1.73273 -3.71585 5
      vertex -3.38094 -7.25046 5
      vertex -2.73616 -7.51753 5
    endloop
  endfacet
  facet normal 0 0 1
    outer loop
      vertex -4.58861 -6.55321 5
      vertex -3.35852 -2.35165 5
      vertex -3.55069 -2.04999 5
    endloop
  endfacet
  facet normal 0 0 1
    outer loop
      vertex -4.58861 -6.55321 5
      vertex -3.55069 -2.04999 5
      vertex -3.71585 -1.73273 5
    endloop
  endfacet
  facet normal 0 0 1
    outer loop
      vertex -4.58861 -6.55321 5
      vertex -3.71585 -1.73273 5
      vertex -3.85274 -1.40227 5
    endloop
  endfacet
  facet normal 0 0 1
    outer loop
      vertex -4.58861 -6.55321 5
      vertex -3.85274 -1.40227 5
      vertex -3.96028 -1.06116 5
    endloop
  endfacet
  facet normal 0 0 1
    outer loop
      vertex -2.04999 -3.55069 5
      vertex -4 -6.92819 5
      vertex -3.38094 -7.25046 5
    endloop
  endfacet
  facet normal 0 0 1
    outer loop
      vertex -4.58861 -6.55321 5
      vertex -3.96028 -1.06116 5
      vertex -4.0377 -0.711945 5
    endloop
  endfacet
  facet normal 0 0 1
    outer loop
      vertex -4.58861 -6.55321 5
      vertex -4.0377 -0.711945 5
      vertex -4.0844 -0.35733 5
    endloop
  endfacet
  facet normal 0 0 1
    outer loop
      vertex -4.58861 -6.55321 5
      vertex -4.0844 -0.35733 5
      vertex -4.09999 0 5
    endloop
  endfacet
  facet normal 0 0 1
    outer loop
      vertex -2.35165 -3.35852 5
      vertex -4.58861 -6.55321 5
      vertex -4 -6.92819 5
    endloop
  endfacet
  facet normal 0 0 1
    outer loop
      vertex 3.98477 40.3486 5
      vertex 1.64445 22.5985 5
      vertex 1.69037 22.4529 5
    endloop
  endfacet
  facet normal 0 0 1
    outer loop
      vertex 1.35945 39.3661 5
      vertex 3.98477 40.3486 5
      vertex 1.40953 39.487 5
    endloop
  endfacet
  facet normal 0 0 1
    outer loop
      vertex 3.98477 40.3486 5
      vertex 1.58603 22.7396 5
      vertex 1.64445 22.5985 5
    endloop
  endfacet
  facet normal 0 0 1
    outer loop
      vertex 1.29903 39.25 5
      vertex 3.98477 40.3486 5
      vertex 1.35945 39.3661 5
    endloop
  endfacet
  facet normal 0 0 1
    outer loop
      vertex 3.98477 40.3486 5
      vertex 1.51553 22.875 5
      vertex 1.58603 22.7396 5
    endloop
  endfacet
  facet normal 0 0 1
    outer loop
      vertex 1.22871 39.1396 5
      vertex 3.98477 40.3486 5
      vertex 1.29903 39.25 5
    endloop
  endfacet
  facet normal 0 0 1
    outer loop
      vertex 3.98477 40.3486 5
      vertex 1.4335 23.0038 5
      vertex 1.51553 22.875 5
    endloop
  endfacet
  facet normal 0 0 1
    outer loop
      vertex 1.14906 39.0358 5
      vertex 3.98477 40.3486 5
      vertex 1.22871 39.1396 5
    endloop
  endfacet
  facet normal 0 0 1
    outer loop
      vertex 3.98477 40.3486 5
      vertex 1.34058 23.1249 5
      vertex 1.4335 23.0038 5
    endloop
  endfacet
  facet normal 0 0 1
    outer loop
      vertex 1.06065 38.9393 5
      vertex 3.98477 40.3486 5
      vertex 1.14906 39.0358 5
    endloop
  endfacet
  facet normal 0 0 1
    outer loop
      vertex 3.98477 40.3486 5
      vertex 1.23743 23.2374 5
      vertex 1.34058 23.1249 5
    endloop
  endfacet
  facet normal 0 0 1
    outer loop
      vertex 0.964172 38.8509 5
      vertex 3.98477 40.3486 5
      vertex 1.06065 38.9393 5
    endloop
  endfacet
  facet normal 0 0 1
    outer loop
      vertex 3.98477 40.3486 5
      vertex 1.12488 23.3406 5
      vertex 1.23743 23.2374 5
    endloop
  endfacet
  facet normal 0 0 1
    outer loop
      vertex 0.860352 38.7713 5
      vertex 3.98477 40.3486 5
      vertex 0.964172 38.8509 5
    endloop
  endfacet
  facet normal 0 0 1
    outer loop
      vertex 3.98477 40.3486 5
      vertex 1.00375 23.4335 5
      vertex 1.12488 23.3406 5
    endloop
  endfacet
  facet normal 0 0 1
    outer loop
      vertex 3.98477 40.3486 5
      vertex 0.860352 38.7713 5
      vertex 1.00375 23.4335 5
    endloop
  endfacet
  facet normal 0 0 1
    outer loop
      vertex 1.00375 23.4335 5
      vertex 0.860352 38.7713 5
      vertex 0.875 23.5155 5
    endloop
  endfacet
  facet normal -0 0 1
    outer loop
      vertex 0.75 38.701 5
      vertex 0.875 23.5155 5
      vertex 0.860352 38.7713 5
    endloop
  endfacet
  facet normal 0 0 1
    outer loop
      vertex 0.75 38.701 5
      vertex 0.739578 23.586 5
      vertex 0.875 23.5155 5
    endloop
  endfacet
  facet normal -0 0 1
    outer loop
      vertex 0.633926 38.6405 5
      vertex 0.739578 23.586 5
      vertex 0.75 38.701 5
    endloop
  endfacet
  facet normal 0 0 1
    outer loop
      vertex 0.633926 38.6405 5
      vertex 0.598526 23.6445 5
      vertex 0.739578 23.586 5
    endloop
  endfacet
  facet normal -0 0 1
    outer loop
      vertex 0.513016 38.5905 5
      vertex 0.598526 23.6445 5
      vertex 0.633926 38.6405 5
    endloop
  endfacet
  facet normal 0 0 1
    outer loop
      vertex 0.513016 38.5905 5
      vertex 0.452927 23.6904 5
      vertex 0.598526 23.6445 5
    endloop
  endfacet
  facet normal -0 0 1
    outer loop
      vertex 0.388214 38.5511 5
      vertex 0.452927 23.6904 5
      vertex 0.513016 38.5905 5
    endloop
  endfacet
  facet normal 0 0 1
    outer loop
      vertex 0.388214 38.5511 5
      vertex 0.303879 23.7234 5
      vertex 0.452927 23.6904 5
    endloop
  endfacet
  facet normal -0 0 1
    outer loop
      vertex 0.260468 38.5228 5
      vertex 0.303879 23.7234 5
      vertex 0.388214 38.5511 5
    endloop
  endfacet
  facet normal 0 0 1
    outer loop
      vertex 0.260468 38.5228 5
      vertex 0.152512 23.7433 5
      vertex 0.303879 23.7234 5
    endloop
  endfacet
  facet normal -0 0 1
    outer loop
      vertex 0.130722 38.5057 5
      vertex 0.152512 23.7433 5
      vertex 0.260468 38.5228 5
    endloop
  endfacet
  facet normal -0 0 1
    outer loop
      vertex 0 38.5 5
      vertex 0.152512 23.7433 5
      vertex 0.130722 38.5057 5
    endloop
  endfacet
  facet normal 0 0 1
    outer loop
      vertex 0 38.5 5
      vertex 0 23.75 5
      vertex 0.152512 23.7433 5
    endloop
  endfacet
  facet normal 0 0 1
    outer loop
      vertex -0.130722 38.5057 5
      vertex 0 23.75 5
      vertex 0 38.5 5
    endloop
  endfacet
  facet normal 0 0 1
    outer loop
      vertex -0.130722 38.5057 5
      vertex -0.152512 23.7433 5
      vertex 0 23.75 5
    endloop
  endfacet
  facet normal 0 0 1
    outer loop
      vertex -0.260468 38.5228 5
      vertex -0.152512 23.7433 5
      vertex -0.130722 38.5057 5
    endloop
  endfacet
  facet normal 0 0 1
    outer loop
      vertex -0.260468 38.5228 5
      vertex -0.303879 23.7234 5
      vertex -0.152512 23.7433 5
    endloop
  endfacet
  facet normal 0 0 1
    outer loop
      vertex -0.388214 38.5511 5
      vertex -0.303879 23.7234 5
      vertex -0.260468 38.5228 5
    endloop
  endfacet
  facet normal 0 0 1
    outer loop
      vertex -0.388214 38.5511 5
      vertex -0.452927 23.6904 5
      vertex -0.303879 23.7234 5
    endloop
  endfacet
  facet normal 0 0 1
    outer loop
      vertex -0.513016 38.5905 5
      vertex -0.452927 23.6904 5
      vertex -0.388214 38.5511 5
    endloop
  endfacet
  facet normal 0 0 1
    outer loop
      vertex -0.513016 38.5905 5
      vertex -0.598526 23.6445 5
      vertex -0.452927 23.6904 5
    endloop
  endfacet
  facet normal 0 0 1
    outer loop
      vertex -0.633926 38.6405 5
      vertex -0.598526 23.6445 5
      vertex -0.513016 38.5905 5
    endloop
  endfacet
  facet normal 0 0 1
    outer loop
      vertex -0.633926 38.6405 5
      vertex -0.739578 23.586 5
      vertex -0.598526 23.6445 5
    endloop
  endfacet
  facet normal 0 0 1
    outer loop
      vertex -0.75 38.701 5
      vertex -0.739578 23.586 5
      vertex -0.633926 38.6405 5
    endloop
  endfacet
  facet normal 0 0 1
    outer loop
      vertex -0.875 23.5155 5
      vertex -0.75 38.701 5
      vertex -0.860352 38.7713 5
    endloop
  endfacet
  facet normal 0 0 1
    outer loop
      vertex -0.75 38.701 5
      vertex -0.875 23.5155 5
      vertex -0.739578 23.586 5
    endloop
  endfacet
  facet normal 0 0 1
    outer loop
      vertex -1.00375 23.4335 5
      vertex -0.860352 38.7713 5
      vertex -0.964172 38.8509 5
    endloop
  endfacet
  facet normal 0 0 1
    outer loop
      vertex -0.860352 38.7713 5
      vertex -1.00375 23.4335 5
      vertex -0.875 23.5155 5
    endloop
  endfacet
  facet normal 0 0 1
    outer loop
      vertex -1.12488 23.3406 5
      vertex -0.964172 38.8509 5
      vertex -1.06065 38.9393 5
    endloop
  endfacet
  facet normal 0 0 1
    outer loop
      vertex -0.964172 38.8509 5
      vertex -1.12488 23.3406 5
      vertex -1.00375 23.4335 5
    endloop
  endfacet
  facet normal 0 0 1
    outer loop
      vertex -1.23743 23.2374 5
      vertex -1.06065 38.9393 5
      vertex -1.14906 39.0358 5
    endloop
  endfacet
  facet normal 0 0 1
    outer loop
      vertex -1.34058 23.1249 5
      vertex -1.14906 39.0358 5
      vertex -1.22871 39.1396 5
    endloop
  endfacet
  facet normal 0 0 1
    outer loop
      vertex -1.06065 38.9393 5
      vertex -1.23743 23.2374 5
      vertex -1.12488 23.3406 5
    endloop
  endfacet
  facet normal 0 0 1
    outer loop
      vertex -1.4335 23.0038 5
      vertex -1.22871 39.1396 5
      vertex -1.29903 39.25 5
    endloop
  endfacet
  facet normal 0 0 1
    outer loop
      vertex -1.14906 39.0358 5
      vertex -1.34058 23.1249 5
      vertex -1.23743 23.2374 5
    endloop
  endfacet
  facet normal 0 0 1
    outer loop
      vertex -1.51553 22.875 5
      vertex -1.29903 39.25 5
      vertex -1.35945 39.3661 5
    endloop
  endfacet
  facet normal 0 0 1
    outer loop
      vertex -1.58603 22.7396 5
      vertex -1.35945 39.3661 5
      vertex -1.40953 39.487 5
    endloop
  endfacet
  facet normal 0 0 1
    outer loop
      vertex -1.22871 39.1396 5
      vertex -1.4335 23.0038 5
      vertex -1.34058 23.1249 5
    endloop
  endfacet
  facet normal 0 0 1
    outer loop
      vertex -1.58603 22.7396 5
      vertex -1.40953 39.487 5
      vertex -1.44888 39.6118 5
    endloop
  endfacet
  facet normal 0 0 1
    outer loop
      vertex -1.58603 22.7396 5
      vertex -1.44888 39.6118 5
      vertex -1.4772 39.7395 5
    endloop
  endfacet
  facet normal 0 0 1
    outer loop
      vertex -1.58603 22.7396 5
      vertex -1.4772 39.7395 5
      vertex -1.49428 39.8693 5
    endloop
  endfacet
  facet normal 0 0 1
    outer loop
      vertex -3.98477 40.3486 5
      vertex -1.49428 39.8693 5
      vertex -1.5 40 5
    endloop
  endfacet
  facet normal 0 0 1
    outer loop
      vertex -1.29903 39.25 5
      vertex -1.51553 22.875 5
      vertex -1.4335 23.0038 5
    endloop
  endfacet
  facet normal 0.130517 -0.991446 0
    outer loop
      vertex 0.697235 -7.96954 0
      vertex 1.38918 -7.87845 5
      vertex 0.697235 -7.96954 5
    endloop
  endfacet
  facet normal 0.130517 -0.991446 0
    outer loop
      vertex 1.38918 -7.87845 5
      vertex 0.697235 -7.96954 0
      vertex 1.38918 -7.87845 0
    endloop
  endfacet
  facet normal 0.216434 -0.976297 0
    outer loop
      vertex 1.38918 -7.87845 0
      vertex 2.07054 -7.7274 5
      vertex 1.38918 -7.87845 5
    endloop
  endfacet
  facet normal 0.216434 -0.976297 0
    outer loop
      vertex 2.07054 -7.7274 5
      vertex 1.38918 -7.87845 0
      vertex 2.07054 -7.7274 0
    endloop
  endfacet
  facet normal 0.300707 -0.953717 0
    outer loop
      vertex 2.07054 -7.7274 0
      vertex 2.73616 -7.51753 5
      vertex 2.07054 -7.7274 5
    endloop
  endfacet
  facet normal 0.300707 -0.953717 0
    outer loop
      vertex 2.73616 -7.51753 5
      vertex 2.07054 -7.7274 0
      vertex 2.73616 -7.51753 0
    endloop
  endfacet
  facet normal 0.382675 -0.923883 0
    outer loop
      vertex 2.73616 -7.51753 0
      vertex 3.38094 -7.25046 5
      vertex 2.73616 -7.51753 5
    endloop
  endfacet
  facet normal 0.382675 -0.923883 0
    outer loop
      vertex 3.38094 -7.25046 5
      vertex 2.73616 -7.51753 0
      vertex 3.38094 -7.25046 0
    endloop
  endfacet
  facet normal 0.461757 -0.887006 0
    outer loop
      vertex 3.38094 -7.25046 0
      vertex 4 -6.92819 5
      vertex 3.38094 -7.25046 5
    endloop
  endfacet
  facet normal 0.461757 -0.887006 0
    outer loop
      vertex 4 -6.92819 5
      vertex 3.38094 -7.25046 0
      vertex 4 -6.92819 0
    endloop
  endfacet
  facet normal 0.537294 -0.843395 0
    outer loop
      vertex 4 -6.92819 0
      vertex 4.58861 -6.55321 5
      vertex 4 -6.92819 5
    endloop
  endfacet
  facet normal 0.537294 -0.843395 0
    outer loop
      vertex 4.58861 -6.55321 5
      vertex 4 -6.92819 0
      vertex 4.58861 -6.55321 0
    endloop
  endfacet
  facet normal 0.608776 -0.793342 0
    outer loop
      vertex 4.58861 -6.55321 0
      vertex 5.14229 -6.12834 5
      vertex 4.58861 -6.55321 5
    endloop
  endfacet
  facet normal 0.608776 -0.793342 0
    outer loop
      vertex 5.14229 -6.12834 5
      vertex 4.58861 -6.55321 0
      vertex 5.14229 -6.12834 0
    endloop
  endfacet
  facet normal 0.675577 -0.73729 0
    outer loop
      vertex 5.14229 -6.12834 0
      vertex 5.65685 -5.65685 5
      vertex 5.14229 -6.12834 5
    endloop
  endfacet
  facet normal 0.675577 -0.73729 0
    outer loop
      vertex 5.65685 -5.65685 5
      vertex 5.14229 -6.12834 0
      vertex 5.65685 -5.65685 0
    endloop
  endfacet
  facet normal 0.73729 -0.675577 0
    outer loop
      vertex 5.65685 -5.65685 5
      vertex 6.12834 -5.14229 0
      vertex 6.12834 -5.14229 5
    endloop
  endfacet
  facet normal 0.73729 -0.675577 0
    outer loop
      vertex 6.12834 -5.14229 0
      vertex 5.65685 -5.65685 5
      vertex 5.65685 -5.65685 0
    endloop
  endfacet
  facet normal 0.793342 -0.608776 0
    outer loop
      vertex 6.12834 -5.14229 5
      vertex 6.55321 -4.58861 0
      vertex 6.55321 -4.58861 5
    endloop
  endfacet
  facet normal 0.793342 -0.608776 0
    outer loop
      vertex 6.55321 -4.58861 0
      vertex 6.12834 -5.14229 5
      vertex 6.12834 -5.14229 0
    endloop
  endfacet
  facet normal 0.843395 -0.537294 0
    outer loop
      vertex 6.55321 -4.58861 5
      vertex 6.92819 -4 0
      vertex 6.92819 -4 5
    endloop
  endfacet
  facet normal 0.843395 -0.537294 0
    outer loop
      vertex 6.92819 -4 0
      vertex 6.55321 -4.58861 5
      vertex 6.55321 -4.58861 0
    endloop
  endfacet
  facet normal 0.887006 -0.461757 0
    outer loop
      vertex 6.92819 -4 5
      vertex 7.25046 -3.38094 0
      vertex 7.25046 -3.38094 5
    endloop
  endfacet
  facet normal 0.887006 -0.461757 0
    outer loop
      vertex 7.25046 -3.38094 0
      vertex 6.92819 -4 5
      vertex 6.92819 -4 0
    endloop
  endfacet
  facet normal 0.923883 -0.382675 0
    outer loop
      vertex 7.25046 -3.38094 5
      vertex 7.51753 -2.73616 0
      vertex 7.51753 -2.73616 5
    endloop
  endfacet
  facet normal 0.923883 -0.382675 0
    outer loop
      vertex 7.51753 -2.73616 0
      vertex 7.25046 -3.38094 5
      vertex 7.25046 -3.38094 0
    endloop
  endfacet
  facet normal 0.953717 -0.300707 0
    outer loop
      vertex 7.51753 -2.73616 5
      vertex 7.7274 -2.07054 0
      vertex 7.7274 -2.07054 5
    endloop
  endfacet
  facet normal 0.953717 -0.300707 0
    outer loop
      vertex 7.7274 -2.07054 0
      vertex 7.51753 -2.73616 5
      vertex 7.51753 -2.73616 0
    endloop
  endfacet
  facet normal 0.976297 -0.216434 0
    outer loop
      vertex 7.7274 -2.07054 5
      vertex 7.87845 -1.38918 0
      vertex 7.87845 -1.38918 5
    endloop
  endfacet
  facet normal 0.976297 -0.216434 0
    outer loop
      vertex 7.87845 -1.38918 0
      vertex 7.7274 -2.07054 5
      vertex 7.7274 -2.07054 0
    endloop
  endfacet
  facet normal 0.991446 -0.130517 0
    outer loop
      vertex 7.87845 -1.38918 5
      vertex 7.96954 -0.697235 0
      vertex 7.96954 -0.697235 5
    endloop
  endfacet
  facet normal 0.991446 -0.130517 0
    outer loop
      vertex 7.96954 -0.697235 0
      vertex 7.87845 -1.38918 5
      vertex 7.87845 -1.38918 0
    endloop
  endfacet
  facet normal 0.999047 -0.0436452 0
    outer loop
      vertex 7.96954 -0.697235 5
      vertex 8 0 0
      vertex 8 0 5
    endloop
  endfacet
  facet normal 0.999047 -0.0436452 0
    outer loop
      vertex 8 0 0
      vertex 7.96954 -0.697235 5
      vertex 7.96954 -0.697235 0
    endloop
  endfacet
  facet normal 0.999047 0.0436452 0
    outer loop
      vertex 8 0 5
      vertex 7.96954 0.697235 0
      vertex 7.96954 0.697235 5
    endloop
  endfacet
  facet normal 0.999047 0.0436452 0
    outer loop
      vertex 7.96954 0.697235 0
      vertex 8 0 5
      vertex 8 0 0
    endloop
  endfacet
  facet normal 0.994988 0.0999915 0
    outer loop
      vertex 7.96954 0.697235 5
      vertex 3.98477 40.3486 0
      vertex 3.98477 40.3486 5
    endloop
  endfacet
  facet normal 0.994988 0.0999915 0
    outer loop
      vertex 3.98477 40.3486 0
      vertex 7.96954 0.697235 5
      vertex 7.96954 0.697235 0
    endloop
  endfacet
  facet normal 0.991446 0.130521 0
    outer loop
      vertex 3.98477 40.3486 5
      vertex 3.93922 40.6946 0
      vertex 3.93922 40.6946 5
    endloop
  endfacet
  facet normal 0.991446 0.130521 0
    outer loop
      vertex 3.93922 40.6946 0
      vertex 3.98477 40.3486 5
      vertex 3.98477 40.3486 0
    endloop
  endfacet
  facet normal 0.976297 0.216436 0
    outer loop
      vertex 3.93922 40.6946 5
      vertex 3.86369 41.0353 0
      vertex 3.86369 41.0353 5
    endloop
  endfacet
  facet normal 0.976297 0.216436 0
    outer loop
      vertex 3.86369 41.0353 0
      vertex 3.93922 40.6946 5
      vertex 3.93922 40.6946 0
    endloop
  endfacet
  facet normal 0.953718 0.300702 0
    outer loop
      vertex 3.86369 41.0353 5
      vertex 3.75876 41.3681 0
      vertex 3.75876 41.3681 5
    endloop
  endfacet
  facet normal 0.953718 0.300702 0
    outer loop
      vertex 3.75876 41.3681 0
      vertex 3.86369 41.0353 5
      vertex 3.86369 41.0353 0
    endloop
  endfacet
  facet normal 0.923892 0.382653 0
    outer loop
      vertex 3.75876 41.3681 5
      vertex 3.62523 41.6905 0
      vertex 3.62523 41.6905 5
    endloop
  endfacet
  facet normal 0.923892 0.382653 0
    outer loop
      vertex 3.62523 41.6905 0
      vertex 3.75876 41.3681 5
      vertex 3.75876 41.3681 0
    endloop
  endfacet
  facet normal 0.886994 0.461781 0
    outer loop
      vertex 3.62523 41.6905 5
      vertex 3.4641 42 0
      vertex 3.4641 42 5
    endloop
  endfacet
  facet normal 0.886994 0.461781 0
    outer loop
      vertex 3.4641 42 0
      vertex 3.62523 41.6905 5
      vertex 3.62523 41.6905 0
    endloop
  endfacet
  facet normal 0.843378 0.53732 0
    outer loop
      vertex 3.4641 42 5
      vertex 3.2766 42.2943 0
      vertex 3.2766 42.2943 5
    endloop
  endfacet
  facet normal 0.843378 0.53732 0
    outer loop
      vertex 3.2766 42.2943 0
      vertex 3.4641 42 5
      vertex 3.4641 42 0
    endloop
  endfacet
  facet normal 0.793293 0.608841 0
    outer loop
      vertex 3.2766 42.2943 5
      vertex 3.06416 42.5711 0
      vertex 3.06416 42.5711 5
    endloop
  endfacet
  facet normal 0.793293 0.608841 0
    outer loop
      vertex 3.06416 42.5711 0
      vertex 3.2766 42.2943 5
      vertex 3.2766 42.2943 0
    endloop
  endfacet
  facet normal 0.737309 0.675556 0
    outer loop
      vertex 3.06416 42.5711 5
      vertex 2.82841 42.8284 0
      vertex 2.82841 42.8284 5
    endloop
  endfacet
  facet normal 0.737309 0.675556 0
    outer loop
      vertex 2.82841 42.8284 0
      vertex 3.06416 42.5711 5
      vertex 3.06416 42.5711 0
    endloop
  endfacet
  facet normal 0.675677 0.737198 -0
    outer loop
      vertex 2.82841 42.8284 0
      vertex 2.57114 43.0642 5
      vertex 2.82841 42.8284 5
    endloop
  endfacet
  facet normal 0.675677 0.737198 0
    outer loop
      vertex 2.57114 43.0642 5
      vertex 2.82841 42.8284 0
      vertex 2.57114 43.0642 0
    endloop
  endfacet
  facet normal 0.608713 0.79339 -0
    outer loop
      vertex 2.57114 43.0642 0
      vertex 2.2943 43.2766 5
      vertex 2.57114 43.0642 5
    endloop
  endfacet
  facet normal 0.608713 0.79339 0
    outer loop
      vertex 2.2943 43.2766 5
      vertex 2.57114 43.0642 0
      vertex 2.2943 43.2766 0
    endloop
  endfacet
  facet normal 0.53732 0.843378 -0
    outer loop
      vertex 2.2943 43.2766 0
      vertex 2 43.4641 5
      vertex 2.2943 43.2766 5
    endloop
  endfacet
  facet normal 0.53732 0.843378 0
    outer loop
      vertex 2 43.4641 5
      vertex 2.2943 43.2766 0
      vertex 2 43.4641 0
    endloop
  endfacet
  facet normal 0.461667 0.887053 -0
    outer loop
      vertex 2 43.4641 0
      vertex 1.69046 43.6252 5
      vertex 2 43.4641 5
    endloop
  endfacet
  facet normal 0.461667 0.887053 0
    outer loop
      vertex 1.69046 43.6252 5
      vertex 2 43.4641 0
      vertex 1.69046 43.6252 0
    endloop
  endfacet
  facet normal 0.382834 0.923817 -0
    outer loop
      vertex 1.69046 43.6252 0
      vertex 1.36807 43.7588 5
      vertex 1.69046 43.6252 5
    endloop
  endfacet
  facet normal 0.382834 0.923817 0
    outer loop
      vertex 1.36807 43.7588 5
      vertex 1.69046 43.6252 0
      vertex 1.36807 43.7588 0
    endloop
  endfacet
  facet normal 0.300616 0.953745 -0
    outer loop
      vertex 1.36807 43.7588 0
      vertex 1.03526 43.8637 5
      vertex 1.36807 43.7588 5
    endloop
  endfacet
  facet normal 0.300616 0.953745 0
    outer loop
      vertex 1.03526 43.8637 5
      vertex 1.36807 43.7588 0
      vertex 1.03526 43.8637 0
    endloop
  endfacet
  facet normal 0.216366 0.976312 -0
    outer loop
      vertex 1.03526 43.8637 0
      vertex 0.69458 43.9392 5
      vertex 1.03526 43.8637 5
    endloop
  endfacet
  facet normal 0.216366 0.976312 0
    outer loop
      vertex 0.69458 43.9392 5
      vertex 1.03526 43.8637 0
      vertex 0.69458 43.9392 0
    endloop
  endfacet
  facet normal 0.130676 0.991425 -0
    outer loop
      vertex 0.69458 43.9392 0
      vertex 0.348618 43.9848 5
      vertex 0.69458 43.9392 5
    endloop
  endfacet
  facet normal 0.130676 0.991425 0
    outer loop
      vertex 0.348618 43.9848 5
      vertex 0.69458 43.9392 0
      vertex 0.348618 43.9848 0
    endloop
  endfacet
  facet normal 0.0435593 0.999051 -0
    outer loop
      vertex 0.348618 43.9848 0
      vertex 0 44 5
      vertex 0.348618 43.9848 5
    endloop
  endfacet
  facet normal 0.0435593 0.999051 0
    outer loop
      vertex 0 44 5
      vertex 0.348618 43.9848 0
      vertex 0 44 0
    endloop
  endfacet
  facet normal -0.0435593 0.999051 0
    outer loop
      vertex 0 44 0
      vertex -0.348618 43.9848 5
      vertex 0 44 5
    endloop
  endfacet
  facet normal -0.0435593 0.999051 0
    outer loop
      vertex -0.348618 43.9848 5
      vertex 0 44 0
      vertex -0.348618 43.9848 0
    endloop
  endfacet
  facet normal -0.130676 0.991425 0
    outer loop
      vertex -0.348618 43.9848 0
      vertex -0.69458 43.9392 5
      vertex -0.348618 43.9848 5
    endloop
  endfacet
  facet normal -0.130676 0.991425 0
    outer loop
      vertex -0.69458 43.9392 5
      vertex -0.348618 43.9848 0
      vertex -0.69458 43.9392 0
    endloop
  endfacet
  facet normal -0.216366 0.976312 0
    outer loop
      vertex -0.69458 43.9392 0
      vertex -1.03526 43.8637 5
      vertex -0.69458 43.9392 5
    endloop
  endfacet
  facet normal -0.216366 0.976312 0
    outer loop
      vertex -1.03526 43.8637 5
      vertex -0.69458 43.9392 0
      vertex -1.03526 43.8637 0
    endloop
  endfacet
  facet normal -0.300616 0.953745 0
    outer loop
      vertex -1.03526 43.8637 0
      vertex -1.36807 43.7588 5
      vertex -1.03526 43.8637 5
    endloop
  endfacet
  facet normal -0.300616 0.953745 0
    outer loop
      vertex -1.36807 43.7588 5
      vertex -1.03526 43.8637 0
      vertex -1.36807 43.7588 0
    endloop
  endfacet
  facet normal -0.382834 0.923817 0
    outer loop
      vertex -1.36807 43.7588 0
      vertex -1.69046 43.6252 5
      vertex -1.36807 43.7588 5
    endloop
  endfacet
  facet normal -0.382834 0.923817 0
    outer loop
      vertex -1.69046 43.6252 5
      vertex -1.36807 43.7588 0
      vertex -1.69046 43.6252 0
    endloop
  endfacet
  facet normal -0.461667 0.887053 0
    outer loop
      vertex -1.69046 43.6252 0
      vertex -2 43.4641 5
      vertex -1.69046 43.6252 5
    endloop
  endfacet
  facet normal -0.461667 0.887053 0
    outer loop
      vertex -2 43.4641 5
      vertex -1.69046 43.6252 0
      vertex -2 43.4641 0
    endloop
  endfacet
  facet normal -0.53732 0.843378 0
    outer loop
      vertex -2 43.4641 0
      vertex -2.2943 43.2766 5
      vertex -2 43.4641 5
    endloop
  endfacet
  facet normal -0.53732 0.843378 0
    outer loop
      vertex -2.2943 43.2766 5
      vertex -2 43.4641 0
      vertex -2.2943 43.2766 0
    endloop
  endfacet
  facet normal -0.608713 0.79339 0
    outer loop
      vertex -2.2943 43.2766 0
      vertex -2.57114 43.0642 5
      vertex -2.2943 43.2766 5
    endloop
  endfacet
  facet normal -0.608713 0.79339 0
    outer loop
      vertex -2.57114 43.0642 5
      vertex -2.2943 43.2766 0
      vertex -2.57114 43.0642 0
    endloop
  endfacet
  facet normal -0.675677 0.737198 0
    outer loop
      vertex -2.57114 43.0642 0
      vertex -2.82841 42.8284 5
      vertex -2.57114 43.0642 5
    endloop
  endfacet
  facet normal -0.675677 0.737198 0
    outer loop
      vertex -2.82841 42.8284 5
      vertex -2.57114 43.0642 0
      vertex -2.82841 42.8284 0
    endloop
  endfacet
  facet normal -0.737309 0.675556 0
    outer loop
      vertex -3.06416 42.5711 0
      vertex -2.82841 42.8284 5
      vertex -2.82841 42.8284 0
    endloop
  endfacet
  facet normal -0.737309 0.675556 0
    outer loop
      vertex -2.82841 42.8284 5
      vertex -3.06416 42.5711 0
      vertex -3.06416 42.5711 5
    endloop
  endfacet
  facet normal -0.793293 0.608841 0
    outer loop
      vertex -3.2766 42.2943 0
      vertex -3.06416 42.5711 5
      vertex -3.06416 42.5711 0
    endloop
  endfacet
  facet normal -0.793293 0.608841 0
    outer loop
      vertex -3.06416 42.5711 5
      vertex -3.2766 42.2943 0
      vertex -3.2766 42.2943 5
    endloop
  endfacet
  facet normal -0.843378 0.53732 0
    outer loop
      vertex -3.4641 42 0
      vertex -3.2766 42.2943 5
      vertex -3.2766 42.2943 0
    endloop
  endfacet
  facet normal -0.843378 0.53732 0
    outer loop
      vertex -3.2766 42.2943 5
      vertex -3.4641 42 0
      vertex -3.4641 42 5
    endloop
  endfacet
  facet normal -0.886994 0.461781 0
    outer loop
      vertex -3.62523 41.6905 0
      vertex -3.4641 42 5
      vertex -3.4641 42 0
    endloop
  endfacet
  facet normal -0.886994 0.461781 0
    outer loop
      vertex -3.4641 42 5
      vertex -3.62523 41.6905 0
      vertex -3.62523 41.6905 5
    endloop
  endfacet
  facet normal -0.923892 0.382653 0
    outer loop
      vertex -3.75876 41.3681 0
      vertex -3.62523 41.6905 5
      vertex -3.62523 41.6905 0
    endloop
  endfacet
  facet normal -0.923892 0.382653 0
    outer loop
      vertex -3.62523 41.6905 5
      vertex -3.75876 41.3681 0
      vertex -3.75876 41.3681 5
    endloop
  endfacet
  facet normal -0.953718 0.300702 0
    outer loop
      vertex -3.86369 41.0353 0
      vertex -3.75876 41.3681 5
      vertex -3.75876 41.3681 0
    endloop
  endfacet
  facet normal -0.953718 0.300702 0
    outer loop
      vertex -3.75876 41.3681 5
      vertex -3.86369 41.0353 0
      vertex -3.86369 41.0353 5
    endloop
  endfacet
  facet normal -0.976297 0.216436 0
    outer loop
      vertex -3.93922 40.6946 0
      vertex -3.86369 41.0353 5
      vertex -3.86369 41.0353 0
    endloop
  endfacet
  facet normal -0.976297 0.216436 0
    outer loop
      vertex -3.86369 41.0353 5
      vertex -3.93922 40.6946 0
      vertex -3.93922 40.6946 5
    endloop
  endfacet
  facet normal -0.991446 0.130521 0
    outer loop
      vertex -3.98477 40.3486 0
      vertex -3.93922 40.6946 5
      vertex -3.93922 40.6946 0
    endloop
  endfacet
  facet normal -0.991446 0.130521 0
    outer loop
      vertex -3.93922 40.6946 5
      vertex -3.98477 40.3486 0
      vertex -3.98477 40.3486 5
    endloop
  endfacet
  facet normal -0.994988 0.0999915 0
    outer loop
      vertex -3.98477 40.3486 0
      vertex -7.90394 1.35 2.5
      vertex -3.98477 40.3486 5
    endloop
  endfacet
  facet normal -0.994988 0.0999933 2.91351e-05
    outer loop
      vertex -3.98477 40.3486 0
      vertex -7.90446 1.34486 2.38234
      vertex -7.90394 1.35 2.5
    endloop
  endfacet
  facet normal -0.994989 0.0999892 -3.8983e-05
    outer loop
      vertex -3.98477 40.3486 0
      vertex -7.906 1.32949 2.26557
      vertex -7.90446 1.34486 2.38234
    endloop
  endfacet
  facet normal -0.994988 0.0999956 7.1591e-05
    outer loop
      vertex -3.98477 40.3486 0
      vertex -7.90857 1.304 2.15059
      vertex -7.906 1.32949 2.26557
    endloop
  endfacet
  facet normal -0.994988 0.0999919 3.96509e-06
    outer loop
      vertex -3.98477 40.3486 0
      vertex -7.91213 1.26858 2.03827
      vertex -7.90857 1.304 2.15059
    endloop
  endfacet
  facet normal -0.994988 0.0999915 -3.61395e-06
    outer loop
      vertex -7.96954 0.697235 0
      vertex -7.91213 1.26858 2.03827
      vertex -3.98477 40.3486 0
    endloop
  endfacet
  facet normal -0.994974 0.100132 -4.35186e-05
    outer loop
      vertex -7.91213 1.26858 2.03827
      vertex -7.96954 0.697235 0
      vertex -7.91666 1.22352 1.92947
    endloop
  endfacet
  facet normal -0.995009 0.0997846 5.23186e-05
    outer loop
      vertex -7.91666 1.22352 1.92947
      vertex -7.96954 0.697235 0
      vertex -7.92212 1.16913 1.825
    endloop
  endfacet
  facet normal -0.994986 0.100013 -7.46247e-06
    outer loop
      vertex -7.92212 1.16913 1.825
      vertex -7.96954 0.697235 0
      vertex -7.92848 1.10585 1.72567
    endloop
  endfacet
  facet normal -0.994997 0.0999062 1.81862e-05
    outer loop
      vertex -7.92848 1.10585 1.72567
      vertex -7.96954 0.697235 0
      vertex -7.93568 1.03416 1.63224
    endloop
  endfacet
  facet normal -0.994982 0.100055 -1.28086e-05
    outer loop
      vertex -7.93568 1.03416 1.63224
      vertex -7.96954 0.697235 0
      vertex -7.94368 0.954594 1.54541
    endloop
  endfacet
  facet normal -0.994983 0.100046 -1.13262e-05
    outer loop
      vertex -7.94368 0.954594 1.54541
      vertex -7.96954 0.697235 0
      vertex -7.95241 0.867763 1.46584
    endloop
  endfacet
  facet normal -0.994988 0.0999972 -5.57769e-06
    outer loop
      vertex -7.95241 0.867763 1.46584
      vertex -7.96954 0.697235 0
      vertex -7.9618 0.774327 1.39414
    endloop
  endfacet
  facet normal -0.994998 0.0998973 0
    outer loop
      vertex -7.9618 0.774327 1.39414
      vertex -7.96954 0.697235 0
      vertex -7.96954 0.697235 1.34503
    endloop
  endfacet
  facet normal -0.994988 0.0999933 -2.91351e-05
    outer loop
      vertex -7.90446 1.34486 2.61766
      vertex -3.98477 40.3486 5
      vertex -7.90394 1.35 2.5
    endloop
  endfacet
  facet normal -0.994989 0.0999892 3.89863e-05
    outer loop
      vertex -7.906 1.32949 2.73442
      vertex -3.98477 40.3486 5
      vertex -7.90446 1.34486 2.61766
    endloop
  endfacet
  facet normal -0.994988 0.0999956 -7.15848e-05
    outer loop
      vertex -7.90857 1.304 2.84941
      vertex -3.98477 40.3486 5
      vertex -7.906 1.32949 2.73442
    endloop
  endfacet
  facet normal -0.994988 0.0999919 -3.96509e-06
    outer loop
      vertex -7.91213 1.26858 2.96173
      vertex -3.98477 40.3486 5
      vertex -7.90857 1.304 2.84941
    endloop
  endfacet
  facet normal -0.994974 0.100132 4.35186e-05
    outer loop
      vertex -7.96954 0.697235 5
      vertex -7.91213 1.26858 2.96173
      vertex -7.91666 1.22352 3.07053
    endloop
  endfacet
  facet normal -0.995009 0.0997846 -5.23186e-05
    outer loop
      vertex -7.96954 0.697235 5
      vertex -7.91666 1.22352 3.07053
      vertex -7.92212 1.16913 3.175
    endloop
  endfacet
  facet normal -0.994986 0.100013 7.46247e-06
    outer loop
      vertex -7.96954 0.697235 5
      vertex -7.92212 1.16913 3.175
      vertex -7.92848 1.10585 3.27433
    endloop
  endfacet
  facet normal -0.994997 0.0999062 -1.81862e-05
    outer loop
      vertex -7.96954 0.697235 5
      vertex -7.92848 1.10585 3.27433
      vertex -7.93568 1.03416 3.36776
    endloop
  endfacet
  facet normal -0.994982 0.100055 1.28086e-05
    outer loop
      vertex -7.96954 0.697235 5
      vertex -7.93568 1.03416 3.36776
      vertex -7.94368 0.954594 3.45459
    endloop
  endfacet
  facet normal -0.994983 0.100046 1.13262e-05
    outer loop
      vertex -7.96954 0.697235 5
      vertex -7.94368 0.954594 3.45459
      vertex -7.95241 0.867763 3.53416
    endloop
  endfacet
  facet normal -0.994988 0.0999972 5.57761e-06
    outer loop
      vertex -7.96954 0.697235 5
      vertex -7.95241 0.867763 3.53416
      vertex -7.9618 0.774327 3.60585
    endloop
  endfacet
  facet normal -0.994998 0.0998973 0
    outer loop
      vertex -7.96954 0.697235 5
      vertex -7.9618 0.774327 3.60585
      vertex -7.96954 0.697235 3.65497
    endloop
  endfacet
  facet normal -0.994988 0.0999915 3.61395e-06
    outer loop
      vertex -7.91213 1.26858 2.96173
      vertex -7.96954 0.697235 5
      vertex -3.98477 40.3486 5
    endloop
  endfacet
  facet normal -0.99905 0.0435815 0
    outer loop
      vertex -7.96954 0.697235 0
      vertex -7.97051 0.674999 1.33086
      vertex -7.96954 0.697235 1.34503
    endloop
  endfacet
  facet normal -0.999045 0.0437038 2.04792e-06
    outer loop
      vertex -7.96954 0.697235 0
      vertex -7.97508 0.570534 1.27648
      vertex -7.97051 0.674999 1.33086
    endloop
  endfacet
  facet normal -0.999048 0.0436165 -6.63979e-06
    outer loop
      vertex -7.96954 0.697235 0
      vertex -7.97983 0.461727 1.23141
      vertex -7.97508 0.570534 1.27648
    endloop
  endfacet
  facet normal -0.999046 0.0436707 3.75288e-06
    outer loop
      vertex -7.96954 0.697235 0
      vertex -7.98474 0.349405 1.196
      vertex -7.97983 0.461727 1.23141
    endloop
  endfacet
  facet normal -0.999048 0.0436206 -1.08475e-05
    outer loop
      vertex -7.96954 0.697235 0
      vertex -7.98976 0.234425 1.17051
      vertex -7.98474 0.349405 1.196
    endloop
  endfacet
  facet normal -0.999047 0.0436452 -1.10063e-06
    outer loop
      vertex -8 0 0
      vertex -7.98976 0.234425 1.17051
      vertex -7.96954 0.697235 0
    endloop
  endfacet
  facet normal -0.999048 0.0436358 7.96556e-07
    outer loop
      vertex -7.98976 0.234425 1.17051
      vertex -8 0 0
      vertex -7.99486 0.11766 1.15514
    endloop
  endfacet
  facet normal -0.999047 0.0436436 0
    outer loop
      vertex -7.99486 0.11766 1.15514
      vertex -8 0 0
      vertex -8 0 1.15
    endloop
  endfacet
  facet normal -0.99905 0.0435815 0
    outer loop
      vertex -7.97051 0.674999 3.66913
      vertex -7.96954 0.697235 5
      vertex -7.96954 0.697235 3.65497
    endloop
  endfacet
  facet normal -0.999045 0.0437038 -2.0479e-06
    outer loop
      vertex -7.97508 0.570534 3.72352
      vertex -7.96954 0.697235 5
      vertex -7.97051 0.674999 3.66913
    endloop
  endfacet
  facet normal -0.999048 0.0436165 6.63984e-06
    outer loop
      vertex -7.97983 0.461727 3.76858
      vertex -7.96954 0.697235 5
      vertex -7.97508 0.570534 3.72352
    endloop
  endfacet
  facet normal -0.999046 0.0436707 -3.75279e-06
    outer loop
      vertex -7.98474 0.349405 3.804
      vertex -7.96954 0.697235 5
      vertex -7.97983 0.461727 3.76858
    endloop
  endfacet
  facet normal -0.999048 0.0436206 1.08475e-05
    outer loop
      vertex -7.98976 0.234425 3.82949
      vertex -7.96954 0.697235 5
      vertex -7.98474 0.349405 3.804
    endloop
  endfacet
  facet normal -0.999048 0.0436358 -7.96556e-07
    outer loop
      vertex -8 0 5
      vertex -7.98976 0.234425 3.82949
      vertex -7.99486 0.11766 3.84486
    endloop
  endfacet
  facet normal -0.999047 0.0436436 0
    outer loop
      vertex -8 0 5
      vertex -7.99486 0.11766 3.84486
      vertex -8 0 3.85
    endloop
  endfacet
  facet normal -0.999047 0.0436452 1.10063e-06
    outer loop
      vertex -7.98976 0.234425 3.82949
      vertex -8 0 5
      vertex -7.96954 0.697235 5
    endloop
  endfacet
  facet normal -0.999047 -0.0436436 0
    outer loop
      vertex -8 0 0
      vertex -7.99486 -0.11766 1.15514
      vertex -8 0 1.15
    endloop
  endfacet
  facet normal -0.999048 -0.0436358 7.96556e-07
    outer loop
      vertex -8 0 0
      vertex -7.98976 -0.234425 1.17051
      vertex -7.99486 -0.11766 1.15514
    endloop
  endfacet
  facet normal -0.999047 -0.0436452 -1.10063e-06
    outer loop
      vertex -7.96954 -0.697235 0
      vertex -7.98976 -0.234425 1.17051
      vertex -8 0 0
    endloop
  endfacet
  facet normal -0.999048 -0.0436206 -1.08475e-05
    outer loop
      vertex -7.98976 -0.234425 1.17051
      vertex -7.96954 -0.697235 0
      vertex -7.98474 -0.349405 1.196
    endloop
  endfacet
  facet normal -0.999046 -0.0436707 3.75288e-06
    outer loop
      vertex -7.98474 -0.349405 1.196
      vertex -7.96954 -0.697235 0
      vertex -7.97983 -0.461727 1.23141
    endloop
  endfacet
  facet normal -0.999048 -0.0436165 -6.63979e-06
    outer loop
      vertex -7.97983 -0.461727 1.23141
      vertex -7.96954 -0.697235 0
      vertex -7.97508 -0.570534 1.27648
    endloop
  endfacet
  facet normal -0.999045 -0.0437038 2.04792e-06
    outer loop
      vertex -7.97508 -0.570534 1.27648
      vertex -7.96954 -0.697235 0
      vertex -7.97051 -0.674999 1.33086
    endloop
  endfacet
  facet normal -0.99905 -0.0435815 0
    outer loop
      vertex -7.97051 -0.674999 1.33086
      vertex -7.96954 -0.697235 0
      vertex -7.96954 -0.697235 1.34503
    endloop
  endfacet
  facet normal -0.999047 -0.0436436 0
    outer loop
      vertex -7.99486 -0.11766 3.84486
      vertex -8 0 5
      vertex -8 0 3.85
    endloop
  endfacet
  facet normal -0.999048 -0.0436358 -7.96556e-07
    outer loop
      vertex -7.98976 -0.234425 3.82949
      vertex -8 0 5
      vertex -7.99486 -0.11766 3.84486
    endloop
  endfacet
  facet normal -0.999048 -0.0436206 1.08475e-05
    outer loop
      vertex -7.96954 -0.697235 5
      vertex -7.98976 -0.234425 3.82949
      vertex -7.98474 -0.349405 3.804
    endloop
  endfacet
  facet normal -0.999046 -0.0436707 -3.75279e-06
    outer loop
      vertex -7.96954 -0.697235 5
      vertex -7.98474 -0.349405 3.804
      vertex -7.97983 -0.461727 3.76858
    endloop
  endfacet
  facet normal -0.999048 -0.0436165 6.63984e-06
    outer loop
      vertex -7.96954 -0.697235 5
      vertex -7.97983 -0.461727 3.76858
      vertex -7.97508 -0.570534 3.72352
    endloop
  endfacet
  facet normal -0.999045 -0.0437038 -2.0479e-06
    outer loop
      vertex -7.96954 -0.697235 5
      vertex -7.97508 -0.570534 3.72352
      vertex -7.97051 -0.674999 3.66913
    endloop
  endfacet
  facet normal -0.99905 -0.0435815 -0
    outer loop
      vertex -7.96954 -0.697235 5
      vertex -7.97051 -0.674999 3.66913
      vertex -7.96954 -0.697235 3.65497
    endloop
  endfacet
  facet normal -0.999047 -0.0436452 1.10063e-06
    outer loop
      vertex -7.98976 -0.234425 3.82949
      vertex -7.96954 -0.697235 5
      vertex -8 0 5
    endloop
  endfacet
  facet normal -0.991446 -0.130517 0
    outer loop
      vertex -7.87845 -1.38918 0
      vertex -7.96954 -0.697235 1.34503
      vertex -7.96954 -0.697235 0
    endloop
  endfacet
  facet normal -0.991444 -0.13053 6.70795e-06
    outer loop
      vertex -7.96954 -0.697235 1.34503
      vertex -7.87845 -1.38918 0
      vertex -7.95939 -0.774327 1.39414
    endloop
  endfacet
  facet normal -0.991446 -0.130515 -1.02018e-07
    outer loop
      vertex -7.95939 -0.774327 1.39414
      vertex -7.87845 -1.38918 0
      vertex -7.94709 -0.867763 1.46584
    endloop
  endfacet
  facet normal -0.991447 -0.130511 -1.66561e-06
    outer loop
      vertex -7.94709 -0.867763 1.46584
      vertex -7.87845 -1.38918 0
      vertex -7.93566 -0.954594 1.54541
    endloop
  endfacet
  facet normal -0.991451 -0.130476 -1.14475e-05
    outer loop
      vertex -7.93566 -0.954594 1.54541
      vertex -7.87845 -1.38918 0
      vertex -7.92519 -1.03416 1.63224
    endloop
  endfacet
  facet normal -0.991442 -0.130546 3.94901e-06
    outer loop
      vertex -7.92519 -1.03416 1.63224
      vertex -7.87845 -1.38918 0
      vertex -7.91575 -1.10585 1.72567
    endloop
  endfacet
  facet normal -0.991447 -0.130514 -1.48056e-06
    outer loop
      vertex -7.91575 -1.10585 1.72567
      vertex -7.87845 -1.38918 0
      vertex -7.90742 -1.16913 1.825
    endloop
  endfacet
  facet normal -0.991446 -0.130518 -9.75629e-07
    outer loop
      vertex -7.90742 -1.16913 1.825
      vertex -7.87845 -1.38918 0
      vertex -7.90026 -1.22352 1.92947
    endloop
  endfacet
  facet normal -0.991427 -0.130665 1.1918e-05
    outer loop
      vertex -7.90026 -1.22352 1.92947
      vertex -7.87845 -1.38918 0
      vertex -7.89432 -1.26858 2.03827
    endloop
  endfacet
  facet normal -0.991566 -0.129604 -1.54358e-05
    outer loop
      vertex -7.88428 -1.34486 2.38234
      vertex -7.87845 -1.38918 0
      vertex -7.88361 -1.35 2.5
    endloop
  endfacet
  facet normal -0.991399 -0.130874 8.59934e-06
    outer loop
      vertex -7.88631 -1.32949 2.26557
      vertex -7.87845 -1.38918 0
      vertex -7.88428 -1.34486 2.38234
    endloop
  endfacet
  facet normal -0.991471 -0.13033 -5.98296e-06
    outer loop
      vertex -7.88966 -1.304 2.15059
      vertex -7.87845 -1.38918 0
      vertex -7.88631 -1.32949 2.26557
    endloop
  endfacet
  facet normal -0.991456 -0.130444 -1.38066e-06
    outer loop
      vertex -7.89432 -1.26858 2.03827
      vertex -7.87845 -1.38918 0
      vertex -7.88966 -1.304 2.15059
    endloop
  endfacet
  facet normal -0.991444 -0.13053 -6.70762e-06
    outer loop
      vertex -7.87845 -1.38918 5
      vertex -7.96954 -0.697235 3.65497
      vertex -7.95939 -0.774327 3.60585
    endloop
  endfacet
  facet normal -0.991446 -0.130515 1.02021e-07
    outer loop
      vertex -7.87845 -1.38918 5
      vertex -7.95939 -0.774327 3.60585
      vertex -7.94709 -0.867763 3.53416
    endloop
  endfacet
  facet normal -0.991447 -0.130511 1.66561e-06
    outer loop
      vertex -7.87845 -1.38918 5
      vertex -7.94709 -0.867763 3.53416
      vertex -7.93566 -0.954594 3.45459
    endloop
  endfacet
  facet normal -0.991451 -0.130476 1.14475e-05
    outer loop
      vertex -7.87845 -1.38918 5
      vertex -7.93566 -0.954594 3.45459
      vertex -7.92519 -1.03416 3.36776
    endloop
  endfacet
  facet normal -0.991442 -0.130546 -3.94901e-06
    outer loop
      vertex -7.87845 -1.38918 5
      vertex -7.92519 -1.03416 3.36776
      vertex -7.91575 -1.10585 3.27433
    endloop
  endfacet
  facet normal -0.991447 -0.130514 1.48056e-06
    outer loop
      vertex -7.87845 -1.38918 5
      vertex -7.91575 -1.10585 3.27433
      vertex -7.90742 -1.16913 3.175
    endloop
  endfacet
  facet normal -0.991446 -0.130518 9.75629e-07
    outer loop
      vertex -7.87845 -1.38918 5
      vertex -7.90742 -1.16913 3.175
      vertex -7.90026 -1.22352 3.07053
    endloop
  endfacet
  facet normal -0.991427 -0.130665 -1.1918e-05
    outer loop
      vertex -7.87845 -1.38918 5
      vertex -7.90026 -1.22352 3.07053
      vertex -7.89432 -1.26858 2.96173
    endloop
  endfacet
  facet normal -0.991456 -0.130444 1.38066e-06
    outer loop
      vertex -7.87845 -1.38918 5
      vertex -7.89432 -1.26858 2.96173
      vertex -7.88966 -1.304 2.84941
    endloop
  endfacet
  facet normal -0.991446 -0.130517 0
    outer loop
      vertex -7.96954 -0.697235 3.65497
      vertex -7.87845 -1.38918 5
      vertex -7.96954 -0.697235 5
    endloop
  endfacet
  facet normal -0.991471 -0.13033 5.98288e-06
    outer loop
      vertex -7.88631 -1.32949 2.73442
      vertex -7.87845 -1.38918 5
      vertex -7.88966 -1.304 2.84941
    endloop
  endfacet
  facet normal -0.991399 -0.130874 -8.59943e-06
    outer loop
      vertex -7.88428 -1.34486 2.61766
      vertex -7.87845 -1.38918 5
      vertex -7.88631 -1.32949 2.73442
    endloop
  endfacet
  facet normal -0.991566 -0.129604 1.54358e-05
    outer loop
      vertex -7.88361 -1.35 2.5
      vertex -7.87845 -1.38918 5
      vertex -7.88428 -1.34486 2.61766
    endloop
  endfacet
  facet normal -0.991439 -0.130572 -0
    outer loop
      vertex -7.87845 -1.38918 5
      vertex -7.88361 -1.35 2.5
      vertex -7.87845 -1.38918 0
    endloop
  endfacet
  facet normal -0.976297 -0.216434 0
    outer loop
      vertex -7.7274 -2.07054 0
      vertex -7.87845 -1.38918 5
      vertex -7.87845 -1.38918 0
    endloop
  endfacet
  facet normal -0.976297 -0.216434 0
    outer loop
      vertex -7.87845 -1.38918 5
      vertex -7.7274 -2.07054 0
      vertex -7.7274 -2.07054 5
    endloop
  endfacet
  facet normal -0.953717 -0.300707 0
    outer loop
      vertex -7.51753 -2.73616 0
      vertex -7.7274 -2.07054 5
      vertex -7.7274 -2.07054 0
    endloop
  endfacet
  facet normal -0.953717 -0.300707 0
    outer loop
      vertex -7.7274 -2.07054 5
      vertex -7.51753 -2.73616 0
      vertex -7.51753 -2.73616 5
    endloop
  endfacet
  facet normal -0.923883 -0.382675 0
    outer loop
      vertex -7.25046 -3.38094 0
      vertex -7.51753 -2.73616 5
      vertex -7.51753 -2.73616 0
    endloop
  endfacet
  facet normal -0.923883 -0.382675 0
    outer loop
      vertex -7.51753 -2.73616 5
      vertex -7.25046 -3.38094 0
      vertex -7.25046 -3.38094 5
    endloop
  endfacet
  facet normal -0.887006 -0.461757 0
    outer loop
      vertex -6.92819 -4 0
      vertex -7.25046 -3.38094 5
      vertex -7.25046 -3.38094 0
    endloop
  endfacet
  facet normal -0.887006 -0.461757 0
    outer loop
      vertex -7.25046 -3.38094 5
      vertex -6.92819 -4 0
      vertex -6.92819 -4 5
    endloop
  endfacet
  facet normal -0.843395 -0.537294 0
    outer loop
      vertex -6.55321 -4.58861 0
      vertex -6.92819 -4 5
      vertex -6.92819 -4 0
    endloop
  endfacet
  facet normal -0.843395 -0.537294 0
    outer loop
      vertex -6.92819 -4 5
      vertex -6.55321 -4.58861 0
      vertex -6.55321 -4.58861 5
    endloop
  endfacet
  facet normal -0.793342 -0.608776 0
    outer loop
      vertex -6.12834 -5.14229 0
      vertex -6.55321 -4.58861 5
      vertex -6.55321 -4.58861 0
    endloop
  endfacet
  facet normal -0.793342 -0.608776 0
    outer loop
      vertex -6.55321 -4.58861 5
      vertex -6.12834 -5.14229 0
      vertex -6.12834 -5.14229 5
    endloop
  endfacet
  facet normal -0.73729 -0.675577 0
    outer loop
      vertex -5.65685 -5.65685 0
      vertex -6.12834 -5.14229 5
      vertex -6.12834 -5.14229 0
    endloop
  endfacet
  facet normal -0.73729 -0.675577 0
    outer loop
      vertex -6.12834 -5.14229 5
      vertex -5.65685 -5.65685 0
      vertex -5.65685 -5.65685 5
    endloop
  endfacet
  facet normal -0.675577 -0.73729 0
    outer loop
      vertex -5.65685 -5.65685 0
      vertex -5.14229 -6.12834 5
      vertex -5.65685 -5.65685 5
    endloop
  endfacet
  facet normal -0.675577 -0.73729 -0
    outer loop
      vertex -5.14229 -6.12834 5
      vertex -5.65685 -5.65685 0
      vertex -5.14229 -6.12834 0
    endloop
  endfacet
  facet normal -0.608776 -0.793342 0
    outer loop
      vertex -5.14229 -6.12834 0
      vertex -4.58861 -6.55321 5
      vertex -5.14229 -6.12834 5
    endloop
  endfacet
  facet normal -0.608776 -0.793342 -0
    outer loop
      vertex -4.58861 -6.55321 5
      vertex -5.14229 -6.12834 0
      vertex -4.58861 -6.55321 0
    endloop
  endfacet
  facet normal -0.537294 -0.843395 0
    outer loop
      vertex -4.58861 -6.55321 0
      vertex -4 -6.92819 5
      vertex -4.58861 -6.55321 5
    endloop
  endfacet
  facet normal -0.537294 -0.843395 -0
    outer loop
      vertex -4 -6.92819 5
      vertex -4.58861 -6.55321 0
      vertex -4 -6.92819 0
    endloop
  endfacet
  facet normal -0.461757 -0.887006 0
    outer loop
      vertex -4 -6.92819 0
      vertex -3.38094 -7.25046 5
      vertex -4 -6.92819 5
    endloop
  endfacet
  facet normal -0.461757 -0.887006 -0
    outer loop
      vertex -3.38094 -7.25046 5
      vertex -4 -6.92819 0
      vertex -3.38094 -7.25046 0
    endloop
  endfacet
  facet normal -0.382675 -0.923883 0
    outer loop
      vertex -3.38094 -7.25046 0
      vertex -2.73616 -7.51753 5
      vertex -3.38094 -7.25046 5
    endloop
  endfacet
  facet normal -0.382675 -0.923883 -0
    outer loop
      vertex -2.73616 -7.51753 5
      vertex -3.38094 -7.25046 0
      vertex -2.73616 -7.51753 0
    endloop
  endfacet
  facet normal -0.300707 -0.953717 0
    outer loop
      vertex -2.73616 -7.51753 0
      vertex -2.07054 -7.7274 5
      vertex -2.73616 -7.51753 5
    endloop
  endfacet
  facet normal -0.300707 -0.953717 -0
    outer loop
      vertex -2.07054 -7.7274 5
      vertex -2.73616 -7.51753 0
      vertex -2.07054 -7.7274 0
    endloop
  endfacet
  facet normal -0.216434 -0.976297 0
    outer loop
      vertex -2.07054 -7.7274 0
      vertex -1.38918 -7.87845 5
      vertex -2.07054 -7.7274 5
    endloop
  endfacet
  facet normal -0.216434 -0.976297 -0
    outer loop
      vertex -1.38918 -7.87845 5
      vertex -2.07054 -7.7274 0
      vertex -1.38918 -7.87845 0
    endloop
  endfacet
  facet normal -0.130517 -0.991446 0
    outer loop
      vertex -1.38918 -7.87845 0
      vertex -0.697235 -7.96954 5
      vertex -1.38918 -7.87845 5
    endloop
  endfacet
  facet normal -0.130517 -0.991446 -0
    outer loop
      vertex -0.697235 -7.96954 5
      vertex -1.38918 -7.87845 0
      vertex -0.697235 -7.96954 0
    endloop
  endfacet
  facet normal -0.0436452 -0.999047 0
    outer loop
      vertex -0.697235 -7.96954 0
      vertex 0 -8 5
      vertex -0.697235 -7.96954 5
    endloop
  endfacet
  facet normal -0.0436452 -0.999047 -0
    outer loop
      vertex 0 -8 5
      vertex -0.697235 -7.96954 0
      vertex 0 -8 0
    endloop
  endfacet
  facet normal 0.0436452 -0.999047 0
    outer loop
      vertex 0 -8 0
      vertex 0.697235 -7.96954 5
      vertex 0 -8 5
    endloop
  endfacet
  facet normal 0.0436452 -0.999047 0
    outer loop
      vertex 0.697235 -7.96954 5
      vertex 0 -8 0
      vertex 0.697235 -7.96954 0
    endloop
  endfacet
  facet normal 0.130666 0.991426 -0
    outer loop
      vertex -0.130722 38.5057 0
      vertex -0.260468 38.5228 5
      vertex -0.130722 38.5057 5
    endloop
  endfacet
  facet normal 0.130666 0.991426 0
    outer loop
      vertex -0.260468 38.5228 5
      vertex -0.130722 38.5057 0
      vertex -0.260468 38.5228 0
    endloop
  endfacet
  facet normal 0.21629 0.976329 -0
    outer loop
      vertex -0.260468 38.5228 0
      vertex -0.388214 38.5511 5
      vertex -0.260468 38.5228 5
    endloop
  endfacet
  facet normal 0.21629 0.976329 0
    outer loop
      vertex -0.388214 38.5511 5
      vertex -0.260468 38.5228 0
      vertex -0.388214 38.5511 0
    endloop
  endfacet
  facet normal 0.301054 0.953607 -0
    outer loop
      vertex -0.388214 38.5511 0
      vertex -0.513016 38.5905 5
      vertex -0.388214 38.5511 5
    endloop
  endfacet
  facet normal 0.301054 0.953607 0
    outer loop
      vertex -0.513016 38.5905 5
      vertex -0.388214 38.5511 0
      vertex -0.513016 38.5905 0
    endloop
  endfacet
  facet normal 0.382145 0.924102 -0
    outer loop
      vertex -0.513016 38.5905 0
      vertex -0.633926 38.6405 5
      vertex -0.513016 38.5905 5
    endloop
  endfacet
  facet normal 0.382145 0.924102 0
    outer loop
      vertex -0.633926 38.6405 5
      vertex -0.513016 38.5905 0
      vertex -0.633926 38.6405 0
    endloop
  endfacet
  facet normal 0.462204 0.886774 -0
    outer loop
      vertex -0.633926 38.6405 0
      vertex -0.75 38.701 5
      vertex -0.633926 38.6405 5
    endloop
  endfacet
  facet normal 0.462204 0.886774 0
    outer loop
      vertex -0.75 38.701 5
      vertex -0.633926 38.6405 0
      vertex -0.75 38.701 0
    endloop
  endfacet
  facet normal 0.537289 0.843398 -0
    outer loop
      vertex -0.75 38.701 0
      vertex -0.860352 38.7713 5
      vertex -0.75 38.701 5
    endloop
  endfacet
  facet normal 0.537289 0.843398 0
    outer loop
      vertex -0.860352 38.7713 5
      vertex -0.75 38.701 0
      vertex -0.860352 38.7713 0
    endloop
  endfacet
  facet normal 0.608454 0.793589 -0
    outer loop
      vertex -0.860352 38.7713 0
      vertex -0.964172 38.8509 5
      vertex -0.860352 38.7713 5
    endloop
  endfacet
  facet normal 0.608454 0.793589 0
    outer loop
      vertex -0.964172 38.8509 5
      vertex -0.860352 38.7713 0
      vertex -0.964172 38.8509 0
    endloop
  endfacet
  facet normal 0.675566 0.737299 -0
    outer loop
      vertex -0.964172 38.8509 0
      vertex -1.06065 38.9393 5
      vertex -0.964172 38.8509 5
    endloop
  endfacet
  facet normal 0.675566 0.737299 0
    outer loop
      vertex -1.06065 38.9393 5
      vertex -0.964172 38.8509 0
      vertex -1.06065 38.9393 0
    endloop
  endfacet
  facet normal 0.737338 0.675524 0
    outer loop
      vertex -1.06065 38.9393 5
      vertex -1.14906 39.0358 0
      vertex -1.14906 39.0358 5
    endloop
  endfacet
  facet normal 0.737338 0.675524 0
    outer loop
      vertex -1.14906 39.0358 0
      vertex -1.06065 38.9393 5
      vertex -1.06065 38.9393 0
    endloop
  endfacet
  facet normal 0.793348 0.608768 0
    outer loop
      vertex -1.14906 39.0358 5
      vertex -1.22871 39.1396 0
      vertex -1.22871 39.1396 5
    endloop
  endfacet
  facet normal 0.793348 0.608768 0
    outer loop
      vertex -1.22871 39.1396 0
      vertex -1.14906 39.0358 5
      vertex -1.14906 39.0358 0
    endloop
  endfacet
  facet normal 0.843435 0.537231 0
    outer loop
      vertex -1.22871 39.1396 5
      vertex -1.29903 39.25 0
      vertex -1.29903 39.25 5
    endloop
  endfacet
  facet normal 0.843435 0.537231 0
    outer loop
      vertex -1.29903 39.25 0
      vertex -1.22871 39.1396 5
      vertex -1.22871 39.1396 0
    endloop
  endfacet
  facet normal 0.887067 0.461641 0
    outer loop
      vertex -1.29903 39.25 5
      vertex -1.35945 39.3661 0
      vertex -1.35945 39.3661 5
    endloop
  endfacet
  facet normal 0.887067 0.461641 0
    outer loop
      vertex -1.35945 39.3661 0
      vertex -1.29903 39.25 5
      vertex -1.29903 39.25 0
    endloop
  endfacet
  facet normal 0.923875 0.382694 0
    outer loop
      vertex -1.35945 39.3661 5
      vertex -1.40953 39.487 0
      vertex -1.40953 39.487 5
    endloop
  endfacet
  facet normal 0.923875 0.382694 0
    outer loop
      vertex -1.40953 39.487 0
      vertex -1.35945 39.3661 5
      vertex -1.35945 39.3661 0
    endloop
  endfacet
  facet normal 0.953715 0.300711 0
    outer loop
      vertex -1.40953 39.487 5
      vertex -1.44888 39.6118 0
      vertex -1.44888 39.6118 5
    endloop
  endfacet
  facet normal 0.953715 0.300711 0
    outer loop
      vertex -1.44888 39.6118 0
      vertex -1.40953 39.487 5
      vertex -1.40953 39.487 0
    endloop
  endfacet
  facet normal 0.976281 0.21651 0
    outer loop
      vertex -1.44888 39.6118 5
      vertex -1.4772 39.7395 0
      vertex -1.4772 39.7395 5
    endloop
  endfacet
  facet normal 0.976281 0.21651 0
    outer loop
      vertex -1.4772 39.7395 0
      vertex -1.44888 39.6118 5
      vertex -1.44888 39.6118 0
    endloop
  endfacet
  facet normal 0.991453 0.130462 0
    outer loop
      vertex -1.4772 39.7395 5
      vertex -1.49428 39.8693 0
      vertex -1.49428 39.8693 5
    endloop
  endfacet
  facet normal 0.991453 0.130462 0
    outer loop
      vertex -1.49428 39.8693 0
      vertex -1.4772 39.7395 5
      vertex -1.4772 39.7395 0
    endloop
  endfacet
  facet normal 0.999044 0.0437225 0
    outer loop
      vertex -1.49428 39.8693 5
      vertex -1.5 40 0
      vertex -1.5 40 5
    endloop
  endfacet
  facet normal 0.999044 0.0437225 0
    outer loop
      vertex -1.5 40 0
      vertex -1.49428 39.8693 5
      vertex -1.49428 39.8693 0
    endloop
  endfacet
  facet normal 0.999044 -0.0437225 0
    outer loop
      vertex -1.5 40 5
      vertex -1.49428 40.1307 0
      vertex -1.49428 40.1307 5
    endloop
  endfacet
  facet normal 0.999044 -0.0437225 0
    outer loop
      vertex -1.49428 40.1307 0
      vertex -1.5 40 5
      vertex -1.5 40 0
    endloop
  endfacet
  facet normal 0.991453 -0.130462 0
    outer loop
      vertex -1.49428 40.1307 5
      vertex -1.4772 40.2605 0
      vertex -1.4772 40.2605 5
    endloop
  endfacet
  facet normal 0.991453 -0.130462 0
    outer loop
      vertex -1.4772 40.2605 0
      vertex -1.49428 40.1307 5
      vertex -1.49428 40.1307 0
    endloop
  endfacet
  facet normal 0.976281 -0.21651 0
    outer loop
      vertex -1.4772 40.2605 5
      vertex -1.44888 40.3882 0
      vertex -1.44888 40.3882 5
    endloop
  endfacet
  facet normal 0.976281 -0.21651 0
    outer loop
      vertex -1.44888 40.3882 0
      vertex -1.4772 40.2605 5
      vertex -1.4772 40.2605 0
    endloop
  endfacet
  facet normal 0.953715 -0.300711 0
    outer loop
      vertex -1.44888 40.3882 5
      vertex -1.40953 40.513 0
      vertex -1.40953 40.513 5
    endloop
  endfacet
  facet normal 0.953715 -0.300711 0
    outer loop
      vertex -1.40953 40.513 0
      vertex -1.44888 40.3882 5
      vertex -1.44888 40.3882 0
    endloop
  endfacet
  facet normal 0.923875 -0.382694 0
    outer loop
      vertex -1.40953 40.513 5
      vertex -1.35945 40.6339 0
      vertex -1.35945 40.6339 5
    endloop
  endfacet
  facet normal 0.923875 -0.382694 0
    outer loop
      vertex -1.35945 40.6339 0
      vertex -1.40953 40.513 5
      vertex -1.40953 40.513 0
    endloop
  endfacet
  facet normal 0.887067 -0.461641 0
    outer loop
      vertex -1.35945 40.6339 5
      vertex -1.29903 40.75 0
      vertex -1.29903 40.75 5
    endloop
  endfacet
  facet normal 0.887067 -0.461641 0
    outer loop
      vertex -1.29903 40.75 0
      vertex -1.35945 40.6339 5
      vertex -1.35945 40.6339 0
    endloop
  endfacet
  facet normal 0.843435 -0.537231 0
    outer loop
      vertex -1.29903 40.75 5
      vertex -1.22871 40.8604 0
      vertex -1.22871 40.8604 5
    endloop
  endfacet
  facet normal 0.843435 -0.537231 0
    outer loop
      vertex -1.22871 40.8604 0
      vertex -1.29903 40.75 5
      vertex -1.29903 40.75 0
    endloop
  endfacet
  facet normal 0.793348 -0.608768 0
    outer loop
      vertex -1.22871 40.8604 5
      vertex -1.14906 40.9642 0
      vertex -1.14906 40.9642 5
    endloop
  endfacet
  facet normal 0.793348 -0.608768 0
    outer loop
      vertex -1.14906 40.9642 0
      vertex -1.22871 40.8604 5
      vertex -1.22871 40.8604 0
    endloop
  endfacet
  facet normal 0.737338 -0.675524 0
    outer loop
      vertex -1.14906 40.9642 5
      vertex -1.06065 41.0607 0
      vertex -1.06065 41.0607 5
    endloop
  endfacet
  facet normal 0.737338 -0.675524 0
    outer loop
      vertex -1.06065 41.0607 0
      vertex -1.14906 40.9642 5
      vertex -1.14906 40.9642 0
    endloop
  endfacet
  facet normal 0.675566 -0.737299 0
    outer loop
      vertex -1.06065 41.0607 0
      vertex -0.964172 41.1491 5
      vertex -1.06065 41.0607 5
    endloop
  endfacet
  facet normal 0.675566 -0.737299 0
    outer loop
      vertex -0.964172 41.1491 5
      vertex -1.06065 41.0607 0
      vertex -0.964172 41.1491 0
    endloop
  endfacet
  facet normal 0.608454 -0.793589 0
    outer loop
      vertex -0.964172 41.1491 0
      vertex -0.860352 41.2287 5
      vertex -0.964172 41.1491 5
    endloop
  endfacet
  facet normal 0.608454 -0.793589 0
    outer loop
      vertex -0.860352 41.2287 5
      vertex -0.964172 41.1491 0
      vertex -0.860352 41.2287 0
    endloop
  endfacet
  facet normal 0.537289 -0.843398 0
    outer loop
      vertex -0.860352 41.2287 0
      vertex -0.75 41.299 5
      vertex -0.860352 41.2287 5
    endloop
  endfacet
  facet normal 0.537289 -0.843398 0
    outer loop
      vertex -0.75 41.299 5
      vertex -0.860352 41.2287 0
      vertex -0.75 41.299 0
    endloop
  endfacet
  facet normal 0.462204 -0.886774 0
    outer loop
      vertex -0.75 41.299 0
      vertex -0.633926 41.3595 5
      vertex -0.75 41.299 5
    endloop
  endfacet
  facet normal 0.462204 -0.886774 0
    outer loop
      vertex -0.633926 41.3595 5
      vertex -0.75 41.299 0
      vertex -0.633926 41.3595 0
    endloop
  endfacet
  facet normal 0.382145 -0.924102 0
    outer loop
      vertex -0.633926 41.3595 0
      vertex -0.513016 41.4095 5
      vertex -0.633926 41.3595 5
    endloop
  endfacet
  facet normal 0.382145 -0.924102 0
    outer loop
      vertex -0.513016 41.4095 5
      vertex -0.633926 41.3595 0
      vertex -0.513016 41.4095 0
    endloop
  endfacet
  facet normal 0.301054 -0.953607 0
    outer loop
      vertex -0.513016 41.4095 0
      vertex -0.388214 41.4489 5
      vertex -0.513016 41.4095 5
    endloop
  endfacet
  facet normal 0.301054 -0.953607 0
    outer loop
      vertex -0.388214 41.4489 5
      vertex -0.513016 41.4095 0
      vertex -0.388214 41.4489 0
    endloop
  endfacet
  facet normal 0.21629 -0.976329 0
    outer loop
      vertex -0.388214 41.4489 0
      vertex -0.260468 41.4772 5
      vertex -0.388214 41.4489 5
    endloop
  endfacet
  facet normal 0.21629 -0.976329 0
    outer loop
      vertex -0.260468 41.4772 5
      vertex -0.388214 41.4489 0
      vertex -0.260468 41.4772 0
    endloop
  endfacet
  facet normal 0.130666 -0.991426 0
    outer loop
      vertex -0.260468 41.4772 0
      vertex -0.130722 41.4943 5
      vertex -0.260468 41.4772 5
    endloop
  endfacet
  facet normal 0.130666 -0.991426 0
    outer loop
      vertex -0.130722 41.4943 5
      vertex -0.260468 41.4772 0
      vertex -0.130722 41.4943 0
    endloop
  endfacet
  facet normal 0.0435626 -0.999051 0
    outer loop
      vertex -0.130722 41.4943 0
      vertex 0 41.5 5
      vertex -0.130722 41.4943 5
    endloop
  endfacet
  facet normal 0.0435626 -0.999051 0
    outer loop
      vertex 0 41.5 5
      vertex -0.130722 41.4943 0
      vertex 0 41.5 0
    endloop
  endfacet
  facet normal -0.0435626 -0.999051 0
    outer loop
      vertex 0 41.5 0
      vertex 0.130722 41.4943 5
      vertex 0 41.5 5
    endloop
  endfacet
  facet normal -0.0435626 -0.999051 -0
    outer loop
      vertex 0.130722 41.4943 5
      vertex 0 41.5 0
      vertex 0.130722 41.4943 0
    endloop
  endfacet
  facet normal -0.130666 -0.991426 0
    outer loop
      vertex 0.130722 41.4943 0
      vertex 0.260468 41.4772 5
      vertex 0.130722 41.4943 5
    endloop
  endfacet
  facet normal -0.130666 -0.991426 -0
    outer loop
      vertex 0.260468 41.4772 5
      vertex 0.130722 41.4943 0
      vertex 0.260468 41.4772 0
    endloop
  endfacet
  facet normal -0.21629 -0.976329 0
    outer loop
      vertex 0.260468 41.4772 0
      vertex 0.388214 41.4489 5
      vertex 0.260468 41.4772 5
    endloop
  endfacet
  facet normal -0.21629 -0.976329 -0
    outer loop
      vertex 0.388214 41.4489 5
      vertex 0.260468 41.4772 0
      vertex 0.388214 41.4489 0
    endloop
  endfacet
  facet normal -0.301054 -0.953607 0
    outer loop
      vertex 0.388214 41.4489 0
      vertex 0.513016 41.4095 5
      vertex 0.388214 41.4489 5
    endloop
  endfacet
  facet normal -0.301054 -0.953607 -0
    outer loop
      vertex 0.513016 41.4095 5
      vertex 0.388214 41.4489 0
      vertex 0.513016 41.4095 0
    endloop
  endfacet
  facet normal -0.382145 -0.924102 0
    outer loop
      vertex 0.513016 41.4095 0
      vertex 0.633926 41.3595 5
      vertex 0.513016 41.4095 5
    endloop
  endfacet
  facet normal -0.382145 -0.924102 -0
    outer loop
      vertex 0.633926 41.3595 5
      vertex 0.513016 41.4095 0
      vertex 0.633926 41.3595 0
    endloop
  endfacet
  facet normal -0.462204 -0.886774 0
    outer loop
      vertex 0.633926 41.3595 0
      vertex 0.75 41.299 5
      vertex 0.633926 41.3595 5
    endloop
  endfacet
  facet normal -0.462204 -0.886774 -0
    outer loop
      vertex 0.75 41.299 5
      vertex 0.633926 41.3595 0
      vertex 0.75 41.299 0
    endloop
  endfacet
  facet normal -0.537289 -0.843398 0
    outer loop
      vertex 0.75 41.299 0
      vertex 0.860352 41.2287 5
      vertex 0.75 41.299 5
    endloop
  endfacet
  facet normal -0.537289 -0.843398 -0
    outer loop
      vertex 0.860352 41.2287 5
      vertex 0.75 41.299 0
      vertex 0.860352 41.2287 0
    endloop
  endfacet
  facet normal -0.608454 -0.793589 0
    outer loop
      vertex 0.860352 41.2287 0
      vertex 0.964172 41.1491 5
      vertex 0.860352 41.2287 5
    endloop
  endfacet
  facet normal -0.608454 -0.793589 -0
    outer loop
      vertex 0.964172 41.1491 5
      vertex 0.860352 41.2287 0
      vertex 0.964172 41.1491 0
    endloop
  endfacet
  facet normal -0.675566 -0.737299 0
    outer loop
      vertex 0.964172 41.1491 0
      vertex 1.06065 41.0607 5
      vertex 0.964172 41.1491 5
    endloop
  endfacet
  facet normal -0.675566 -0.737299 -0
    outer loop
      vertex 1.06065 41.0607 5
      vertex 0.964172 41.1491 0
      vertex 1.06065 41.0607 0
    endloop
  endfacet
  facet normal -0.737338 -0.675524 0
    outer loop
      vertex 1.14906 40.9642 0
      vertex 1.06065 41.0607 5
      vertex 1.06065 41.0607 0
    endloop
  endfacet
  facet normal -0.737338 -0.675524 0
    outer loop
      vertex 1.06065 41.0607 5
      vertex 1.14906 40.9642 0
      vertex 1.14906 40.9642 5
    endloop
  endfacet
  facet normal -0.793348 -0.608768 0
    outer loop
      vertex 1.22871 40.8604 0
      vertex 1.14906 40.9642 5
      vertex 1.14906 40.9642 0
    endloop
  endfacet
  facet normal -0.793348 -0.608768 0
    outer loop
      vertex 1.14906 40.9642 5
      vertex 1.22871 40.8604 0
      vertex 1.22871 40.8604 5
    endloop
  endfacet
  facet normal -0.843435 -0.537231 0
    outer loop
      vertex 1.29903 40.75 0
      vertex 1.22871 40.8604 5
      vertex 1.22871 40.8604 0
    endloop
  endfacet
  facet normal -0.843435 -0.537231 0
    outer loop
      vertex 1.22871 40.8604 5
      vertex 1.29903 40.75 0
      vertex 1.29903 40.75 5
    endloop
  endfacet
  facet normal -0.887067 -0.461641 0
    outer loop
      vertex 1.35945 40.6339 0
      vertex 1.29903 40.75 5
      vertex 1.29903 40.75 0
    endloop
  endfacet
  facet normal -0.887067 -0.461641 0
    outer loop
      vertex 1.29903 40.75 5
      vertex 1.35945 40.6339 0
      vertex 1.35945 40.6339 5
    endloop
  endfacet
  facet normal -0.923875 -0.382694 0
    outer loop
      vertex 1.40953 40.513 0
      vertex 1.35945 40.6339 5
      vertex 1.35945 40.6339 0
    endloop
  endfacet
  facet normal -0.923875 -0.382694 0
    outer loop
      vertex 1.35945 40.6339 5
      vertex 1.40953 40.513 0
      vertex 1.40953 40.513 5
    endloop
  endfacet
  facet normal -0.953715 -0.300711 0
    outer loop
      vertex 1.44888 40.3882 0
      vertex 1.40953 40.513 5
      vertex 1.40953 40.513 0
    endloop
  endfacet
  facet normal -0.953715 -0.300711 0
    outer loop
      vertex 1.40953 40.513 5
      vertex 1.44888 40.3882 0
      vertex 1.44888 40.3882 5
    endloop
  endfacet
  facet normal -0.976281 -0.21651 0
    outer loop
      vertex 1.4772 40.2605 0
      vertex 1.44888 40.3882 5
      vertex 1.44888 40.3882 0
    endloop
  endfacet
  facet normal -0.976281 -0.21651 0
    outer loop
      vertex 1.44888 40.3882 5
      vertex 1.4772 40.2605 0
      vertex 1.4772 40.2605 5
    endloop
  endfacet
  facet normal -0.991453 -0.130462 0
    outer loop
      vertex 1.49428 40.1307 0
      vertex 1.4772 40.2605 5
      vertex 1.4772 40.2605 0
    endloop
  endfacet
  facet normal -0.991453 -0.130462 0
    outer loop
      vertex 1.4772 40.2605 5
      vertex 1.49428 40.1307 0
      vertex 1.49428 40.1307 5
    endloop
  endfacet
  facet normal -0.999044 -0.0437225 0
    outer loop
      vertex 1.5 40 0
      vertex 1.49428 40.1307 5
      vertex 1.49428 40.1307 0
    endloop
  endfacet
  facet normal -0.999044 -0.0437225 0
    outer loop
      vertex 1.49428 40.1307 5
      vertex 1.5 40 0
      vertex 1.5 40 5
    endloop
  endfacet
  facet normal -0.999044 0.0437225 0
    outer loop
      vertex 1.49428 39.8693 0
      vertex 1.5 40 5
      vertex 1.5 40 0
    endloop
  endfacet
  facet normal -0.999044 0.0437225 0
    outer loop
      vertex 1.5 40 5
      vertex 1.49428 39.8693 0
      vertex 1.49428 39.8693 5
    endloop
  endfacet
  facet normal -0.991453 0.130462 0
    outer loop
      vertex 1.4772 39.7395 0
      vertex 1.49428 39.8693 5
      vertex 1.49428 39.8693 0
    endloop
  endfacet
  facet normal -0.991453 0.130462 0
    outer loop
      vertex 1.49428 39.8693 5
      vertex 1.4772 39.7395 0
      vertex 1.4772 39.7395 5
    endloop
  endfacet
  facet normal -0.976281 0.21651 0
    outer loop
      vertex 1.44888 39.6118 0
      vertex 1.4772 39.7395 5
      vertex 1.4772 39.7395 0
    endloop
  endfacet
  facet normal -0.976281 0.21651 0
    outer loop
      vertex 1.4772 39.7395 5
      vertex 1.44888 39.6118 0
      vertex 1.44888 39.6118 5
    endloop
  endfacet
  facet normal -0.953715 0.300711 0
    outer loop
      vertex 1.40953 39.487 0
      vertex 1.44888 39.6118 5
      vertex 1.44888 39.6118 0
    endloop
  endfacet
  facet normal -0.953715 0.300711 0
    outer loop
      vertex 1.44888 39.6118 5
      vertex 1.40953 39.487 0
      vertex 1.40953 39.487 5
    endloop
  endfacet
  facet normal -0.923875 0.382694 0
    outer loop
      vertex 1.35945 39.3661 0
      vertex 1.40953 39.487 5
      vertex 1.40953 39.487 0
    endloop
  endfacet
  facet normal -0.923875 0.382694 0
    outer loop
      vertex 1.40953 39.487 5
      vertex 1.35945 39.3661 0
      vertex 1.35945 39.3661 5
    endloop
  endfacet
  facet normal -0.887067 0.461641 0
    outer loop
      vertex 1.29903 39.25 0
      vertex 1.35945 39.3661 5
      vertex 1.35945 39.3661 0
    endloop
  endfacet
  facet normal -0.887067 0.461641 0
    outer loop
      vertex 1.35945 39.3661 5
      vertex 1.29903 39.25 0
      vertex 1.29903 39.25 5
    endloop
  endfacet
  facet normal -0.843435 0.537231 0
    outer loop
      vertex 1.22871 39.1396 0
      vertex 1.29903 39.25 5
      vertex 1.29903 39.25 0
    endloop
  endfacet
  facet normal -0.843435 0.537231 0
    outer loop
      vertex 1.29903 39.25 5
      vertex 1.22871 39.1396 0
      vertex 1.22871 39.1396 5
    endloop
  endfacet
  facet normal -0.793348 0.608768 0
    outer loop
      vertex 1.14906 39.0358 0
      vertex 1.22871 39.1396 5
      vertex 1.22871 39.1396 0
    endloop
  endfacet
  facet normal -0.793348 0.608768 0
    outer loop
      vertex 1.22871 39.1396 5
      vertex 1.14906 39.0358 0
      vertex 1.14906 39.0358 5
    endloop
  endfacet
  facet normal -0.737338 0.675524 0
    outer loop
      vertex 1.06065 38.9393 0
      vertex 1.14906 39.0358 5
      vertex 1.14906 39.0358 0
    endloop
  endfacet
  facet normal -0.737338 0.675524 0
    outer loop
      vertex 1.14906 39.0358 5
      vertex 1.06065 38.9393 0
      vertex 1.06065 38.9393 5
    endloop
  endfacet
  facet normal -0.675566 0.737299 0
    outer loop
      vertex 1.06065 38.9393 0
      vertex 0.964172 38.8509 5
      vertex 1.06065 38.9393 5
    endloop
  endfacet
  facet normal -0.675566 0.737299 0
    outer loop
      vertex 0.964172 38.8509 5
      vertex 1.06065 38.9393 0
      vertex 0.964172 38.8509 0
    endloop
  endfacet
  facet normal -0.608454 0.793589 0
    outer loop
      vertex 0.964172 38.8509 0
      vertex 0.860352 38.7713 5
      vertex 0.964172 38.8509 5
    endloop
  endfacet
  facet normal -0.608454 0.793589 0
    outer loop
      vertex 0.860352 38.7713 5
      vertex 0.964172 38.8509 0
      vertex 0.860352 38.7713 0
    endloop
  endfacet
  facet normal -0.537289 0.843398 0
    outer loop
      vertex 0.860352 38.7713 0
      vertex 0.75 38.701 5
      vertex 0.860352 38.7713 5
    endloop
  endfacet
  facet normal -0.537289 0.843398 0
    outer loop
      vertex 0.75 38.701 5
      vertex 0.860352 38.7713 0
      vertex 0.75 38.701 0
    endloop
  endfacet
  facet normal -0.462204 0.886774 0
    outer loop
      vertex 0.75 38.701 0
      vertex 0.633926 38.6405 5
      vertex 0.75 38.701 5
    endloop
  endfacet
  facet normal -0.462204 0.886774 0
    outer loop
      vertex 0.633926 38.6405 5
      vertex 0.75 38.701 0
      vertex 0.633926 38.6405 0
    endloop
  endfacet
  facet normal -0.382145 0.924102 0
    outer loop
      vertex 0.633926 38.6405 0
      vertex 0.513016 38.5905 5
      vertex 0.633926 38.6405 5
    endloop
  endfacet
  facet normal -0.382145 0.924102 0
    outer loop
      vertex 0.513016 38.5905 5
      vertex 0.633926 38.6405 0
      vertex 0.513016 38.5905 0
    endloop
  endfacet
  facet normal -0.301054 0.953607 0
    outer loop
      vertex 0.513016 38.5905 0
      vertex 0.388214 38.5511 5
      vertex 0.513016 38.5905 5
    endloop
  endfacet
  facet normal -0.301054 0.953607 0
    outer loop
      vertex 0.388214 38.5511 5
      vertex 0.513016 38.5905 0
      vertex 0.388214 38.5511 0
    endloop
  endfacet
  facet normal -0.21629 0.976329 0
    outer loop
      vertex 0.388214 38.5511 0
      vertex 0.260468 38.5228 5
      vertex 0.388214 38.5511 5
    endloop
  endfacet
  facet normal -0.21629 0.976329 0
    outer loop
      vertex 0.260468 38.5228 5
      vertex 0.388214 38.5511 0
      vertex 0.260468 38.5228 0
    endloop
  endfacet
  facet normal -0.130666 0.991426 0
    outer loop
      vertex 0.260468 38.5228 0
      vertex 0.130722 38.5057 5
      vertex 0.260468 38.5228 5
    endloop
  endfacet
  facet normal -0.130666 0.991426 0
    outer loop
      vertex 0.130722 38.5057 5
      vertex 0.260468 38.5228 0
      vertex 0.130722 38.5057 0
    endloop
  endfacet
  facet normal -0.0435626 0.999051 0
    outer loop
      vertex 0.130722 38.5057 0
      vertex 0 38.5 5
      vertex 0.130722 38.5057 5
    endloop
  endfacet
  facet normal -0.0435626 0.999051 0
    outer loop
      vertex 0 38.5 5
      vertex 0.130722 38.5057 0
      vertex 0 38.5 0
    endloop
  endfacet
  facet normal 0.0435626 0.999051 -0
    outer loop
      vertex 0 38.5 0
      vertex -0.130722 38.5057 5
      vertex 0 38.5 5
    endloop
  endfacet
  facet normal 0.0435626 0.999051 0
    outer loop
      vertex -0.130722 38.5057 5
      vertex 0 38.5 0
      vertex -0.130722 38.5057 0
    endloop
  endfacet
  facet normal 0.130347 0.991468 -0
    outer loop
      vertex -0.152512 20.2567 0
      vertex -0.303879 20.2766 5
      vertex -0.152512 20.2567 5
    endloop
  endfacet
  facet normal 0.130347 0.991468 0
    outer loop
      vertex -0.303879 20.2766 5
      vertex -0.152512 20.2567 0
      vertex -0.303879 20.2766 0
    endloop
  endfacet
  facet normal 0.21617 0.976356 -0
    outer loop
      vertex -0.303879 20.2766 0
      vertex -0.452927 20.3096 5
      vertex -0.303879 20.2766 5
    endloop
  endfacet
  facet normal 0.21617 0.976356 0
    outer loop
      vertex -0.452927 20.3096 5
      vertex -0.303879 20.2766 0
      vertex -0.452927 20.3096 0
    endloop
  endfacet
  facet normal 0.300663 0.95373 -0
    outer loop
      vertex -0.452927 20.3096 0
      vertex -0.598526 20.3555 5
      vertex -0.452927 20.3096 5
    endloop
  endfacet
  facet normal 0.300663 0.95373 0
    outer loop
      vertex -0.598526 20.3555 5
      vertex -0.452927 20.3096 0
      vertex -0.598526 20.3555 0
    endloop
  endfacet
  facet normal 0.383099 0.923707 -0
    outer loop
      vertex -0.598526 20.3555 0
      vertex -0.739578 20.414 5
      vertex -0.598526 20.3555 5
    endloop
  endfacet
  facet normal 0.383099 0.923707 0
    outer loop
      vertex -0.739578 20.414 5
      vertex -0.598526 20.3555 0
      vertex -0.739578 20.414 0
    endloop
  endfacet
  facet normal 0.461768 0.887001 -0
    outer loop
      vertex -0.739578 20.414 0
      vertex -0.875 20.4845 5
      vertex -0.739578 20.414 5
    endloop
  endfacet
  facet normal 0.461768 0.887001 0
    outer loop
      vertex -0.875 20.4845 5
      vertex -0.739578 20.414 0
      vertex -0.875 20.4845 0
    endloop
  endfacet
  facet normal 0.537193 0.843459 -0
    outer loop
      vertex -0.875 20.4845 0
      vertex -1.00375 20.5665 5
      vertex -0.875 20.4845 5
    endloop
  endfacet
  facet normal 0.537193 0.843459 0
    outer loop
      vertex -1.00375 20.5665 5
      vertex -0.875 20.4845 0
      vertex -1.00375 20.5665 0
    endloop
  endfacet
  facet normal 0.60857 0.7935 -0
    outer loop
      vertex -1.00375 20.5665 0
      vertex -1.12488 20.6594 5
      vertex -1.00375 20.5665 5
    endloop
  endfacet
  facet normal 0.60857 0.7935 0
    outer loop
      vertex -1.12488 20.6594 5
      vertex -1.00375 20.5665 0
      vertex -1.12488 20.6594 0
    endloop
  endfacet
  facet normal 0.675828 0.737059 -0
    outer loop
      vertex -1.12488 20.6594 0
      vertex -1.23743 20.7626 5
      vertex -1.12488 20.6594 5
    endloop
  endfacet
  facet normal 0.675828 0.737059 0
    outer loop
      vertex -1.23743 20.7626 5
      vertex -1.12488 20.6594 0
      vertex -1.23743 20.7626 0
    endloop
  endfacet
  facet normal 0.737073 0.675814 0
    outer loop
      vertex -1.23743 20.7626 5
      vertex -1.34058 20.8751 0
      vertex -1.34058 20.8751 5
    endloop
  endfacet
  facet normal 0.737073 0.675814 0
    outer loop
      vertex -1.34058 20.8751 0
      vertex -1.23743 20.7626 5
      vertex -1.23743 20.7626 0
    endloop
  endfacet
  facet normal 0.793364 0.608748 0
    outer loop
      vertex -1.34058 20.8751 5
      vertex -1.4335 20.9962 0
      vertex -1.4335 20.9962 5
    endloop
  endfacet
  facet normal 0.793364 0.608748 0
    outer loop
      vertex -1.4335 20.9962 0
      vertex -1.34058 20.8751 5
      vertex -1.34058 20.8751 0
    endloop
  endfacet
  facet normal 0.843465 0.537185 0
    outer loop
      vertex -1.4335 20.9962 5
      vertex -1.51553 21.125 0
      vertex -1.51553 21.125 5
    endloop
  endfacet
  facet normal 0.843465 0.537185 0
    outer loop
      vertex -1.51553 21.125 0
      vertex -1.4335 20.9962 5
      vertex -1.4335 20.9962 0
    endloop
  endfacet
  facet normal 0.88697 0.461827 0
    outer loop
      vertex -1.51553 21.125 5
      vertex -1.58603 21.2604 0
      vertex -1.58603 21.2604 5
    endloop
  endfacet
  facet normal 0.88697 0.461827 0
    outer loop
      vertex -1.58603 21.2604 0
      vertex -1.51553 21.125 5
      vertex -1.51553 21.125 0
    endloop
  endfacet
  facet normal 0.923939 0.382541 0
    outer loop
      vertex -1.58603 21.2604 5
      vertex -1.64445 21.4015 0
      vertex -1.64445 21.4015 5
    endloop
  endfacet
  facet normal 0.923939 0.382541 0
    outer loop
      vertex -1.64445 21.4015 0
      vertex -1.58603 21.2604 5
      vertex -1.58603 21.2604 0
    endloop
  endfacet
  facet normal 0.953693 0.30078 0
    outer loop
      vertex -1.64445 21.4015 5
      vertex -1.69037 21.5471 0
      vertex -1.69037 21.5471 5
    endloop
  endfacet
  facet normal 0.953693 0.30078 0
    outer loop
      vertex -1.69037 21.5471 0
      vertex -1.64445 21.4015 5
      vertex -1.64445 21.4015 0
    endloop
  endfacet
  facet normal 0.976299 0.216424 0
    outer loop
      vertex -1.69037 21.5471 5
      vertex -1.7234 21.6961 0
      vertex -1.7234 21.6961 5
    endloop
  endfacet
  facet normal 0.976299 0.216424 0
    outer loop
      vertex -1.7234 21.6961 0
      vertex -1.69037 21.5471 5
      vertex -1.69037 21.5471 0
    endloop
  endfacet
  facet normal 0.991447 0.130512 0
    outer loop
      vertex -1.7234 21.6961 5
      vertex -1.74333 21.8475 0
      vertex -1.74333 21.8475 5
    endloop
  endfacet
  facet normal 0.991447 0.130512 0
    outer loop
      vertex -1.74333 21.8475 0
      vertex -1.7234 21.6961 5
      vertex -1.7234 21.6961 0
    endloop
  endfacet
  facet normal 0.999045 0.0436959 0
    outer loop
      vertex -1.74333 21.8475 5
      vertex -1.75 22 0
      vertex -1.75 22 5
    endloop
  endfacet
  facet normal 0.999045 0.0436959 0
    outer loop
      vertex -1.75 22 0
      vertex -1.74333 21.8475 5
      vertex -1.74333 21.8475 0
    endloop
  endfacet
  facet normal 0.999045 -0.0436959 0
    outer loop
      vertex -1.75 22 5
      vertex -1.74333 22.1525 0
      vertex -1.74333 22.1525 5
    endloop
  endfacet
  facet normal 0.999045 -0.0436959 0
    outer loop
      vertex -1.74333 22.1525 0
      vertex -1.75 22 5
      vertex -1.75 22 0
    endloop
  endfacet
  facet normal 0.991447 -0.130512 0
    outer loop
      vertex -1.74333 22.1525 5
      vertex -1.7234 22.3039 0
      vertex -1.7234 22.3039 5
    endloop
  endfacet
  facet normal 0.991447 -0.130512 0
    outer loop
      vertex -1.7234 22.3039 0
      vertex -1.74333 22.1525 5
      vertex -1.74333 22.1525 0
    endloop
  endfacet
  facet normal 0.976299 -0.216424 0
    outer loop
      vertex -1.7234 22.3039 5
      vertex -1.69037 22.4529 0
      vertex -1.69037 22.4529 5
    endloop
  endfacet
  facet normal 0.976299 -0.216424 0
    outer loop
      vertex -1.69037 22.4529 0
      vertex -1.7234 22.3039 5
      vertex -1.7234 22.3039 0
    endloop
  endfacet
  facet normal 0.953693 -0.30078 0
    outer loop
      vertex -1.69037 22.4529 5
      vertex -1.64445 22.5985 0
      vertex -1.64445 22.5985 5
    endloop
  endfacet
  facet normal 0.953693 -0.30078 0
    outer loop
      vertex -1.64445 22.5985 0
      vertex -1.69037 22.4529 5
      vertex -1.69037 22.4529 0
    endloop
  endfacet
  facet normal 0.923939 -0.382541 0
    outer loop
      vertex -1.64445 22.5985 5
      vertex -1.58603 22.7396 0
      vertex -1.58603 22.7396 5
    endloop
  endfacet
  facet normal 0.923939 -0.382541 0
    outer loop
      vertex -1.58603 22.7396 0
      vertex -1.64445 22.5985 5
      vertex -1.64445 22.5985 0
    endloop
  endfacet
  facet normal 0.88697 -0.461827 0
    outer loop
      vertex -1.58603 22.7396 5
      vertex -1.51553 22.875 0
      vertex -1.51553 22.875 5
    endloop
  endfacet
  facet normal 0.88697 -0.461827 0
    outer loop
      vertex -1.51553 22.875 0
      vertex -1.58603 22.7396 5
      vertex -1.58603 22.7396 0
    endloop
  endfacet
  facet normal 0.843465 -0.537185 0
    outer loop
      vertex -1.51553 22.875 5
      vertex -1.4335 23.0038 0
      vertex -1.4335 23.0038 5
    endloop
  endfacet
  facet normal 0.843465 -0.537185 0
    outer loop
      vertex -1.4335 23.0038 0
      vertex -1.51553 22.875 5
      vertex -1.51553 22.875 0
    endloop
  endfacet
  facet normal 0.793364 -0.608748 0
    outer loop
      vertex -1.4335 23.0038 5
      vertex -1.34058 23.1249 0
      vertex -1.34058 23.1249 5
    endloop
  endfacet
  facet normal 0.793364 -0.608748 0
    outer loop
      vertex -1.34058 23.1249 0
      vertex -1.4335 23.0038 5
      vertex -1.4335 23.0038 0
    endloop
  endfacet
  facet normal 0.737073 -0.675814 0
    outer loop
      vertex -1.34058 23.1249 5
      vertex -1.23743 23.2374 0
      vertex -1.23743 23.2374 5
    endloop
  endfacet
  facet normal 0.737073 -0.675814 0
    outer loop
      vertex -1.23743 23.2374 0
      vertex -1.34058 23.1249 5
      vertex -1.34058 23.1249 0
    endloop
  endfacet
  facet normal 0.675828 -0.737059 0
    outer loop
      vertex -1.23743 23.2374 0
      vertex -1.12488 23.3406 5
      vertex -1.23743 23.2374 5
    endloop
  endfacet
  facet normal 0.675828 -0.737059 0
    outer loop
      vertex -1.12488 23.3406 5
      vertex -1.23743 23.2374 0
      vertex -1.12488 23.3406 0
    endloop
  endfacet
  facet normal 0.60857 -0.7935 0
    outer loop
      vertex -1.12488 23.3406 0
      vertex -1.00375 23.4335 5
      vertex -1.12488 23.3406 5
    endloop
  endfacet
  facet normal 0.60857 -0.7935 0
    outer loop
      vertex -1.00375 23.4335 5
      vertex -1.12488 23.3406 0
      vertex -1.00375 23.4335 0
    endloop
  endfacet
  facet normal 0.537193 -0.843459 0
    outer loop
      vertex -1.00375 23.4335 0
      vertex -0.875 23.5155 5
      vertex -1.00375 23.4335 5
    endloop
  endfacet
  facet normal 0.537193 -0.843459 0
    outer loop
      vertex -0.875 23.5155 5
      vertex -1.00375 23.4335 0
      vertex -0.875 23.5155 0
    endloop
  endfacet
  facet normal 0.461768 -0.887001 0
    outer loop
      vertex -0.875 23.5155 0
      vertex -0.739578 23.586 5
      vertex -0.875 23.5155 5
    endloop
  endfacet
  facet normal 0.461768 -0.887001 0
    outer loop
      vertex -0.739578 23.586 5
      vertex -0.875 23.5155 0
      vertex -0.739578 23.586 0
    endloop
  endfacet
  facet normal 0.383099 -0.923707 0
    outer loop
      vertex -0.739578 23.586 0
      vertex -0.598526 23.6445 5
      vertex -0.739578 23.586 5
    endloop
  endfacet
  facet normal 0.383099 -0.923707 0
    outer loop
      vertex -0.598526 23.6445 5
      vertex -0.739578 23.586 0
      vertex -0.598526 23.6445 0
    endloop
  endfacet
  facet normal 0.300663 -0.95373 0
    outer loop
      vertex -0.598526 23.6445 0
      vertex -0.452927 23.6904 5
      vertex -0.598526 23.6445 5
    endloop
  endfacet
  facet normal 0.300663 -0.95373 0
    outer loop
      vertex -0.452927 23.6904 5
      vertex -0.598526 23.6445 0
      vertex -0.452927 23.6904 0
    endloop
  endfacet
  facet normal 0.21617 -0.976356 0
    outer loop
      vertex -0.452927 23.6904 0
      vertex -0.303879 23.7234 5
      vertex -0.452927 23.6904 5
    endloop
  endfacet
  facet normal 0.21617 -0.976356 0
    outer loop
      vertex -0.303879 23.7234 5
      vertex -0.452927 23.6904 0
      vertex -0.303879 23.7234 0
    endloop
  endfacet
  facet normal 0.130347 -0.991468 0
    outer loop
      vertex -0.303879 23.7234 0
      vertex -0.152512 23.7433 5
      vertex -0.303879 23.7234 5
    endloop
  endfacet
  facet normal 0.130347 -0.991468 0
    outer loop
      vertex -0.152512 23.7433 5
      vertex -0.303879 23.7234 0
      vertex -0.152512 23.7433 0
    endloop
  endfacet
  facet normal 0.0438886 -0.999036 0
    outer loop
      vertex -0.152512 23.7433 0
      vertex 0 23.75 5
      vertex -0.152512 23.7433 5
    endloop
  endfacet
  facet normal 0.0438886 -0.999036 0
    outer loop
      vertex 0 23.75 5
      vertex -0.152512 23.7433 0
      vertex 0 23.75 0
    endloop
  endfacet
  facet normal -0.0438886 -0.999036 0
    outer loop
      vertex 0 23.75 0
      vertex 0.152512 23.7433 5
      vertex 0 23.75 5
    endloop
  endfacet
  facet normal -0.0438886 -0.999036 -0
    outer loop
      vertex 0.152512 23.7433 5
      vertex 0 23.75 0
      vertex 0.152512 23.7433 0
    endloop
  endfacet
  facet normal -0.130347 -0.991468 0
    outer loop
      vertex 0.152512 23.7433 0
      vertex 0.303879 23.7234 5
      vertex 0.152512 23.7433 5
    endloop
  endfacet
  facet normal -0.130347 -0.991468 -0
    outer loop
      vertex 0.303879 23.7234 5
      vertex 0.152512 23.7433 0
      vertex 0.303879 23.7234 0
    endloop
  endfacet
  facet normal -0.21617 -0.976356 0
    outer loop
      vertex 0.303879 23.7234 0
      vertex 0.452927 23.6904 5
      vertex 0.303879 23.7234 5
    endloop
  endfacet
  facet normal -0.21617 -0.976356 -0
    outer loop
      vertex 0.452927 23.6904 5
      vertex 0.303879 23.7234 0
      vertex 0.452927 23.6904 0
    endloop
  endfacet
  facet normal -0.300663 -0.95373 0
    outer loop
      vertex 0.452927 23.6904 0
      vertex 0.598526 23.6445 5
      vertex 0.452927 23.6904 5
    endloop
  endfacet
  facet normal -0.300663 -0.95373 -0
    outer loop
      vertex 0.598526 23.6445 5
      vertex 0.452927 23.6904 0
      vertex 0.598526 23.6445 0
    endloop
  endfacet
  facet normal -0.383099 -0.923707 0
    outer loop
      vertex 0.598526 23.6445 0
      vertex 0.739578 23.586 5
      vertex 0.598526 23.6445 5
    endloop
  endfacet
  facet normal -0.383099 -0.923707 -0
    outer loop
      vertex 0.739578 23.586 5
      vertex 0.598526 23.6445 0
      vertex 0.739578 23.586 0
    endloop
  endfacet
  facet normal -0.461768 -0.887001 0
    outer loop
      vertex 0.739578 23.586 0
      vertex 0.875 23.5155 5
      vertex 0.739578 23.586 5
    endloop
  endfacet
  facet normal -0.461768 -0.887001 -0
    outer loop
      vertex 0.875 23.5155 5
      vertex 0.739578 23.586 0
      vertex 0.875 23.5155 0
    endloop
  endfacet
  facet normal -0.537193 -0.843459 0
    outer loop
      vertex 0.875 23.5155 0
      vertex 1.00375 23.4335 5
      vertex 0.875 23.5155 5
    endloop
  endfacet
  facet normal -0.537193 -0.843459 -0
    outer loop
      vertex 1.00375 23.4335 5
      vertex 0.875 23.5155 0
      vertex 1.00375 23.4335 0
    endloop
  endfacet
  facet normal -0.60857 -0.7935 0
    outer loop
      vertex 1.00375 23.4335 0
      vertex 1.12488 23.3406 5
      vertex 1.00375 23.4335 5
    endloop
  endfacet
  facet normal -0.60857 -0.7935 -0
    outer loop
      vertex 1.12488 23.3406 5
      vertex 1.00375 23.4335 0
      vertex 1.12488 23.3406 0
    endloop
  endfacet
  facet normal -0.675828 -0.737059 0
    outer loop
      vertex 1.12488 23.3406 0
      vertex 1.23743 23.2374 5
      vertex 1.12488 23.3406 5
    endloop
  endfacet
  facet normal -0.675828 -0.737059 -0
    outer loop
      vertex 1.23743 23.2374 5
      vertex 1.12488 23.3406 0
      vertex 1.23743 23.2374 0
    endloop
  endfacet
  facet normal -0.737073 -0.675814 0
    outer loop
      vertex 1.34058 23.1249 0
      vertex 1.23743 23.2374 5
      vertex 1.23743 23.2374 0
    endloop
  endfacet
  facet normal -0.737073 -0.675814 0
    outer loop
      vertex 1.23743 23.2374 5
      vertex 1.34058 23.1249 0
      vertex 1.34058 23.1249 5
    endloop
  endfacet
  facet normal -0.793364 -0.608748 0
    outer loop
      vertex 1.4335 23.0038 0
      vertex 1.34058 23.1249 5
      vertex 1.34058 23.1249 0
    endloop
  endfacet
  facet normal -0.793364 -0.608748 0
    outer loop
      vertex 1.34058 23.1249 5
      vertex 1.4335 23.0038 0
      vertex 1.4335 23.0038 5
    endloop
  endfacet
  facet normal -0.843465 -0.537185 0
    outer loop
      vertex 1.51553 22.875 0
      vertex 1.4335 23.0038 5
      vertex 1.4335 23.0038 0
    endloop
  endfacet
  facet normal -0.843465 -0.537185 0
    outer loop
      vertex 1.4335 23.0038 5
      vertex 1.51553 22.875 0
      vertex 1.51553 22.875 5
    endloop
  endfacet
  facet normal -0.88697 -0.461827 0
    outer loop
      vertex 1.58603 22.7396 0
      vertex 1.51553 22.875 5
      vertex 1.51553 22.875 0
    endloop
  endfacet
  facet normal -0.88697 -0.461827 0
    outer loop
      vertex 1.51553 22.875 5
      vertex 1.58603 22.7396 0
      vertex 1.58603 22.7396 5
    endloop
  endfacet
  facet normal -0.923939 -0.382541 0
    outer loop
      vertex 1.64445 22.5985 0
      vertex 1.58603 22.7396 5
      vertex 1.58603 22.7396 0
    endloop
  endfacet
  facet normal -0.923939 -0.382541 0
    outer loop
      vertex 1.58603 22.7396 5
      vertex 1.64445 22.5985 0
      vertex 1.64445 22.5985 5
    endloop
  endfacet
  facet normal -0.953693 -0.30078 0
    outer loop
      vertex 1.69037 22.4529 0
      vertex 1.64445 22.5985 5
      vertex 1.64445 22.5985 0
    endloop
  endfacet
  facet normal -0.953693 -0.30078 0
    outer loop
      vertex 1.64445 22.5985 5
      vertex 1.69037 22.4529 0
      vertex 1.69037 22.4529 5
    endloop
  endfacet
  facet normal -0.976299 -0.216424 0
    outer loop
      vertex 1.7234 22.3039 0
      vertex 1.69037 22.4529 5
      vertex 1.69037 22.4529 0
    endloop
  endfacet
  facet normal -0.976299 -0.216424 0
    outer loop
      vertex 1.69037 22.4529 5
      vertex 1.7234 22.3039 0
      vertex 1.7234 22.3039 5
    endloop
  endfacet
  facet normal -0.991447 -0.130512 0
    outer loop
      vertex 1.74333 22.1525 0
      vertex 1.7234 22.3039 5
      vertex 1.7234 22.3039 0
    endloop
  endfacet
  facet normal -0.991447 -0.130512 0
    outer loop
      vertex 1.7234 22.3039 5
      vertex 1.74333 22.1525 0
      vertex 1.74333 22.1525 5
    endloop
  endfacet
  facet normal -0.999045 -0.0436959 0
    outer loop
      vertex 1.75 22 0
      vertex 1.74333 22.1525 5
      vertex 1.74333 22.1525 0
    endloop
  endfacet
  facet normal -0.999045 -0.0436959 0
    outer loop
      vertex 1.74333 22.1525 5
      vertex 1.75 22 0
      vertex 1.75 22 5
    endloop
  endfacet
  facet normal -0.999045 0.0436959 0
    outer loop
      vertex 1.74333 21.8475 0
      vertex 1.75 22 5
      vertex 1.75 22 0
    endloop
  endfacet
  facet normal -0.999045 0.0436959 0
    outer loop
      vertex 1.75 22 5
      vertex 1.74333 21.8475 0
      vertex 1.74333 21.8475 5
    endloop
  endfacet
  facet normal -0.991447 0.130512 0
    outer loop
      vertex 1.7234 21.6961 0
      vertex 1.74333 21.8475 5
      vertex 1.74333 21.8475 0
    endloop
  endfacet
  facet normal -0.991447 0.130512 0
    outer loop
      vertex 1.74333 21.8475 5
      vertex 1.7234 21.6961 0
      vertex 1.7234 21.6961 5
    endloop
  endfacet
  facet normal -0.976299 0.216424 0
    outer loop
      vertex 1.69037 21.5471 0
      vertex 1.7234 21.6961 5
      vertex 1.7234 21.6961 0
    endloop
  endfacet
  facet normal -0.976299 0.216424 0
    outer loop
      vertex 1.7234 21.6961 5
      vertex 1.69037 21.5471 0
      vertex 1.69037 21.5471 5
    endloop
  endfacet
  facet normal -0.953693 0.30078 0
    outer loop
      vertex 1.64445 21.4015 0
      vertex 1.69037 21.5471 5
      vertex 1.69037 21.5471 0
    endloop
  endfacet
  facet normal -0.953693 0.30078 0
    outer loop
      vertex 1.69037 21.5471 5
      vertex 1.64445 21.4015 0
      vertex 1.64445 21.4015 5
    endloop
  endfacet
  facet normal -0.923939 0.382541 0
    outer loop
      vertex 1.58603 21.2604 0
      vertex 1.64445 21.4015 5
      vertex 1.64445 21.4015 0
    endloop
  endfacet
  facet normal -0.923939 0.382541 0
    outer loop
      vertex 1.64445 21.4015 5
      vertex 1.58603 21.2604 0
      vertex 1.58603 21.2604 5
    endloop
  endfacet
  facet normal -0.88697 0.461827 0
    outer loop
      vertex 1.51553 21.125 0
      vertex 1.58603 21.2604 5
      vertex 1.58603 21.2604 0
    endloop
  endfacet
  facet normal -0.88697 0.461827 0
    outer loop
      vertex 1.58603 21.2604 5
      vertex 1.51553 21.125 0
      vertex 1.51553 21.125 5
    endloop
  endfacet
  facet normal -0.843465 0.537185 0
    outer loop
      vertex 1.4335 20.9962 0
      vertex 1.51553 21.125 5
      vertex 1.51553 21.125 0
    endloop
  endfacet
  facet normal -0.843465 0.537185 0
    outer loop
      vertex 1.51553 21.125 5
      vertex 1.4335 20.9962 0
      vertex 1.4335 20.9962 5
    endloop
  endfacet
  facet normal -0.793364 0.608748 0
    outer loop
      vertex 1.34058 20.8751 0
      vertex 1.4335 20.9962 5
      vertex 1.4335 20.9962 0
    endloop
  endfacet
  facet normal -0.793364 0.608748 0
    outer loop
      vertex 1.4335 20.9962 5
      vertex 1.34058 20.8751 0
      vertex 1.34058 20.8751 5
    endloop
  endfacet
  facet normal -0.737073 0.675814 0
    outer loop
      vertex 1.23743 20.7626 0
      vertex 1.34058 20.8751 5
      vertex 1.34058 20.8751 0
    endloop
  endfacet
  facet normal -0.737073 0.675814 0
    outer loop
      vertex 1.34058 20.8751 5
      vertex 1.23743 20.7626 0
      vertex 1.23743 20.7626 5
    endloop
  endfacet
  facet normal -0.675828 0.737059 0
    outer loop
      vertex 1.23743 20.7626 0
      vertex 1.12488 20.6594 5
      vertex 1.23743 20.7626 5
    endloop
  endfacet
  facet normal -0.675828 0.737059 0
    outer loop
      vertex 1.12488 20.6594 5
      vertex 1.23743 20.7626 0
      vertex 1.12488 20.6594 0
    endloop
  endfacet
  facet normal -0.60857 0.7935 0
    outer loop
      vertex 1.12488 20.6594 0
      vertex 1.00375 20.5665 5
      vertex 1.12488 20.6594 5
    endloop
  endfacet
  facet normal -0.60857 0.7935 0
    outer loop
      vertex 1.00375 20.5665 5
      vertex 1.12488 20.6594 0
      vertex 1.00375 20.5665 0
    endloop
  endfacet
  facet normal -0.537193 0.843459 0
    outer loop
      vertex 1.00375 20.5665 0
      vertex 0.875 20.4845 5
      vertex 1.00375 20.5665 5
    endloop
  endfacet
  facet normal -0.537193 0.843459 0
    outer loop
      vertex 0.875 20.4845 5
      vertex 1.00375 20.5665 0
      vertex 0.875 20.4845 0
    endloop
  endfacet
  facet normal -0.461768 0.887001 0
    outer loop
      vertex 0.875 20.4845 0
      vertex 0.739578 20.414 5
      vertex 0.875 20.4845 5
    endloop
  endfacet
  facet normal -0.461768 0.887001 0
    outer loop
      vertex 0.739578 20.414 5
      vertex 0.875 20.4845 0
      vertex 0.739578 20.414 0
    endloop
  endfacet
  facet normal -0.383099 0.923707 0
    outer loop
      vertex 0.739578 20.414 0
      vertex 0.598526 20.3555 5
      vertex 0.739578 20.414 5
    endloop
  endfacet
  facet normal -0.383099 0.923707 0
    outer loop
      vertex 0.598526 20.3555 5
      vertex 0.739578 20.414 0
      vertex 0.598526 20.3555 0
    endloop
  endfacet
  facet normal -0.300663 0.95373 0
    outer loop
      vertex 0.598526 20.3555 0
      vertex 0.452927 20.3096 5
      vertex 0.598526 20.3555 5
    endloop
  endfacet
  facet normal -0.300663 0.95373 0
    outer loop
      vertex 0.452927 20.3096 5
      vertex 0.598526 20.3555 0
      vertex 0.452927 20.3096 0
    endloop
  endfacet
  facet normal -0.21617 0.976356 0
    outer loop
      vertex 0.452927 20.3096 0
      vertex 0.303879 20.2766 5
      vertex 0.452927 20.3096 5
    endloop
  endfacet
  facet normal -0.21617 0.976356 0
    outer loop
      vertex 0.303879 20.2766 5
      vertex 0.452927 20.3096 0
      vertex 0.303879 20.2766 0
    endloop
  endfacet
  facet normal -0.130347 0.991468 0
    outer loop
      vertex 0.303879 20.2766 0
      vertex 0.152512 20.2567 5
      vertex 0.303879 20.2766 5
    endloop
  endfacet
  facet normal -0.130347 0.991468 0
    outer loop
      vertex 0.152512 20.2567 5
      vertex 0.303879 20.2766 0
      vertex 0.152512 20.2567 0
    endloop
  endfacet
  facet normal -0.0438886 0.999036 0
    outer loop
      vertex 0.152512 20.2567 0
      vertex 0 20.25 5
      vertex 0.152512 20.2567 5
    endloop
  endfacet
  facet normal -0.0438886 0.999036 0
    outer loop
      vertex 0 20.25 5
      vertex 0.152512 20.2567 0
      vertex 0 20.25 0
    endloop
  endfacet
  facet normal 0.0438886 0.999036 -0
    outer loop
      vertex 0 20.25 0
      vertex -0.152512 20.2567 5
      vertex 0 20.25 5
    endloop
  endfacet
  facet normal 0.0438886 0.999036 0
    outer loop
      vertex -0.152512 20.2567 5
      vertex 0 20.25 0
      vertex -0.152512 20.2567 0
    endloop
  endfacet
  facet normal 0.130565 0.99144 -0
    outer loop
      vertex -0.35733 -4.0844 0
      vertex -0.711945 -4.0377 5
      vertex -0.35733 -4.0844 5
    endloop
  endfacet
  facet normal 0.130565 0.99144 0
    outer loop
      vertex -0.711945 -4.0377 5
      vertex -0.35733 -4.0844 0
      vertex -0.711945 -4.0377 0
    endloop
  endfacet
  facet normal 0.216442 0.976295 -0
    outer loop
      vertex -0.711945 -4.0377 0
      vertex -1.06116 -3.96028 5
      vertex -0.711945 -4.0377 5
    endloop
  endfacet
  facet normal 0.216442 0.976295 0
    outer loop
      vertex -1.06116 -3.96028 5
      vertex -0.711945 -4.0377 0
      vertex -1.06116 -3.96028 0
    endloop
  endfacet
  facet normal 0.300676 0.953726 -0
    outer loop
      vertex -1.06116 -3.96028 0
      vertex -1.40227 -3.85274 5
      vertex -1.06116 -3.96028 5
    endloop
  endfacet
  facet normal 0.300676 0.953726 0
    outer loop
      vertex -1.40227 -3.85274 5
      vertex -1.06116 -3.96028 0
      vertex -1.40227 -3.85274 0
    endloop
  endfacet
  facet normal 0.382705 0.923871 -0
    outer loop
      vertex -1.40227 -3.85274 0
      vertex -1.73273 -3.71585 5
      vertex -1.40227 -3.85274 5
    endloop
  endfacet
  facet normal 0.382705 0.923871 0
    outer loop
      vertex -1.73273 -3.71585 5
      vertex -1.40227 -3.85274 0
      vertex -1.73273 -3.71585 0
    endloop
  endfacet
  facet normal 0.461759 0.887005 -0
    outer loop
      vertex -1.73273 -3.71585 0
      vertex -2.04999 -3.55069 5
      vertex -1.73273 -3.71585 5
    endloop
  endfacet
  facet normal 0.461759 0.887005 0
    outer loop
      vertex -2.04999 -3.55069 5
      vertex -1.73273 -3.71585 0
      vertex -2.04999 -3.55069 0
    endloop
  endfacet
  facet normal 0.537282 0.843402 -0
    outer loop
      vertex -2.04999 -3.55069 0
      vertex -2.35165 -3.35852 5
      vertex -2.04999 -3.55069 5
    endloop
  endfacet
  facet normal 0.537282 0.843402 0
    outer loop
      vertex -2.35165 -3.35852 5
      vertex -2.04999 -3.55069 0
      vertex -2.35165 -3.35852 0
    endloop
  endfacet
  facet normal 0.608754 0.793359 -0
    outer loop
      vertex -2.35165 -3.35852 0
      vertex -2.63542 -3.14078 5
      vertex -2.35165 -3.35852 5
    endloop
  endfacet
  facet normal 0.608754 0.793359 0
    outer loop
      vertex -2.63542 -3.14078 5
      vertex -2.35165 -3.35852 0
      vertex -2.63542 -3.14078 0
    endloop
  endfacet
  facet normal 0.675626 0.737245 -0
    outer loop
      vertex -2.63542 -3.14078 0
      vertex -2.89912 -2.89912 5
      vertex -2.63542 -3.14078 5
    endloop
  endfacet
  facet normal 0.675626 0.737245 0
    outer loop
      vertex -2.89912 -2.89912 5
      vertex -2.63542 -3.14078 0
      vertex -2.89912 -2.89912 0
    endloop
  endfacet
  facet normal 0.737245 0.675626 0
    outer loop
      vertex -2.89912 -2.89912 5
      vertex -3.14078 -2.63542 0
      vertex -3.14078 -2.63542 5
    endloop
  endfacet
  facet normal 0.737245 0.675626 0
    outer loop
      vertex -3.14078 -2.63542 0
      vertex -2.89912 -2.89912 5
      vertex -2.89912 -2.89912 0
    endloop
  endfacet
  facet normal 0.793359 0.608754 0
    outer loop
      vertex -3.14078 -2.63542 5
      vertex -3.35852 -2.35165 0
      vertex -3.35852 -2.35165 5
    endloop
  endfacet
  facet normal 0.793359 0.608754 0
    outer loop
      vertex -3.35852 -2.35165 0
      vertex -3.14078 -2.63542 5
      vertex -3.14078 -2.63542 0
    endloop
  endfacet
  facet normal 0.843402 0.537282 0
    outer loop
      vertex -3.35852 -2.35165 5
      vertex -3.55069 -2.04999 0
      vertex -3.55069 -2.04999 5
    endloop
  endfacet
  facet normal 0.843402 0.537282 0
    outer loop
      vertex -3.55069 -2.04999 0
      vertex -3.35852 -2.35165 5
      vertex -3.35852 -2.35165 0
    endloop
  endfacet
  facet normal 0.887005 0.461759 0
    outer loop
      vertex -3.55069 -2.04999 5
      vertex -3.71585 -1.73273 0
      vertex -3.71585 -1.73273 5
    endloop
  endfacet
  facet normal 0.887005 0.461759 0
    outer loop
      vertex -3.71585 -1.73273 0
      vertex -3.55069 -2.04999 5
      vertex -3.55069 -2.04999 0
    endloop
  endfacet
  facet normal 0.923871 0.382705 0
    outer loop
      vertex -3.71585 -1.73273 5
      vertex -3.85274 -1.40227 0
      vertex -3.85274 -1.40227 5
    endloop
  endfacet
  facet normal 0.923871 0.382705 0
    outer loop
      vertex -3.85274 -1.40227 0
      vertex -3.71585 -1.73273 5
      vertex -3.71585 -1.73273 0
    endloop
  endfacet
  facet normal 0.953726 0.300676 0
    outer loop
      vertex -3.85274 -1.40227 5
      vertex -3.96028 -1.06116 3.33258
      vertex -3.96028 -1.06116 5
    endloop
  endfacet
  facet normal 0.953722 0.300689 2.80196e-06
    outer loop
      vertex -3.96028 -1.06116 3.33258
      vertex -3.85274 -1.40227 5
      vertex -3.94619 -1.10585 3.27433
    endloop
  endfacet
  facet normal 0.953726 0.300676 4.33375e-07
    outer loop
      vertex -3.94619 -1.10585 3.27433
      vertex -3.85274 -1.40227 5
      vertex -3.92624 -1.16913 3.175
    endloop
  endfacet
  facet normal 0.953715 0.300711 5.29251e-06
    outer loop
      vertex -3.92624 -1.16913 3.175
      vertex -3.85274 -1.40227 5
      vertex -3.90909 -1.22352 3.07053
    endloop
  endfacet
  facet normal 0.953707 0.300739 8.1261e-06
    outer loop
      vertex -3.90909 -1.22352 3.07053
      vertex -3.85274 -1.40227 5
      vertex -3.89488 -1.26858 2.96173
    endloop
  endfacet
  facet normal 0.953772 0.300532 -6.76301e-06
    outer loop
      vertex -3.89488 -1.26858 2.96173
      vertex -3.85274 -1.40227 5
      vertex -3.88372 -1.304 2.84941
    endloop
  endfacet
  facet normal 0.953692 0.300785 5.92248e-06
    outer loop
      vertex -3.88372 -1.304 2.84941
      vertex -3.85274 -1.40227 5
      vertex -3.87568 -1.32949 2.73442
    endloop
  endfacet
  facet normal 0.953741 0.30063 -1.49586e-06
    outer loop
      vertex -3.87084 -1.34486 2.61766
      vertex -3.85274 -1.40227 5
      vertex -3.86922 -1.35 2.5
    endloop
  endfacet
  facet normal 0.95381 0.30041 -7.32315e-06
    outer loop
      vertex -3.87568 -1.32949 2.73442
      vertex -3.85274 -1.40227 5
      vertex -3.87084 -1.34486 2.61766
    endloop
  endfacet
  facet normal 0.953722 0.300689 -2.80196e-06
    outer loop
      vertex -3.85274 -1.40227 0
      vertex -3.96028 -1.06116 1.66742
      vertex -3.94619 -1.10585 1.72567
    endloop
  endfacet
  facet normal 0.953726 0.300676 -4.33375e-07
    outer loop
      vertex -3.85274 -1.40227 0
      vertex -3.94619 -1.10585 1.72567
      vertex -3.92624 -1.16913 1.825
    endloop
  endfacet
  facet normal 0.953715 0.300711 -5.29251e-06
    outer loop
      vertex -3.85274 -1.40227 0
      vertex -3.92624 -1.16913 1.825
      vertex -3.90909 -1.22352 1.92947
    endloop
  endfacet
  facet normal 0.953707 0.300739 -8.1261e-06
    outer loop
      vertex -3.85274 -1.40227 0
      vertex -3.90909 -1.22352 1.92947
      vertex -3.89488 -1.26858 2.03827
    endloop
  endfacet
  facet normal 0.953772 0.300532 6.76301e-06
    outer loop
      vertex -3.85274 -1.40227 0
      vertex -3.89488 -1.26858 2.03827
      vertex -3.88372 -1.304 2.15059
    endloop
  endfacet
  facet normal 0.953692 0.300785 -5.92257e-06
    outer loop
      vertex -3.85274 -1.40227 0
      vertex -3.88372 -1.304 2.15059
      vertex -3.87568 -1.32949 2.26557
    endloop
  endfacet
  facet normal 0.95381 0.30041 7.32306e-06
    outer loop
      vertex -3.85274 -1.40227 0
      vertex -3.87568 -1.32949 2.26557
      vertex -3.87084 -1.34486 2.38234
    endloop
  endfacet
  facet normal 0.953726 0.300676 0
    outer loop
      vertex -3.96028 -1.06116 1.66742
      vertex -3.85274 -1.40227 0
      vertex -3.96028 -1.06116 0
    endloop
  endfacet
  facet normal 0.953741 0.30063 1.49586e-06
    outer loop
      vertex -3.86922 -1.35 2.5
      vertex -3.85274 -1.40227 0
      vertex -3.87084 -1.34486 2.38234
    endloop
  endfacet
  facet normal 0.95372 0.300695 -0
    outer loop
      vertex -3.85274 -1.40227 0
      vertex -3.86922 -1.35 2.5
      vertex -3.85274 -1.40227 5
    endloop
  endfacet
  facet normal 0.976295 0.216443 -2.87922e-07
    outer loop
      vertex -3.96028 -1.06116 0
      vertex -4.0377 -0.711945 1.3544
      vertex -4.02387 -0.774327 1.39414
    endloop
  endfacet
  facet normal 0.976304 0.216403 8.31001e-06
    outer loop
      vertex -3.96028 -1.06116 0
      vertex -4.02387 -0.774327 1.39414
      vertex -4.00316 -0.867763 1.46584
    endloop
  endfacet
  facet normal 0.976295 0.216442 2.88114e-06
    outer loop
      vertex -3.96028 -1.06116 0
      vertex -4.00316 -0.867763 1.46584
      vertex -3.98391 -0.954594 1.54541
    endloop
  endfacet
  facet normal 0.976294 0.21645 2.36543e-06
    outer loop
      vertex -3.96028 -1.06116 0
      vertex -3.98391 -0.954594 1.54541
      vertex -3.96627 -1.03416 1.63224
    endloop
  endfacet
  facet normal 0.976264 0.216586 -0
    outer loop
      vertex -3.96028 -1.06116 0
      vertex -3.96627 -1.03416 1.63224
      vertex -3.96028 -1.06116 1.66742
    endloop
  endfacet
  facet normal 0.976295 0.216442 0
    outer loop
      vertex -4.0377 -0.711945 1.3544
      vertex -3.96028 -1.06116 0
      vertex -4.0377 -0.711945 0
    endloop
  endfacet
  facet normal 0.976295 0.216442 0
    outer loop
      vertex -3.96028 -1.06116 5
      vertex -4.0377 -0.711945 3.6456
      vertex -4.0377 -0.711945 5
    endloop
  endfacet
  facet normal 0.976295 0.216443 2.87912e-07
    outer loop
      vertex -4.0377 -0.711945 3.6456
      vertex -3.96028 -1.06116 5
      vertex -4.02387 -0.774327 3.60585
    endloop
  endfacet
  facet normal 0.976304 0.216403 -8.31012e-06
    outer loop
      vertex -4.02387 -0.774327 3.60585
      vertex -3.96028 -1.06116 5
      vertex -4.00316 -0.867763 3.53416
    endloop
  endfacet
  facet normal 0.976295 0.216442 -2.88114e-06
    outer loop
      vertex -4.00316 -0.867763 3.53416
      vertex -3.96028 -1.06116 5
      vertex -3.98391 -0.954594 3.45459
    endloop
  endfacet
  facet normal 0.976294 0.21645 -2.36543e-06
    outer loop
      vertex -3.98391 -0.954594 3.45459
      vertex -3.96028 -1.06116 5
      vertex -3.96627 -1.03416 3.36776
    endloop
  endfacet
  facet normal 0.976264 0.216586 0
    outer loop
      vertex -3.96627 -1.03416 3.36776
      vertex -3.96028 -1.06116 5
      vertex -3.96028 -1.06116 3.33258
    endloop
  endfacet
  facet normal 0.991438 0.13058 -4.46723e-06
    outer loop
      vertex -4.0377 -0.711945 0
      vertex -4.0844 -0.35733 1.1985
      vertex -4.07065 -0.461727 1.23141
    endloop
  endfacet
  facet normal 0.991439 0.130572 -2.95725e-06
    outer loop
      vertex -4.0377 -0.711945 0
      vertex -4.07065 -0.461727 1.23141
      vertex -4.05632 -0.570534 1.27648
    endloop
  endfacet
  facet normal 0.991448 0.1305 5.18123e-06
    outer loop
      vertex -4.0377 -0.711945 0
      vertex -4.05632 -0.570534 1.27648
      vertex -4.04257 -0.674999 1.33086
    endloop
  endfacet
  facet normal 0.991424 0.130684 -0
    outer loop
      vertex -4.0377 -0.711945 0
      vertex -4.04257 -0.674999 1.33086
      vertex -4.0377 -0.711945 1.3544
    endloop
  endfacet
  facet normal 0.99144 0.130565 0
    outer loop
      vertex -4.0844 -0.35733 1.1985
      vertex -4.0377 -0.711945 0
      vertex -4.0844 -0.35733 0
    endloop
  endfacet
  facet normal 0.99144 0.130565 0
    outer loop
      vertex -4.0377 -0.711945 5
      vertex -4.0844 -0.35733 3.8015
      vertex -4.0844 -0.35733 5
    endloop
  endfacet
  facet normal 0.991438 0.13058 4.46711e-06
    outer loop
      vertex -4.0844 -0.35733 3.8015
      vertex -4.0377 -0.711945 5
      vertex -4.07065 -0.461727 3.76858
    endloop
  endfacet
  facet normal 0.991439 0.130572 2.95728e-06
    outer loop
      vertex -4.07065 -0.461727 3.76858
      vertex -4.0377 -0.711945 5
      vertex -4.05632 -0.570534 3.72352
    endloop
  endfacet
  facet normal 0.991448 0.1305 -5.18118e-06
    outer loop
      vertex -4.05632 -0.570534 3.72352
      vertex -4.0377 -0.711945 5
      vertex -4.04257 -0.674999 3.66913
    endloop
  endfacet
  facet normal 0.991424 0.130684 0
    outer loop
      vertex -4.04257 -0.674999 3.66913
      vertex -4.0377 -0.711945 5
      vertex -4.0377 -0.711945 3.6456
    endloop
  endfacet
  facet normal 0.999051 0.0435588 0
    outer loop
      vertex -4.09486 -0.11766 1.15514
      vertex -4.09999 0 0
      vertex -4.09999 0 1.15
    endloop
  endfacet
  facet normal 0.999048 0.043635 -6.8863e-06
    outer loop
      vertex -4.0844 -0.35733 0
      vertex -4.09486 -0.11766 1.15514
      vertex -4.08976 -0.234425 1.17051
    endloop
  endfacet
  facet normal 0.999048 0.0436171 -5.00764e-06
    outer loop
      vertex -4.0844 -0.35733 0
      vertex -4.08976 -0.234425 1.17051
      vertex -4.08474 -0.349405 1.196
    endloop
  endfacet
  facet normal 0.999081 0.0428628 -0
    outer loop
      vertex -4.0844 -0.35733 0
      vertex -4.08474 -0.349405 1.196
      vertex -4.0844 -0.35733 1.1985
    endloop
  endfacet
  facet normal 0.99905 0.0435877 2.94439e-06
    outer loop
      vertex -4.09486 -0.11766 1.15514
      vertex -4.0844 -0.35733 0
      vertex -4.09999 0 0
    endloop
  endfacet
  facet normal 0.999051 0.0435588 0
    outer loop
      vertex -4.09999 0 5
      vertex -4.09486 -0.11766 3.84486
      vertex -4.09999 0 3.85
    endloop
  endfacet
  facet normal 0.99905 0.0435877 -2.94439e-06
    outer loop
      vertex -4.0844 -0.35733 5
      vertex -4.09486 -0.11766 3.84486
      vertex -4.09999 0 5
    endloop
  endfacet
  facet normal 0.999048 0.043635 6.8863e-06
    outer loop
      vertex -4.09486 -0.11766 3.84486
      vertex -4.0844 -0.35733 5
      vertex -4.08976 -0.234425 3.82949
    endloop
  endfacet
  facet normal 0.999048 0.0436171 5.00764e-06
    outer loop
      vertex -4.08976 -0.234425 3.82949
      vertex -4.0844 -0.35733 5
      vertex -4.08474 -0.349405 3.804
    endloop
  endfacet
  facet normal 0.999081 0.0428628 0
    outer loop
      vertex -4.08474 -0.349405 3.804
      vertex -4.0844 -0.35733 5
      vertex -4.0844 -0.35733 3.8015
    endloop
  endfacet
  facet normal 0.999081 -0.0428628 0
    outer loop
      vertex -4.08474 0.349405 1.196
      vertex -4.0844 0.35733 0
      vertex -4.0844 0.35733 1.1985
    endloop
  endfacet
  facet normal 0.999048 -0.0436171 -5.00764e-06
    outer loop
      vertex -4.08976 0.234425 1.17051
      vertex -4.0844 0.35733 0
      vertex -4.08474 0.349405 1.196
    endloop
  endfacet
  facet normal 0.999048 -0.043635 -6.8863e-06
    outer loop
      vertex -4.09486 0.11766 1.15514
      vertex -4.0844 0.35733 0
      vertex -4.08976 0.234425 1.17051
    endloop
  endfacet
  facet normal 0.999051 -0.0435588 0
    outer loop
      vertex -4.09999 0 0
      vertex -4.09486 0.11766 1.15514
      vertex -4.09999 0 1.15
    endloop
  endfacet
  facet normal 0.99905 -0.0435877 2.94439e-06
    outer loop
      vertex -4.09486 0.11766 1.15514
      vertex -4.09999 0 0
      vertex -4.0844 0.35733 0
    endloop
  endfacet
  facet normal 0.999081 -0.0428628 0
    outer loop
      vertex -4.0844 0.35733 5
      vertex -4.08474 0.349405 3.804
      vertex -4.0844 0.35733 3.8015
    endloop
  endfacet
  facet normal 0.999048 -0.0436171 5.00764e-06
    outer loop
      vertex -4.0844 0.35733 5
      vertex -4.08976 0.234425 3.82949
      vertex -4.08474 0.349405 3.804
    endloop
  endfacet
  facet normal 0.999048 -0.043635 6.8863e-06
    outer loop
      vertex -4.0844 0.35733 5
      vertex -4.09486 0.11766 3.84486
      vertex -4.08976 0.234425 3.82949
    endloop
  endfacet
  facet normal 0.99905 -0.0435877 -2.94439e-06
    outer loop
      vertex -4.09999 0 5
      vertex -4.09486 0.11766 3.84486
      vertex -4.0844 0.35733 5
    endloop
  endfacet
  facet normal 0.999051 -0.0435588 0
    outer loop
      vertex -4.09486 0.11766 3.84486
      vertex -4.09999 0 5
      vertex -4.09999 0 3.85
    endloop
  endfacet
  facet normal 0.991424 -0.130684 0
    outer loop
      vertex -4.04257 0.674999 1.33086
      vertex -4.0377 0.711945 0
      vertex -4.0377 0.711945 1.3544
    endloop
  endfacet
  facet normal 0.991448 -0.1305 5.18123e-06
    outer loop
      vertex -4.05632 0.570534 1.27648
      vertex -4.0377 0.711945 0
      vertex -4.04257 0.674999 1.33086
    endloop
  endfacet
  facet normal 0.991439 -0.130572 -2.95725e-06
    outer loop
      vertex -4.07065 0.461727 1.23141
      vertex -4.0377 0.711945 0
      vertex -4.05632 0.570534 1.27648
    endloop
  endfacet
  facet normal 0.991438 -0.13058 -4.46723e-06
    outer loop
      vertex -4.0844 0.35733 1.1985
      vertex -4.0377 0.711945 0
      vertex -4.07065 0.461727 1.23141
    endloop
  endfacet
  facet normal 0.99144 -0.130565 0
    outer loop
      vertex -4.0377 0.711945 0
      vertex -4.0844 0.35733 1.1985
      vertex -4.0844 0.35733 0
    endloop
  endfacet
  facet normal 0.991424 -0.130684 0
    outer loop
      vertex -4.0377 0.711945 5
      vertex -4.04257 0.674999 3.66913
      vertex -4.0377 0.711945 3.6456
    endloop
  endfacet
  facet normal 0.991448 -0.1305 -5.18118e-06
    outer loop
      vertex -4.0377 0.711945 5
      vertex -4.05632 0.570534 3.72352
      vertex -4.04257 0.674999 3.66913
    endloop
  endfacet
  facet normal 0.991439 -0.130572 2.95728e-06
    outer loop
      vertex -4.0377 0.711945 5
      vertex -4.07065 0.461727 3.76858
      vertex -4.05632 0.570534 3.72352
    endloop
  endfacet
  facet normal 0.99144 -0.130565 0
    outer loop
      vertex -4.0844 0.35733 3.8015
      vertex -4.0377 0.711945 5
      vertex -4.0844 0.35733 5
    endloop
  endfacet
  facet normal 0.991438 -0.13058 4.46711e-06
    outer loop
      vertex -4.0377 0.711945 5
      vertex -4.0844 0.35733 3.8015
      vertex -4.07065 0.461727 3.76858
    endloop
  endfacet
  facet normal 0.976264 -0.216586 0
    outer loop
      vertex -3.96627 1.03416 1.63224
      vertex -3.96028 1.06116 0
      vertex -3.96028 1.06116 1.66742
    endloop
  endfacet
  facet normal 0.976294 -0.21645 2.36543e-06
    outer loop
      vertex -3.98391 0.954594 1.54541
      vertex -3.96028 1.06116 0
      vertex -3.96627 1.03416 1.63224
    endloop
  endfacet
  facet normal 0.976295 -0.216442 2.88114e-06
    outer loop
      vertex -4.00316 0.867763 1.46584
      vertex -3.96028 1.06116 0
      vertex -3.98391 0.954594 1.54541
    endloop
  endfacet
  facet normal 0.976304 -0.216403 8.31001e-06
    outer loop
      vertex -4.02387 0.774327 1.39414
      vertex -3.96028 1.06116 0
      vertex -4.00316 0.867763 1.46584
    endloop
  endfacet
  facet normal 0.976295 -0.216443 -2.87922e-07
    outer loop
      vertex -4.0377 0.711945 1.3544
      vertex -3.96028 1.06116 0
      vertex -4.02387 0.774327 1.39414
    endloop
  endfacet
  facet normal 0.976295 -0.216442 0
    outer loop
      vertex -3.96028 1.06116 0
      vertex -4.0377 0.711945 1.3544
      vertex -4.0377 0.711945 0
    endloop
  endfacet
  facet normal 0.976264 -0.216586 0
    outer loop
      vertex -3.96028 1.06116 5
      vertex -3.96627 1.03416 3.36776
      vertex -3.96028 1.06116 3.33258
    endloop
  endfacet
  facet normal 0.976294 -0.21645 -2.36543e-06
    outer loop
      vertex -3.96028 1.06116 5
      vertex -3.98391 0.954594 3.45459
      vertex -3.96627 1.03416 3.36776
    endloop
  endfacet
  facet normal 0.976295 -0.216442 -2.88114e-06
    outer loop
      vertex -3.96028 1.06116 5
      vertex -4.00316 0.867763 3.53416
      vertex -3.98391 0.954594 3.45459
    endloop
  endfacet
  facet normal 0.976304 -0.216403 -8.31012e-06
    outer loop
      vertex -3.96028 1.06116 5
      vertex -4.02387 0.774327 3.60585
      vertex -4.00316 0.867763 3.53416
    endloop
  endfacet
  facet normal 0.976295 -0.216442 0
    outer loop
      vertex -4.0377 0.711945 3.6456
      vertex -3.96028 1.06116 5
      vertex -4.0377 0.711945 5
    endloop
  endfacet
  facet normal 0.976295 -0.216443 2.87912e-07
    outer loop
      vertex -3.96028 1.06116 5
      vertex -4.0377 0.711945 3.6456
      vertex -4.02387 0.774327 3.60585
    endloop
  endfacet
  facet normal 0.95372 -0.300695 0
    outer loop
      vertex -3.85274 1.40227 5
      vertex -3.86922 1.35 2.5
      vertex -3.85274 1.40227 0
    endloop
  endfacet
  facet normal 0.953741 -0.30063 -1.49586e-06
    outer loop
      vertex -3.85274 1.40227 5
      vertex -3.87084 1.34486 2.61766
      vertex -3.86922 1.35 2.5
    endloop
  endfacet
  facet normal 0.95381 -0.30041 -7.32315e-06
    outer loop
      vertex -3.85274 1.40227 5
      vertex -3.87568 1.32949 2.73442
      vertex -3.87084 1.34486 2.61766
    endloop
  endfacet
  facet normal 0.953692 -0.300785 5.92248e-06
    outer loop
      vertex -3.85274 1.40227 5
      vertex -3.88372 1.304 2.84941
      vertex -3.87568 1.32949 2.73442
    endloop
  endfacet
  facet normal 0.953772 -0.300532 -6.76301e-06
    outer loop
      vertex -3.85274 1.40227 5
      vertex -3.89488 1.26858 2.96173
      vertex -3.88372 1.304 2.84941
    endloop
  endfacet
  facet normal 0.953707 -0.300739 8.1261e-06
    outer loop
      vertex -3.85274 1.40227 5
      vertex -3.90909 1.22352 3.07053
      vertex -3.89488 1.26858 2.96173
    endloop
  endfacet
  facet normal 0.953715 -0.300711 5.29251e-06
    outer loop
      vertex -3.85274 1.40227 5
      vertex -3.92624 1.16913 3.175
      vertex -3.90909 1.22352 3.07053
    endloop
  endfacet
  facet normal 0.953726 -0.300676 4.33375e-07
    outer loop
      vertex -3.85274 1.40227 5
      vertex -3.94619 1.10585 3.27433
      vertex -3.92624 1.16913 3.175
    endloop
  endfacet
  facet normal 0.953726 -0.300676 0
    outer loop
      vertex -3.96028 1.06116 3.33258
      vertex -3.85274 1.40227 5
      vertex -3.96028 1.06116 5
    endloop
  endfacet
  facet normal 0.953722 -0.300689 2.80196e-06
    outer loop
      vertex -3.85274 1.40227 5
      vertex -3.96028 1.06116 3.33258
      vertex -3.94619 1.10585 3.27433
    endloop
  endfacet
  facet normal 0.953741 -0.30063 1.49586e-06
    outer loop
      vertex -3.87084 1.34486 2.38234
      vertex -3.85274 1.40227 0
      vertex -3.86922 1.35 2.5
    endloop
  endfacet
  facet normal 0.95381 -0.30041 7.32306e-06
    outer loop
      vertex -3.87568 1.32949 2.26557
      vertex -3.85274 1.40227 0
      vertex -3.87084 1.34486 2.38234
    endloop
  endfacet
  facet normal 0.953692 -0.300785 -5.92257e-06
    outer loop
      vertex -3.88372 1.304 2.15059
      vertex -3.85274 1.40227 0
      vertex -3.87568 1.32949 2.26557
    endloop
  endfacet
  facet normal 0.953772 -0.300532 6.76301e-06
    outer loop
      vertex -3.89488 1.26858 2.03827
      vertex -3.85274 1.40227 0
      vertex -3.88372 1.304 2.15059
    endloop
  endfacet
  facet normal 0.953707 -0.300739 -8.1261e-06
    outer loop
      vertex -3.90909 1.22352 1.92947
      vertex -3.85274 1.40227 0
      vertex -3.89488 1.26858 2.03827
    endloop
  endfacet
  facet normal 0.953715 -0.300711 -5.29251e-06
    outer loop
      vertex -3.92624 1.16913 1.825
      vertex -3.85274 1.40227 0
      vertex -3.90909 1.22352 1.92947
    endloop
  endfacet
  facet normal 0.953726 -0.300676 -4.33375e-07
    outer loop
      vertex -3.94619 1.10585 1.72567
      vertex -3.85274 1.40227 0
      vertex -3.92624 1.16913 1.825
    endloop
  endfacet
  facet normal 0.953722 -0.300689 -2.80196e-06
    outer loop
      vertex -3.96028 1.06116 1.66742
      vertex -3.85274 1.40227 0
      vertex -3.94619 1.10585 1.72567
    endloop
  endfacet
  facet normal 0.953726 -0.300676 0
    outer loop
      vertex -3.85274 1.40227 0
      vertex -3.96028 1.06116 1.66742
      vertex -3.96028 1.06116 0
    endloop
  endfacet
  facet normal 0.923871 -0.382705 0
    outer loop
      vertex -3.85274 1.40227 5
      vertex -3.71585 1.73273 0
      vertex -3.71585 1.73273 5
    endloop
  endfacet
  facet normal 0.923871 -0.382705 0
    outer loop
      vertex -3.71585 1.73273 0
      vertex -3.85274 1.40227 5
      vertex -3.85274 1.40227 0
    endloop
  endfacet
  facet normal 0.887005 -0.461759 0
    outer loop
      vertex -3.71585 1.73273 5
      vertex -3.55069 2.04999 0
      vertex -3.55069 2.04999 5
    endloop
  endfacet
  facet normal 0.887005 -0.461759 0
    outer loop
      vertex -3.55069 2.04999 0
      vertex -3.71585 1.73273 5
      vertex -3.71585 1.73273 0
    endloop
  endfacet
  facet normal 0.843402 -0.537282 0
    outer loop
      vertex -3.55069 2.04999 5
      vertex -3.35852 2.35165 0
      vertex -3.35852 2.35165 5
    endloop
  endfacet
  facet normal 0.843402 -0.537282 0
    outer loop
      vertex -3.35852 2.35165 0
      vertex -3.55069 2.04999 5
      vertex -3.55069 2.04999 0
    endloop
  endfacet
  facet normal 0.793359 -0.608754 0
    outer loop
      vertex -3.35852 2.35165 5
      vertex -3.14078 2.63542 0
      vertex -3.14078 2.63542 5
    endloop
  endfacet
  facet normal 0.793359 -0.608754 0
    outer loop
      vertex -3.14078 2.63542 0
      vertex -3.35852 2.35165 5
      vertex -3.35852 2.35165 0
    endloop
  endfacet
  facet normal 0.737245 -0.675626 0
    outer loop
      vertex -3.14078 2.63542 5
      vertex -2.89912 2.89912 0
      vertex -2.89912 2.89912 5
    endloop
  endfacet
  facet normal 0.737245 -0.675626 0
    outer loop
      vertex -2.89912 2.89912 0
      vertex -3.14078 2.63542 5
      vertex -3.14078 2.63542 0
    endloop
  endfacet
  facet normal 0.675626 -0.737245 0
    outer loop
      vertex -2.89912 2.89912 0
      vertex -2.63542 3.14078 5
      vertex -2.89912 2.89912 5
    endloop
  endfacet
  facet normal 0.675626 -0.737245 0
    outer loop
      vertex -2.63542 3.14078 5
      vertex -2.89912 2.89912 0
      vertex -2.63542 3.14078 0
    endloop
  endfacet
  facet normal 0.608754 -0.793359 0
    outer loop
      vertex -2.63542 3.14078 0
      vertex -2.35165 3.35852 5
      vertex -2.63542 3.14078 5
    endloop
  endfacet
  facet normal 0.608754 -0.793359 0
    outer loop
      vertex -2.35165 3.35852 5
      vertex -2.63542 3.14078 0
      vertex -2.35165 3.35852 0
    endloop
  endfacet
  facet normal 0.537282 -0.843402 0
    outer loop
      vertex -2.35165 3.35852 0
      vertex -2.04999 3.55069 5
      vertex -2.35165 3.35852 5
    endloop
  endfacet
  facet normal 0.537282 -0.843402 0
    outer loop
      vertex -2.04999 3.55069 5
      vertex -2.35165 3.35852 0
      vertex -2.04999 3.55069 0
    endloop
  endfacet
  facet normal 0.461759 -0.887005 0
    outer loop
      vertex -2.04999 3.55069 0
      vertex -1.73273 3.71585 5
      vertex -2.04999 3.55069 5
    endloop
  endfacet
  facet normal 0.461759 -0.887005 0
    outer loop
      vertex -1.73273 3.71585 5
      vertex -2.04999 3.55069 0
      vertex -1.73273 3.71585 0
    endloop
  endfacet
  facet normal 0.382705 -0.923871 0
    outer loop
      vertex -1.73273 3.71585 0
      vertex -1.40227 3.85274 5
      vertex -1.73273 3.71585 5
    endloop
  endfacet
  facet normal 0.382705 -0.923871 0
    outer loop
      vertex -1.40227 3.85274 5
      vertex -1.73273 3.71585 0
      vertex -1.40227 3.85274 0
    endloop
  endfacet
  facet normal 0.300676 -0.953726 0
    outer loop
      vertex -1.40227 3.85274 0
      vertex -1.06116 3.96028 5
      vertex -1.40227 3.85274 5
    endloop
  endfacet
  facet normal 0.300676 -0.953726 0
    outer loop
      vertex -1.06116 3.96028 5
      vertex -1.40227 3.85274 0
      vertex -1.06116 3.96028 0
    endloop
  endfacet
  facet normal 0.216442 -0.976295 0
    outer loop
      vertex -1.06116 3.96028 0
      vertex -0.711945 4.0377 5
      vertex -1.06116 3.96028 5
    endloop
  endfacet
  facet normal 0.216442 -0.976295 0
    outer loop
      vertex -0.711945 4.0377 5
      vertex -1.06116 3.96028 0
      vertex -0.711945 4.0377 0
    endloop
  endfacet
  facet normal 0.130565 -0.99144 0
    outer loop
      vertex -0.711945 4.0377 0
      vertex -0.35733 4.0844 5
      vertex -0.711945 4.0377 5
    endloop
  endfacet
  facet normal 0.130565 -0.99144 0
    outer loop
      vertex -0.35733 4.0844 5
      vertex -0.711945 4.0377 0
      vertex -0.35733 4.0844 0
    endloop
  endfacet
  facet normal 0.0435877 -0.99905 0
    outer loop
      vertex -0.35733 4.0844 0
      vertex 0 4.09999 5
      vertex -0.35733 4.0844 5
    endloop
  endfacet
  facet normal 0.0435877 -0.99905 0
    outer loop
      vertex 0 4.09999 5
      vertex -0.35733 4.0844 0
      vertex 0 4.09999 0
    endloop
  endfacet
  facet normal -0.0435877 -0.99905 0
    outer loop
      vertex 0 4.09999 0
      vertex 0.35733 4.0844 5
      vertex 0 4.09999 5
    endloop
  endfacet
  facet normal -0.0435877 -0.99905 -0
    outer loop
      vertex 0.35733 4.0844 5
      vertex 0 4.09999 0
      vertex 0.35733 4.0844 0
    endloop
  endfacet
  facet normal -0.130565 -0.99144 0
    outer loop
      vertex 0.35733 4.0844 0
      vertex 0.711945 4.0377 5
      vertex 0.35733 4.0844 5
    endloop
  endfacet
  facet normal -0.130565 -0.99144 -0
    outer loop
      vertex 0.711945 4.0377 5
      vertex 0.35733 4.0844 0
      vertex 0.711945 4.0377 0
    endloop
  endfacet
  facet normal -0.216442 -0.976295 0
    outer loop
      vertex 0.711945 4.0377 0
      vertex 1.06116 3.96028 5
      vertex 0.711945 4.0377 5
    endloop
  endfacet
  facet normal -0.216442 -0.976295 -0
    outer loop
      vertex 1.06116 3.96028 5
      vertex 0.711945 4.0377 0
      vertex 1.06116 3.96028 0
    endloop
  endfacet
  facet normal -0.300676 -0.953726 0
    outer loop
      vertex 1.06116 3.96028 0
      vertex 1.40227 3.85274 5
      vertex 1.06116 3.96028 5
    endloop
  endfacet
  facet normal -0.300676 -0.953726 -0
    outer loop
      vertex 1.40227 3.85274 5
      vertex 1.06116 3.96028 0
      vertex 1.40227 3.85274 0
    endloop
  endfacet
  facet normal -0.382705 -0.923871 0
    outer loop
      vertex 1.40227 3.85274 0
      vertex 1.73273 3.71585 5
      vertex 1.40227 3.85274 5
    endloop
  endfacet
  facet normal -0.382705 -0.923871 -0
    outer loop
      vertex 1.73273 3.71585 5
      vertex 1.40227 3.85274 0
      vertex 1.73273 3.71585 0
    endloop
  endfacet
  facet normal -0.461759 -0.887005 0
    outer loop
      vertex 1.73273 3.71585 0
      vertex 2.04999 3.55069 5
      vertex 1.73273 3.71585 5
    endloop
  endfacet
  facet normal -0.461759 -0.887005 -0
    outer loop
      vertex 2.04999 3.55069 5
      vertex 1.73273 3.71585 0
      vertex 2.04999 3.55069 0
    endloop
  endfacet
  facet normal -0.537282 -0.843402 0
    outer loop
      vertex 2.04999 3.55069 0
      vertex 2.35165 3.35852 5
      vertex 2.04999 3.55069 5
    endloop
  endfacet
  facet normal -0.537282 -0.843402 -0
    outer loop
      vertex 2.35165 3.35852 5
      vertex 2.04999 3.55069 0
      vertex 2.35165 3.35852 0
    endloop
  endfacet
  facet normal -0.608754 -0.793359 0
    outer loop
      vertex 2.35165 3.35852 0
      vertex 2.63542 3.14078 5
      vertex 2.35165 3.35852 5
    endloop
  endfacet
  facet normal -0.608754 -0.793359 -0
    outer loop
      vertex 2.63542 3.14078 5
      vertex 2.35165 3.35852 0
      vertex 2.63542 3.14078 0
    endloop
  endfacet
  facet normal -0.675626 -0.737245 0
    outer loop
      vertex 2.63542 3.14078 0
      vertex 2.89912 2.89912 5
      vertex 2.63542 3.14078 5
    endloop
  endfacet
  facet normal -0.675626 -0.737245 -0
    outer loop
      vertex 2.89912 2.89912 5
      vertex 2.63542 3.14078 0
      vertex 2.89912 2.89912 0
    endloop
  endfacet
  facet normal -0.737245 -0.675626 0
    outer loop
      vertex 3.14078 2.63542 0
      vertex 2.89912 2.89912 5
      vertex 2.89912 2.89912 0
    endloop
  endfacet
  facet normal -0.737245 -0.675626 0
    outer loop
      vertex 2.89912 2.89912 5
      vertex 3.14078 2.63542 0
      vertex 3.14078 2.63542 5
    endloop
  endfacet
  facet normal -0.793359 -0.608754 0
    outer loop
      vertex 3.35852 2.35165 0
      vertex 3.14078 2.63542 5
      vertex 3.14078 2.63542 0
    endloop
  endfacet
  facet normal -0.793359 -0.608754 0
    outer loop
      vertex 3.14078 2.63542 5
      vertex 3.35852 2.35165 0
      vertex 3.35852 2.35165 5
    endloop
  endfacet
  facet normal -0.843402 -0.537282 0
    outer loop
      vertex 3.55069 2.04999 0
      vertex 3.35852 2.35165 5
      vertex 3.35852 2.35165 0
    endloop
  endfacet
  facet normal -0.843402 -0.537282 0
    outer loop
      vertex 3.35852 2.35165 5
      vertex 3.55069 2.04999 0
      vertex 3.55069 2.04999 5
    endloop
  endfacet
  facet normal -0.887005 -0.461759 0
    outer loop
      vertex 3.71585 1.73273 0
      vertex 3.55069 2.04999 5
      vertex 3.55069 2.04999 0
    endloop
  endfacet
  facet normal -0.887005 -0.461759 0
    outer loop
      vertex 3.55069 2.04999 5
      vertex 3.71585 1.73273 0
      vertex 3.71585 1.73273 5
    endloop
  endfacet
  facet normal -0.923871 -0.382705 0
    outer loop
      vertex 3.85274 1.40227 0
      vertex 3.71585 1.73273 5
      vertex 3.71585 1.73273 0
    endloop
  endfacet
  facet normal -0.923871 -0.382705 0
    outer loop
      vertex 3.71585 1.73273 5
      vertex 3.85274 1.40227 0
      vertex 3.85274 1.40227 5
    endloop
  endfacet
  facet normal -0.953726 -0.300676 0
    outer loop
      vertex 3.96028 1.06116 0
      vertex 3.85274 1.40227 5
      vertex 3.85274 1.40227 0
    endloop
  endfacet
  facet normal -0.953726 -0.300676 0
    outer loop
      vertex 3.85274 1.40227 5
      vertex 3.96028 1.06116 0
      vertex 3.96028 1.06116 5
    endloop
  endfacet
  facet normal -0.976295 -0.216442 0
    outer loop
      vertex 4.0377 0.711945 0
      vertex 3.96028 1.06116 5
      vertex 3.96028 1.06116 0
    endloop
  endfacet
  facet normal -0.976295 -0.216442 0
    outer loop
      vertex 3.96028 1.06116 5
      vertex 4.0377 0.711945 0
      vertex 4.0377 0.711945 5
    endloop
  endfacet
  facet normal -0.99144 -0.130565 0
    outer loop
      vertex 4.0844 0.35733 0
      vertex 4.0377 0.711945 5
      vertex 4.0377 0.711945 0
    endloop
  endfacet
  facet normal -0.99144 -0.130565 0
    outer loop
      vertex 4.0377 0.711945 5
      vertex 4.0844 0.35733 0
      vertex 4.0844 0.35733 5
    endloop
  endfacet
  facet normal -0.99905 -0.0435877 0
    outer loop
      vertex 4.09999 0 0
      vertex 4.0844 0.35733 5
      vertex 4.0844 0.35733 0
    endloop
  endfacet
  facet normal -0.99905 -0.0435877 0
    outer loop
      vertex 4.0844 0.35733 5
      vertex 4.09999 0 0
      vertex 4.09999 0 5
    endloop
  endfacet
  facet normal -0.99905 0.0435877 0
    outer loop
      vertex 4.0844 -0.35733 0
      vertex 4.09999 0 5
      vertex 4.09999 0 0
    endloop
  endfacet
  facet normal -0.99905 0.0435877 0
    outer loop
      vertex 4.09999 0 5
      vertex 4.0844 -0.35733 0
      vertex 4.0844 -0.35733 5
    endloop
  endfacet
  facet normal -0.99144 0.130565 0
    outer loop
      vertex 4.0377 -0.711945 0
      vertex 4.0844 -0.35733 5
      vertex 4.0844 -0.35733 0
    endloop
  endfacet
  facet normal -0.99144 0.130565 0
    outer loop
      vertex 4.0844 -0.35733 5
      vertex 4.0377 -0.711945 0
      vertex 4.0377 -0.711945 5
    endloop
  endfacet
  facet normal -0.976295 0.216442 0
    outer loop
      vertex 3.96028 -1.06116 0
      vertex 4.0377 -0.711945 5
      vertex 4.0377 -0.711945 0
    endloop
  endfacet
  facet normal -0.976295 0.216442 0
    outer loop
      vertex 4.0377 -0.711945 5
      vertex 3.96028 -1.06116 0
      vertex 3.96028 -1.06116 5
    endloop
  endfacet
  facet normal -0.953726 0.300676 0
    outer loop
      vertex 3.85274 -1.40227 0
      vertex 3.96028 -1.06116 5
      vertex 3.96028 -1.06116 0
    endloop
  endfacet
  facet normal -0.953726 0.300676 0
    outer loop
      vertex 3.96028 -1.06116 5
      vertex 3.85274 -1.40227 0
      vertex 3.85274 -1.40227 5
    endloop
  endfacet
  facet normal -0.923871 0.382705 0
    outer loop
      vertex 3.71585 -1.73273 0
      vertex 3.85274 -1.40227 5
      vertex 3.85274 -1.40227 0
    endloop
  endfacet
  facet normal -0.923871 0.382705 0
    outer loop
      vertex 3.85274 -1.40227 5
      vertex 3.71585 -1.73273 0
      vertex 3.71585 -1.73273 5
    endloop
  endfacet
  facet normal -0.887005 0.461759 0
    outer loop
      vertex 3.55069 -2.04999 0
      vertex 3.71585 -1.73273 5
      vertex 3.71585 -1.73273 0
    endloop
  endfacet
  facet normal -0.887005 0.461759 0
    outer loop
      vertex 3.71585 -1.73273 5
      vertex 3.55069 -2.04999 0
      vertex 3.55069 -2.04999 5
    endloop
  endfacet
  facet normal -0.843402 0.537282 0
    outer loop
      vertex 3.35852 -2.35165 0
      vertex 3.55069 -2.04999 5
      vertex 3.55069 -2.04999 0
    endloop
  endfacet
  facet normal -0.843402 0.537282 0
    outer loop
      vertex 3.55069 -2.04999 5
      vertex 3.35852 -2.35165 0
      vertex 3.35852 -2.35165 5
    endloop
  endfacet
  facet normal -0.793359 0.608754 0
    outer loop
      vertex 3.14078 -2.63542 0
      vertex 3.35852 -2.35165 5
      vertex 3.35852 -2.35165 0
    endloop
  endfacet
  facet normal -0.793359 0.608754 0
    outer loop
      vertex 3.35852 -2.35165 5
      vertex 3.14078 -2.63542 0
      vertex 3.14078 -2.63542 5
    endloop
  endfacet
  facet normal -0.737245 0.675626 0
    outer loop
      vertex 2.89912 -2.89912 0
      vertex 3.14078 -2.63542 5
      vertex 3.14078 -2.63542 0
    endloop
  endfacet
  facet normal -0.737245 0.675626 0
    outer loop
      vertex 3.14078 -2.63542 5
      vertex 2.89912 -2.89912 0
      vertex 2.89912 -2.89912 5
    endloop
  endfacet
  facet normal -0.675626 0.737245 0
    outer loop
      vertex 2.89912 -2.89912 0
      vertex 2.63542 -3.14078 5
      vertex 2.89912 -2.89912 5
    endloop
  endfacet
  facet normal -0.675626 0.737245 0
    outer loop
      vertex 2.63542 -3.14078 5
      vertex 2.89912 -2.89912 0
      vertex 2.63542 -3.14078 0
    endloop
  endfacet
  facet normal -0.608754 0.793359 0
    outer loop
      vertex 2.63542 -3.14078 0
      vertex 2.35165 -3.35852 5
      vertex 2.63542 -3.14078 5
    endloop
  endfacet
  facet normal -0.608754 0.793359 0
    outer loop
      vertex 2.35165 -3.35852 5
      vertex 2.63542 -3.14078 0
      vertex 2.35165 -3.35852 0
    endloop
  endfacet
  facet normal -0.537282 0.843402 0
    outer loop
      vertex 2.35165 -3.35852 0
      vertex 2.04999 -3.55069 5
      vertex 2.35165 -3.35852 5
    endloop
  endfacet
  facet normal -0.537282 0.843402 0
    outer loop
      vertex 2.04999 -3.55069 5
      vertex 2.35165 -3.35852 0
      vertex 2.04999 -3.55069 0
    endloop
  endfacet
  facet normal -0.461759 0.887005 0
    outer loop
      vertex 2.04999 -3.55069 0
      vertex 1.73273 -3.71585 5
      vertex 2.04999 -3.55069 5
    endloop
  endfacet
  facet normal -0.461759 0.887005 0
    outer loop
      vertex 1.73273 -3.71585 5
      vertex 2.04999 -3.55069 0
      vertex 1.73273 -3.71585 0
    endloop
  endfacet
  facet normal -0.382705 0.923871 0
    outer loop
      vertex 1.73273 -3.71585 0
      vertex 1.40227 -3.85274 5
      vertex 1.73273 -3.71585 5
    endloop
  endfacet
  facet normal -0.382705 0.923871 0
    outer loop
      vertex 1.40227 -3.85274 5
      vertex 1.73273 -3.71585 0
      vertex 1.40227 -3.85274 0
    endloop
  endfacet
  facet normal -0.300676 0.953726 0
    outer loop
      vertex 1.40227 -3.85274 0
      vertex 1.06116 -3.96028 5
      vertex 1.40227 -3.85274 5
    endloop
  endfacet
  facet normal -0.300676 0.953726 0
    outer loop
      vertex 1.06116 -3.96028 5
      vertex 1.40227 -3.85274 0
      vertex 1.06116 -3.96028 0
    endloop
  endfacet
  facet normal -0.216442 0.976295 0
    outer loop
      vertex 1.06116 -3.96028 0
      vertex 0.711945 -4.0377 5
      vertex 1.06116 -3.96028 5
    endloop
  endfacet
  facet normal -0.216442 0.976295 0
    outer loop
      vertex 0.711945 -4.0377 5
      vertex 1.06116 -3.96028 0
      vertex 0.711945 -4.0377 0
    endloop
  endfacet
  facet normal -0.130565 0.99144 0
    outer loop
      vertex 0.711945 -4.0377 0
      vertex 0.35733 -4.0844 5
      vertex 0.711945 -4.0377 5
    endloop
  endfacet
  facet normal -0.130565 0.99144 0
    outer loop
      vertex 0.35733 -4.0844 5
      vertex 0.711945 -4.0377 0
      vertex 0.35733 -4.0844 0
    endloop
  endfacet
  facet normal -0.0435877 0.99905 0
    outer loop
      vertex 0.35733 -4.0844 0
      vertex 0 -4.09999 5
      vertex 0.35733 -4.0844 5
    endloop
  endfacet
  facet normal -0.0435877 0.99905 0
    outer loop
      vertex 0 -4.09999 5
      vertex 0.35733 -4.0844 0
      vertex 0 -4.09999 0
    endloop
  endfacet
  facet normal 0.0435877 0.99905 -0
    outer loop
      vertex 0 -4.09999 0
      vertex -0.35733 -4.0844 5
      vertex 0 -4.09999 5
    endloop
  endfacet
  facet normal 0.0435877 0.99905 0
    outer loop
      vertex -0.35733 -4.0844 5
      vertex 0 -4.09999 0
      vertex -0.35733 -4.0844 0
    endloop
  endfacet
  facet normal 0 -0.675609 0.73726
    outer loop
      vertex -7.94368 0.954594 1.54541
      vertex -4.00316 0.867763 1.46584
      vertex -3.98391 0.954594 1.54541
    endloop
  endfacet
  facet normal 0 -0.675609 0.73726
    outer loop
      vertex -4.00316 0.867763 1.46584
      vertex -7.94368 0.954594 1.54541
      vertex -7.95241 0.867763 1.46584
    endloop
  endfacet
  facet normal 0 -0.216436 -0.976297
    outer loop
      vertex -4.08976 0.234425 3.82949
      vertex -7.98474 0.349405 3.804
      vertex -4.08474 0.349405 3.804
    endloop
  endfacet
  facet normal 0 -0.216436 -0.976297
    outer loop
      vertex -7.98474 0.349405 3.804
      vertex -4.08976 0.234425 3.82949
      vertex -7.98976 0.234425 3.82949
    endloop
  endfacet
  facet normal 0 -0.976297 0.216436
    outer loop
      vertex -3.88372 1.304 2.15059
      vertex -7.906 1.32949 2.26557
      vertex -7.90857 1.304 2.15059
    endloop
  endfacet
  facet normal 0 -0.976297 0.216436
    outer loop
      vertex -7.906 1.32949 2.26557
      vertex -3.88372 1.304 2.15059
      vertex -3.87568 1.32949 2.26557
    endloop
  endfacet
  facet normal 0 0.130506 -0.991448
    outer loop
      vertex -7.98976 -0.234425 3.82949
      vertex -4.09486 -0.11766 3.84486
      vertex -4.08976 -0.234425 3.82949
    endloop
  endfacet
  facet normal 0 0.130506 -0.991448
    outer loop
      vertex -4.09486 -0.11766 3.84486
      vertex -7.98976 -0.234425 3.82949
      vertex -7.99486 -0.11766 3.84486
    endloop
  endfacet
  facet normal 0 -0.382616 -0.923908
    outer loop
      vertex -4.07065 0.461727 3.76858
      vertex -7.97508 0.570534 3.72352
      vertex -4.05632 0.570534 3.72352
    endloop
  endfacet
  facet normal 0 -0.382616 -0.923908
    outer loop
      vertex -7.97508 0.570534 3.72352
      vertex -4.07065 0.461727 3.76858
      vertex -7.97983 0.461727 3.76858
    endloop
  endfacet
  facet normal 0 -0.0436436 -0.999047
    outer loop
      vertex -4.09999 0 3.85
      vertex -7.99486 0.11766 3.84486
      vertex -4.09486 0.11766 3.84486
    endloop
  endfacet
  facet normal 0 -0.0436436 -0.999047
    outer loop
      vertex -7.99486 0.11766 3.84486
      vertex -4.09999 0 3.85
      vertex -8 0 3.85
    endloop
  endfacet
  facet normal 0 0.461742 0.887014
    outer loop
      vertex -4.05632 -0.570534 1.27648
      vertex -7.97051 -0.674999 1.33086
      vertex -4.04257 -0.674999 1.33086
    endloop
  endfacet
  facet normal 0 0.461742 0.887014
    outer loop
      vertex -7.97051 -0.674999 1.33086
      vertex -4.05632 -0.570534 1.27648
      vertex -7.97508 -0.570534 1.27648
    endloop
  endfacet
  facet normal 0 0.886989 -0.461791
    outer loop
      vertex -7.90026 -1.22352 3.07053
      vertex -3.92624 -1.16913 3.175
      vertex -3.90909 -1.22352 3.07053
    endloop
  endfacet
  facet normal 0 0.886989 -0.461791
    outer loop
      vertex -3.92624 -1.16913 3.175
      vertex -7.90026 -1.22352 3.07053
      vertex -7.90742 -1.16913 3.175
    endloop
  endfacet
  facet normal 0 -0.886989 0.461791
    outer loop
      vertex -3.92624 1.16913 1.825
      vertex -7.91666 1.22352 1.92947
      vertex -7.92212 1.16913 1.825
    endloop
  endfacet
  facet normal 0 -0.886989 0.461791
    outer loop
      vertex -7.91666 1.22352 1.92947
      vertex -3.92624 1.16913 1.825
      vertex -3.90909 1.22352 1.92947
    endloop
  endfacet
  facet normal 0 0.60873 -0.793378
    outer loop
      vertex -7.94709 -0.867763 3.53416
      vertex -4.02387 -0.774327 3.60585
      vertex -4.00316 -0.867763 3.53416
    endloop
  endfacet
  facet normal 0 0.60873 -0.793378
    outer loop
      vertex -4.02387 -0.774327 3.60585
      vertex -7.94709 -0.867763 3.53416
      vertex -7.95939 -0.774327 3.60585
    endloop
  endfacet
  facet normal 0 0.300654 0.953733
    outer loop
      vertex -4.0844 -0.35733 1.1985
      vertex -7.97983 -0.461727 1.23141
      vertex -4.07065 -0.461727 1.23141
    endloop
  endfacet
  facet normal -5.5773e-06 0.300843 0.953674
    outer loop
      vertex -4.08474 -0.349405 1.196
      vertex -7.97983 -0.461727 1.23141
      vertex -4.0844 -0.35733 1.1985
    endloop
  endfacet
  facet normal 0 0.300667 0.953729
    outer loop
      vertex -7.97983 -0.461727 1.23141
      vertex -4.08474 -0.349405 1.196
      vertex -7.98474 -0.349405 1.196
    endloop
  endfacet
  facet normal 0 -0.999047 -0.0436436
    outer loop
      vertex -7.90394 1.35 2.5
      vertex -3.87084 1.34486 2.61766
      vertex -7.90446 1.34486 2.61766
    endloop
  endfacet
  facet normal 0 -0.999047 -0.0436436
    outer loop
      vertex -3.87084 1.34486 2.61766
      vertex -7.90394 1.35 2.5
      vertex -3.86922 1.35 2.5
    endloop
  endfacet
  facet normal 0 -0.976301 -0.216418
    outer loop
      vertex -7.906 1.32949 2.73442
      vertex -3.88372 1.304 2.84941
      vertex -7.90857 1.304 2.84941
    endloop
  endfacet
  facet normal 0 -0.976301 -0.216418
    outer loop
      vertex -3.88372 1.304 2.84941
      vertex -7.906 1.32949 2.73442
      vertex -3.87568 1.32949 2.73442
    endloop
  endfacet
  facet normal 0 0.675609 -0.73726
    outer loop
      vertex -7.93566 -0.954594 3.45459
      vertex -4.00316 -0.867763 3.53416
      vertex -3.98391 -0.954594 3.45459
    endloop
  endfacet
  facet normal 0 0.675609 -0.73726
    outer loop
      vertex -4.00316 -0.867763 3.53416
      vertex -7.93566 -0.954594 3.45459
      vertex -7.94709 -0.867763 3.53416
    endloop
  endfacet
  facet normal 0 -0.461808 -0.88698
    outer loop
      vertex -4.05632 0.570534 3.72352
      vertex -7.97051 0.674999 3.66913
      vertex -4.04257 0.674999 3.66913
    endloop
  endfacet
  facet normal 0 -0.461808 -0.88698
    outer loop
      vertex -7.97051 0.674999 3.66913
      vertex -4.05632 0.570534 3.72352
      vertex -7.97508 0.570534 3.72352
    endloop
  endfacet
  facet normal 0 0.991447 -0.130512
    outer loop
      vertex -7.88428 -1.34486 2.61766
      vertex -3.87568 -1.32949 2.73442
      vertex -3.87084 -1.34486 2.61766
    endloop
  endfacet
  facet normal 0 0.991447 -0.130512
    outer loop
      vertex -3.87568 -1.32949 2.73442
      vertex -7.88428 -1.34486 2.61766
      vertex -7.88631 -1.32949 2.73442
    endloop
  endfacet
  facet normal 0 0.216436 -0.976297
    outer loop
      vertex -7.98474 -0.349405 3.804
      vertex -4.08976 -0.234425 3.82949
      vertex -4.08474 -0.349405 3.804
    endloop
  endfacet
  facet normal 0 0.216436 -0.976297
    outer loop
      vertex -4.08976 -0.234425 3.82949
      vertex -7.98474 -0.349405 3.804
      vertex -7.98976 -0.234425 3.82949
    endloop
  endfacet
  facet normal 0 -0.60873 -0.793378
    outer loop
      vertex -4.02387 0.774327 3.60585
      vertex -7.95241 0.867763 3.53416
      vertex -4.00316 0.867763 3.53416
    endloop
  endfacet
  facet normal 0 -0.60873 -0.793378
    outer loop
      vertex -7.95241 0.867763 3.53416
      vertex -4.02387 0.774327 3.60585
      vertex -7.9618 0.774327 3.60585
    endloop
  endfacet
  facet normal 0 0.999047 0.0436436
    outer loop
      vertex -3.87084 -1.34486 2.38234
      vertex -7.88361 -1.35 2.5
      vertex -3.86922 -1.35 2.5
    endloop
  endfacet
  facet normal 0 0.999047 0.0436436
    outer loop
      vertex -7.88361 -1.35 2.5
      vertex -3.87084 -1.34486 2.38234
      vertex -7.88428 -1.34486 2.38234
    endloop
  endfacet
  facet normal 0 -0.300737 -0.953707
    outer loop
      vertex -4.0844 0.35733 3.8015
      vertex -7.97983 0.461727 3.76858
      vertex -4.07065 0.461727 3.76858
    endloop
  endfacet
  facet normal -3.13193e-06 -0.300843 -0.953674
    outer loop
      vertex -4.08474 0.349405 3.804
      vertex -7.97983 0.461727 3.76858
      vertex -4.0844 0.35733 3.8015
    endloop
  endfacet
  facet normal 0 -0.300744 -0.953705
    outer loop
      vertex -7.97983 0.461727 3.76858
      vertex -4.08474 0.349405 3.804
      vertex -7.98474 0.349405 3.804
    endloop
  endfacet
  facet normal 0 -0.461742 0.887014
    outer loop
      vertex -7.97051 0.674999 1.33086
      vertex -4.05632 0.570534 1.27648
      vertex -4.04257 0.674999 1.33086
    endloop
  endfacet
  facet normal 0 -0.461742 0.887014
    outer loop
      vertex -4.05632 0.570534 1.27648
      vertex -7.97051 0.674999 1.33086
      vertex -7.97508 0.570534 1.27648
    endloop
  endfacet
  facet normal 0 -0.675609 -0.73726
    outer loop
      vertex -4.00316 0.867763 3.53416
      vertex -7.94368 0.954594 3.45459
      vertex -3.98391 0.954594 3.45459
    endloop
  endfacet
  facet normal 0 -0.675609 -0.73726
    outer loop
      vertex -7.94368 0.954594 3.45459
      vertex -4.00316 0.867763 3.53416
      vertex -7.95241 0.867763 3.53416
    endloop
  endfacet
  facet normal 0 0.300737 -0.953707
    outer loop
      vertex -7.97983 -0.461727 3.76858
      vertex -4.0844 -0.35733 3.8015
      vertex -4.07065 -0.461727 3.76858
    endloop
  endfacet
  facet normal -3.13193e-06 0.300843 -0.953674
    outer loop
      vertex -7.97983 -0.461727 3.76858
      vertex -4.08474 -0.349405 3.804
      vertex -4.0844 -0.35733 3.8015
    endloop
  endfacet
  facet normal 0 0.300744 -0.953705
    outer loop
      vertex -4.08474 -0.349405 3.804
      vertex -7.97983 -0.461727 3.76858
      vertex -7.98474 -0.349405 3.804
    endloop
  endfacet
  facet normal 0 -0.923899 -0.382637
    outer loop
      vertex -7.91213 1.26858 2.96173
      vertex -3.90909 1.22352 3.07053
      vertex -7.91666 1.22352 3.07053
    endloop
  endfacet
  facet normal 0 -0.923899 -0.382637
    outer loop
      vertex -3.90909 1.22352 3.07053
      vertex -7.91213 1.26858 2.96173
      vertex -3.89488 1.26858 2.96173
    endloop
  endfacet
  facet normal 0 0.382616 -0.923908
    outer loop
      vertex -7.97508 -0.570534 3.72352
      vertex -4.07065 -0.461727 3.76858
      vertex -4.05632 -0.570534 3.72352
    endloop
  endfacet
  facet normal 0 0.382616 -0.923908
    outer loop
      vertex -4.07065 -0.461727 3.76858
      vertex -7.97508 -0.570534 3.72352
      vertex -7.97983 -0.461727 3.76858
    endloop
  endfacet
  facet normal 0 -0.537379 -0.843341
    outer loop
      vertex -4.0377 0.711945 3.6456
      vertex -7.9618 0.774327 3.60585
      vertex -4.02387 0.774327 3.60585
    endloop
  endfacet
  facet normal 4.3835e-06 -0.537183 -0.843466
    outer loop
      vertex -4.04257 0.674999 3.66913
      vertex -7.9618 0.774327 3.60585
      vertex -4.0377 0.711945 3.6456
    endloop
  endfacet
  facet normal 0 -0.537306 -0.843387
    outer loop
      vertex -7.97051 0.674999 3.66913
      vertex -7.9618 0.774327 3.60585
      vertex -4.04257 0.674999 3.66913
    endloop
  endfacet
  facet normal -0.00528371 -0.536969 -0.843585
    outer loop
      vertex -7.9618 0.774327 3.60585
      vertex -7.97051 0.674999 3.66913
      vertex -7.96954 0.697235 3.65497
    endloop
  endfacet
  facet normal 0 -0.793398 0.608703
    outer loop
      vertex -7.92848 1.10585 1.72567
      vertex -3.96028 1.06116 1.66742
      vertex -3.94619 1.10585 1.72567
    endloop
  endfacet
  facet normal 0 -0.793359 0.608754
    outer loop
      vertex -3.96627 1.03416 1.63224
      vertex -7.92848 1.10585 1.72567
      vertex -7.93568 1.03416 1.63224
    endloop
  endfacet
  facet normal 3.1505e-06 -0.793294 0.608838
    outer loop
      vertex -7.92848 1.10585 1.72567
      vertex -3.96627 1.03416 1.63224
      vertex -3.96028 1.06116 1.66742
    endloop
  endfacet
  facet normal 0 -0.608783 0.793337
    outer loop
      vertex -7.95241 0.867763 1.46584
      vertex -4.02387 0.774327 1.39414
      vertex -4.00316 0.867763 1.46584
    endloop
  endfacet
  facet normal 0 -0.608783 0.793337
    outer loop
      vertex -4.02387 0.774327 1.39414
      vertex -7.95241 0.867763 1.46584
      vertex -7.9618 0.774327 1.39414
    endloop
  endfacet
  facet normal 0 -0.793359 -0.608754
    outer loop
      vertex -7.92848 1.10585 3.27433
      vertex -3.96627 1.03416 3.36776
      vertex -7.93568 1.03416 3.36776
    endloop
  endfacet
  facet normal 3.1505e-06 -0.793294 -0.608838
    outer loop
      vertex -3.96627 1.03416 3.36776
      vertex -7.92848 1.10585 3.27433
      vertex -3.96028 1.06116 3.33258
    endloop
  endfacet
  facet normal 0 -0.793398 -0.608703
    outer loop
      vertex -3.96028 1.06116 3.33258
      vertex -7.92848 1.10585 3.27433
      vertex -3.94619 1.10585 3.27433
    endloop
  endfacet
  facet normal 0 -0.843392 -0.537298
    outer loop
      vertex -7.92212 1.16913 3.175
      vertex -3.94619 1.10585 3.27433
      vertex -7.92848 1.10585 3.27433
    endloop
  endfacet
  facet normal 0 -0.843392 -0.537298
    outer loop
      vertex -3.94619 1.10585 3.27433
      vertex -7.92212 1.16913 3.175
      vertex -3.92624 1.16913 3.175
    endloop
  endfacet
  facet normal 0 -0.382688 0.923878
    outer loop
      vertex -7.97508 0.570534 1.27648
      vertex -4.07065 0.461727 1.23141
      vertex -4.05632 0.570534 1.27648
    endloop
  endfacet
  facet normal 0 -0.382688 0.923878
    outer loop
      vertex -4.07065 0.461727 1.23141
      vertex -7.97508 0.570534 1.27648
      vertex -7.97983 0.461727 1.23141
    endloop
  endfacet
  facet normal 0 0.382688 0.923878
    outer loop
      vertex -4.07065 -0.461727 1.23141
      vertex -7.97508 -0.570534 1.27648
      vertex -4.05632 -0.570534 1.27648
    endloop
  endfacet
  facet normal 0 0.382688 0.923878
    outer loop
      vertex -7.97508 -0.570534 1.27648
      vertex -4.07065 -0.461727 1.23141
      vertex -7.97983 -0.461727 1.23141
    endloop
  endfacet
  facet normal 0 0.0436436 0.999047
    outer loop
      vertex -4.09999 0 1.15
      vertex -7.99486 -0.11766 1.15514
      vertex -4.09486 -0.11766 1.15514
    endloop
  endfacet
  facet normal 0 0.0436436 0.999047
    outer loop
      vertex -7.99486 -0.11766 1.15514
      vertex -4.09999 0 1.15
      vertex -8 0 1.15
    endloop
  endfacet
  facet normal 0 -0.130506 -0.991448
    outer loop
      vertex -4.09486 0.11766 3.84486
      vertex -7.98976 0.234425 3.82949
      vertex -4.08976 0.234425 3.82949
    endloop
  endfacet
  facet normal 0 -0.130506 -0.991448
    outer loop
      vertex -7.98976 0.234425 3.82949
      vertex -4.09486 0.11766 3.84486
      vertex -7.99486 0.11766 3.84486
    endloop
  endfacet
  facet normal 0 -0.130506 0.991448
    outer loop
      vertex -7.98976 0.234425 1.17051
      vertex -4.09486 0.11766 1.15514
      vertex -4.08976 0.234425 1.17051
    endloop
  endfacet
  facet normal 0 -0.130506 0.991448
    outer loop
      vertex -4.09486 0.11766 1.15514
      vertex -7.98976 0.234425 1.17051
      vertex -7.99486 0.11766 1.15514
    endloop
  endfacet
  facet normal 0 0.843392 -0.537298
    outer loop
      vertex -7.90742 -1.16913 3.175
      vertex -3.94619 -1.10585 3.27433
      vertex -3.92624 -1.16913 3.175
    endloop
  endfacet
  facet normal 0 0.843392 -0.537298
    outer loop
      vertex -3.94619 -1.10585 3.27433
      vertex -7.90742 -1.16913 3.175
      vertex -7.91575 -1.10585 3.27433
    endloop
  endfacet
  facet normal 0 -0.953703 -0.300749
    outer loop
      vertex -7.90857 1.304 2.84941
      vertex -3.89488 1.26858 2.96173
      vertex -7.91213 1.26858 2.96173
    endloop
  endfacet
  facet normal 0 -0.953703 -0.300749
    outer loop
      vertex -3.89488 1.26858 2.96173
      vertex -7.90857 1.304 2.84941
      vertex -3.88372 1.304 2.84941
    endloop
  endfacet
  facet normal 0 0.675609 0.73726
    outer loop
      vertex -4.00316 -0.867763 1.46584
      vertex -7.93566 -0.954594 1.54541
      vertex -3.98391 -0.954594 1.54541
    endloop
  endfacet
  facet normal 0 0.675609 0.73726
    outer loop
      vertex -7.93566 -0.954594 1.54541
      vertex -4.00316 -0.867763 1.46584
      vertex -7.94709 -0.867763 1.46584
    endloop
  endfacet
  facet normal 0 0.843392 0.537298
    outer loop
      vertex -3.94619 -1.10585 1.72567
      vertex -7.90742 -1.16913 1.825
      vertex -3.92624 -1.16913 1.825
    endloop
  endfacet
  facet normal 0 0.843392 0.537298
    outer loop
      vertex -7.90742 -1.16913 1.825
      vertex -3.94619 -1.10585 1.72567
      vertex -7.91575 -1.10585 1.72567
    endloop
  endfacet
  facet normal 0 0.953703 0.300749
    outer loop
      vertex -3.89488 -1.26858 2.03827
      vertex -7.88966 -1.304 2.15059
      vertex -3.88372 -1.304 2.15059
    endloop
  endfacet
  facet normal 0 0.953703 0.300749
    outer loop
      vertex -7.88966 -1.304 2.15059
      vertex -3.89488 -1.26858 2.03827
      vertex -7.89432 -1.26858 2.03827
    endloop
  endfacet
  facet normal 0 -0.886989 -0.461791
    outer loop
      vertex -7.91666 1.22352 3.07053
      vertex -3.92624 1.16913 3.175
      vertex -7.92212 1.16913 3.175
    endloop
  endfacet
  facet normal 0 -0.886989 -0.461791
    outer loop
      vertex -3.92624 1.16913 3.175
      vertex -7.91666 1.22352 3.07053
      vertex -3.90909 1.22352 3.07053
    endloop
  endfacet
  facet normal 0 -0.737273 -0.675595
    outer loop
      vertex -7.93568 1.03416 3.36776
      vertex -3.98391 0.954594 3.45459
      vertex -7.94368 0.954594 3.45459
    endloop
  endfacet
  facet normal 0 -0.737273 -0.675595
    outer loop
      vertex -3.98391 0.954594 3.45459
      vertex -7.93568 1.03416 3.36776
      vertex -3.96627 1.03416 3.36776
    endloop
  endfacet
  facet normal 0 0.999047 -0.0436436
    outer loop
      vertex -7.88361 -1.35 2.5
      vertex -3.87084 -1.34486 2.61766
      vertex -3.86922 -1.35 2.5
    endloop
  endfacet
  facet normal 0 0.999047 -0.0436436
    outer loop
      vertex -3.87084 -1.34486 2.61766
      vertex -7.88361 -1.35 2.5
      vertex -7.88428 -1.34486 2.61766
    endloop
  endfacet
  facet normal 0 0.537283 0.843402
    outer loop
      vertex -4.0377 -0.711945 1.3544
      vertex -7.95939 -0.774327 1.39414
      vertex -4.02387 -0.774327 1.39414
    endloop
  endfacet
  facet normal -1.38382e-06 0.537345 0.843363
    outer loop
      vertex -4.04257 -0.674999 1.33086
      vertex -7.95939 -0.774327 1.39414
      vertex -4.0377 -0.711945 1.3544
    endloop
  endfacet
  facet normal -0 0.537306 0.843387
    outer loop
      vertex -7.97051 -0.674999 1.33086
      vertex -7.95939 -0.774327 1.39414
      vertex -4.04257 -0.674999 1.33086
    endloop
  endfacet
  facet normal 0.00214389 0.537476 0.843277
    outer loop
      vertex -7.95939 -0.774327 1.39414
      vertex -7.97051 -0.674999 1.33086
      vertex -7.96954 -0.697235 1.34503
    endloop
  endfacet
  facet normal 0 -0.991448 0.130501
    outer loop
      vertex -3.87568 1.32949 2.26557
      vertex -7.90446 1.34486 2.38234
      vertex -7.906 1.32949 2.26557
    endloop
  endfacet
  facet normal 0 -0.991448 0.130501
    outer loop
      vertex -7.90446 1.34486 2.38234
      vertex -3.87568 1.32949 2.26557
      vertex -3.87084 1.34486 2.38234
    endloop
  endfacet
  facet normal 0 0.976297 0.216436
    outer loop
      vertex -3.88372 -1.304 2.15059
      vertex -7.88631 -1.32949 2.26557
      vertex -3.87568 -1.32949 2.26557
    endloop
  endfacet
  facet normal 0 0.976297 0.216436
    outer loop
      vertex -7.88631 -1.32949 2.26557
      vertex -3.88372 -1.304 2.15059
      vertex -7.88966 -1.304 2.15059
    endloop
  endfacet
  facet normal 0 -0.737273 0.675595
    outer loop
      vertex -3.98391 0.954594 1.54541
      vertex -7.93568 1.03416 1.63224
      vertex -7.94368 0.954594 1.54541
    endloop
  endfacet
  facet normal 0 -0.737273 0.675595
    outer loop
      vertex -7.93568 1.03416 1.63224
      vertex -3.98391 0.954594 1.54541
      vertex -3.96627 1.03416 1.63224
    endloop
  endfacet
  facet normal 0 0.886989 0.461791
    outer loop
      vertex -3.92624 -1.16913 1.825
      vertex -7.90026 -1.22352 1.92947
      vertex -3.90909 -1.22352 1.92947
    endloop
  endfacet
  facet normal 0 0.886989 0.461791
    outer loop
      vertex -7.90026 -1.22352 1.92947
      vertex -3.92624 -1.16913 1.825
      vertex -7.90742 -1.16913 1.825
    endloop
  endfacet
  facet normal 0 -0.923899 0.382637
    outer loop
      vertex -3.90909 1.22352 1.92947
      vertex -7.91213 1.26858 2.03827
      vertex -7.91666 1.22352 1.92947
    endloop
  endfacet
  facet normal 0 -0.923899 0.382637
    outer loop
      vertex -7.91213 1.26858 2.03827
      vertex -3.90909 1.22352 1.92947
      vertex -3.89488 1.26858 2.03827
    endloop
  endfacet
  facet normal 3.16061e-06 0.793294 -0.608838
    outer loop
      vertex -7.91575 -1.10585 3.27433
      vertex -3.96627 -1.03416 3.36776
      vertex -3.96028 -1.06116 3.33258
    endloop
  endfacet
  facet normal 0 0.793398 -0.608703
    outer loop
      vertex -7.91575 -1.10585 3.27433
      vertex -3.96028 -1.06116 3.33258
      vertex -3.94619 -1.10585 3.27433
    endloop
  endfacet
  facet normal 0 0.793359 -0.608754
    outer loop
      vertex -3.96627 -1.03416 3.36776
      vertex -7.91575 -1.10585 3.27433
      vertex -7.92519 -1.03416 3.36776
    endloop
  endfacet
  facet normal 0 -0.999047 0.0436436
    outer loop
      vertex -3.87084 1.34486 2.38234
      vertex -7.90394 1.35 2.5
      vertex -7.90446 1.34486 2.38234
    endloop
  endfacet
  facet normal 0 -0.999047 0.0436436
    outer loop
      vertex -7.90394 1.35 2.5
      vertex -3.87084 1.34486 2.38234
      vertex -3.86922 1.35 2.5
    endloop
  endfacet
  facet normal 0 -0.991447 -0.130512
    outer loop
      vertex -7.90446 1.34486 2.61766
      vertex -3.87568 1.32949 2.73442
      vertex -7.906 1.32949 2.73442
    endloop
  endfacet
  facet normal 0 -0.991447 -0.130512
    outer loop
      vertex -3.87568 1.32949 2.73442
      vertex -7.90446 1.34486 2.61766
      vertex -3.87084 1.34486 2.61766
    endloop
  endfacet
  facet normal 0 0.793398 0.608703
    outer loop
      vertex -3.96028 -1.06116 1.66742
      vertex -7.91575 -1.10585 1.72567
      vertex -3.94619 -1.10585 1.72567
    endloop
  endfacet
  facet normal 3.16061e-06 0.793294 0.608838
    outer loop
      vertex -3.96627 -1.03416 1.63224
      vertex -7.91575 -1.10585 1.72567
      vertex -3.96028 -1.06116 1.66742
    endloop
  endfacet
  facet normal 0 0.793359 0.608754
    outer loop
      vertex -7.91575 -1.10585 1.72567
      vertex -3.96627 -1.03416 1.63224
      vertex -7.92519 -1.03416 1.63224
    endloop
  endfacet
  facet normal 0 0.923899 -0.382637
    outer loop
      vertex -7.89432 -1.26858 2.96173
      vertex -3.90909 -1.22352 3.07053
      vertex -3.89488 -1.26858 2.96173
    endloop
  endfacet
  facet normal 0 0.923899 -0.382637
    outer loop
      vertex -3.90909 -1.22352 3.07053
      vertex -7.89432 -1.26858 2.96173
      vertex -7.90026 -1.22352 3.07053
    endloop
  endfacet
  facet normal 0 0.608783 0.793337
    outer loop
      vertex -4.02387 -0.774327 1.39414
      vertex -7.94709 -0.867763 1.46584
      vertex -4.00316 -0.867763 1.46584
    endloop
  endfacet
  facet normal 0 0.608783 0.793337
    outer loop
      vertex -7.94709 -0.867763 1.46584
      vertex -4.02387 -0.774327 1.39414
      vertex -7.95939 -0.774327 1.39414
    endloop
  endfacet
  facet normal 0 0.130506 0.991448
    outer loop
      vertex -4.09486 -0.11766 1.15514
      vertex -7.98976 -0.234425 1.17051
      vertex -4.08976 -0.234425 1.17051
    endloop
  endfacet
  facet normal 0 0.130506 0.991448
    outer loop
      vertex -7.98976 -0.234425 1.17051
      vertex -4.09486 -0.11766 1.15514
      vertex -7.99486 -0.11766 1.15514
    endloop
  endfacet
  facet normal 0 0.537379 -0.843341
    outer loop
      vertex -7.95939 -0.774327 3.60585
      vertex -4.0377 -0.711945 3.6456
      vertex -4.02387 -0.774327 3.60585
    endloop
  endfacet
  facet normal 4.38619e-06 0.537183 -0.843466
    outer loop
      vertex -7.95939 -0.774327 3.60585
      vertex -4.04257 -0.674999 3.66913
      vertex -4.0377 -0.711945 3.6456
    endloop
  endfacet
  facet normal -0.0034074 0.537032 -0.843555
    outer loop
      vertex -7.97051 -0.674999 3.66913
      vertex -7.95939 -0.774327 3.60585
      vertex -7.96954 -0.697235 3.65497
    endloop
  endfacet
  facet normal 0 0.537306 -0.843387
    outer loop
      vertex -7.95939 -0.774327 3.60585
      vertex -7.97051 -0.674999 3.66913
      vertex -4.04257 -0.674999 3.66913
    endloop
  endfacet
  facet normal 0 0.461808 -0.88698
    outer loop
      vertex -7.97051 -0.674999 3.66913
      vertex -4.05632 -0.570534 3.72352
      vertex -4.04257 -0.674999 3.66913
    endloop
  endfacet
  facet normal 0 0.461808 -0.88698
    outer loop
      vertex -4.05632 -0.570534 3.72352
      vertex -7.97051 -0.674999 3.66913
      vertex -7.97508 -0.570534 3.72352
    endloop
  endfacet
  facet normal 0 -0.300654 0.953733
    outer loop
      vertex -7.97983 0.461727 1.23141
      vertex -4.0844 0.35733 1.1985
      vertex -4.07065 0.461727 1.23141
    endloop
  endfacet
  facet normal -5.5773e-06 -0.300843 0.953674
    outer loop
      vertex -7.97983 0.461727 1.23141
      vertex -4.08474 0.349405 1.196
      vertex -4.0844 0.35733 1.1985
    endloop
  endfacet
  facet normal 0 -0.300667 0.953729
    outer loop
      vertex -4.08474 0.349405 1.196
      vertex -7.97983 0.461727 1.23141
      vertex -7.98474 0.349405 1.196
    endloop
  endfacet
  facet normal 0 0.737273 0.675595
    outer loop
      vertex -3.98391 -0.954594 1.54541
      vertex -7.92519 -1.03416 1.63224
      vertex -3.96627 -1.03416 1.63224
    endloop
  endfacet
  facet normal 0 0.737273 0.675595
    outer loop
      vertex -7.92519 -1.03416 1.63224
      vertex -3.98391 -0.954594 1.54541
      vertex -7.93566 -0.954594 1.54541
    endloop
  endfacet
  facet normal 0 0.953703 -0.300749
    outer loop
      vertex -7.88966 -1.304 2.84941
      vertex -3.89488 -1.26858 2.96173
      vertex -3.88372 -1.304 2.84941
    endloop
  endfacet
  facet normal 0 0.953703 -0.300749
    outer loop
      vertex -3.89488 -1.26858 2.96173
      vertex -7.88966 -1.304 2.84941
      vertex -7.89432 -1.26858 2.96173
    endloop
  endfacet
  facet normal 0 0.923899 0.382637
    outer loop
      vertex -3.90909 -1.22352 1.92947
      vertex -7.89432 -1.26858 2.03827
      vertex -3.89488 -1.26858 2.03827
    endloop
  endfacet
  facet normal 0 0.923899 0.382637
    outer loop
      vertex -7.89432 -1.26858 2.03827
      vertex -3.90909 -1.22352 1.92947
      vertex -7.90026 -1.22352 1.92947
    endloop
  endfacet
  facet normal 0 0.0436436 -0.999047
    outer loop
      vertex -7.99486 -0.11766 3.84486
      vertex -4.09999 0 3.85
      vertex -4.09486 -0.11766 3.84486
    endloop
  endfacet
  facet normal 0 0.0436436 -0.999047
    outer loop
      vertex -4.09999 0 3.85
      vertex -7.99486 -0.11766 3.84486
      vertex -8 0 3.85
    endloop
  endfacet
  facet normal 0 -0.953703 0.300749
    outer loop
      vertex -3.89488 1.26858 2.03827
      vertex -7.90857 1.304 2.15059
      vertex -7.91213 1.26858 2.03827
    endloop
  endfacet
  facet normal 0 -0.953703 0.300749
    outer loop
      vertex -7.90857 1.304 2.15059
      vertex -3.89488 1.26858 2.03827
      vertex -3.88372 1.304 2.15059
    endloop
  endfacet
  facet normal 0 -0.843392 0.537298
    outer loop
      vertex -3.94619 1.10585 1.72567
      vertex -7.92212 1.16913 1.825
      vertex -7.92848 1.10585 1.72567
    endloop
  endfacet
  facet normal 0 -0.843392 0.537298
    outer loop
      vertex -7.92212 1.16913 1.825
      vertex -3.94619 1.10585 1.72567
      vertex -3.92624 1.16913 1.825
    endloop
  endfacet
  facet normal 0 -0.0436436 0.999047
    outer loop
      vertex -7.99486 0.11766 1.15514
      vertex -4.09999 0 1.15
      vertex -4.09486 0.11766 1.15514
    endloop
  endfacet
  facet normal 0 -0.0436436 0.999047
    outer loop
      vertex -4.09999 0 1.15
      vertex -7.99486 0.11766 1.15514
      vertex -8 0 1.15
    endloop
  endfacet
  facet normal 0 0.737273 -0.675595
    outer loop
      vertex -7.92519 -1.03416 3.36776
      vertex -3.98391 -0.954594 3.45459
      vertex -3.96627 -1.03416 3.36776
    endloop
  endfacet
  facet normal 0 0.737273 -0.675595
    outer loop
      vertex -3.98391 -0.954594 3.45459
      vertex -7.92519 -1.03416 3.36776
      vertex -7.93566 -0.954594 3.45459
    endloop
  endfacet
  facet normal 0 0.976301 -0.216418
    outer loop
      vertex -7.88631 -1.32949 2.73442
      vertex -3.88372 -1.304 2.84941
      vertex -3.87568 -1.32949 2.73442
    endloop
  endfacet
  facet normal 0 0.976301 -0.216418
    outer loop
      vertex -3.88372 -1.304 2.84941
      vertex -7.88631 -1.32949 2.73442
      vertex -7.88966 -1.304 2.84941
    endloop
  endfacet
  facet normal 0 0.991448 0.130501
    outer loop
      vertex -3.87568 -1.32949 2.26557
      vertex -7.88428 -1.34486 2.38234
      vertex -3.87084 -1.34486 2.38234
    endloop
  endfacet
  facet normal 0 0.991448 0.130501
    outer loop
      vertex -7.88428 -1.34486 2.38234
      vertex -3.87568 -1.32949 2.26557
      vertex -7.88631 -1.32949 2.26557
    endloop
  endfacet
  facet normal 0 -0.216436 0.976297
    outer loop
      vertex -7.98474 0.349405 1.196
      vertex -4.08976 0.234425 1.17051
      vertex -4.08474 0.349405 1.196
    endloop
  endfacet
  facet normal 0 -0.216436 0.976297
    outer loop
      vertex -4.08976 0.234425 1.17051
      vertex -7.98474 0.349405 1.196
      vertex -7.98976 0.234425 1.17051
    endloop
  endfacet
  facet normal 0 0.216436 0.976297
    outer loop
      vertex -4.08976 -0.234425 1.17051
      vertex -7.98474 -0.349405 1.196
      vertex -4.08474 -0.349405 1.196
    endloop
  endfacet
  facet normal 0 0.216436 0.976297
    outer loop
      vertex -7.98474 -0.349405 1.196
      vertex -4.08976 -0.234425 1.17051
      vertex -7.98976 -0.234425 1.17051
    endloop
  endfacet
  facet normal 0 -0.537283 0.843402
    outer loop
      vertex -7.9618 0.774327 1.39414
      vertex -4.0377 0.711945 1.3544
      vertex -4.02387 0.774327 1.39414
    endloop
  endfacet
  facet normal -1.38297e-06 -0.537345 0.843363
    outer loop
      vertex -7.9618 0.774327 1.39414
      vertex -4.04257 0.674999 1.33086
      vertex -4.0377 0.711945 1.3544
    endloop
  endfacet
  facet normal 0.00332423 -0.537511 0.84325
    outer loop
      vertex -7.97051 0.674999 1.33086
      vertex -7.9618 0.774327 1.39414
      vertex -7.96954 0.697235 1.34503
    endloop
  endfacet
  facet normal 0 -0.537306 0.843387
    outer loop
      vertex -7.9618 0.774327 1.39414
      vertex -7.97051 0.674999 1.33086
      vertex -4.04257 0.674999 1.33086
    endloop
  endfacet
endsolid OpenSCAD_Model
