solid OpenSCAD_Model
  facet normal 0.991447 0.130513 0
    outer loop
      vertex 13.9467 1.22018 82
      vertex 13.7873 2.43107 0
      vertex 13.7873 2.43107 82
    endloop
  endfacet
  facet normal 0.991447 0.130513 0
    outer loop
      vertex 13.7873 2.43107 0
      vertex 13.9467 1.22018 82
      vertex 13.9467 1.22018 0
    endloop
  endfacet
  facet normal 0.999047 0.0436405 0
    outer loop
      vertex 14 0 82
      vertex 13.9467 1.22018 0
      vertex 13.9467 1.22018 82
    endloop
  endfacet
  facet normal 0.999047 0.0436405 0
    outer loop
      vertex 13.9467 1.22018 0
      vertex 14 0 82
      vertex 14 0 0
    endloop
  endfacet
  facet normal 0.976304 0.216402 0
    outer loop
      vertex 13.7873 2.43107 82
      vertex 13.523 3.62347 0
      vertex 13.523 3.62347 82
    endloop
  endfacet
  facet normal 0.976304 0.216402 0
    outer loop
      vertex 13.523 3.62347 0
      vertex 13.7873 2.43107 82
      vertex 13.7873 2.43107 0
    endloop
  endfacet
  facet normal -0.537342 0.843364 0
    outer loop
      vertex -7 12.1244 0
      vertex -8.03007 11.4681 82
      vertex -7 12.1244 82
    endloop
  endfacet
  facet normal -0.537342 0.843364 0
    outer loop
      vertex -8.03007 11.4681 82
      vertex -7 12.1244 0
      vertex -8.03007 11.4681 0
    endloop
  endfacet
  facet normal 0 0 -1
    outer loop
      vertex 11.075 0 0
      vertex 14 0 0
      vertex 13.9467 -1.22018 0
    endloop
  endfacet
  facet normal 0 0 -1
    outer loop
      vertex 11.0329 -0.965249 0
      vertex 13.9467 -1.22018 0
      vertex 13.7873 -2.43107 0
    endloop
  endfacet
  facet normal 0 0 -1
    outer loop
      vertex 14 0 0
      vertex 11.075 0 0
      vertex 13.9467 1.22018 0
    endloop
  endfacet
  facet normal 0 0 -1
    outer loop
      vertex 10.9067 -1.92315 0
      vertex 13.7873 -2.43107 0
      vertex 13.523 -3.62347 0
    endloop
  endfacet
  facet normal 0 0 -1
    outer loop
      vertex 11.0329 0.965249 0
      vertex 13.9467 1.22018 0
      vertex 11.075 0 0
    endloop
  endfacet
  facet normal 0 0 -1
    outer loop
      vertex 10.6976 -2.86642 0
      vertex 13.523 -3.62347 0
      vertex 13.1557 -4.78828 0
    endloop
  endfacet
  facet normal -0 0 -1
    outer loop
      vertex 13.9467 1.22018 0
      vertex 11.0329 0.965249 0
      vertex 13.7873 2.43107 0
    endloop
  endfacet
  facet normal 0 0 -1
    outer loop
      vertex 10.4071 -3.78787 0
      vertex 13.1557 -4.78828 0
      vertex 12.6883 -5.91666 0
    endloop
  endfacet
  facet normal 0 0 -1
    outer loop
      vertex 10.9067 1.92315 0
      vertex 13.7873 2.43107 0
      vertex 11.0329 0.965249 0
    endloop
  endfacet
  facet normal 0 0 -1
    outer loop
      vertex 10.0374 -4.6805 0
      vertex 12.6883 -5.91666 0
      vertex 12.1244 -7 0
    endloop
  endfacet
  facet normal -0 0 -1
    outer loop
      vertex 13.7873 2.43107 0
      vertex 10.9067 1.92315 0
      vertex 13.523 3.62347 0
    endloop
  endfacet
  facet normal 0 0 -1
    outer loop
      vertex 9.59123 -5.5375 0
      vertex 12.1244 -7 0
      vertex 11.4681 -8.03007 0
    endloop
  endfacet
  facet normal 0 0 -1
    outer loop
      vertex 10.6976 2.86642 0
      vertex 13.523 3.62347 0
      vertex 10.9067 1.92315 0
    endloop
  endfacet
  facet normal -0 0 -1
    outer loop
      vertex 13.523 3.62347 0
      vertex 10.6976 2.86642 0
      vertex 13.1557 4.78828 0
    endloop
  endfacet
  facet normal 0 0 -1
    outer loop
      vertex 13.9467 -1.22018 0
      vertex 11.0329 -0.965249 0
      vertex 11.075 0 0
    endloop
  endfacet
  facet normal 0 0 -1
    outer loop
      vertex 13.7873 -2.43107 0
      vertex 10.9067 -1.92315 0
      vertex 11.0329 -0.965249 0
    endloop
  endfacet
  facet normal 0 0 -1
    outer loop
      vertex 9.07211 -6.35236 0
      vertex 11.4681 -8.03007 0
      vertex 10.7246 -8.99903 0
    endloop
  endfacet
  facet normal 0 0 -1
    outer loop
      vertex 13.523 -3.62347 0
      vertex 10.6976 -2.86642 0
      vertex 10.9067 -1.92315 0
    endloop
  endfacet
  facet normal 0 0 -1
    outer loop
      vertex 13.1557 -4.78828 0
      vertex 10.4071 -3.78787 0
      vertex 10.6976 -2.86642 0
    endloop
  endfacet
  facet normal 0 0 -1
    outer loop
      vertex 12.6883 -5.91666 0
      vertex 10.0374 -4.6805 0
      vertex 10.4071 -3.78787 0
    endloop
  endfacet
  facet normal 0 0 -1
    outer loop
      vertex 8.48394 -7.11887 0
      vertex 10.7246 -8.99903 0
      vertex 9.89949 -9.89949 0
    endloop
  endfacet
  facet normal 0 0 -1
    outer loop
      vertex 12.1244 -7 0
      vertex 9.59123 -5.5375 0
      vertex 10.0374 -4.6805 0
    endloop
  endfacet
  facet normal 0 0 -1
    outer loop
      vertex 11.4681 -8.03007 0
      vertex 9.07211 -6.35236 0
      vertex 9.59123 -5.5375 0
    endloop
  endfacet
  facet normal 0 0 -1
    outer loop
      vertex 7.83121 -7.83121 0
      vertex 9.89949 -9.89949 0
      vertex 8.99903 -10.7246 0
    endloop
  endfacet
  facet normal 0 0 -1
    outer loop
      vertex 10.7246 -8.99903 0
      vertex 8.48394 -7.11887 0
      vertex 9.07211 -6.35236 0
    endloop
  endfacet
  facet normal 0 0 -1
    outer loop
      vertex 7.11887 -8.48394 0
      vertex 8.99903 -10.7246 0
      vertex 8.03007 -11.4681 0
    endloop
  endfacet
  facet normal 0 0 -1
    outer loop
      vertex 9.89949 -9.89949 0
      vertex 7.83121 -7.83121 0
      vertex 8.48394 -7.11887 0
    endloop
  endfacet
  facet normal 0 0 -1
    outer loop
      vertex 8.99903 -10.7246 0
      vertex 7.11887 -8.48394 0
      vertex 7.83121 -7.83121 0
    endloop
  endfacet
  facet normal 0 0 -1
    outer loop
      vertex 6.35236 -9.07211 0
      vertex 8.03007 -11.4681 0
      vertex 7 -12.1244 0
    endloop
  endfacet
  facet normal 0 0 -1
    outer loop
      vertex 8.03007 -11.4681 0
      vertex 6.35236 -9.07211 0
      vertex 7.11887 -8.48394 0
    endloop
  endfacet
  facet normal 0 0 -1
    outer loop
      vertex 5.5375 -9.59123 0
      vertex 7 -12.1244 0
      vertex 5.91666 -12.6883 0
    endloop
  endfacet
  facet normal 0 0 -1
    outer loop
      vertex 7 -12.1244 0
      vertex 5.5375 -9.59123 0
      vertex 6.35236 -9.07211 0
    endloop
  endfacet
  facet normal 0 0 -1
    outer loop
      vertex 4.6805 -10.0374 0
      vertex 5.91666 -12.6883 0
      vertex 4.78828 -13.1557 0
    endloop
  endfacet
  facet normal 0 0 -1
    outer loop
      vertex 5.91666 -12.6883 0
      vertex 4.6805 -10.0374 0
      vertex 5.5375 -9.59123 0
    endloop
  endfacet
  facet normal 0 0 -1
    outer loop
      vertex 4.78828 -13.1557 0
      vertex 3.78787 -10.4071 0
      vertex 4.6805 -10.0374 0
    endloop
  endfacet
  facet normal 0 0 -1
    outer loop
      vertex 3.62347 -13.523 0
      vertex 3.78787 -10.4071 0
      vertex 4.78828 -13.1557 0
    endloop
  endfacet
  facet normal 0 0 -1
    outer loop
      vertex 3.62347 -13.523 0
      vertex 2.86642 -10.6976 0
      vertex 3.78787 -10.4071 0
    endloop
  endfacet
  facet normal 0 0 -1
    outer loop
      vertex 2.43107 -13.7873 0
      vertex 2.86642 -10.6976 0
      vertex 3.62347 -13.523 0
    endloop
  endfacet
  facet normal 0 0 -1
    outer loop
      vertex 2.43107 -13.7873 0
      vertex 1.92315 -10.9067 0
      vertex 2.86642 -10.6976 0
    endloop
  endfacet
  facet normal 0 0 -1
    outer loop
      vertex 1.22018 -13.9467 0
      vertex 1.92315 -10.9067 0
      vertex 2.43107 -13.7873 0
    endloop
  endfacet
  facet normal 0 0 -1
    outer loop
      vertex 1.22018 -13.9467 0
      vertex 0.965249 -11.0329 0
      vertex 1.92315 -10.9067 0
    endloop
  endfacet
  facet normal 0 0 -1
    outer loop
      vertex 0 -14 0
      vertex 0.965249 -11.0329 0
      vertex 1.22018 -13.9467 0
    endloop
  endfacet
  facet normal 0 0 -1
    outer loop
      vertex 0 -14 0
      vertex 0 -11.075 0
      vertex 0.965249 -11.0329 0
    endloop
  endfacet
  facet normal 0 0 -1
    outer loop
      vertex 0 -14 0
      vertex -0.965249 -11.0329 0
      vertex 0 -11.075 0
    endloop
  endfacet
  facet normal 0 0 -1
    outer loop
      vertex -1.22018 -13.9467 0
      vertex -0.965249 -11.0329 0
      vertex 0 -14 0
    endloop
  endfacet
  facet normal 0 0 -1
    outer loop
      vertex -1.22018 -13.9467 0
      vertex -1.92315 -10.9067 0
      vertex -0.965249 -11.0329 0
    endloop
  endfacet
  facet normal 0 0 -1
    outer loop
      vertex -2.43107 -13.7873 0
      vertex -1.92315 -10.9067 0
      vertex -1.22018 -13.9467 0
    endloop
  endfacet
  facet normal 0 0 -1
    outer loop
      vertex -2.43107 -13.7873 0
      vertex -2.86642 -10.6976 0
      vertex -1.92315 -10.9067 0
    endloop
  endfacet
  facet normal 0 0 -1
    outer loop
      vertex -3.62347 -13.523 0
      vertex -2.86642 -10.6976 0
      vertex -2.43107 -13.7873 0
    endloop
  endfacet
  facet normal 0 0 -1
    outer loop
      vertex -3.62347 -13.523 0
      vertex -3.78787 -10.4071 0
      vertex -2.86642 -10.6976 0
    endloop
  endfacet
  facet normal 0 0 -1
    outer loop
      vertex -4.78828 -13.1557 0
      vertex -3.78787 -10.4071 0
      vertex -3.62347 -13.523 0
    endloop
  endfacet
  facet normal -0 0 -1
    outer loop
      vertex -3.78787 -10.4071 0
      vertex -4.78828 -13.1557 0
      vertex -4.6805 -10.0374 0
    endloop
  endfacet
  facet normal 0 0 -1
    outer loop
      vertex -5.91666 -12.6883 0
      vertex -4.6805 -10.0374 0
      vertex -4.78828 -13.1557 0
    endloop
  endfacet
  facet normal -0 0 -1
    outer loop
      vertex -4.6805 -10.0374 0
      vertex -5.91666 -12.6883 0
      vertex -5.5375 -9.59123 0
    endloop
  endfacet
  facet normal 0 0 -1
    outer loop
      vertex -7 -12.1244 0
      vertex -5.5375 -9.59123 0
      vertex -5.91666 -12.6883 0
    endloop
  endfacet
  facet normal -0 0 -1
    outer loop
      vertex -5.5375 -9.59123 0
      vertex -7 -12.1244 0
      vertex -6.35236 -9.07211 0
    endloop
  endfacet
  facet normal 0 0 -1
    outer loop
      vertex -8.03007 -11.4681 0
      vertex -6.35236 -9.07211 0
      vertex -7 -12.1244 0
    endloop
  endfacet
  facet normal -0 0 -1
    outer loop
      vertex -6.35236 -9.07211 0
      vertex -8.03007 -11.4681 0
      vertex -7.11887 -8.48394 0
    endloop
  endfacet
  facet normal 0 0 -1
    outer loop
      vertex -8.99903 -10.7246 0
      vertex -7.11887 -8.48394 0
      vertex -8.03007 -11.4681 0
    endloop
  endfacet
  facet normal -0 0 -1
    outer loop
      vertex -7.11887 -8.48394 0
      vertex -8.99903 -10.7246 0
      vertex -7.83121 -7.83121 0
    endloop
  endfacet
  facet normal 0 0 -1
    outer loop
      vertex -9.89949 -9.89949 0
      vertex -7.83121 -7.83121 0
      vertex -8.99903 -10.7246 0
    endloop
  endfacet
  facet normal -0 0 -1
    outer loop
      vertex -7.83121 -7.83121 0
      vertex -9.89949 -9.89949 0
      vertex -8.48394 -7.11887 0
    endloop
  endfacet
  facet normal 0 0 -1
    outer loop
      vertex -10.7246 -8.99903 0
      vertex -8.48394 -7.11887 0
      vertex -9.89949 -9.89949 0
    endloop
  endfacet
  facet normal -0 0 -1
    outer loop
      vertex -8.48394 -7.11887 0
      vertex -10.7246 -8.99903 0
      vertex -9.07211 -6.35236 0
    endloop
  endfacet
  facet normal 0 0 -1
    outer loop
      vertex -11.4681 -8.03007 0
      vertex -9.07211 -6.35236 0
      vertex -10.7246 -8.99903 0
    endloop
  endfacet
  facet normal -0 0 -1
    outer loop
      vertex -9.07211 -6.35236 0
      vertex -11.4681 -8.03007 0
      vertex -9.59123 -5.5375 0
    endloop
  endfacet
  facet normal 0 0 -1
    outer loop
      vertex -12.1244 -7 0
      vertex -9.59123 -5.5375 0
      vertex -11.4681 -8.03007 0
    endloop
  endfacet
  facet normal -0 0 -1
    outer loop
      vertex -9.59123 -5.5375 0
      vertex -12.1244 -7 0
      vertex -10.0374 -4.6805 0
    endloop
  endfacet
  facet normal 0 0 -1
    outer loop
      vertex -12.6883 -5.91666 0
      vertex -10.0374 -4.6805 0
      vertex -12.1244 -7 0
    endloop
  endfacet
  facet normal -0 0 -1
    outer loop
      vertex -10.0374 -4.6805 0
      vertex -12.6883 -5.91666 0
      vertex -10.4071 -3.78787 0
    endloop
  endfacet
  facet normal 0 0 -1
    outer loop
      vertex -13.1557 -4.78828 0
      vertex -10.4071 -3.78787 0
      vertex -12.6883 -5.91666 0
    endloop
  endfacet
  facet normal -0 0 -1
    outer loop
      vertex -10.4071 -3.78787 0
      vertex -13.1557 -4.78828 0
      vertex -10.6976 -2.86642 0
    endloop
  endfacet
  facet normal 0 0 -1
    outer loop
      vertex 10.4071 3.78787 0
      vertex 13.1557 4.78828 0
      vertex 10.6976 2.86642 0
    endloop
  endfacet
  facet normal -0 0 -1
    outer loop
      vertex 13.1557 4.78828 0
      vertex 10.4071 3.78787 0
      vertex 12.6883 5.91666 0
    endloop
  endfacet
  facet normal 0 0 -1
    outer loop
      vertex 10.0374 4.6805 0
      vertex 12.6883 5.91666 0
      vertex 10.4071 3.78787 0
    endloop
  endfacet
  facet normal -0 0 -1
    outer loop
      vertex 12.6883 5.91666 0
      vertex 10.0374 4.6805 0
      vertex 12.1244 7 0
    endloop
  endfacet
  facet normal 0 0 -1
    outer loop
      vertex 9.59123 5.5375 0
      vertex 12.1244 7 0
      vertex 10.0374 4.6805 0
    endloop
  endfacet
  facet normal -0 0 -1
    outer loop
      vertex 12.1244 7 0
      vertex 9.59123 5.5375 0
      vertex 11.4681 8.03007 0
    endloop
  endfacet
  facet normal 0 0 -1
    outer loop
      vertex 9.07211 6.35236 0
      vertex 11.4681 8.03007 0
      vertex 9.59123 5.5375 0
    endloop
  endfacet
  facet normal -0 0 -1
    outer loop
      vertex 11.4681 8.03007 0
      vertex 9.07211 6.35236 0
      vertex 10.7246 8.99903 0
    endloop
  endfacet
  facet normal 0 0 -1
    outer loop
      vertex 8.48394 7.11887 0
      vertex 10.7246 8.99903 0
      vertex 9.07211 6.35236 0
    endloop
  endfacet
  facet normal -0 0 -1
    outer loop
      vertex 10.7246 8.99903 0
      vertex 8.48394 7.11887 0
      vertex 9.89949 9.89949 0
    endloop
  endfacet
  facet normal 0 0 -1
    outer loop
      vertex 7.83121 7.83121 0
      vertex 9.89949 9.89949 0
      vertex 8.48394 7.11887 0
    endloop
  endfacet
  facet normal -0 0 -1
    outer loop
      vertex 9.89949 9.89949 0
      vertex 7.83121 7.83121 0
      vertex 8.99903 10.7246 0
    endloop
  endfacet
  facet normal 0 0 -1
    outer loop
      vertex 7.11887 8.48394 0
      vertex 8.99903 10.7246 0
      vertex 7.83121 7.83121 0
    endloop
  endfacet
  facet normal -0 0 -1
    outer loop
      vertex 8.99903 10.7246 0
      vertex 7.11887 8.48394 0
      vertex 8.03007 11.4681 0
    endloop
  endfacet
  facet normal 0 0 -1
    outer loop
      vertex 6.35236 9.07211 0
      vertex 8.03007 11.4681 0
      vertex 7.11887 8.48394 0
    endloop
  endfacet
  facet normal -0 0 -1
    outer loop
      vertex 8.03007 11.4681 0
      vertex 6.35236 9.07211 0
      vertex 7 12.1244 0
    endloop
  endfacet
  facet normal 0 0 -1
    outer loop
      vertex 5.5375 9.59123 0
      vertex 7 12.1244 0
      vertex 6.35236 9.07211 0
    endloop
  endfacet
  facet normal -0 0 -1
    outer loop
      vertex 7 12.1244 0
      vertex 5.5375 9.59123 0
      vertex 5.91666 12.6883 0
    endloop
  endfacet
  facet normal 0 0 -1
    outer loop
      vertex 4.6805 10.0374 0
      vertex 5.91666 12.6883 0
      vertex 5.5375 9.59123 0
    endloop
  endfacet
  facet normal -0 0 -1
    outer loop
      vertex 5.91666 12.6883 0
      vertex 4.6805 10.0374 0
      vertex 4.78828 13.1557 0
    endloop
  endfacet
  facet normal 0 0 -1
    outer loop
      vertex 3.78787 10.4071 0
      vertex 4.78828 13.1557 0
      vertex 4.6805 10.0374 0
    endloop
  endfacet
  facet normal 0 0 -1
    outer loop
      vertex 3.78787 10.4071 0
      vertex 3.62347 13.523 0
      vertex 4.78828 13.1557 0
    endloop
  endfacet
  facet normal 0 0 -1
    outer loop
      vertex 2.86642 10.6976 0
      vertex 3.62347 13.523 0
      vertex 3.78787 10.4071 0
    endloop
  endfacet
  facet normal 0 0 -1
    outer loop
      vertex 2.86642 10.6976 0
      vertex 2.43107 13.7873 0
      vertex 3.62347 13.523 0
    endloop
  endfacet
  facet normal 0 0 -1
    outer loop
      vertex 1.92315 10.9067 0
      vertex 2.43107 13.7873 0
      vertex 2.86642 10.6976 0
    endloop
  endfacet
  facet normal 0 0 -1
    outer loop
      vertex 1.92315 10.9067 0
      vertex 1.22018 13.9467 0
      vertex 2.43107 13.7873 0
    endloop
  endfacet
  facet normal 0 0 -1
    outer loop
      vertex 0.965249 11.0329 0
      vertex 1.22018 13.9467 0
      vertex 1.92315 10.9067 0
    endloop
  endfacet
  facet normal 0 0 -1
    outer loop
      vertex 0 11.075 0
      vertex 1.22018 13.9467 0
      vertex 0.965249 11.0329 0
    endloop
  endfacet
  facet normal 0 0 -1
    outer loop
      vertex 0 11.075 0
      vertex 0 14 0
      vertex 1.22018 13.9467 0
    endloop
  endfacet
  facet normal 0 0 -1
    outer loop
      vertex -0.965249 11.0329 0
      vertex 0 14 0
      vertex 0 11.075 0
    endloop
  endfacet
  facet normal 0 0 -1
    outer loop
      vertex -0.965249 11.0329 0
      vertex -1.22018 13.9467 0
      vertex 0 14 0
    endloop
  endfacet
  facet normal 0 0 -1
    outer loop
      vertex -1.92315 10.9067 0
      vertex -1.22018 13.9467 0
      vertex -0.965249 11.0329 0
    endloop
  endfacet
  facet normal 0 0 -1
    outer loop
      vertex -1.92315 10.9067 0
      vertex -2.43107 13.7873 0
      vertex -1.22018 13.9467 0
    endloop
  endfacet
  facet normal 0 0 -1
    outer loop
      vertex -2.86642 10.6976 0
      vertex -2.43107 13.7873 0
      vertex -1.92315 10.9067 0
    endloop
  endfacet
  facet normal 0 0 -1
    outer loop
      vertex -2.86642 10.6976 0
      vertex -3.62347 13.523 0
      vertex -2.43107 13.7873 0
    endloop
  endfacet
  facet normal 0 0 -1
    outer loop
      vertex -3.78787 10.4071 0
      vertex -3.62347 13.523 0
      vertex -2.86642 10.6976 0
    endloop
  endfacet
  facet normal 0 0 -1
    outer loop
      vertex -4.78828 13.1557 0
      vertex -3.78787 10.4071 0
      vertex -4.6805 10.0374 0
    endloop
  endfacet
  facet normal 0 0 -1
    outer loop
      vertex -3.78787 10.4071 0
      vertex -4.78828 13.1557 0
      vertex -3.62347 13.523 0
    endloop
  endfacet
  facet normal 0 0 -1
    outer loop
      vertex -5.91666 12.6883 0
      vertex -4.6805 10.0374 0
      vertex -5.5375 9.59123 0
    endloop
  endfacet
  facet normal 0 0 -1
    outer loop
      vertex -4.6805 10.0374 0
      vertex -5.91666 12.6883 0
      vertex -4.78828 13.1557 0
    endloop
  endfacet
  facet normal 0 0 -1
    outer loop
      vertex -7 12.1244 0
      vertex -5.5375 9.59123 0
      vertex -6.35236 9.07211 0
    endloop
  endfacet
  facet normal 0 0 -1
    outer loop
      vertex -5.5375 9.59123 0
      vertex -7 12.1244 0
      vertex -5.91666 12.6883 0
    endloop
  endfacet
  facet normal 0 0 -1
    outer loop
      vertex -8.03007 11.4681 0
      vertex -6.35236 9.07211 0
      vertex -7.11887 8.48394 0
    endloop
  endfacet
  facet normal 0 0 -1
    outer loop
      vertex -8.99903 10.7246 0
      vertex -7.11887 8.48394 0
      vertex -7.83121 7.83121 0
    endloop
  endfacet
  facet normal 0 0 -1
    outer loop
      vertex -6.35236 9.07211 0
      vertex -8.03007 11.4681 0
      vertex -7 12.1244 0
    endloop
  endfacet
  facet normal 0 0 -1
    outer loop
      vertex -9.89949 9.89949 0
      vertex -7.83121 7.83121 0
      vertex -8.48394 7.11887 0
    endloop
  endfacet
  facet normal 0 0 -1
    outer loop
      vertex -7.11887 8.48394 0
      vertex -8.99903 10.7246 0
      vertex -8.03007 11.4681 0
    endloop
  endfacet
  facet normal 0 0 -1
    outer loop
      vertex -10.7246 8.99903 0
      vertex -8.48394 7.11887 0
      vertex -9.07211 6.35236 0
    endloop
  endfacet
  facet normal 0 0 -1
    outer loop
      vertex -11.4681 8.03007 0
      vertex -9.07211 6.35236 0
      vertex -9.59123 5.5375 0
    endloop
  endfacet
  facet normal 0 0 -1
    outer loop
      vertex -7.83121 7.83121 0
      vertex -9.89949 9.89949 0
      vertex -8.99903 10.7246 0
    endloop
  endfacet
  facet normal 0 0 -1
    outer loop
      vertex -12.1244 7 0
      vertex -9.59123 5.5375 0
      vertex -10.0374 4.6805 0
    endloop
  endfacet
  facet normal 0 0 -1
    outer loop
      vertex -12.6883 5.91666 0
      vertex -10.0374 4.6805 0
      vertex -10.4071 3.78787 0
    endloop
  endfacet
  facet normal 0 0 -1
    outer loop
      vertex -13.1557 4.78828 0
      vertex -10.4071 3.78787 0
      vertex -10.6976 2.86642 0
    endloop
  endfacet
  facet normal 0 0 -1
    outer loop
      vertex -8.48394 7.11887 0
      vertex -10.7246 8.99903 0
      vertex -9.89949 9.89949 0
    endloop
  endfacet
  facet normal 0 0 -1
    outer loop
      vertex -13.523 3.62347 0
      vertex -10.6976 2.86642 0
      vertex -10.9067 1.92315 0
    endloop
  endfacet
  facet normal 0 0 -1
    outer loop
      vertex -13.7873 2.43107 0
      vertex -10.9067 1.92315 0
      vertex -11.0329 0.965249 0
    endloop
  endfacet
  facet normal 0 0 -1
    outer loop
      vertex -13.9467 1.22018 0
      vertex -11.0329 0.965249 0
      vertex -11.075 0 0
    endloop
  endfacet
  facet normal 0 0 -1
    outer loop
      vertex -13.523 -3.62347 0
      vertex -10.6976 -2.86642 0
      vertex -13.1557 -4.78828 0
    endloop
  endfacet
  facet normal 0 0 -1
    outer loop
      vertex -9.07211 6.35236 0
      vertex -11.4681 8.03007 0
      vertex -10.7246 8.99903 0
    endloop
  endfacet
  facet normal -0 0 -1
    outer loop
      vertex -10.6976 -2.86642 0
      vertex -13.523 -3.62347 0
      vertex -10.9067 -1.92315 0
    endloop
  endfacet
  facet normal 0 0 -1
    outer loop
      vertex -9.59123 5.5375 0
      vertex -12.1244 7 0
      vertex -11.4681 8.03007 0
    endloop
  endfacet
  facet normal 0 0 -1
    outer loop
      vertex -13.7873 -2.43107 0
      vertex -10.9067 -1.92315 0
      vertex -13.523 -3.62347 0
    endloop
  endfacet
  facet normal 0 0 -1
    outer loop
      vertex -10.0374 4.6805 0
      vertex -12.6883 5.91666 0
      vertex -12.1244 7 0
    endloop
  endfacet
  facet normal -0 0 -1
    outer loop
      vertex -10.9067 -1.92315 0
      vertex -13.7873 -2.43107 0
      vertex -11.0329 -0.965249 0
    endloop
  endfacet
  facet normal 0 0 -1
    outer loop
      vertex -10.4071 3.78787 0
      vertex -13.1557 4.78828 0
      vertex -12.6883 5.91666 0
    endloop
  endfacet
  facet normal 0 0 -1
    outer loop
      vertex -13.9467 -1.22018 0
      vertex -11.0329 -0.965249 0
      vertex -13.7873 -2.43107 0
    endloop
  endfacet
  facet normal 0 0 -1
    outer loop
      vertex -10.6976 2.86642 0
      vertex -13.523 3.62347 0
      vertex -13.1557 4.78828 0
    endloop
  endfacet
  facet normal -0 0 -1
    outer loop
      vertex -11.0329 -0.965249 0
      vertex -13.9467 -1.22018 0
      vertex -11.075 0 0
    endloop
  endfacet
  facet normal 0 0 -1
    outer loop
      vertex -10.9067 1.92315 0
      vertex -13.7873 2.43107 0
      vertex -13.523 3.62347 0
    endloop
  endfacet
  facet normal 0 0 -1
    outer loop
      vertex -14 0 0
      vertex -11.075 0 0
      vertex -13.9467 -1.22018 0
    endloop
  endfacet
  facet normal 0 0 -1
    outer loop
      vertex -11.0329 0.965249 0
      vertex -13.9467 1.22018 0
      vertex -13.7873 2.43107 0
    endloop
  endfacet
  facet normal 0 0 -1
    outer loop
      vertex -11.075 0 0
      vertex -14 0 0
      vertex -13.9467 1.22018 0
    endloop
  endfacet
  facet normal -0.38269 0.923877 0
    outer loop
      vertex -4.78828 13.1557 0
      vertex -5.91666 12.6883 82
      vertex -4.78828 13.1557 82
    endloop
  endfacet
  facet normal -0.38269 0.923877 0
    outer loop
      vertex -5.91666 12.6883 82
      vertex -4.78828 13.1557 0
      vertex -5.91666 12.6883 0
    endloop
  endfacet
  facet normal -0.216402 -0.976304 0
    outer loop
      vertex -3.62347 -13.523 0
      vertex -2.43107 -13.7873 82
      vertex -3.62347 -13.523 82
    endloop
  endfacet
  facet normal -0.216402 -0.976304 -0
    outer loop
      vertex -2.43107 -13.7873 82
      vertex -3.62347 -13.523 0
      vertex -2.43107 -13.7873 0
    endloop
  endfacet
  facet normal 0 0 1
    outer loop
      vertex 11.075 0 82
      vertex 14 0 82
      vertex 13.9467 1.22018 82
    endloop
  endfacet
  facet normal 0 0 1
    outer loop
      vertex 11.0329 0.965249 82
      vertex 13.9467 1.22018 82
      vertex 13.7873 2.43107 82
    endloop
  endfacet
  facet normal 0 0 1
    outer loop
      vertex 14 0 82
      vertex 11.075 0 82
      vertex 13.9467 -1.22018 82
    endloop
  endfacet
  facet normal 0 0 1
    outer loop
      vertex 10.9067 1.92315 82
      vertex 13.7873 2.43107 82
      vertex 13.523 3.62347 82
    endloop
  endfacet
  facet normal -0 0 1
    outer loop
      vertex 11.0329 -0.965249 82
      vertex 13.9467 -1.22018 82
      vertex 11.075 0 82
    endloop
  endfacet
  facet normal 0 0 1
    outer loop
      vertex 10.6976 2.86642 82
      vertex 13.523 3.62347 82
      vertex 13.1557 4.78828 82
    endloop
  endfacet
  facet normal 0 0 1
    outer loop
      vertex 13.9467 -1.22018 82
      vertex 11.0329 -0.965249 82
      vertex 13.7873 -2.43107 82
    endloop
  endfacet
  facet normal 0 0 1
    outer loop
      vertex 10.4071 3.78787 82
      vertex 13.1557 4.78828 82
      vertex 12.6883 5.91666 82
    endloop
  endfacet
  facet normal -0 0 1
    outer loop
      vertex 10.9067 -1.92315 82
      vertex 13.7873 -2.43107 82
      vertex 11.0329 -0.965249 82
    endloop
  endfacet
  facet normal 0 0 1
    outer loop
      vertex 10.0374 4.6805 82
      vertex 12.6883 5.91666 82
      vertex 12.1244 7 82
    endloop
  endfacet
  facet normal 0 0 1
    outer loop
      vertex 13.7873 -2.43107 82
      vertex 10.9067 -1.92315 82
      vertex 13.523 -3.62347 82
    endloop
  endfacet
  facet normal 0 0 1
    outer loop
      vertex 9.59123 5.5375 82
      vertex 12.1244 7 82
      vertex 11.4681 8.03007 82
    endloop
  endfacet
  facet normal -0 0 1
    outer loop
      vertex 10.6976 -2.86642 82
      vertex 13.523 -3.62347 82
      vertex 10.9067 -1.92315 82
    endloop
  endfacet
  facet normal 0 0 1
    outer loop
      vertex 13.523 -3.62347 82
      vertex 10.6976 -2.86642 82
      vertex 13.1557 -4.78828 82
    endloop
  endfacet
  facet normal 0 0 1
    outer loop
      vertex 13.9467 1.22018 82
      vertex 11.0329 0.965249 82
      vertex 11.075 0 82
    endloop
  endfacet
  facet normal 0 0 1
    outer loop
      vertex 13.7873 2.43107 82
      vertex 10.9067 1.92315 82
      vertex 11.0329 0.965249 82
    endloop
  endfacet
  facet normal 0 0 1
    outer loop
      vertex 9.07211 6.35236 82
      vertex 11.4681 8.03007 82
      vertex 10.7246 8.99903 82
    endloop
  endfacet
  facet normal 0 0 1
    outer loop
      vertex 13.523 3.62347 82
      vertex 10.6976 2.86642 82
      vertex 10.9067 1.92315 82
    endloop
  endfacet
  facet normal 0 0 1
    outer loop
      vertex 13.1557 4.78828 82
      vertex 10.4071 3.78787 82
      vertex 10.6976 2.86642 82
    endloop
  endfacet
  facet normal 0 0 1
    outer loop
      vertex 12.6883 5.91666 82
      vertex 10.0374 4.6805 82
      vertex 10.4071 3.78787 82
    endloop
  endfacet
  facet normal 0 0 1
    outer loop
      vertex 8.48394 7.11887 82
      vertex 10.7246 8.99903 82
      vertex 9.89949 9.89949 82
    endloop
  endfacet
  facet normal 0 0 1
    outer loop
      vertex 12.1244 7 82
      vertex 9.59123 5.5375 82
      vertex 10.0374 4.6805 82
    endloop
  endfacet
  facet normal 0 0 1
    outer loop
      vertex 11.4681 8.03007 82
      vertex 9.07211 6.35236 82
      vertex 9.59123 5.5375 82
    endloop
  endfacet
  facet normal 0 0 1
    outer loop
      vertex 7.83121 7.83121 82
      vertex 9.89949 9.89949 82
      vertex 8.99903 10.7246 82
    endloop
  endfacet
  facet normal 0 0 1
    outer loop
      vertex 10.7246 8.99903 82
      vertex 8.48394 7.11887 82
      vertex 9.07211 6.35236 82
    endloop
  endfacet
  facet normal 0 0 1
    outer loop
      vertex 7.11887 8.48394 82
      vertex 8.99903 10.7246 82
      vertex 8.03007 11.4681 82
    endloop
  endfacet
  facet normal 0 0 1
    outer loop
      vertex 9.89949 9.89949 82
      vertex 7.83121 7.83121 82
      vertex 8.48394 7.11887 82
    endloop
  endfacet
  facet normal 0 0 1
    outer loop
      vertex 8.99903 10.7246 82
      vertex 7.11887 8.48394 82
      vertex 7.83121 7.83121 82
    endloop
  endfacet
  facet normal 0 0 1
    outer loop
      vertex 6.35236 9.07211 82
      vertex 8.03007 11.4681 82
      vertex 7 12.1244 82
    endloop
  endfacet
  facet normal 0 0 1
    outer loop
      vertex 8.03007 11.4681 82
      vertex 6.35236 9.07211 82
      vertex 7.11887 8.48394 82
    endloop
  endfacet
  facet normal 0 0 1
    outer loop
      vertex 5.5375 9.59123 82
      vertex 7 12.1244 82
      vertex 5.91666 12.6883 82
    endloop
  endfacet
  facet normal 0 0 1
    outer loop
      vertex 7 12.1244 82
      vertex 5.5375 9.59123 82
      vertex 6.35236 9.07211 82
    endloop
  endfacet
  facet normal 0 0 1
    outer loop
      vertex 4.6805 10.0374 82
      vertex 5.91666 12.6883 82
      vertex 4.78828 13.1557 82
    endloop
  endfacet
  facet normal 0 0 1
    outer loop
      vertex 5.91666 12.6883 82
      vertex 4.6805 10.0374 82
      vertex 5.5375 9.59123 82
    endloop
  endfacet
  facet normal 0 0 1
    outer loop
      vertex 4.78828 13.1557 82
      vertex 3.78787 10.4071 82
      vertex 4.6805 10.0374 82
    endloop
  endfacet
  facet normal 0 0 1
    outer loop
      vertex 3.62347 13.523 82
      vertex 3.78787 10.4071 82
      vertex 4.78828 13.1557 82
    endloop
  endfacet
  facet normal 0 0 1
    outer loop
      vertex 3.62347 13.523 82
      vertex 2.86642 10.6976 82
      vertex 3.78787 10.4071 82
    endloop
  endfacet
  facet normal 0 0 1
    outer loop
      vertex 2.43107 13.7873 82
      vertex 2.86642 10.6976 82
      vertex 3.62347 13.523 82
    endloop
  endfacet
  facet normal 0 0 1
    outer loop
      vertex 2.43107 13.7873 82
      vertex 1.92315 10.9067 82
      vertex 2.86642 10.6976 82
    endloop
  endfacet
  facet normal 0 0 1
    outer loop
      vertex 1.22018 13.9467 82
      vertex 1.92315 10.9067 82
      vertex 2.43107 13.7873 82
    endloop
  endfacet
  facet normal 0 0 1
    outer loop
      vertex 1.22018 13.9467 82
      vertex 0.965249 11.0329 82
      vertex 1.92315 10.9067 82
    endloop
  endfacet
  facet normal 0 0 1
    outer loop
      vertex 0 14 82
      vertex 0.965249 11.0329 82
      vertex 1.22018 13.9467 82
    endloop
  endfacet
  facet normal 0 0 1
    outer loop
      vertex 0 14 82
      vertex 0 11.075 82
      vertex 0.965249 11.0329 82
    endloop
  endfacet
  facet normal 0 0 1
    outer loop
      vertex 0 14 82
      vertex -0.965249 11.0329 82
      vertex 0 11.075 82
    endloop
  endfacet
  facet normal -0 0 1
    outer loop
      vertex -1.22018 13.9467 82
      vertex -0.965249 11.0329 82
      vertex 0 14 82
    endloop
  endfacet
  facet normal 0 0 1
    outer loop
      vertex -1.22018 13.9467 82
      vertex -1.92315 10.9067 82
      vertex -0.965249 11.0329 82
    endloop
  endfacet
  facet normal -0 0 1
    outer loop
      vertex -2.43107 13.7873 82
      vertex -1.92315 10.9067 82
      vertex -1.22018 13.9467 82
    endloop
  endfacet
  facet normal 0 0 1
    outer loop
      vertex -2.43107 13.7873 82
      vertex -2.86642 10.6976 82
      vertex -1.92315 10.9067 82
    endloop
  endfacet
  facet normal -0 0 1
    outer loop
      vertex -3.62347 13.523 82
      vertex -2.86642 10.6976 82
      vertex -2.43107 13.7873 82
    endloop
  endfacet
  facet normal 0 0 1
    outer loop
      vertex -3.62347 13.523 82
      vertex -3.78787 10.4071 82
      vertex -2.86642 10.6976 82
    endloop
  endfacet
  facet normal -0 0 1
    outer loop
      vertex -4.78828 13.1557 82
      vertex -3.78787 10.4071 82
      vertex -3.62347 13.523 82
    endloop
  endfacet
  facet normal 0 0 1
    outer loop
      vertex -3.78787 10.4071 82
      vertex -4.78828 13.1557 82
      vertex -4.6805 10.0374 82
    endloop
  endfacet
  facet normal -0 0 1
    outer loop
      vertex -5.91666 12.6883 82
      vertex -4.6805 10.0374 82
      vertex -4.78828 13.1557 82
    endloop
  endfacet
  facet normal 0 0 1
    outer loop
      vertex -4.6805 10.0374 82
      vertex -5.91666 12.6883 82
      vertex -5.5375 9.59123 82
    endloop
  endfacet
  facet normal -0 0 1
    outer loop
      vertex -7 12.1244 82
      vertex -5.5375 9.59123 82
      vertex -5.91666 12.6883 82
    endloop
  endfacet
  facet normal 0 0 1
    outer loop
      vertex -5.5375 9.59123 82
      vertex -7 12.1244 82
      vertex -6.35236 9.07211 82
    endloop
  endfacet
  facet normal -0 0 1
    outer loop
      vertex -8.03007 11.4681 82
      vertex -6.35236 9.07211 82
      vertex -7 12.1244 82
    endloop
  endfacet
  facet normal 0 0 1
    outer loop
      vertex -6.35236 9.07211 82
      vertex -8.03007 11.4681 82
      vertex -7.11887 8.48394 82
    endloop
  endfacet
  facet normal -0 0 1
    outer loop
      vertex -8.99903 10.7246 82
      vertex -7.11887 8.48394 82
      vertex -8.03007 11.4681 82
    endloop
  endfacet
  facet normal 0 0 1
    outer loop
      vertex -7.11887 8.48394 82
      vertex -8.99903 10.7246 82
      vertex -7.83121 7.83121 82
    endloop
  endfacet
  facet normal -0 0 1
    outer loop
      vertex -9.89949 9.89949 82
      vertex -7.83121 7.83121 82
      vertex -8.99903 10.7246 82
    endloop
  endfacet
  facet normal 0 0 1
    outer loop
      vertex -7.83121 7.83121 82
      vertex -9.89949 9.89949 82
      vertex -8.48394 7.11887 82
    endloop
  endfacet
  facet normal -0 0 1
    outer loop
      vertex -10.7246 8.99903 82
      vertex -8.48394 7.11887 82
      vertex -9.89949 9.89949 82
    endloop
  endfacet
  facet normal 0 0 1
    outer loop
      vertex -8.48394 7.11887 82
      vertex -10.7246 8.99903 82
      vertex -9.07211 6.35236 82
    endloop
  endfacet
  facet normal -0 0 1
    outer loop
      vertex -11.4681 8.03007 82
      vertex -9.07211 6.35236 82
      vertex -10.7246 8.99903 82
    endloop
  endfacet
  facet normal 0 0 1
    outer loop
      vertex -9.07211 6.35236 82
      vertex -11.4681 8.03007 82
      vertex -9.59123 5.5375 82
    endloop
  endfacet
  facet normal -0 0 1
    outer loop
      vertex -12.1244 7 82
      vertex -9.59123 5.5375 82
      vertex -11.4681 8.03007 82
    endloop
  endfacet
  facet normal 0 0 1
    outer loop
      vertex -9.59123 5.5375 82
      vertex -12.1244 7 82
      vertex -10.0374 4.6805 82
    endloop
  endfacet
  facet normal -0 0 1
    outer loop
      vertex -12.6883 5.91666 82
      vertex -10.0374 4.6805 82
      vertex -12.1244 7 82
    endloop
  endfacet
  facet normal 0 0 1
    outer loop
      vertex -10.0374 4.6805 82
      vertex -12.6883 5.91666 82
      vertex -10.4071 3.78787 82
    endloop
  endfacet
  facet normal -0 0 1
    outer loop
      vertex -13.1557 4.78828 82
      vertex -10.4071 3.78787 82
      vertex -12.6883 5.91666 82
    endloop
  endfacet
  facet normal 0 0 1
    outer loop
      vertex -10.4071 3.78787 82
      vertex -13.1557 4.78828 82
      vertex -10.6976 2.86642 82
    endloop
  endfacet
  facet normal -0 0 1
    outer loop
      vertex 10.4071 -3.78787 82
      vertex 13.1557 -4.78828 82
      vertex 10.6976 -2.86642 82
    endloop
  endfacet
  facet normal 0 0 1
    outer loop
      vertex 13.1557 -4.78828 82
      vertex 10.4071 -3.78787 82
      vertex 12.6883 -5.91666 82
    endloop
  endfacet
  facet normal -0 0 1
    outer loop
      vertex 10.0374 -4.6805 82
      vertex 12.6883 -5.91666 82
      vertex 10.4071 -3.78787 82
    endloop
  endfacet
  facet normal 0 0 1
    outer loop
      vertex 12.6883 -5.91666 82
      vertex 10.0374 -4.6805 82
      vertex 12.1244 -7 82
    endloop
  endfacet
  facet normal -0 0 1
    outer loop
      vertex 9.59123 -5.5375 82
      vertex 12.1244 -7 82
      vertex 10.0374 -4.6805 82
    endloop
  endfacet
  facet normal 0 0 1
    outer loop
      vertex 12.1244 -7 82
      vertex 9.59123 -5.5375 82
      vertex 11.4681 -8.03007 82
    endloop
  endfacet
  facet normal -0 0 1
    outer loop
      vertex 9.07211 -6.35236 82
      vertex 11.4681 -8.03007 82
      vertex 9.59123 -5.5375 82
    endloop
  endfacet
  facet normal 0 0 1
    outer loop
      vertex 11.4681 -8.03007 82
      vertex 9.07211 -6.35236 82
      vertex 10.7246 -8.99903 82
    endloop
  endfacet
  facet normal -0 0 1
    outer loop
      vertex 8.48394 -7.11887 82
      vertex 10.7246 -8.99903 82
      vertex 9.07211 -6.35236 82
    endloop
  endfacet
  facet normal 0 0 1
    outer loop
      vertex 10.7246 -8.99903 82
      vertex 8.48394 -7.11887 82
      vertex 9.89949 -9.89949 82
    endloop
  endfacet
  facet normal -0 0 1
    outer loop
      vertex 7.83121 -7.83121 82
      vertex 9.89949 -9.89949 82
      vertex 8.48394 -7.11887 82
    endloop
  endfacet
  facet normal 0 0 1
    outer loop
      vertex 9.89949 -9.89949 82
      vertex 7.83121 -7.83121 82
      vertex 8.99903 -10.7246 82
    endloop
  endfacet
  facet normal -0 0 1
    outer loop
      vertex 7.11887 -8.48394 82
      vertex 8.99903 -10.7246 82
      vertex 7.83121 -7.83121 82
    endloop
  endfacet
  facet normal 0 0 1
    outer loop
      vertex 8.99903 -10.7246 82
      vertex 7.11887 -8.48394 82
      vertex 8.03007 -11.4681 82
    endloop
  endfacet
  facet normal -0 0 1
    outer loop
      vertex 6.35236 -9.07211 82
      vertex 8.03007 -11.4681 82
      vertex 7.11887 -8.48394 82
    endloop
  endfacet
  facet normal 0 0 1
    outer loop
      vertex 8.03007 -11.4681 82
      vertex 6.35236 -9.07211 82
      vertex 7 -12.1244 82
    endloop
  endfacet
  facet normal -0 0 1
    outer loop
      vertex 5.5375 -9.59123 82
      vertex 7 -12.1244 82
      vertex 6.35236 -9.07211 82
    endloop
  endfacet
  facet normal 0 0 1
    outer loop
      vertex 7 -12.1244 82
      vertex 5.5375 -9.59123 82
      vertex 5.91666 -12.6883 82
    endloop
  endfacet
  facet normal -0 0 1
    outer loop
      vertex 4.6805 -10.0374 82
      vertex 5.91666 -12.6883 82
      vertex 5.5375 -9.59123 82
    endloop
  endfacet
  facet normal 0 0 1
    outer loop
      vertex 5.91666 -12.6883 82
      vertex 4.6805 -10.0374 82
      vertex 4.78828 -13.1557 82
    endloop
  endfacet
  facet normal -0 0 1
    outer loop
      vertex 3.78787 -10.4071 82
      vertex 4.78828 -13.1557 82
      vertex 4.6805 -10.0374 82
    endloop
  endfacet
  facet normal 0 0 1
    outer loop
      vertex 3.78787 -10.4071 82
      vertex 3.62347 -13.523 82
      vertex 4.78828 -13.1557 82
    endloop
  endfacet
  facet normal -0 0 1
    outer loop
      vertex 2.86642 -10.6976 82
      vertex 3.62347 -13.523 82
      vertex 3.78787 -10.4071 82
    endloop
  endfacet
  facet normal 0 0 1
    outer loop
      vertex 2.86642 -10.6976 82
      vertex 2.43107 -13.7873 82
      vertex 3.62347 -13.523 82
    endloop
  endfacet
  facet normal -0 0 1
    outer loop
      vertex 1.92315 -10.9067 82
      vertex 2.43107 -13.7873 82
      vertex 2.86642 -10.6976 82
    endloop
  endfacet
  facet normal 0 0 1
    outer loop
      vertex 1.92315 -10.9067 82
      vertex 1.22018 -13.9467 82
      vertex 2.43107 -13.7873 82
    endloop
  endfacet
  facet normal -0 0 1
    outer loop
      vertex 0.965249 -11.0329 82
      vertex 1.22018 -13.9467 82
      vertex 1.92315 -10.9067 82
    endloop
  endfacet
  facet normal -0 0 1
    outer loop
      vertex 0 -11.075 82
      vertex 1.22018 -13.9467 82
      vertex 0.965249 -11.0329 82
    endloop
  endfacet
  facet normal 0 0 1
    outer loop
      vertex 0 -11.075 82
      vertex 0 -14 82
      vertex 1.22018 -13.9467 82
    endloop
  endfacet
  facet normal 0 0 1
    outer loop
      vertex -0.965249 -11.0329 82
      vertex 0 -14 82
      vertex 0 -11.075 82
    endloop
  endfacet
  facet normal 0 0 1
    outer loop
      vertex -0.965249 -11.0329 82
      vertex -1.22018 -13.9467 82
      vertex 0 -14 82
    endloop
  endfacet
  facet normal 0 0 1
    outer loop
      vertex -1.92315 -10.9067 82
      vertex -1.22018 -13.9467 82
      vertex -0.965249 -11.0329 82
    endloop
  endfacet
  facet normal 0 0 1
    outer loop
      vertex -1.92315 -10.9067 82
      vertex -2.43107 -13.7873 82
      vertex -1.22018 -13.9467 82
    endloop
  endfacet
  facet normal 0 0 1
    outer loop
      vertex -2.86642 -10.6976 82
      vertex -2.43107 -13.7873 82
      vertex -1.92315 -10.9067 82
    endloop
  endfacet
  facet normal 0 0 1
    outer loop
      vertex -2.86642 -10.6976 82
      vertex -3.62347 -13.523 82
      vertex -2.43107 -13.7873 82
    endloop
  endfacet
  facet normal 0 0 1
    outer loop
      vertex -3.78787 -10.4071 82
      vertex -3.62347 -13.523 82
      vertex -2.86642 -10.6976 82
    endloop
  endfacet
  facet normal 0 0 1
    outer loop
      vertex -4.78828 -13.1557 82
      vertex -3.78787 -10.4071 82
      vertex -4.6805 -10.0374 82
    endloop
  endfacet
  facet normal 0 0 1
    outer loop
      vertex -3.78787 -10.4071 82
      vertex -4.78828 -13.1557 82
      vertex -3.62347 -13.523 82
    endloop
  endfacet
  facet normal 0 0 1
    outer loop
      vertex -5.91666 -12.6883 82
      vertex -4.6805 -10.0374 82
      vertex -5.5375 -9.59123 82
    endloop
  endfacet
  facet normal 0 0 1
    outer loop
      vertex -4.6805 -10.0374 82
      vertex -5.91666 -12.6883 82
      vertex -4.78828 -13.1557 82
    endloop
  endfacet
  facet normal 0 0 1
    outer loop
      vertex -7 -12.1244 82
      vertex -5.5375 -9.59123 82
      vertex -6.35236 -9.07211 82
    endloop
  endfacet
  facet normal 0 0 1
    outer loop
      vertex -5.5375 -9.59123 82
      vertex -7 -12.1244 82
      vertex -5.91666 -12.6883 82
    endloop
  endfacet
  facet normal 0 0 1
    outer loop
      vertex -8.03007 -11.4681 82
      vertex -6.35236 -9.07211 82
      vertex -7.11887 -8.48394 82
    endloop
  endfacet
  facet normal 0 0 1
    outer loop
      vertex -8.99903 -10.7246 82
      vertex -7.11887 -8.48394 82
      vertex -7.83121 -7.83121 82
    endloop
  endfacet
  facet normal 0 0 1
    outer loop
      vertex -6.35236 -9.07211 82
      vertex -8.03007 -11.4681 82
      vertex -7 -12.1244 82
    endloop
  endfacet
  facet normal 0 0 1
    outer loop
      vertex -9.89949 -9.89949 82
      vertex -7.83121 -7.83121 82
      vertex -8.48394 -7.11887 82
    endloop
  endfacet
  facet normal 0 0 1
    outer loop
      vertex -7.11887 -8.48394 82
      vertex -8.99903 -10.7246 82
      vertex -8.03007 -11.4681 82
    endloop
  endfacet
  facet normal 0 0 1
    outer loop
      vertex -10.7246 -8.99903 82
      vertex -8.48394 -7.11887 82
      vertex -9.07211 -6.35236 82
    endloop
  endfacet
  facet normal 0 0 1
    outer loop
      vertex -11.4681 -8.03007 82
      vertex -9.07211 -6.35236 82
      vertex -9.59123 -5.5375 82
    endloop
  endfacet
  facet normal 0 0 1
    outer loop
      vertex -7.83121 -7.83121 82
      vertex -9.89949 -9.89949 82
      vertex -8.99903 -10.7246 82
    endloop
  endfacet
  facet normal 0 0 1
    outer loop
      vertex -12.1244 -7 82
      vertex -9.59123 -5.5375 82
      vertex -10.0374 -4.6805 82
    endloop
  endfacet
  facet normal 0 0 1
    outer loop
      vertex -12.6883 -5.91666 82
      vertex -10.0374 -4.6805 82
      vertex -10.4071 -3.78787 82
    endloop
  endfacet
  facet normal 0 0 1
    outer loop
      vertex -13.1557 -4.78828 82
      vertex -10.4071 -3.78787 82
      vertex -10.6976 -2.86642 82
    endloop
  endfacet
  facet normal 0 0 1
    outer loop
      vertex -8.48394 -7.11887 82
      vertex -10.7246 -8.99903 82
      vertex -9.89949 -9.89949 82
    endloop
  endfacet
  facet normal 0 0 1
    outer loop
      vertex -13.523 -3.62347 82
      vertex -10.6976 -2.86642 82
      vertex -10.9067 -1.92315 82
    endloop
  endfacet
  facet normal 0 0 1
    outer loop
      vertex -13.7873 -2.43107 82
      vertex -10.9067 -1.92315 82
      vertex -11.0329 -0.965249 82
    endloop
  endfacet
  facet normal 0 0 1
    outer loop
      vertex -13.9467 -1.22018 82
      vertex -11.0329 -0.965249 82
      vertex -11.075 0 82
    endloop
  endfacet
  facet normal -0 0 1
    outer loop
      vertex -13.523 3.62347 82
      vertex -10.6976 2.86642 82
      vertex -13.1557 4.78828 82
    endloop
  endfacet
  facet normal 0 0 1
    outer loop
      vertex -9.07211 -6.35236 82
      vertex -11.4681 -8.03007 82
      vertex -10.7246 -8.99903 82
    endloop
  endfacet
  facet normal 0 0 1
    outer loop
      vertex -10.6976 2.86642 82
      vertex -13.523 3.62347 82
      vertex -10.9067 1.92315 82
    endloop
  endfacet
  facet normal 0 0 1
    outer loop
      vertex -9.59123 -5.5375 82
      vertex -12.1244 -7 82
      vertex -11.4681 -8.03007 82
    endloop
  endfacet
  facet normal -0 0 1
    outer loop
      vertex -13.7873 2.43107 82
      vertex -10.9067 1.92315 82
      vertex -13.523 3.62347 82
    endloop
  endfacet
  facet normal 0 0 1
    outer loop
      vertex -10.0374 -4.6805 82
      vertex -12.6883 -5.91666 82
      vertex -12.1244 -7 82
    endloop
  endfacet
  facet normal 0 0 1
    outer loop
      vertex -10.9067 1.92315 82
      vertex -13.7873 2.43107 82
      vertex -11.0329 0.965249 82
    endloop
  endfacet
  facet normal 0 0 1
    outer loop
      vertex -10.4071 -3.78787 82
      vertex -13.1557 -4.78828 82
      vertex -12.6883 -5.91666 82
    endloop
  endfacet
  facet normal -0 0 1
    outer loop
      vertex -13.9467 1.22018 82
      vertex -11.0329 0.965249 82
      vertex -13.7873 2.43107 82
    endloop
  endfacet
  facet normal 0 0 1
    outer loop
      vertex -10.6976 -2.86642 82
      vertex -13.523 -3.62347 82
      vertex -13.1557 -4.78828 82
    endloop
  endfacet
  facet normal 0 0 1
    outer loop
      vertex -11.0329 0.965249 82
      vertex -13.9467 1.22018 82
      vertex -11.075 0 82
    endloop
  endfacet
  facet normal 0 0 1
    outer loop
      vertex -10.9067 -1.92315 82
      vertex -13.7873 -2.43107 82
      vertex -13.523 -3.62347 82
    endloop
  endfacet
  facet normal 0 0 1
    outer loop
      vertex -14 0 82
      vertex -11.075 0 82
      vertex -13.9467 1.22018 82
    endloop
  endfacet
  facet normal 0 0 1
    outer loop
      vertex -11.0329 -0.965249 82
      vertex -13.9467 -1.22018 82
      vertex -13.7873 -2.43107 82
    endloop
  endfacet
  facet normal 0 0 1
    outer loop
      vertex -11.075 0 82
      vertex -14 0 82
      vertex -13.9467 -1.22018 82
    endloop
  endfacet
  facet normal 0.537342 -0.843364 0
    outer loop
      vertex 7 -12.1244 0
      vertex 8.03007 -11.4681 82
      vertex 7 -12.1244 82
    endloop
  endfacet
  facet normal 0.537342 -0.843364 0
    outer loop
      vertex 8.03007 -11.4681 82
      vertex 7 -12.1244 0
      vertex 8.03007 -11.4681 0
    endloop
  endfacet
  facet normal 0.130513 -0.991447 0
    outer loop
      vertex 1.22018 -13.9467 0
      vertex 2.43107 -13.7873 82
      vertex 1.22018 -13.9467 82
    endloop
  endfacet
  facet normal 0.130513 -0.991447 0
    outer loop
      vertex 2.43107 -13.7873 82
      vertex 1.22018 -13.9467 0
      vertex 2.43107 -13.7873 0
    endloop
  endfacet
  facet normal -0.675586 0.737281 0
    outer loop
      vertex -8.99903 10.7246 0
      vertex -9.89949 9.89949 82
      vertex -8.99903 10.7246 82
    endloop
  endfacet
  facet normal -0.675586 0.737281 0
    outer loop
      vertex -9.89949 9.89949 82
      vertex -8.99903 10.7246 0
      vertex -9.89949 9.89949 0
    endloop
  endfacet
  facet normal -0.793357 0.608757 0
    outer loop
      vertex -11.4681 8.03007 0
      vertex -10.7246 8.99903 82
      vertex -10.7246 8.99903 0
    endloop
  endfacet
  facet normal -0.793357 0.608757 0
    outer loop
      vertex -10.7246 8.99903 82
      vertex -11.4681 8.03007 0
      vertex -11.4681 8.03007 82
    endloop
  endfacet
  facet normal 0.737281 0.675586 0
    outer loop
      vertex 10.7246 8.99903 82
      vertex 9.89949 9.89949 0
      vertex 9.89949 9.89949 82
    endloop
  endfacet
  facet normal 0.737281 0.675586 0
    outer loop
      vertex 9.89949 9.89949 0
      vertex 10.7246 8.99903 82
      vertex 10.7246 8.99903 0
    endloop
  endfacet
  facet normal 0.0436405 0.999047 -0
    outer loop
      vertex 1.22018 13.9467 0
      vertex 0 14 82
      vertex 1.22018 13.9467 82
    endloop
  endfacet
  facet normal 0.0436405 0.999047 0
    outer loop
      vertex 0 14 82
      vertex 1.22018 13.9467 0
      vertex 0 14 0
    endloop
  endfacet
  facet normal 0.38269 0.923877 -0
    outer loop
      vertex 5.91666 12.6883 0
      vertex 4.78828 13.1557 82
      vertex 5.91666 12.6883 82
    endloop
  endfacet
  facet normal 0.38269 0.923877 0
    outer loop
      vertex 4.78828 13.1557 82
      vertex 5.91666 12.6883 0
      vertex 4.78828 13.1557 0
    endloop
  endfacet
  facet normal 0.923877 0.38269 0
    outer loop
      vertex 13.1557 4.78828 82
      vertex 12.6883 5.91666 0
      vertex 12.6883 5.91666 82
    endloop
  endfacet
  facet normal 0.923877 0.38269 0
    outer loop
      vertex 12.6883 5.91666 0
      vertex 13.1557 4.78828 82
      vertex 13.1557 4.78828 0
    endloop
  endfacet
  facet normal -0.999047 0.0436405 0
    outer loop
      vertex -14 0 0
      vertex -13.9467 1.22018 82
      vertex -13.9467 1.22018 0
    endloop
  endfacet
  facet normal -0.999047 0.0436405 0
    outer loop
      vertex -13.9467 1.22018 82
      vertex -14 0 0
      vertex -14 0 82
    endloop
  endfacet
  facet normal -0.953708 -0.300733 0
    outer loop
      vertex -13.1557 -4.78828 0
      vertex -13.523 -3.62347 82
      vertex -13.523 -3.62347 0
    endloop
  endfacet
  facet normal -0.953708 -0.300733 0
    outer loop
      vertex -13.523 -3.62347 82
      vertex -13.1557 -4.78828 0
      vertex -13.1557 -4.78828 82
    endloop
  endfacet
  facet normal -0.999047 -0.0436405 0
    outer loop
      vertex -13.9467 -1.22018 0
      vertex -14 0 82
      vertex -14 0 0
    endloop
  endfacet
  facet normal -0.999047 -0.0436405 0
    outer loop
      vertex -14 0 82
      vertex -13.9467 -1.22018 0
      vertex -13.9467 -1.22018 82
    endloop
  endfacet
  facet normal 0.923877 -0.38269 0
    outer loop
      vertex 12.6883 -5.91666 82
      vertex 13.1557 -4.78828 0
      vertex 13.1557 -4.78828 82
    endloop
  endfacet
  facet normal 0.923877 -0.38269 0
    outer loop
      vertex 13.1557 -4.78828 0
      vertex 12.6883 -5.91666 82
      vertex 12.6883 -5.91666 0
    endloop
  endfacet
  facet normal -0.0436405 0.999047 0
    outer loop
      vertex 0 14 0
      vertex -1.22018 13.9467 82
      vertex 0 14 82
    endloop
  endfacet
  facet normal -0.0436405 0.999047 0
    outer loop
      vertex -1.22018 13.9467 82
      vertex 0 14 0
      vertex -1.22018 13.9467 0
    endloop
  endfacet
  facet normal 0.999047 -0.0436405 0
    outer loop
      vertex 13.9467 -1.22018 82
      vertex 14 0 0
      vertex 14 0 82
    endloop
  endfacet
  facet normal 0.999047 -0.0436405 0
    outer loop
      vertex 14 0 0
      vertex 13.9467 -1.22018 82
      vertex 13.9467 -1.22018 0
    endloop
  endfacet
  facet normal -0.976304 -0.216402 0
    outer loop
      vertex -13.523 -3.62347 0
      vertex -13.7873 -2.43107 82
      vertex -13.7873 -2.43107 0
    endloop
  endfacet
  facet normal -0.976304 -0.216402 0
    outer loop
      vertex -13.7873 -2.43107 82
      vertex -13.523 -3.62347 0
      vertex -13.523 -3.62347 82
    endloop
  endfacet
  facet normal 0.537342 0.843364 -0
    outer loop
      vertex 8.03007 11.4681 0
      vertex 7 12.1244 82
      vertex 8.03007 11.4681 82
    endloop
  endfacet
  facet normal 0.537342 0.843364 0
    outer loop
      vertex 7 12.1244 82
      vertex 8.03007 11.4681 0
      vertex 7 12.1244 0
    endloop
  endfacet
  facet normal 0.976304 -0.216402 0
    outer loop
      vertex 13.523 -3.62347 82
      vertex 13.7873 -2.43107 0
      vertex 13.7873 -2.43107 82
    endloop
  endfacet
  facet normal 0.976304 -0.216402 0
    outer loop
      vertex 13.7873 -2.43107 0
      vertex 13.523 -3.62347 82
      vertex 13.523 -3.62347 0
    endloop
  endfacet
  facet normal -0.923877 -0.38269 0
    outer loop
      vertex -12.6883 -5.91666 0
      vertex -13.1557 -4.78828 82
      vertex -13.1557 -4.78828 0
    endloop
  endfacet
  facet normal -0.923877 -0.38269 0
    outer loop
      vertex -13.1557 -4.78828 82
      vertex -12.6883 -5.91666 0
      vertex -12.6883 -5.91666 82
    endloop
  endfacet
  facet normal 0.216402 -0.976304 0
    outer loop
      vertex 2.43107 -13.7873 0
      vertex 3.62347 -13.523 82
      vertex 2.43107 -13.7873 82
    endloop
  endfacet
  facet normal 0.216402 -0.976304 0
    outer loop
      vertex 3.62347 -13.523 82
      vertex 2.43107 -13.7873 0
      vertex 3.62347 -13.523 0
    endloop
  endfacet
  facet normal 0.953708 -0.300733 0
    outer loop
      vertex 13.1557 -4.78828 82
      vertex 13.523 -3.62347 0
      vertex 13.523 -3.62347 82
    endloop
  endfacet
  facet normal 0.953708 -0.300733 0
    outer loop
      vertex 13.523 -3.62347 0
      vertex 13.1557 -4.78828 82
      vertex 13.1557 -4.78828 0
    endloop
  endfacet
  facet normal -0.461716 0.887028 0
    outer loop
      vertex -5.91666 12.6883 0
      vertex -7 12.1244 82
      vertex -5.91666 12.6883 82
    endloop
  endfacet
  facet normal -0.461716 0.887028 0
    outer loop
      vertex -7 12.1244 82
      vertex -5.91666 12.6883 0
      vertex -7 12.1244 0
    endloop
  endfacet
  facet normal -0.608757 0.793357 0
    outer loop
      vertex -8.03007 11.4681 0
      vertex -8.99903 10.7246 82
      vertex -8.03007 11.4681 82
    endloop
  endfacet
  facet normal -0.608757 0.793357 0
    outer loop
      vertex -8.99903 10.7246 82
      vertex -8.03007 11.4681 0
      vertex -8.99903 10.7246 0
    endloop
  endfacet
  facet normal -0.300733 0.953708 0
    outer loop
      vertex -3.62347 13.523 0
      vertex -4.78828 13.1557 82
      vertex -3.62347 13.523 82
    endloop
  endfacet
  facet normal -0.300733 0.953708 0
    outer loop
      vertex -4.78828 13.1557 82
      vertex -3.62347 13.523 0
      vertex -4.78828 13.1557 0
    endloop
  endfacet
  facet normal -0.887028 0.461716 0
    outer loop
      vertex -12.6883 5.91666 0
      vertex -12.1244 7 82
      vertex -12.1244 7 0
    endloop
  endfacet
  facet normal -0.887028 0.461716 0
    outer loop
      vertex -12.1244 7 82
      vertex -12.6883 5.91666 0
      vertex -12.6883 5.91666 82
    endloop
  endfacet
  facet normal -0.923877 0.38269 0
    outer loop
      vertex -13.1557 4.78828 0
      vertex -12.6883 5.91666 82
      vertex -12.6883 5.91666 0
    endloop
  endfacet
  facet normal -0.923877 0.38269 0
    outer loop
      vertex -12.6883 5.91666 82
      vertex -13.1557 4.78828 0
      vertex -13.1557 4.78828 82
    endloop
  endfacet
  facet normal 0.991447 -0.130513 0
    outer loop
      vertex 13.7873 -2.43107 82
      vertex 13.9467 -1.22018 0
      vertex 13.9467 -1.22018 82
    endloop
  endfacet
  facet normal 0.991447 -0.130513 0
    outer loop
      vertex 13.9467 -1.22018 0
      vertex 13.7873 -2.43107 82
      vertex 13.7873 -2.43107 0
    endloop
  endfacet
  facet normal 0.843364 0.537342 0
    outer loop
      vertex 12.1244 7 82
      vertex 11.4681 8.03007 0
      vertex 11.4681 8.03007 82
    endloop
  endfacet
  facet normal 0.843364 0.537342 0
    outer loop
      vertex 11.4681 8.03007 0
      vertex 12.1244 7 82
      vertex 12.1244 7 0
    endloop
  endfacet
  facet normal 0.461716 -0.887028 0
    outer loop
      vertex 5.91666 -12.6883 0
      vertex 7 -12.1244 82
      vertex 5.91666 -12.6883 82
    endloop
  endfacet
  facet normal 0.461716 -0.887028 0
    outer loop
      vertex 7 -12.1244 82
      vertex 5.91666 -12.6883 0
      vertex 7 -12.1244 0
    endloop
  endfacet
  facet normal -0.976304 0.216402 0
    outer loop
      vertex -13.7873 2.43107 0
      vertex -13.523 3.62347 82
      vertex -13.523 3.62347 0
    endloop
  endfacet
  facet normal -0.976304 0.216402 0
    outer loop
      vertex -13.523 3.62347 82
      vertex -13.7873 2.43107 0
      vertex -13.7873 2.43107 82
    endloop
  endfacet
  facet normal -0.38269 -0.923877 0
    outer loop
      vertex -5.91666 -12.6883 0
      vertex -4.78828 -13.1557 82
      vertex -5.91666 -12.6883 82
    endloop
  endfacet
  facet normal -0.38269 -0.923877 -0
    outer loop
      vertex -4.78828 -13.1557 82
      vertex -5.91666 -12.6883 0
      vertex -4.78828 -13.1557 0
    endloop
  endfacet
  facet normal -0.843364 0.537342 0
    outer loop
      vertex -12.1244 7 0
      vertex -11.4681 8.03007 82
      vertex -11.4681 8.03007 0
    endloop
  endfacet
  facet normal -0.843364 0.537342 0
    outer loop
      vertex -11.4681 8.03007 82
      vertex -12.1244 7 0
      vertex -12.1244 7 82
    endloop
  endfacet
  facet normal 0.608757 -0.793357 0
    outer loop
      vertex 8.03007 -11.4681 0
      vertex 8.99903 -10.7246 82
      vertex 8.03007 -11.4681 82
    endloop
  endfacet
  facet normal 0.608757 -0.793357 0
    outer loop
      vertex 8.99903 -10.7246 82
      vertex 8.03007 -11.4681 0
      vertex 8.99903 -10.7246 0
    endloop
  endfacet
  facet normal -0.130513 0.991447 0
    outer loop
      vertex -1.22018 13.9467 0
      vertex -2.43107 13.7873 82
      vertex -1.22018 13.9467 82
    endloop
  endfacet
  facet normal -0.130513 0.991447 0
    outer loop
      vertex -2.43107 13.7873 82
      vertex -1.22018 13.9467 0
      vertex -2.43107 13.7873 0
    endloop
  endfacet
  facet normal 0.300733 0.953708 -0
    outer loop
      vertex 4.78828 13.1557 0
      vertex 3.62347 13.523 82
      vertex 4.78828 13.1557 82
    endloop
  endfacet
  facet normal 0.300733 0.953708 0
    outer loop
      vertex 3.62347 13.523 82
      vertex 4.78828 13.1557 0
      vertex 3.62347 13.523 0
    endloop
  endfacet
  facet normal -0.953708 0.300733 0
    outer loop
      vertex -13.523 3.62347 0
      vertex -13.1557 4.78828 82
      vertex -13.1557 4.78828 0
    endloop
  endfacet
  facet normal -0.953708 0.300733 0
    outer loop
      vertex -13.1557 4.78828 82
      vertex -13.523 3.62347 0
      vertex -13.523 3.62347 82
    endloop
  endfacet
  facet normal 0.608757 0.793357 -0
    outer loop
      vertex 8.99903 10.7246 0
      vertex 8.03007 11.4681 82
      vertex 8.99903 10.7246 82
    endloop
  endfacet
  facet normal 0.608757 0.793357 0
    outer loop
      vertex 8.03007 11.4681 82
      vertex 8.99903 10.7246 0
      vertex 8.03007 11.4681 0
    endloop
  endfacet
  facet normal 0.887028 -0.461716 0
    outer loop
      vertex 12.1244 -7 82
      vertex 12.6883 -5.91666 0
      vertex 12.6883 -5.91666 82
    endloop
  endfacet
  facet normal 0.887028 -0.461716 0
    outer loop
      vertex 12.6883 -5.91666 0
      vertex 12.1244 -7 82
      vertex 12.1244 -7 0
    endloop
  endfacet
  facet normal 0.461716 0.887028 -0
    outer loop
      vertex 7 12.1244 0
      vertex 5.91666 12.6883 82
      vertex 7 12.1244 82
    endloop
  endfacet
  facet normal 0.461716 0.887028 0
    outer loop
      vertex 5.91666 12.6883 82
      vertex 7 12.1244 0
      vertex 5.91666 12.6883 0
    endloop
  endfacet
  facet normal -0.843364 -0.537342 0
    outer loop
      vertex -11.4681 -8.03007 0
      vertex -12.1244 -7 82
      vertex -12.1244 -7 0
    endloop
  endfacet
  facet normal -0.843364 -0.537342 0
    outer loop
      vertex -12.1244 -7 82
      vertex -11.4681 -8.03007 0
      vertex -11.4681 -8.03007 82
    endloop
  endfacet
  facet normal 0.843364 -0.537342 0
    outer loop
      vertex 11.4681 -8.03007 82
      vertex 12.1244 -7 0
      vertex 12.1244 -7 82
    endloop
  endfacet
  facet normal 0.843364 -0.537342 0
    outer loop
      vertex 12.1244 -7 0
      vertex 11.4681 -8.03007 82
      vertex 11.4681 -8.03007 0
    endloop
  endfacet
  facet normal 0.0436405 -0.999047 0
    outer loop
      vertex 0 -14 0
      vertex 1.22018 -13.9467 82
      vertex 0 -14 82
    endloop
  endfacet
  facet normal 0.0436405 -0.999047 0
    outer loop
      vertex 1.22018 -13.9467 82
      vertex 0 -14 0
      vertex 1.22018 -13.9467 0
    endloop
  endfacet
  facet normal 0.953708 0.300733 0
    outer loop
      vertex 13.523 3.62347 82
      vertex 13.1557 4.78828 0
      vertex 13.1557 4.78828 82
    endloop
  endfacet
  facet normal 0.953708 0.300733 0
    outer loop
      vertex 13.1557 4.78828 0
      vertex 13.523 3.62347 82
      vertex 13.523 3.62347 0
    endloop
  endfacet
  facet normal 0.887028 0.461716 0
    outer loop
      vertex 12.6883 5.91666 82
      vertex 12.1244 7 0
      vertex 12.1244 7 82
    endloop
  endfacet
  facet normal 0.887028 0.461716 0
    outer loop
      vertex 12.1244 7 0
      vertex 12.6883 5.91666 82
      vertex 12.6883 5.91666 0
    endloop
  endfacet
  facet normal 0.300733 -0.953708 0
    outer loop
      vertex 3.62347 -13.523 0
      vertex 4.78828 -13.1557 82
      vertex 3.62347 -13.523 82
    endloop
  endfacet
  facet normal 0.300733 -0.953708 0
    outer loop
      vertex 4.78828 -13.1557 82
      vertex 3.62347 -13.523 0
      vertex 4.78828 -13.1557 0
    endloop
  endfacet
  facet normal -0.300733 -0.953708 0
    outer loop
      vertex -4.78828 -13.1557 0
      vertex -3.62347 -13.523 82
      vertex -4.78828 -13.1557 82
    endloop
  endfacet
  facet normal -0.300733 -0.953708 -0
    outer loop
      vertex -3.62347 -13.523 82
      vertex -4.78828 -13.1557 0
      vertex -3.62347 -13.523 0
    endloop
  endfacet
  facet normal -0.793357 -0.608757 0
    outer loop
      vertex -10.7246 -8.99903 0
      vertex -11.4681 -8.03007 82
      vertex -11.4681 -8.03007 0
    endloop
  endfacet
  facet normal -0.793357 -0.608757 0
    outer loop
      vertex -11.4681 -8.03007 82
      vertex -10.7246 -8.99903 0
      vertex -10.7246 -8.99903 82
    endloop
  endfacet
  facet normal -0.130513 -0.991447 0
    outer loop
      vertex -2.43107 -13.7873 0
      vertex -1.22018 -13.9467 82
      vertex -2.43107 -13.7873 82
    endloop
  endfacet
  facet normal -0.130513 -0.991447 -0
    outer loop
      vertex -1.22018 -13.9467 82
      vertex -2.43107 -13.7873 0
      vertex -1.22018 -13.9467 0
    endloop
  endfacet
  facet normal -0.216402 0.976304 0
    outer loop
      vertex -2.43107 13.7873 0
      vertex -3.62347 13.523 82
      vertex -2.43107 13.7873 82
    endloop
  endfacet
  facet normal -0.216402 0.976304 0
    outer loop
      vertex -3.62347 13.523 82
      vertex -2.43107 13.7873 0
      vertex -3.62347 13.523 0
    endloop
  endfacet
  facet normal 0.793357 -0.608757 0
    outer loop
      vertex 10.7246 -8.99903 82
      vertex 11.4681 -8.03007 0
      vertex 11.4681 -8.03007 82
    endloop
  endfacet
  facet normal 0.793357 -0.608757 0
    outer loop
      vertex 11.4681 -8.03007 0
      vertex 10.7246 -8.99903 82
      vertex 10.7246 -8.99903 0
    endloop
  endfacet
  facet normal -0.991447 0.130513 0
    outer loop
      vertex -13.9467 1.22018 0
      vertex -13.7873 2.43107 82
      vertex -13.7873 2.43107 0
    endloop
  endfacet
  facet normal -0.991447 0.130513 0
    outer loop
      vertex -13.7873 2.43107 82
      vertex -13.9467 1.22018 0
      vertex -13.9467 1.22018 82
    endloop
  endfacet
  facet normal 0.38269 -0.923877 0
    outer loop
      vertex 4.78828 -13.1557 0
      vertex 5.91666 -12.6883 82
      vertex 4.78828 -13.1557 82
    endloop
  endfacet
  facet normal 0.38269 -0.923877 0
    outer loop
      vertex 5.91666 -12.6883 82
      vertex 4.78828 -13.1557 0
      vertex 5.91666 -12.6883 0
    endloop
  endfacet
  facet normal -0.737281 -0.675586 0
    outer loop
      vertex -9.89949 -9.89949 0
      vertex -10.7246 -8.99903 82
      vertex -10.7246 -8.99903 0
    endloop
  endfacet
  facet normal -0.737281 -0.675586 0
    outer loop
      vertex -10.7246 -8.99903 82
      vertex -9.89949 -9.89949 0
      vertex -9.89949 -9.89949 82
    endloop
  endfacet
  facet normal 0.130513 0.991447 -0
    outer loop
      vertex 2.43107 13.7873 0
      vertex 1.22018 13.9467 82
      vertex 2.43107 13.7873 82
    endloop
  endfacet
  facet normal 0.130513 0.991447 0
    outer loop
      vertex 1.22018 13.9467 82
      vertex 2.43107 13.7873 0
      vertex 1.22018 13.9467 0
    endloop
  endfacet
  facet normal 0.793357 0.608757 0
    outer loop
      vertex 11.4681 8.03007 82
      vertex 10.7246 8.99903 0
      vertex 10.7246 8.99903 82
    endloop
  endfacet
  facet normal 0.793357 0.608757 0
    outer loop
      vertex 10.7246 8.99903 0
      vertex 11.4681 8.03007 82
      vertex 11.4681 8.03007 0
    endloop
  endfacet
  facet normal 0.675586 0.737281 -0
    outer loop
      vertex 9.89949 9.89949 0
      vertex 8.99903 10.7246 82
      vertex 9.89949 9.89949 82
    endloop
  endfacet
  facet normal 0.675586 0.737281 0
    outer loop
      vertex 8.99903 10.7246 82
      vertex 9.89949 9.89949 0
      vertex 8.99903 10.7246 0
    endloop
  endfacet
  facet normal -0.675586 -0.737281 0
    outer loop
      vertex -9.89949 -9.89949 0
      vertex -8.99903 -10.7246 82
      vertex -9.89949 -9.89949 82
    endloop
  endfacet
  facet normal -0.675586 -0.737281 -0
    outer loop
      vertex -8.99903 -10.7246 82
      vertex -9.89949 -9.89949 0
      vertex -8.99903 -10.7246 0
    endloop
  endfacet
  facet normal -0.991447 -0.130513 0
    outer loop
      vertex -13.7873 -2.43107 0
      vertex -13.9467 -1.22018 82
      vertex -13.9467 -1.22018 0
    endloop
  endfacet
  facet normal -0.991447 -0.130513 0
    outer loop
      vertex -13.9467 -1.22018 82
      vertex -13.7873 -2.43107 0
      vertex -13.7873 -2.43107 82
    endloop
  endfacet
  facet normal -0.737281 0.675586 0
    outer loop
      vertex -10.7246 8.99903 0
      vertex -9.89949 9.89949 82
      vertex -9.89949 9.89949 0
    endloop
  endfacet
  facet normal -0.737281 0.675586 0
    outer loop
      vertex -9.89949 9.89949 82
      vertex -10.7246 8.99903 0
      vertex -10.7246 8.99903 82
    endloop
  endfacet
  facet normal -0.0436405 -0.999047 0
    outer loop
      vertex -1.22018 -13.9467 0
      vertex 0 -14 82
      vertex -1.22018 -13.9467 82
    endloop
  endfacet
  facet normal -0.0436405 -0.999047 -0
    outer loop
      vertex 0 -14 82
      vertex -1.22018 -13.9467 0
      vertex 0 -14 0
    endloop
  endfacet
  facet normal -0.887028 -0.461716 0
    outer loop
      vertex -12.1244 -7 0
      vertex -12.6883 -5.91666 82
      vertex -12.6883 -5.91666 0
    endloop
  endfacet
  facet normal -0.887028 -0.461716 0
    outer loop
      vertex -12.6883 -5.91666 82
      vertex -12.1244 -7 0
      vertex -12.1244 -7 82
    endloop
  endfacet
  facet normal 0.737281 -0.675586 0
    outer loop
      vertex 9.89949 -9.89949 82
      vertex 10.7246 -8.99903 0
      vertex 10.7246 -8.99903 82
    endloop
  endfacet
  facet normal 0.737281 -0.675586 0
    outer loop
      vertex 10.7246 -8.99903 0
      vertex 9.89949 -9.89949 82
      vertex 9.89949 -9.89949 0
    endloop
  endfacet
  facet normal -0.608757 -0.793357 0
    outer loop
      vertex -8.99903 -10.7246 0
      vertex -8.03007 -11.4681 82
      vertex -8.99903 -10.7246 82
    endloop
  endfacet
  facet normal -0.608757 -0.793357 -0
    outer loop
      vertex -8.03007 -11.4681 82
      vertex -8.99903 -10.7246 0
      vertex -8.03007 -11.4681 0
    endloop
  endfacet
  facet normal -0.461716 -0.887028 0
    outer loop
      vertex -7 -12.1244 0
      vertex -5.91666 -12.6883 82
      vertex -7 -12.1244 82
    endloop
  endfacet
  facet normal -0.461716 -0.887028 -0
    outer loop
      vertex -5.91666 -12.6883 82
      vertex -7 -12.1244 0
      vertex -5.91666 -12.6883 0
    endloop
  endfacet
  facet normal -0.537342 -0.843364 0
    outer loop
      vertex -8.03007 -11.4681 0
      vertex -7 -12.1244 82
      vertex -8.03007 -11.4681 82
    endloop
  endfacet
  facet normal -0.537342 -0.843364 -0
    outer loop
      vertex -7 -12.1244 82
      vertex -8.03007 -11.4681 0
      vertex -7 -12.1244 0
    endloop
  endfacet
  facet normal 0.675586 -0.737281 0
    outer loop
      vertex 8.99903 -10.7246 0
      vertex 9.89949 -9.89949 82
      vertex 8.99903 -10.7246 82
    endloop
  endfacet
  facet normal 0.675586 -0.737281 0
    outer loop
      vertex 9.89949 -9.89949 82
      vertex 8.99903 -10.7246 0
      vertex 9.89949 -9.89949 0
    endloop
  endfacet
  facet normal 0.216402 0.976304 -0
    outer loop
      vertex 3.62347 13.523 0
      vertex 2.43107 13.7873 82
      vertex 3.62347 13.523 82
    endloop
  endfacet
  facet normal 0.216402 0.976304 0
    outer loop
      vertex 2.43107 13.7873 82
      vertex 3.62347 13.523 0
      vertex 2.43107 13.7873 0
    endloop
  endfacet
  facet normal 0.737269 -0.675599 0
    outer loop
      vertex -3.83022 3.21394 75
      vertex -3.53553 3.53553 7
      vertex -3.53553 3.53553 75
    endloop
  endfacet
  facet normal 0.737269 -0.675599 0
    outer loop
      vertex -3.53553 3.53553 7
      vertex -3.83022 3.21394 75
      vertex -3.83022 3.21394 7
    endloop
  endfacet
  facet normal -0.991446 -0.130516 0
    outer loop
      vertex 4.98097 0.435779 7
      vertex 4.92404 0.86824 75
      vertex 4.92404 0.86824 7
    endloop
  endfacet
  facet normal -0.991446 -0.130516 0
    outer loop
      vertex 4.92404 0.86824 75
      vertex 4.98097 0.435779 7
      vertex 4.98097 0.435779 75
    endloop
  endfacet
  facet normal -0.999048 -0.0436273 0
    outer loop
      vertex 5 0 7
      vertex 4.98097 0.435779 75
      vertex 4.98097 0.435779 7
    endloop
  endfacet
  facet normal -0.999048 -0.0436273 0
    outer loop
      vertex 4.98097 0.435779 75
      vertex 5 0 7
      vertex 5 0 75
    endloop
  endfacet
  facet normal -0.976296 -0.216438 0
    outer loop
      vertex 4.92404 0.86824 7
      vertex 4.82963 1.2941 75
      vertex 4.82963 1.2941 7
    endloop
  endfacet
  facet normal -0.976296 -0.216438 0
    outer loop
      vertex 4.82963 1.2941 75
      vertex 4.92404 0.86824 7
      vertex 4.92404 0.86824 75
    endloop
  endfacet
  facet normal 0.130516 -0.991446 0
    outer loop
      vertex -0.86824 4.92404 7
      vertex -0.435779 4.98097 75
      vertex -0.86824 4.92404 75
    endloop
  endfacet
  facet normal 0.130516 -0.991446 0
    outer loop
      vertex -0.435779 4.98097 75
      vertex -0.86824 4.92404 7
      vertex -0.435779 4.98097 7
    endloop
  endfacet
  facet normal 0.953713 0.300718 0
    outer loop
      vertex -4.69846 -1.7101 75
      vertex -4.82963 -1.2941 7
      vertex -4.82963 -1.2941 75
    endloop
  endfacet
  facet normal 0.953713 0.300718 0
    outer loop
      vertex -4.82963 -1.2941 7
      vertex -4.69846 -1.7101 75
      vertex -4.69846 -1.7101 7
    endloop
  endfacet
  facet normal 0.537307 0.843387 -0
    outer loop
      vertex -2.5 -4.33013 7
      vertex -2.86788 -4.09576 75
      vertex -2.5 -4.33013 75
    endloop
  endfacet
  facet normal 0.537307 0.843387 0
    outer loop
      vertex -2.86788 -4.09576 75
      vertex -2.5 -4.33013 7
      vertex -2.86788 -4.09576 7
    endloop
  endfacet
  facet normal -0.382676 0.923883 0
    outer loop
      vertex 2.11309 -4.53154 7
      vertex 1.7101 -4.69846 75
      vertex 2.11309 -4.53154 75
    endloop
  endfacet
  facet normal -0.382676 0.923883 0
    outer loop
      vertex 1.7101 -4.69846 75
      vertex 2.11309 -4.53154 7
      vertex 1.7101 -4.69846 7
    endloop
  endfacet
  facet normal -0.216438 0.976296 0
    outer loop
      vertex 1.2941 -4.82963 7
      vertex 0.86824 -4.92404 75
      vertex 1.2941 -4.82963 75
    endloop
  endfacet
  facet normal -0.216438 0.976296 0
    outer loop
      vertex 0.86824 -4.92404 75
      vertex 1.2941 -4.82963 7
      vertex 0.86824 -4.92404 7
    endloop
  endfacet
  facet normal -0.130516 -0.991446 0
    outer loop
      vertex 0.435779 4.98097 7
      vertex 0.86824 4.92404 75
      vertex 0.435779 4.98097 75
    endloop
  endfacet
  facet normal -0.130516 -0.991446 -0
    outer loop
      vertex 0.86824 4.92404 75
      vertex 0.435779 4.98097 7
      vertex 0.86824 4.92404 7
    endloop
  endfacet
  facet normal 0.953713 -0.300718 0
    outer loop
      vertex -4.82963 1.2941 75
      vertex -4.69846 1.7101 7
      vertex -4.69846 1.7101 75
    endloop
  endfacet
  facet normal 0.953713 -0.300718 0
    outer loop
      vertex -4.69846 1.7101 7
      vertex -4.82963 1.2941 75
      vertex -4.82963 1.2941 7
    endloop
  endfacet
  facet normal -0.0436273 0.999048 0
    outer loop
      vertex 0.435779 -4.98097 7
      vertex 0 -5 75
      vertex 0.435779 -4.98097 75
    endloop
  endfacet
  facet normal -0.0436273 0.999048 0
    outer loop
      vertex 0 -5 75
      vertex 0.435779 -4.98097 7
      vertex 0 -5 7
    endloop
  endfacet
  facet normal 0.60876 0.793355 -0
    outer loop
      vertex -2.86788 -4.09576 7
      vertex -3.21394 -3.83022 75
      vertex -2.86788 -4.09576 75
    endloop
  endfacet
  facet normal 0.60876 0.793355 0
    outer loop
      vertex -3.21394 -3.83022 75
      vertex -2.86788 -4.09576 7
      vertex -3.21394 -3.83022 7
    endloop
  endfacet
  facet normal -0.216438 -0.976296 0
    outer loop
      vertex 0.86824 4.92404 7
      vertex 1.2941 4.82963 75
      vertex 0.86824 4.92404 75
    endloop
  endfacet
  facet normal -0.216438 -0.976296 -0
    outer loop
      vertex 1.2941 4.82963 75
      vertex 0.86824 4.92404 7
      vertex 1.2941 4.82963 7
    endloop
  endfacet
  facet normal -0.923883 -0.382676 0
    outer loop
      vertex 4.69846 1.7101 7
      vertex 4.53154 2.11309 75
      vertex 4.53154 2.11309 7
    endloop
  endfacet
  facet normal -0.923883 -0.382676 0
    outer loop
      vertex 4.53154 2.11309 75
      vertex 4.69846 1.7101 7
      vertex 4.69846 1.7101 75
    endloop
  endfacet
  facet normal 0.923883 -0.382676 0
    outer loop
      vertex -4.69846 1.7101 75
      vertex -4.53154 2.11309 7
      vertex -4.53154 2.11309 75
    endloop
  endfacet
  facet normal 0.923883 -0.382676 0
    outer loop
      vertex -4.53154 2.11309 7
      vertex -4.69846 1.7101 75
      vertex -4.69846 1.7101 7
    endloop
  endfacet
  facet normal -0.675599 -0.737269 0
    outer loop
      vertex 3.21394 3.83022 7
      vertex 3.53553 3.53553 75
      vertex 3.21394 3.83022 75
    endloop
  endfacet
  facet normal -0.675599 -0.737269 -0
    outer loop
      vertex 3.53553 3.53553 75
      vertex 3.21394 3.83022 7
      vertex 3.53553 3.53553 7
    endloop
  endfacet
  facet normal -0.737269 0.675599 0
    outer loop
      vertex 3.53553 -3.53553 7
      vertex 3.83022 -3.21394 75
      vertex 3.83022 -3.21394 7
    endloop
  endfacet
  facet normal -0.737269 0.675599 0
    outer loop
      vertex 3.83022 -3.21394 75
      vertex 3.53553 -3.53553 7
      vertex 3.53553 -3.53553 75
    endloop
  endfacet
  facet normal 0.0436273 0.999048 -0
    outer loop
      vertex 0 -5 7
      vertex -0.435779 -4.98097 75
      vertex 0 -5 75
    endloop
  endfacet
  facet normal 0.0436273 0.999048 0
    outer loop
      vertex -0.435779 -4.98097 75
      vertex 0 -5 7
      vertex -0.435779 -4.98097 7
    endloop
  endfacet
  facet normal 0.999048 -0.0436273 0
    outer loop
      vertex -5 0 75
      vertex -4.98097 0.435779 7
      vertex -4.98097 0.435779 75
    endloop
  endfacet
  facet normal 0.999048 -0.0436273 0
    outer loop
      vertex -4.98097 0.435779 7
      vertex -5 0 75
      vertex -5 0 7
    endloop
  endfacet
  facet normal -0.843387 -0.537307 0
    outer loop
      vertex 4.33013 2.5 7
      vertex 4.09576 2.86788 75
      vertex 4.09576 2.86788 7
    endloop
  endfacet
  facet normal -0.843387 -0.537307 0
    outer loop
      vertex 4.09576 2.86788 75
      vertex 4.33013 2.5 7
      vertex 4.33013 2.5 75
    endloop
  endfacet
  facet normal -0.0436273 -0.999048 0
    outer loop
      vertex 0 5 7
      vertex 0.435779 4.98097 75
      vertex 0 5 75
    endloop
  endfacet
  facet normal -0.0436273 -0.999048 -0
    outer loop
      vertex 0.435779 4.98097 75
      vertex 0 5 7
      vertex 0.435779 4.98097 7
    endloop
  endfacet
  facet normal 0.0436273 -0.999048 0
    outer loop
      vertex -0.435779 4.98097 7
      vertex 0 5 75
      vertex -0.435779 4.98097 75
    endloop
  endfacet
  facet normal 0.0436273 -0.999048 0
    outer loop
      vertex 0 5 75
      vertex -0.435779 4.98097 7
      vertex 0 5 7
    endloop
  endfacet
  facet normal 0.923883 0.382676 0
    outer loop
      vertex -4.53154 -2.11309 75
      vertex -4.69846 -1.7101 7
      vertex -4.69846 -1.7101 75
    endloop
  endfacet
  facet normal 0.923883 0.382676 0
    outer loop
      vertex -4.69846 -1.7101 7
      vertex -4.53154 -2.11309 75
      vertex -4.53154 -2.11309 7
    endloop
  endfacet
  facet normal 0.976296 0.216438 0
    outer loop
      vertex -4.82963 -1.2941 75
      vertex -4.92404 -0.86824 7
      vertex -4.92404 -0.86824 75
    endloop
  endfacet
  facet normal 0.976296 0.216438 0
    outer loop
      vertex -4.92404 -0.86824 7
      vertex -4.82963 -1.2941 75
      vertex -4.82963 -1.2941 7
    endloop
  endfacet
  facet normal 0.675599 0.737269 -0
    outer loop
      vertex -3.21394 -3.83022 7
      vertex -3.53553 -3.53553 75
      vertex -3.21394 -3.83022 75
    endloop
  endfacet
  facet normal 0.675599 0.737269 0
    outer loop
      vertex -3.53553 -3.53553 75
      vertex -3.21394 -3.83022 7
      vertex -3.53553 -3.53553 7
    endloop
  endfacet
  facet normal 0.300718 -0.953713 0
    outer loop
      vertex -1.7101 4.69846 7
      vertex -1.2941 4.82963 75
      vertex -1.7101 4.69846 75
    endloop
  endfacet
  facet normal 0.300718 -0.953713 0
    outer loop
      vertex -1.2941 4.82963 75
      vertex -1.7101 4.69846 7
      vertex -1.2941 4.82963 7
    endloop
  endfacet
  facet normal -0.887013 0.461744 0
    outer loop
      vertex 4.33013 -2.5 7
      vertex 4.53154 -2.11309 75
      vertex 4.53154 -2.11309 7
    endloop
  endfacet
  facet normal -0.887013 0.461744 0
    outer loop
      vertex 4.53154 -2.11309 75
      vertex 4.33013 -2.5 7
      vertex 4.33013 -2.5 75
    endloop
  endfacet
  facet normal 0.793355 0.60876 0
    outer loop
      vertex -3.83022 -3.21394 75
      vertex -4.09576 -2.86788 7
      vertex -4.09576 -2.86788 75
    endloop
  endfacet
  facet normal 0.793355 0.60876 0
    outer loop
      vertex -4.09576 -2.86788 7
      vertex -3.83022 -3.21394 75
      vertex -3.83022 -3.21394 7
    endloop
  endfacet
  facet normal 0.382676 0.923883 -0
    outer loop
      vertex -1.7101 -4.69846 7
      vertex -2.11309 -4.53154 75
      vertex -1.7101 -4.69846 75
    endloop
  endfacet
  facet normal 0.382676 0.923883 0
    outer loop
      vertex -2.11309 -4.53154 75
      vertex -1.7101 -4.69846 7
      vertex -2.11309 -4.53154 7
    endloop
  endfacet
  facet normal -0.923883 0.382676 0
    outer loop
      vertex 4.53154 -2.11309 7
      vertex 4.69846 -1.7101 75
      vertex 4.69846 -1.7101 7
    endloop
  endfacet
  facet normal -0.923883 0.382676 0
    outer loop
      vertex 4.69846 -1.7101 75
      vertex 4.53154 -2.11309 7
      vertex 4.53154 -2.11309 75
    endloop
  endfacet
  facet normal -0.537307 -0.843387 0
    outer loop
      vertex 2.5 4.33013 7
      vertex 2.86788 4.09576 75
      vertex 2.5 4.33013 75
    endloop
  endfacet
  facet normal -0.537307 -0.843387 -0
    outer loop
      vertex 2.86788 4.09576 75
      vertex 2.5 4.33013 7
      vertex 2.86788 4.09576 7
    endloop
  endfacet
  facet normal -0.130516 0.991446 0
    outer loop
      vertex 0.86824 -4.92404 7
      vertex 0.435779 -4.98097 75
      vertex 0.86824 -4.92404 75
    endloop
  endfacet
  facet normal -0.130516 0.991446 0
    outer loop
      vertex 0.435779 -4.98097 75
      vertex 0.86824 -4.92404 7
      vertex 0.435779 -4.98097 7
    endloop
  endfacet
  facet normal -0.953713 -0.300718 0
    outer loop
      vertex 4.82963 1.2941 7
      vertex 4.69846 1.7101 75
      vertex 4.69846 1.7101 7
    endloop
  endfacet
  facet normal -0.953713 -0.300718 0
    outer loop
      vertex 4.69846 1.7101 75
      vertex 4.82963 1.2941 7
      vertex 4.82963 1.2941 75
    endloop
  endfacet
  facet normal -0.60876 -0.793355 0
    outer loop
      vertex 2.86788 4.09576 7
      vertex 3.21394 3.83022 75
      vertex 2.86788 4.09576 75
    endloop
  endfacet
  facet normal -0.60876 -0.793355 -0
    outer loop
      vertex 3.21394 3.83022 75
      vertex 2.86788 4.09576 7
      vertex 3.21394 3.83022 7
    endloop
  endfacet
  facet normal -0.737269 -0.675599 0
    outer loop
      vertex 3.83022 3.21394 7
      vertex 3.53553 3.53553 75
      vertex 3.53553 3.53553 7
    endloop
  endfacet
  facet normal -0.737269 -0.675599 0
    outer loop
      vertex 3.53553 3.53553 75
      vertex 3.83022 3.21394 7
      vertex 3.83022 3.21394 75
    endloop
  endfacet
  facet normal 0.737269 0.675599 0
    outer loop
      vertex -3.53553 -3.53553 75
      vertex -3.83022 -3.21394 7
      vertex -3.83022 -3.21394 75
    endloop
  endfacet
  facet normal 0.737269 0.675599 0
    outer loop
      vertex -3.83022 -3.21394 7
      vertex -3.53553 -3.53553 75
      vertex -3.53553 -3.53553 7
    endloop
  endfacet
  facet normal 0.60876 -0.793355 0
    outer loop
      vertex -3.21394 3.83022 7
      vertex -2.86788 4.09576 75
      vertex -3.21394 3.83022 75
    endloop
  endfacet
  facet normal 0.60876 -0.793355 0
    outer loop
      vertex -2.86788 4.09576 75
      vertex -3.21394 3.83022 7
      vertex -2.86788 4.09576 7
    endloop
  endfacet
  facet normal 0.537307 -0.843387 0
    outer loop
      vertex -2.86788 4.09576 7
      vertex -2.5 4.33013 75
      vertex -2.86788 4.09576 75
    endloop
  endfacet
  facet normal 0.537307 -0.843387 0
    outer loop
      vertex -2.5 4.33013 75
      vertex -2.86788 4.09576 7
      vertex -2.5 4.33013 7
    endloop
  endfacet
  facet normal -0.991446 0.130516 0
    outer loop
      vertex 4.92404 -0.86824 7
      vertex 4.98097 -0.435779 75
      vertex 4.98097 -0.435779 7
    endloop
  endfacet
  facet normal -0.991446 0.130516 0
    outer loop
      vertex 4.98097 -0.435779 75
      vertex 4.92404 -0.86824 7
      vertex 4.92404 -0.86824 75
    endloop
  endfacet
  facet normal -0.953713 0.300718 0
    outer loop
      vertex 4.69846 -1.7101 7
      vertex 4.82963 -1.2941 75
      vertex 4.82963 -1.2941 7
    endloop
  endfacet
  facet normal -0.953713 0.300718 0
    outer loop
      vertex 4.82963 -1.2941 75
      vertex 4.69846 -1.7101 7
      vertex 4.69846 -1.7101 75
    endloop
  endfacet
  facet normal -0.382676 -0.923883 0
    outer loop
      vertex 1.7101 4.69846 7
      vertex 2.11309 4.53154 75
      vertex 1.7101 4.69846 75
    endloop
  endfacet
  facet normal -0.382676 -0.923883 -0
    outer loop
      vertex 2.11309 4.53154 75
      vertex 1.7101 4.69846 7
      vertex 2.11309 4.53154 7
    endloop
  endfacet
  facet normal 0.216438 -0.976296 0
    outer loop
      vertex -1.2941 4.82963 7
      vertex -0.86824 4.92404 75
      vertex -1.2941 4.82963 75
    endloop
  endfacet
  facet normal 0.216438 -0.976296 0
    outer loop
      vertex -0.86824 4.92404 75
      vertex -1.2941 4.82963 7
      vertex -0.86824 4.92404 7
    endloop
  endfacet
  facet normal 0.130516 0.991446 -0
    outer loop
      vertex -0.435779 -4.98097 7
      vertex -0.86824 -4.92404 75
      vertex -0.435779 -4.98097 75
    endloop
  endfacet
  facet normal 0.130516 0.991446 0
    outer loop
      vertex -0.86824 -4.92404 75
      vertex -0.435779 -4.98097 7
      vertex -0.86824 -4.92404 7
    endloop
  endfacet
  facet normal -0.976296 0.216438 0
    outer loop
      vertex 4.82963 -1.2941 7
      vertex 4.92404 -0.86824 75
      vertex 4.92404 -0.86824 7
    endloop
  endfacet
  facet normal -0.976296 0.216438 0
    outer loop
      vertex 4.92404 -0.86824 75
      vertex 4.82963 -1.2941 7
      vertex 4.82963 -1.2941 75
    endloop
  endfacet
  facet normal -0.461744 -0.887013 0
    outer loop
      vertex 2.11309 4.53154 7
      vertex 2.5 4.33013 75
      vertex 2.11309 4.53154 75
    endloop
  endfacet
  facet normal -0.461744 -0.887013 -0
    outer loop
      vertex 2.5 4.33013 75
      vertex 2.11309 4.53154 7
      vertex 2.5 4.33013 7
    endloop
  endfacet
  facet normal -0.999048 0.0436273 0
    outer loop
      vertex 4.98097 -0.435779 7
      vertex 5 0 75
      vertex 5 0 7
    endloop
  endfacet
  facet normal -0.999048 0.0436273 0
    outer loop
      vertex 5 0 75
      vertex 4.98097 -0.435779 7
      vertex 4.98097 -0.435779 75
    endloop
  endfacet
  facet normal 0.382676 -0.923883 0
    outer loop
      vertex -2.11309 4.53154 7
      vertex -1.7101 4.69846 75
      vertex -2.11309 4.53154 75
    endloop
  endfacet
  facet normal 0.382676 -0.923883 0
    outer loop
      vertex -1.7101 4.69846 75
      vertex -2.11309 4.53154 7
      vertex -1.7101 4.69846 7
    endloop
  endfacet
  facet normal 0.887013 0.461744 0
    outer loop
      vertex -4.33013 -2.5 75
      vertex -4.53154 -2.11309 7
      vertex -4.53154 -2.11309 75
    endloop
  endfacet
  facet normal 0.887013 0.461744 0
    outer loop
      vertex -4.53154 -2.11309 7
      vertex -4.33013 -2.5 75
      vertex -4.33013 -2.5 7
    endloop
  endfacet
  facet normal -0.887013 -0.461744 0
    outer loop
      vertex 4.53154 2.11309 7
      vertex 4.33013 2.5 75
      vertex 4.33013 2.5 7
    endloop
  endfacet
  facet normal -0.887013 -0.461744 0
    outer loop
      vertex 4.33013 2.5 75
      vertex 4.53154 2.11309 7
      vertex 4.53154 2.11309 75
    endloop
  endfacet
  facet normal 0.461744 0.887013 -0
    outer loop
      vertex -2.11309 -4.53154 7
      vertex -2.5 -4.33013 75
      vertex -2.11309 -4.53154 75
    endloop
  endfacet
  facet normal 0.461744 0.887013 0
    outer loop
      vertex -2.5 -4.33013 75
      vertex -2.11309 -4.53154 7
      vertex -2.5 -4.33013 7
    endloop
  endfacet
  facet normal 0.675599 -0.737269 0
    outer loop
      vertex -3.53553 3.53553 7
      vertex -3.21394 3.83022 75
      vertex -3.53553 3.53553 75
    endloop
  endfacet
  facet normal 0.675599 -0.737269 0
    outer loop
      vertex -3.21394 3.83022 75
      vertex -3.53553 3.53553 7
      vertex -3.21394 3.83022 7
    endloop
  endfacet
  facet normal 0.843387 0.537307 0
    outer loop
      vertex -4.09576 -2.86788 75
      vertex -4.33013 -2.5 7
      vertex -4.33013 -2.5 75
    endloop
  endfacet
  facet normal 0.843387 0.537307 0
    outer loop
      vertex -4.33013 -2.5 7
      vertex -4.09576 -2.86788 75
      vertex -4.09576 -2.86788 7
    endloop
  endfacet
  facet normal 0.216438 0.976296 -0
    outer loop
      vertex -0.86824 -4.92404 7
      vertex -1.2941 -4.82963 75
      vertex -0.86824 -4.92404 75
    endloop
  endfacet
  facet normal 0.216438 0.976296 0
    outer loop
      vertex -1.2941 -4.82963 75
      vertex -0.86824 -4.92404 7
      vertex -1.2941 -4.82963 7
    endloop
  endfacet
  facet normal -0.300718 -0.953713 0
    outer loop
      vertex 1.2941 4.82963 7
      vertex 1.7101 4.69846 75
      vertex 1.2941 4.82963 75
    endloop
  endfacet
  facet normal -0.300718 -0.953713 -0
    outer loop
      vertex 1.7101 4.69846 75
      vertex 1.2941 4.82963 7
      vertex 1.7101 4.69846 7
    endloop
  endfacet
  facet normal -0.793355 0.60876 0
    outer loop
      vertex 3.83022 -3.21394 7
      vertex 4.09576 -2.86788 75
      vertex 4.09576 -2.86788 7
    endloop
  endfacet
  facet normal -0.793355 0.60876 0
    outer loop
      vertex 4.09576 -2.86788 75
      vertex 3.83022 -3.21394 7
      vertex 3.83022 -3.21394 75
    endloop
  endfacet
  facet normal 0.991446 0.130516 0
    outer loop
      vertex -4.92404 -0.86824 75
      vertex -4.98097 -0.435779 7
      vertex -4.98097 -0.435779 75
    endloop
  endfacet
  facet normal 0.991446 0.130516 0
    outer loop
      vertex -4.98097 -0.435779 7
      vertex -4.92404 -0.86824 75
      vertex -4.92404 -0.86824 7
    endloop
  endfacet
  facet normal 0.976296 -0.216438 0
    outer loop
      vertex -4.92404 0.86824 75
      vertex -4.82963 1.2941 7
      vertex -4.82963 1.2941 75
    endloop
  endfacet
  facet normal 0.976296 -0.216438 0
    outer loop
      vertex -4.82963 1.2941 7
      vertex -4.92404 0.86824 75
      vertex -4.92404 0.86824 7
    endloop
  endfacet
  facet normal -0.300718 0.953713 0
    outer loop
      vertex 1.7101 -4.69846 7
      vertex 1.2941 -4.82963 75
      vertex 1.7101 -4.69846 75
    endloop
  endfacet
  facet normal -0.300718 0.953713 0
    outer loop
      vertex 1.2941 -4.82963 75
      vertex 1.7101 -4.69846 7
      vertex 1.2941 -4.82963 7
    endloop
  endfacet
  facet normal 0.461744 -0.887013 0
    outer loop
      vertex -2.5 4.33013 7
      vertex -2.11309 4.53154 75
      vertex -2.5 4.33013 75
    endloop
  endfacet
  facet normal 0.461744 -0.887013 0
    outer loop
      vertex -2.11309 4.53154 75
      vertex -2.5 4.33013 7
      vertex -2.11309 4.53154 7
    endloop
  endfacet
  facet normal 0.999048 0.0436273 0
    outer loop
      vertex -4.98097 -0.435779 75
      vertex -5 0 7
      vertex -5 0 75
    endloop
  endfacet
  facet normal 0.999048 0.0436273 0
    outer loop
      vertex -5 0 7
      vertex -4.98097 -0.435779 75
      vertex -4.98097 -0.435779 7
    endloop
  endfacet
  facet normal -0.461744 0.887013 0
    outer loop
      vertex 2.5 -4.33013 7
      vertex 2.11309 -4.53154 75
      vertex 2.5 -4.33013 75
    endloop
  endfacet
  facet normal -0.461744 0.887013 0
    outer loop
      vertex 2.11309 -4.53154 75
      vertex 2.5 -4.33013 7
      vertex 2.11309 -4.53154 7
    endloop
  endfacet
  facet normal 0.843387 -0.537307 0
    outer loop
      vertex -4.33013 2.5 75
      vertex -4.09576 2.86788 7
      vertex -4.09576 2.86788 75
    endloop
  endfacet
  facet normal 0.843387 -0.537307 0
    outer loop
      vertex -4.09576 2.86788 7
      vertex -4.33013 2.5 75
      vertex -4.33013 2.5 7
    endloop
  endfacet
  facet normal -0.843387 0.537307 0
    outer loop
      vertex 4.09576 -2.86788 7
      vertex 4.33013 -2.5 75
      vertex 4.33013 -2.5 7
    endloop
  endfacet
  facet normal -0.843387 0.537307 0
    outer loop
      vertex 4.33013 -2.5 75
      vertex 4.09576 -2.86788 7
      vertex 4.09576 -2.86788 75
    endloop
  endfacet
  facet normal -0.60876 0.793355 0
    outer loop
      vertex 3.21394 -3.83022 7
      vertex 2.86788 -4.09576 75
      vertex 3.21394 -3.83022 75
    endloop
  endfacet
  facet normal -0.60876 0.793355 0
    outer loop
      vertex 2.86788 -4.09576 75
      vertex 3.21394 -3.83022 7
      vertex 2.86788 -4.09576 7
    endloop
  endfacet
  facet normal -0.793355 -0.60876 0
    outer loop
      vertex 4.09576 2.86788 7
      vertex 3.83022 3.21394 75
      vertex 3.83022 3.21394 7
    endloop
  endfacet
  facet normal -0.793355 -0.60876 0
    outer loop
      vertex 3.83022 3.21394 75
      vertex 4.09576 2.86788 7
      vertex 4.09576 2.86788 75
    endloop
  endfacet
  facet normal -0.537307 0.843387 0
    outer loop
      vertex 2.86788 -4.09576 7
      vertex 2.5 -4.33013 75
      vertex 2.86788 -4.09576 75
    endloop
  endfacet
  facet normal -0.537307 0.843387 0
    outer loop
      vertex 2.5 -4.33013 75
      vertex 2.86788 -4.09576 7
      vertex 2.5 -4.33013 7
    endloop
  endfacet
  facet normal 0.991446 -0.130516 0
    outer loop
      vertex -4.98097 0.435779 75
      vertex -4.92404 0.86824 7
      vertex -4.92404 0.86824 75
    endloop
  endfacet
  facet normal 0.991446 -0.130516 0
    outer loop
      vertex -4.92404 0.86824 7
      vertex -4.98097 0.435779 75
      vertex -4.98097 0.435779 7
    endloop
  endfacet
  facet normal 0.300718 0.953713 -0
    outer loop
      vertex -1.2941 -4.82963 7
      vertex -1.7101 -4.69846 75
      vertex -1.2941 -4.82963 75
    endloop
  endfacet
  facet normal 0.300718 0.953713 0
    outer loop
      vertex -1.7101 -4.69846 75
      vertex -1.2941 -4.82963 7
      vertex -1.7101 -4.69846 7
    endloop
  endfacet
  facet normal -0.675599 0.737269 0
    outer loop
      vertex 3.53553 -3.53553 7
      vertex 3.21394 -3.83022 75
      vertex 3.53553 -3.53553 75
    endloop
  endfacet
  facet normal -0.675599 0.737269 0
    outer loop
      vertex 3.21394 -3.83022 75
      vertex 3.53553 -3.53553 7
      vertex 3.21394 -3.83022 7
    endloop
  endfacet
  facet normal 0.887013 -0.461744 0
    outer loop
      vertex -4.53154 2.11309 75
      vertex -4.33013 2.5 7
      vertex -4.33013 2.5 75
    endloop
  endfacet
  facet normal 0.887013 -0.461744 0
    outer loop
      vertex -4.33013 2.5 7
      vertex -4.53154 2.11309 75
      vertex -4.53154 2.11309 7
    endloop
  endfacet
  facet normal 0.793355 -0.60876 0
    outer loop
      vertex -4.09576 2.86788 75
      vertex -3.83022 3.21394 7
      vertex -3.83022 3.21394 75
    endloop
  endfacet
  facet normal 0.793355 -0.60876 0
    outer loop
      vertex -3.83022 3.21394 7
      vertex -4.09576 2.86788 75
      vertex -4.09576 2.86788 7
    endloop
  endfacet
  facet normal -0.953726 0.300676 0
    outer loop
      vertex 10.4071 -3.78787 0
      vertex 10.6976 -2.86642 7
      vertex 10.6976 -2.86642 0
    endloop
  endfacet
  facet normal -0.953726 0.300676 0
    outer loop
      vertex 10.6976 -2.86642 7
      vertex 10.4071 -3.78787 0
      vertex 10.4071 -3.78787 7
    endloop
  endfacet
  facet normal -0.991433 -0.130618 0
    outer loop
      vertex 11.0329 0.965249 0
      vertex 10.9067 1.92315 7
      vertex 10.9067 1.92315 0
    endloop
  endfacet
  facet normal -0.991433 -0.130618 0
    outer loop
      vertex 10.9067 1.92315 7
      vertex 11.0329 0.965249 0
      vertex 11.0329 0.965249 7
    endloop
  endfacet
  facet normal -0.79335 -0.608765 0
    outer loop
      vertex 9.07211 6.35236 0
      vertex 8.48394 7.11887 7
      vertex 8.48394 7.11887 0
    endloop
  endfacet
  facet normal -0.79335 -0.608765 0
    outer loop
      vertex 8.48394 7.11887 7
      vertex 9.07211 6.35236 0
      vertex 9.07211 6.35236 7
    endloop
  endfacet
  facet normal 0.923894 0.382649 0
    outer loop
      vertex -10.0374 -4.6805 7
      vertex -10.4071 -3.78787 0
      vertex -10.4071 -3.78787 7
    endloop
  endfacet
  facet normal 0.923894 0.382649 0
    outer loop
      vertex -10.4071 -3.78787 0
      vertex -10.0374 -4.6805 7
      vertex -10.0374 -4.6805 0
    endloop
  endfacet
  facet normal 0.9763 -0.216422 0
    outer loop
      vertex -10.9067 1.92315 7
      vertex -10.6976 2.86642 0
      vertex -10.6976 2.86642 7
    endloop
  endfacet
  facet normal 0.9763 -0.216422 0
    outer loop
      vertex -10.6976 2.86642 0
      vertex -10.9067 1.92315 7
      vertex -10.9067 1.92315 0
    endloop
  endfacet
  facet normal 0.923894 -0.382649 0
    outer loop
      vertex -10.4071 3.78787 7
      vertex -10.0374 4.6805 0
      vertex -10.0374 4.6805 7
    endloop
  endfacet
  facet normal 0.923894 -0.382649 0
    outer loop
      vertex -10.0374 4.6805 0
      vertex -10.4071 3.78787 7
      vertex -10.4071 3.78787 0
    endloop
  endfacet
  facet normal 0.9763 0.216422 0
    outer loop
      vertex -10.6976 -2.86642 7
      vertex -10.9067 -1.92315 0
      vertex -10.9067 -1.92315 7
    endloop
  endfacet
  facet normal 0.9763 0.216422 0
    outer loop
      vertex -10.9067 -1.92315 0
      vertex -10.6976 -2.86642 7
      vertex -10.6976 -2.86642 0
    endloop
  endfacet
  facet normal 0.608765 0.79335 -0
    outer loop
      vertex -6.35236 -9.07211 0
      vertex -7.11887 -8.48394 7
      vertex -6.35236 -9.07211 7
    endloop
  endfacet
  facet normal 0.608765 0.79335 0
    outer loop
      vertex -7.11887 -8.48394 7
      vertex -6.35236 -9.07211 0
      vertex -7.11887 -8.48394 0
    endloop
  endfacet
  facet normal 0.953726 0.300676 0
    outer loop
      vertex -10.4071 -3.78787 7
      vertex -10.6976 -2.86642 0
      vertex -10.6976 -2.86642 7
    endloop
  endfacet
  facet normal 0.953726 0.300676 0
    outer loop
      vertex -10.6976 -2.86642 0
      vertex -10.4071 -3.78787 7
      vertex -10.4071 -3.78787 0
    endloop
  endfacet
  facet normal -0.216422 -0.9763 0
    outer loop
      vertex 1.92315 10.9067 0
      vertex 2.86642 10.6976 7
      vertex 1.92315 10.9067 7
    endloop
  endfacet
  facet normal -0.216422 -0.9763 -0
    outer loop
      vertex 2.86642 10.6976 7
      vertex 1.92315 10.9067 0
      vertex 2.86642 10.6976 0
    endloop
  endfacet
  facet normal 0.675585 0.737282 -0
    outer loop
      vertex -7.11887 -8.48394 0
      vertex -7.83121 -7.83121 7
      vertex -7.11887 -8.48394 7
    endloop
  endfacet
  facet normal 0.675585 0.737282 0
    outer loop
      vertex -7.83121 -7.83121 7
      vertex -7.11887 -8.48394 0
      vertex -7.83121 -7.83121 0
    endloop
  endfacet
  facet normal -0.991433 0.130618 0
    outer loop
      vertex 10.9067 -1.92315 0
      vertex 11.0329 -0.965249 7
      vertex 11.0329 -0.965249 0
    endloop
  endfacet
  facet normal -0.991433 0.130618 0
    outer loop
      vertex 11.0329 -0.965249 7
      vertex 10.9067 -1.92315 0
      vertex 10.9067 -1.92315 7
    endloop
  endfacet
  facet normal -0.382649 -0.923894 0
    outer loop
      vertex 3.78787 10.4071 0
      vertex 4.6805 10.0374 7
      vertex 3.78787 10.4071 7
    endloop
  endfacet
  facet normal -0.382649 -0.923894 -0
    outer loop
      vertex 4.6805 10.0374 7
      vertex 3.78787 10.4071 0
      vertex 4.6805 10.0374 0
    endloop
  endfacet
  facet normal -0.99905 -0.0435743 0
    outer loop
      vertex 11.075 0 0
      vertex 11.0329 0.965249 7
      vertex 11.0329 0.965249 0
    endloop
  endfacet
  facet normal -0.99905 -0.0435743 0
    outer loop
      vertex 11.0329 0.965249 7
      vertex 11.075 0 0
      vertex 11.075 0 7
    endloop
  endfacet
  facet normal -0.675585 0.737282 0
    outer loop
      vertex 7.83121 -7.83121 0
      vertex 7.11887 -8.48394 7
      vertex 7.83121 -7.83121 7
    endloop
  endfacet
  facet normal -0.675585 0.737282 0
    outer loop
      vertex 7.11887 -8.48394 7
      vertex 7.83121 -7.83121 0
      vertex 7.11887 -8.48394 0
    endloop
  endfacet
  facet normal -0.79335 0.608765 0
    outer loop
      vertex 8.48394 -7.11887 0
      vertex 9.07211 -6.35236 7
      vertex 9.07211 -6.35236 0
    endloop
  endfacet
  facet normal -0.79335 0.608765 0
    outer loop
      vertex 9.07211 -6.35236 7
      vertex 8.48394 -7.11887 0
      vertex 8.48394 -7.11887 7
    endloop
  endfacet
  facet normal 0.0435743 -0.99905 0
    outer loop
      vertex -0.965249 11.0329 0
      vertex 0 11.075 7
      vertex -0.965249 11.0329 7
    endloop
  endfacet
  facet normal 0.0435743 -0.99905 0
    outer loop
      vertex 0 11.075 7
      vertex -0.965249 11.0329 0
      vertex 0 11.075 0
    endloop
  endfacet
  facet normal 0.886992 -0.461784 0
    outer loop
      vertex -10.0374 4.6805 7
      vertex -9.59123 5.5375 0
      vertex -9.59123 5.5375 7
    endloop
  endfacet
  facet normal 0.886992 -0.461784 0
    outer loop
      vertex -9.59123 5.5375 0
      vertex -10.0374 4.6805 7
      vertex -10.0374 4.6805 0
    endloop
  endfacet
  facet normal 0.843393 0.537297 0
    outer loop
      vertex -9.07211 -6.35236 7
      vertex -9.59123 -5.5375 0
      vertex -9.59123 -5.5375 7
    endloop
  endfacet
  facet normal 0.843393 0.537297 0
    outer loop
      vertex -9.59123 -5.5375 0
      vertex -9.07211 -6.35236 7
      vertex -9.07211 -6.35236 0
    endloop
  endfacet
  facet normal 0.79335 0.608765 0
    outer loop
      vertex -8.48394 -7.11887 7
      vertex -9.07211 -6.35236 0
      vertex -9.07211 -6.35236 7
    endloop
  endfacet
  facet normal 0.79335 0.608765 0
    outer loop
      vertex -9.07211 -6.35236 0
      vertex -8.48394 -7.11887 7
      vertex -8.48394 -7.11887 0
    endloop
  endfacet
  facet normal 0.0435743 0.99905 -0
    outer loop
      vertex 0 -11.075 0
      vertex -0.965249 -11.0329 7
      vertex 0 -11.075 7
    endloop
  endfacet
  facet normal 0.0435743 0.99905 0
    outer loop
      vertex -0.965249 -11.0329 7
      vertex 0 -11.075 0
      vertex -0.965249 -11.0329 0
    endloop
  endfacet
  facet normal -0.886992 -0.461784 0
    outer loop
      vertex 10.0374 4.6805 0
      vertex 9.59123 5.5375 7
      vertex 9.59123 5.5375 0
    endloop
  endfacet
  facet normal -0.886992 -0.461784 0
    outer loop
      vertex 9.59123 5.5375 7
      vertex 10.0374 4.6805 0
      vertex 10.0374 4.6805 7
    endloop
  endfacet
  facet normal -0.99905 0.0435743 0
    outer loop
      vertex 11.0329 -0.965249 0
      vertex 11.075 0 7
      vertex 11.075 0 0
    endloop
  endfacet
  facet normal -0.99905 0.0435743 0
    outer loop
      vertex 11.075 0 7
      vertex 11.0329 -0.965249 0
      vertex 11.0329 -0.965249 7
    endloop
  endfacet
  facet normal -0.9763 -0.216422 0
    outer loop
      vertex 10.9067 1.92315 0
      vertex 10.6976 2.86642 7
      vertex 10.6976 2.86642 0
    endloop
  endfacet
  facet normal -0.9763 -0.216422 0
    outer loop
      vertex 10.6976 2.86642 7
      vertex 10.9067 1.92315 0
      vertex 10.9067 1.92315 7
    endloop
  endfacet
  facet normal -0.608765 -0.79335 0
    outer loop
      vertex 6.35236 9.07211 0
      vertex 7.11887 8.48394 7
      vertex 6.35236 9.07211 7
    endloop
  endfacet
  facet normal -0.608765 -0.79335 -0
    outer loop
      vertex 7.11887 8.48394 7
      vertex 6.35236 9.07211 0
      vertex 7.11887 8.48394 0
    endloop
  endfacet
  facet normal 0.953726 -0.300676 0
    outer loop
      vertex -10.6976 2.86642 7
      vertex -10.4071 3.78787 0
      vertex -10.4071 3.78787 7
    endloop
  endfacet
  facet normal 0.953726 -0.300676 0
    outer loop
      vertex -10.4071 3.78787 0
      vertex -10.6976 2.86642 7
      vertex -10.6976 2.86642 0
    endloop
  endfacet
  facet normal 0.991433 -0.130618 0
    outer loop
      vertex -11.0329 0.965249 7
      vertex -10.9067 1.92315 0
      vertex -10.9067 1.92315 7
    endloop
  endfacet
  facet normal 0.991433 -0.130618 0
    outer loop
      vertex -10.9067 1.92315 0
      vertex -11.0329 0.965249 7
      vertex -11.0329 0.965249 0
    endloop
  endfacet
  facet normal 0.300676 -0.953726 0
    outer loop
      vertex -3.78787 10.4071 0
      vertex -2.86642 10.6976 7
      vertex -3.78787 10.4071 7
    endloop
  endfacet
  facet normal 0.300676 -0.953726 0
    outer loop
      vertex -2.86642 10.6976 7
      vertex -3.78787 10.4071 0
      vertex -2.86642 10.6976 0
    endloop
  endfacet
  facet normal 0.99905 0.0435743 0
    outer loop
      vertex -11.0329 -0.965249 7
      vertex -11.075 0 0
      vertex -11.075 0 7
    endloop
  endfacet
  facet normal 0.99905 0.0435743 0
    outer loop
      vertex -11.075 0 0
      vertex -11.0329 -0.965249 7
      vertex -11.0329 -0.965249 0
    endloop
  endfacet
  facet normal 0.737282 0.675585 0
    outer loop
      vertex -7.83121 -7.83121 7
      vertex -8.48394 -7.11887 0
      vertex -8.48394 -7.11887 7
    endloop
  endfacet
  facet normal 0.737282 0.675585 0
    outer loop
      vertex -8.48394 -7.11887 0
      vertex -7.83121 -7.83121 7
      vertex -7.83121 -7.83121 0
    endloop
  endfacet
  facet normal 0.991433 0.130618 0
    outer loop
      vertex -10.9067 -1.92315 7
      vertex -11.0329 -0.965249 0
      vertex -11.0329 -0.965249 7
    endloop
  endfacet
  facet normal 0.991433 0.130618 0
    outer loop
      vertex -11.0329 -0.965249 0
      vertex -10.9067 -1.92315 7
      vertex -10.9067 -1.92315 0
    endloop
  endfacet
  facet normal 0.675585 -0.737282 0
    outer loop
      vertex -7.83121 7.83121 0
      vertex -7.11887 8.48394 7
      vertex -7.83121 7.83121 7
    endloop
  endfacet
  facet normal 0.675585 -0.737282 0
    outer loop
      vertex -7.11887 8.48394 7
      vertex -7.83121 7.83121 0
      vertex -7.11887 8.48394 0
    endloop
  endfacet
  facet normal -0.886992 0.461784 0
    outer loop
      vertex 9.59123 -5.5375 0
      vertex 10.0374 -4.6805 7
      vertex 10.0374 -4.6805 0
    endloop
  endfacet
  facet normal -0.886992 0.461784 0
    outer loop
      vertex 10.0374 -4.6805 7
      vertex 9.59123 -5.5375 0
      vertex 9.59123 -5.5375 7
    endloop
  endfacet
  facet normal -0.300676 0.953726 0
    outer loop
      vertex 3.78787 -10.4071 0
      vertex 2.86642 -10.6976 7
      vertex 3.78787 -10.4071 7
    endloop
  endfacet
  facet normal -0.300676 0.953726 0
    outer loop
      vertex 2.86642 -10.6976 7
      vertex 3.78787 -10.4071 0
      vertex 2.86642 -10.6976 0
    endloop
  endfacet
  facet normal -0.461784 -0.886992 0
    outer loop
      vertex 4.6805 10.0374 0
      vertex 5.5375 9.59123 7
      vertex 4.6805 10.0374 7
    endloop
  endfacet
  facet normal -0.461784 -0.886992 -0
    outer loop
      vertex 5.5375 9.59123 7
      vertex 4.6805 10.0374 0
      vertex 5.5375 9.59123 0
    endloop
  endfacet
  facet normal 0.216422 0.9763 -0
    outer loop
      vertex -1.92315 -10.9067 0
      vertex -2.86642 -10.6976 7
      vertex -1.92315 -10.9067 7
    endloop
  endfacet
  facet normal 0.216422 0.9763 0
    outer loop
      vertex -2.86642 -10.6976 7
      vertex -1.92315 -10.9067 0
      vertex -2.86642 -10.6976 0
    endloop
  endfacet
  facet normal -0.0435743 0.99905 0
    outer loop
      vertex 0.965249 -11.0329 0
      vertex 0 -11.075 7
      vertex 0.965249 -11.0329 7
    endloop
  endfacet
  facet normal -0.0435743 0.99905 0
    outer loop
      vertex 0 -11.075 7
      vertex 0.965249 -11.0329 0
      vertex 0 -11.075 0
    endloop
  endfacet
  facet normal 0.461784 0.886992 -0
    outer loop
      vertex -4.6805 -10.0374 0
      vertex -5.5375 -9.59123 7
      vertex -4.6805 -10.0374 7
    endloop
  endfacet
  facet normal 0.461784 0.886992 0
    outer loop
      vertex -5.5375 -9.59123 7
      vertex -4.6805 -10.0374 0
      vertex -5.5375 -9.59123 0
    endloop
  endfacet
  facet normal -0.737282 -0.675585 0
    outer loop
      vertex 8.48394 7.11887 0
      vertex 7.83121 7.83121 7
      vertex 7.83121 7.83121 0
    endloop
  endfacet
  facet normal -0.737282 -0.675585 0
    outer loop
      vertex 7.83121 7.83121 7
      vertex 8.48394 7.11887 0
      vertex 8.48394 7.11887 7
    endloop
  endfacet
  facet normal 0.461784 -0.886992 0
    outer loop
      vertex -5.5375 9.59123 0
      vertex -4.6805 10.0374 7
      vertex -5.5375 9.59123 7
    endloop
  endfacet
  facet normal 0.461784 -0.886992 0
    outer loop
      vertex -4.6805 10.0374 7
      vertex -5.5375 9.59123 0
      vertex -4.6805 10.0374 0
    endloop
  endfacet
  facet normal -0.953726 -0.300676 0
    outer loop
      vertex 10.6976 2.86642 0
      vertex 10.4071 3.78787 7
      vertex 10.4071 3.78787 0
    endloop
  endfacet
  facet normal -0.953726 -0.300676 0
    outer loop
      vertex 10.4071 3.78787 7
      vertex 10.6976 2.86642 0
      vertex 10.6976 2.86642 7
    endloop
  endfacet
  facet normal -0.216422 0.9763 0
    outer loop
      vertex 2.86642 -10.6976 0
      vertex 1.92315 -10.9067 7
      vertex 2.86642 -10.6976 7
    endloop
  endfacet
  facet normal -0.216422 0.9763 0
    outer loop
      vertex 1.92315 -10.9067 7
      vertex 2.86642 -10.6976 0
      vertex 1.92315 -10.9067 0
    endloop
  endfacet
  facet normal 0.886992 0.461784 0
    outer loop
      vertex -9.59123 -5.5375 7
      vertex -10.0374 -4.6805 0
      vertex -10.0374 -4.6805 7
    endloop
  endfacet
  facet normal 0.886992 0.461784 0
    outer loop
      vertex -10.0374 -4.6805 0
      vertex -9.59123 -5.5375 7
      vertex -9.59123 -5.5375 0
    endloop
  endfacet
  facet normal -0.537297 -0.843393 0
    outer loop
      vertex 5.5375 9.59123 0
      vertex 6.35236 9.07211 7
      vertex 5.5375 9.59123 7
    endloop
  endfacet
  facet normal -0.537297 -0.843393 -0
    outer loop
      vertex 6.35236 9.07211 7
      vertex 5.5375 9.59123 0
      vertex 6.35236 9.07211 0
    endloop
  endfacet
  facet normal 0.130618 -0.991433 0
    outer loop
      vertex -1.92315 10.9067 0
      vertex -0.965249 11.0329 7
      vertex -1.92315 10.9067 7
    endloop
  endfacet
  facet normal 0.130618 -0.991433 0
    outer loop
      vertex -0.965249 11.0329 7
      vertex -1.92315 10.9067 0
      vertex -0.965249 11.0329 0
    endloop
  endfacet
  facet normal -0.843393 -0.537297 0
    outer loop
      vertex 9.59123 5.5375 0
      vertex 9.07211 6.35236 7
      vertex 9.07211 6.35236 0
    endloop
  endfacet
  facet normal -0.843393 -0.537297 0
    outer loop
      vertex 9.07211 6.35236 7
      vertex 9.59123 5.5375 0
      vertex 9.59123 5.5375 7
    endloop
  endfacet
  facet normal 0.216422 -0.9763 0
    outer loop
      vertex -2.86642 10.6976 0
      vertex -1.92315 10.9067 7
      vertex -2.86642 10.6976 7
    endloop
  endfacet
  facet normal 0.216422 -0.9763 0
    outer loop
      vertex -1.92315 10.9067 7
      vertex -2.86642 10.6976 0
      vertex -1.92315 10.9067 0
    endloop
  endfacet
  facet normal -0.737282 0.675585 0
    outer loop
      vertex 7.83121 -7.83121 0
      vertex 8.48394 -7.11887 7
      vertex 8.48394 -7.11887 0
    endloop
  endfacet
  facet normal -0.737282 0.675585 0
    outer loop
      vertex 8.48394 -7.11887 7
      vertex 7.83121 -7.83121 0
      vertex 7.83121 -7.83121 7
    endloop
  endfacet
  facet normal 0.382649 0.923894 -0
    outer loop
      vertex -3.78787 -10.4071 0
      vertex -4.6805 -10.0374 7
      vertex -3.78787 -10.4071 7
    endloop
  endfacet
  facet normal 0.382649 0.923894 0
    outer loop
      vertex -4.6805 -10.0374 7
      vertex -3.78787 -10.4071 0
      vertex -4.6805 -10.0374 0
    endloop
  endfacet
  facet normal 0.99905 -0.0435743 0
    outer loop
      vertex -11.075 0 7
      vertex -11.0329 0.965249 0
      vertex -11.0329 0.965249 7
    endloop
  endfacet
  facet normal 0.99905 -0.0435743 0
    outer loop
      vertex -11.0329 0.965249 0
      vertex -11.075 0 7
      vertex -11.075 0 0
    endloop
  endfacet
  facet normal 0.608765 -0.79335 0
    outer loop
      vertex -7.11887 8.48394 0
      vertex -6.35236 9.07211 7
      vertex -7.11887 8.48394 7
    endloop
  endfacet
  facet normal 0.608765 -0.79335 0
    outer loop
      vertex -6.35236 9.07211 7
      vertex -7.11887 8.48394 0
      vertex -6.35236 9.07211 0
    endloop
  endfacet
  facet normal -0.923894 0.382649 0
    outer loop
      vertex 10.0374 -4.6805 0
      vertex 10.4071 -3.78787 7
      vertex 10.4071 -3.78787 0
    endloop
  endfacet
  facet normal -0.923894 0.382649 0
    outer loop
      vertex 10.4071 -3.78787 7
      vertex 10.0374 -4.6805 0
      vertex 10.0374 -4.6805 7
    endloop
  endfacet
  facet normal -0.608765 0.79335 0
    outer loop
      vertex 7.11887 -8.48394 0
      vertex 6.35236 -9.07211 7
      vertex 7.11887 -8.48394 7
    endloop
  endfacet
  facet normal -0.608765 0.79335 0
    outer loop
      vertex 6.35236 -9.07211 7
      vertex 7.11887 -8.48394 0
      vertex 6.35236 -9.07211 0
    endloop
  endfacet
  facet normal -0.923894 -0.382649 0
    outer loop
      vertex 10.4071 3.78787 0
      vertex 10.0374 4.6805 7
      vertex 10.0374 4.6805 0
    endloop
  endfacet
  facet normal -0.923894 -0.382649 0
    outer loop
      vertex 10.0374 4.6805 7
      vertex 10.4071 3.78787 0
      vertex 10.4071 3.78787 7
    endloop
  endfacet
  facet normal 0.300676 0.953726 -0
    outer loop
      vertex -2.86642 -10.6976 0
      vertex -3.78787 -10.4071 7
      vertex -2.86642 -10.6976 7
    endloop
  endfacet
  facet normal 0.300676 0.953726 0
    outer loop
      vertex -3.78787 -10.4071 7
      vertex -2.86642 -10.6976 0
      vertex -3.78787 -10.4071 0
    endloop
  endfacet
  facet normal -0.843393 0.537297 0
    outer loop
      vertex 9.07211 -6.35236 0
      vertex 9.59123 -5.5375 7
      vertex 9.59123 -5.5375 0
    endloop
  endfacet
  facet normal -0.843393 0.537297 0
    outer loop
      vertex 9.59123 -5.5375 7
      vertex 9.07211 -6.35236 0
      vertex 9.07211 -6.35236 7
    endloop
  endfacet
  facet normal 0.382649 -0.923894 0
    outer loop
      vertex -4.6805 10.0374 0
      vertex -3.78787 10.4071 7
      vertex -4.6805 10.0374 7
    endloop
  endfacet
  facet normal 0.382649 -0.923894 0
    outer loop
      vertex -3.78787 10.4071 7
      vertex -4.6805 10.0374 0
      vertex -3.78787 10.4071 0
    endloop
  endfacet
  facet normal -0.675585 -0.737282 0
    outer loop
      vertex 7.11887 8.48394 0
      vertex 7.83121 7.83121 7
      vertex 7.11887 8.48394 7
    endloop
  endfacet
  facet normal -0.675585 -0.737282 -0
    outer loop
      vertex 7.83121 7.83121 7
      vertex 7.11887 8.48394 0
      vertex 7.83121 7.83121 0
    endloop
  endfacet
  facet normal -0.9763 0.216422 0
    outer loop
      vertex 10.6976 -2.86642 0
      vertex 10.9067 -1.92315 7
      vertex 10.9067 -1.92315 0
    endloop
  endfacet
  facet normal -0.9763 0.216422 0
    outer loop
      vertex 10.9067 -1.92315 7
      vertex 10.6976 -2.86642 0
      vertex 10.6976 -2.86642 7
    endloop
  endfacet
  facet normal -0.130618 0.991433 0
    outer loop
      vertex 1.92315 -10.9067 0
      vertex 0.965249 -11.0329 7
      vertex 1.92315 -10.9067 7
    endloop
  endfacet
  facet normal -0.130618 0.991433 0
    outer loop
      vertex 0.965249 -11.0329 7
      vertex 1.92315 -10.9067 0
      vertex 0.965249 -11.0329 0
    endloop
  endfacet
  facet normal -0.382649 0.923894 0
    outer loop
      vertex 4.6805 -10.0374 0
      vertex 3.78787 -10.4071 7
      vertex 4.6805 -10.0374 7
    endloop
  endfacet
  facet normal -0.382649 0.923894 0
    outer loop
      vertex 3.78787 -10.4071 7
      vertex 4.6805 -10.0374 0
      vertex 3.78787 -10.4071 0
    endloop
  endfacet
  facet normal -0.461784 0.886992 0
    outer loop
      vertex 5.5375 -9.59123 0
      vertex 4.6805 -10.0374 7
      vertex 5.5375 -9.59123 7
    endloop
  endfacet
  facet normal -0.461784 0.886992 0
    outer loop
      vertex 4.6805 -10.0374 7
      vertex 5.5375 -9.59123 0
      vertex 4.6805 -10.0374 0
    endloop
  endfacet
  facet normal 0.130618 0.991433 -0
    outer loop
      vertex -0.965249 -11.0329 0
      vertex -1.92315 -10.9067 7
      vertex -0.965249 -11.0329 7
    endloop
  endfacet
  facet normal 0.130618 0.991433 0
    outer loop
      vertex -1.92315 -10.9067 7
      vertex -0.965249 -11.0329 0
      vertex -1.92315 -10.9067 0
    endloop
  endfacet
  facet normal 0.737282 -0.675585 0
    outer loop
      vertex -8.48394 7.11887 7
      vertex -7.83121 7.83121 0
      vertex -7.83121 7.83121 7
    endloop
  endfacet
  facet normal 0.737282 -0.675585 0
    outer loop
      vertex -7.83121 7.83121 0
      vertex -8.48394 7.11887 7
      vertex -8.48394 7.11887 0
    endloop
  endfacet
  facet normal -0.130618 -0.991433 0
    outer loop
      vertex 0.965249 11.0329 0
      vertex 1.92315 10.9067 7
      vertex 0.965249 11.0329 7
    endloop
  endfacet
  facet normal -0.130618 -0.991433 -0
    outer loop
      vertex 1.92315 10.9067 7
      vertex 0.965249 11.0329 0
      vertex 1.92315 10.9067 0
    endloop
  endfacet
  facet normal -0.0435743 -0.99905 0
    outer loop
      vertex 0 11.075 0
      vertex 0.965249 11.0329 7
      vertex 0 11.075 7
    endloop
  endfacet
  facet normal -0.0435743 -0.99905 -0
    outer loop
      vertex 0.965249 11.0329 7
      vertex 0 11.075 0
      vertex 0.965249 11.0329 0
    endloop
  endfacet
  facet normal -0.300676 -0.953726 0
    outer loop
      vertex 2.86642 10.6976 0
      vertex 3.78787 10.4071 7
      vertex 2.86642 10.6976 7
    endloop
  endfacet
  facet normal -0.300676 -0.953726 -0
    outer loop
      vertex 3.78787 10.4071 7
      vertex 2.86642 10.6976 0
      vertex 3.78787 10.4071 0
    endloop
  endfacet
  facet normal 0.79335 -0.608765 0
    outer loop
      vertex -9.07211 6.35236 7
      vertex -8.48394 7.11887 0
      vertex -8.48394 7.11887 7
    endloop
  endfacet
  facet normal 0.79335 -0.608765 0
    outer loop
      vertex -8.48394 7.11887 0
      vertex -9.07211 6.35236 7
      vertex -9.07211 6.35236 0
    endloop
  endfacet
  facet normal 0.537297 -0.843393 0
    outer loop
      vertex -6.35236 9.07211 0
      vertex -5.5375 9.59123 7
      vertex -6.35236 9.07211 7
    endloop
  endfacet
  facet normal 0.537297 -0.843393 0
    outer loop
      vertex -5.5375 9.59123 7
      vertex -6.35236 9.07211 0
      vertex -5.5375 9.59123 0
    endloop
  endfacet
  facet normal 0.537297 0.843393 -0
    outer loop
      vertex -5.5375 -9.59123 0
      vertex -6.35236 -9.07211 7
      vertex -5.5375 -9.59123 7
    endloop
  endfacet
  facet normal 0.537297 0.843393 0
    outer loop
      vertex -6.35236 -9.07211 7
      vertex -5.5375 -9.59123 0
      vertex -6.35236 -9.07211 0
    endloop
  endfacet
  facet normal 0.843393 -0.537297 0
    outer loop
      vertex -9.59123 5.5375 7
      vertex -9.07211 6.35236 0
      vertex -9.07211 6.35236 7
    endloop
  endfacet
  facet normal 0.843393 -0.537297 0
    outer loop
      vertex -9.07211 6.35236 0
      vertex -9.59123 5.5375 7
      vertex -9.59123 5.5375 0
    endloop
  endfacet
  facet normal -0.537297 0.843393 0
    outer loop
      vertex 6.35236 -9.07211 0
      vertex 5.5375 -9.59123 7
      vertex 6.35236 -9.07211 7
    endloop
  endfacet
  facet normal -0.537297 0.843393 0
    outer loop
      vertex 5.5375 -9.59123 7
      vertex 6.35236 -9.07211 0
      vertex 5.5375 -9.59123 0
    endloop
  endfacet
  facet normal 0 0 -1
    outer loop
      vertex 5 0 7
      vertex 11.075 0 7
      vertex 11.0329 -0.965249 7
    endloop
  endfacet
  facet normal 0 0 -1
    outer loop
      vertex 4.98097 -0.435779 7
      vertex 11.0329 -0.965249 7
      vertex 10.9067 -1.92315 7
    endloop
  endfacet
  facet normal 0 0 -1
    outer loop
      vertex 11.075 0 7
      vertex 5 0 7
      vertex 11.0329 0.965249 7
    endloop
  endfacet
  facet normal 0 0 -1
    outer loop
      vertex 4.92404 -0.86824 7
      vertex 10.9067 -1.92315 7
      vertex 10.6976 -2.86642 7
    endloop
  endfacet
  facet normal 0 0 -1
    outer loop
      vertex 4.98097 0.435779 7
      vertex 11.0329 0.965249 7
      vertex 5 0 7
    endloop
  endfacet
  facet normal 0 0 -1
    outer loop
      vertex 4.82963 -1.2941 7
      vertex 10.6976 -2.86642 7
      vertex 10.4071 -3.78787 7
    endloop
  endfacet
  facet normal -0 0 -1
    outer loop
      vertex 11.0329 0.965249 7
      vertex 4.98097 0.435779 7
      vertex 10.9067 1.92315 7
    endloop
  endfacet
  facet normal 0 0 -1
    outer loop
      vertex 4.69846 -1.7101 7
      vertex 10.4071 -3.78787 7
      vertex 10.0374 -4.6805 7
    endloop
  endfacet
  facet normal 0 0 -1
    outer loop
      vertex 4.92404 0.86824 7
      vertex 10.9067 1.92315 7
      vertex 4.98097 0.435779 7
    endloop
  endfacet
  facet normal 0 0 -1
    outer loop
      vertex 4.53154 -2.11309 7
      vertex 10.0374 -4.6805 7
      vertex 9.59123 -5.5375 7
    endloop
  endfacet
  facet normal -0 0 -1
    outer loop
      vertex 10.9067 1.92315 7
      vertex 4.92404 0.86824 7
      vertex 10.6976 2.86642 7
    endloop
  endfacet
  facet normal 0 0 -1
    outer loop
      vertex 4.33013 -2.5 7
      vertex 9.59123 -5.5375 7
      vertex 9.07211 -6.35236 7
    endloop
  endfacet
  facet normal 0 0 -1
    outer loop
      vertex 4.82963 1.2941 7
      vertex 10.6976 2.86642 7
      vertex 4.92404 0.86824 7
    endloop
  endfacet
  facet normal 0 0 -1
    outer loop
      vertex 4.09576 -2.86788 7
      vertex 9.07211 -6.35236 7
      vertex 8.48394 -7.11887 7
    endloop
  endfacet
  facet normal -0 0 -1
    outer loop
      vertex 10.6976 2.86642 7
      vertex 4.82963 1.2941 7
      vertex 10.4071 3.78787 7
    endloop
  endfacet
  facet normal 0 0 -1
    outer loop
      vertex 3.83022 -3.21394 7
      vertex 8.48394 -7.11887 7
      vertex 7.83121 -7.83121 7
    endloop
  endfacet
  facet normal 0 0 -1
    outer loop
      vertex 4.69846 1.7101 7
      vertex 10.4071 3.78787 7
      vertex 4.82963 1.2941 7
    endloop
  endfacet
  facet normal 0 0 -1
    outer loop
      vertex 3.53553 -3.53553 7
      vertex 7.83121 -7.83121 7
      vertex 7.11887 -8.48394 7
    endloop
  endfacet
  facet normal -0 0 -1
    outer loop
      vertex 10.4071 3.78787 7
      vertex 4.69846 1.7101 7
      vertex 10.0374 4.6805 7
    endloop
  endfacet
  facet normal 0 0 -1
    outer loop
      vertex 3.21394 -3.83022 7
      vertex 7.11887 -8.48394 7
      vertex 6.35236 -9.07211 7
    endloop
  endfacet
  facet normal 0 0 -1
    outer loop
      vertex 4.53154 2.11309 7
      vertex 10.0374 4.6805 7
      vertex 4.69846 1.7101 7
    endloop
  endfacet
  facet normal 0 0 -1
    outer loop
      vertex 2.86788 -4.09576 7
      vertex 6.35236 -9.07211 7
      vertex 5.5375 -9.59123 7
    endloop
  endfacet
  facet normal -0 0 -1
    outer loop
      vertex 10.0374 4.6805 7
      vertex 4.53154 2.11309 7
      vertex 9.59123 5.5375 7
    endloop
  endfacet
  facet normal 0 0 -1
    outer loop
      vertex 4.33013 2.5 7
      vertex 9.59123 5.5375 7
      vertex 4.53154 2.11309 7
    endloop
  endfacet
  facet normal 0 0 -1
    outer loop
      vertex 11.0329 -0.965249 7
      vertex 4.98097 -0.435779 7
      vertex 5 0 7
    endloop
  endfacet
  facet normal 0 0 -1
    outer loop
      vertex 10.9067 -1.92315 7
      vertex 4.92404 -0.86824 7
      vertex 4.98097 -0.435779 7
    endloop
  endfacet
  facet normal 0 0 -1
    outer loop
      vertex 10.6976 -2.86642 7
      vertex 4.82963 -1.2941 7
      vertex 4.92404 -0.86824 7
    endloop
  endfacet
  facet normal 0 0 -1
    outer loop
      vertex 10.4071 -3.78787 7
      vertex 4.69846 -1.7101 7
      vertex 4.82963 -1.2941 7
    endloop
  endfacet
  facet normal 0 0 -1
    outer loop
      vertex 2.5 -4.33013 7
      vertex 5.5375 -9.59123 7
      vertex 4.6805 -10.0374 7
    endloop
  endfacet
  facet normal 0 0 -1
    outer loop
      vertex 10.0374 -4.6805 7
      vertex 4.53154 -2.11309 7
      vertex 4.69846 -1.7101 7
    endloop
  endfacet
  facet normal 0 0 -1
    outer loop
      vertex 9.59123 -5.5375 7
      vertex 4.33013 -2.5 7
      vertex 4.53154 -2.11309 7
    endloop
  endfacet
  facet normal 0 0 -1
    outer loop
      vertex 9.07211 -6.35236 7
      vertex 4.09576 -2.86788 7
      vertex 4.33013 -2.5 7
    endloop
  endfacet
  facet normal 0 0 -1
    outer loop
      vertex 8.48394 -7.11887 7
      vertex 3.83022 -3.21394 7
      vertex 4.09576 -2.86788 7
    endloop
  endfacet
  facet normal 0 0 -1
    outer loop
      vertex 2.11309 -4.53154 7
      vertex 4.6805 -10.0374 7
      vertex 3.78787 -10.4071 7
    endloop
  endfacet
  facet normal 0 0 -1
    outer loop
      vertex 7.83121 -7.83121 7
      vertex 3.53553 -3.53553 7
      vertex 3.83022 -3.21394 7
    endloop
  endfacet
  facet normal 0 0 -1
    outer loop
      vertex 7.11887 -8.48394 7
      vertex 3.21394 -3.83022 7
      vertex 3.53553 -3.53553 7
    endloop
  endfacet
  facet normal 0 0 -1
    outer loop
      vertex 6.35236 -9.07211 7
      vertex 2.86788 -4.09576 7
      vertex 3.21394 -3.83022 7
    endloop
  endfacet
  facet normal 0 0 -1
    outer loop
      vertex 1.7101 -4.69846 7
      vertex 3.78787 -10.4071 7
      vertex 2.86642 -10.6976 7
    endloop
  endfacet
  facet normal 0 0 -1
    outer loop
      vertex 5.5375 -9.59123 7
      vertex 2.5 -4.33013 7
      vertex 2.86788 -4.09576 7
    endloop
  endfacet
  facet normal 0 0 -1
    outer loop
      vertex 4.6805 -10.0374 7
      vertex 2.11309 -4.53154 7
      vertex 2.5 -4.33013 7
    endloop
  endfacet
  facet normal 0 0 -1
    outer loop
      vertex 1.2941 -4.82963 7
      vertex 2.86642 -10.6976 7
      vertex 1.92315 -10.9067 7
    endloop
  endfacet
  facet normal 0 0 -1
    outer loop
      vertex 3.78787 -10.4071 7
      vertex 1.7101 -4.69846 7
      vertex 2.11309 -4.53154 7
    endloop
  endfacet
  facet normal 0 0 -1
    outer loop
      vertex 2.86642 -10.6976 7
      vertex 1.2941 -4.82963 7
      vertex 1.7101 -4.69846 7
    endloop
  endfacet
  facet normal 0 0 -1
    outer loop
      vertex 0.86824 -4.92404 7
      vertex 1.92315 -10.9067 7
      vertex 0.965249 -11.0329 7
    endloop
  endfacet
  facet normal 0 0 -1
    outer loop
      vertex 1.92315 -10.9067 7
      vertex 0.86824 -4.92404 7
      vertex 1.2941 -4.82963 7
    endloop
  endfacet
  facet normal 0 0 -1
    outer loop
      vertex 0.965249 -11.0329 7
      vertex 0.435779 -4.98097 7
      vertex 0.86824 -4.92404 7
    endloop
  endfacet
  facet normal 0 0 -1
    outer loop
      vertex 0 -11.075 7
      vertex 0.435779 -4.98097 7
      vertex 0.965249 -11.0329 7
    endloop
  endfacet
  facet normal 0 0 -1
    outer loop
      vertex 0 -11.075 7
      vertex 0 -5 7
      vertex 0.435779 -4.98097 7
    endloop
  endfacet
  facet normal 0 0 -1
    outer loop
      vertex 0 -11.075 7
      vertex -0.435779 -4.98097 7
      vertex 0 -5 7
    endloop
  endfacet
  facet normal 0 0 -1
    outer loop
      vertex -0.965249 -11.0329 7
      vertex -0.435779 -4.98097 7
      vertex 0 -11.075 7
    endloop
  endfacet
  facet normal -0 0 -1
    outer loop
      vertex -0.435779 -4.98097 7
      vertex -0.965249 -11.0329 7
      vertex -0.86824 -4.92404 7
    endloop
  endfacet
  facet normal 0 0 -1
    outer loop
      vertex -1.92315 -10.9067 7
      vertex -0.86824 -4.92404 7
      vertex -0.965249 -11.0329 7
    endloop
  endfacet
  facet normal -0 0 -1
    outer loop
      vertex -0.86824 -4.92404 7
      vertex -1.92315 -10.9067 7
      vertex -1.2941 -4.82963 7
    endloop
  endfacet
  facet normal 0 0 -1
    outer loop
      vertex -2.86642 -10.6976 7
      vertex -1.2941 -4.82963 7
      vertex -1.92315 -10.9067 7
    endloop
  endfacet
  facet normal -0 0 -1
    outer loop
      vertex -1.2941 -4.82963 7
      vertex -2.86642 -10.6976 7
      vertex -1.7101 -4.69846 7
    endloop
  endfacet
  facet normal 0 0 -1
    outer loop
      vertex -3.78787 -10.4071 7
      vertex -1.7101 -4.69846 7
      vertex -2.86642 -10.6976 7
    endloop
  endfacet
  facet normal -0 0 -1
    outer loop
      vertex -1.7101 -4.69846 7
      vertex -3.78787 -10.4071 7
      vertex -2.11309 -4.53154 7
    endloop
  endfacet
  facet normal 0 0 -1
    outer loop
      vertex -4.6805 -10.0374 7
      vertex -2.11309 -4.53154 7
      vertex -3.78787 -10.4071 7
    endloop
  endfacet
  facet normal -0 0 -1
    outer loop
      vertex -2.11309 -4.53154 7
      vertex -4.6805 -10.0374 7
      vertex -2.5 -4.33013 7
    endloop
  endfacet
  facet normal 0 0 -1
    outer loop
      vertex -5.5375 -9.59123 7
      vertex -2.5 -4.33013 7
      vertex -4.6805 -10.0374 7
    endloop
  endfacet
  facet normal -0 0 -1
    outer loop
      vertex -2.5 -4.33013 7
      vertex -5.5375 -9.59123 7
      vertex -2.86788 -4.09576 7
    endloop
  endfacet
  facet normal 0 0 -1
    outer loop
      vertex -6.35236 -9.07211 7
      vertex -2.86788 -4.09576 7
      vertex -5.5375 -9.59123 7
    endloop
  endfacet
  facet normal -0 0 -1
    outer loop
      vertex -2.86788 -4.09576 7
      vertex -6.35236 -9.07211 7
      vertex -3.21394 -3.83022 7
    endloop
  endfacet
  facet normal 0 0 -1
    outer loop
      vertex -7.11887 -8.48394 7
      vertex -3.21394 -3.83022 7
      vertex -6.35236 -9.07211 7
    endloop
  endfacet
  facet normal -0 0 -1
    outer loop
      vertex -3.21394 -3.83022 7
      vertex -7.11887 -8.48394 7
      vertex -3.53553 -3.53553 7
    endloop
  endfacet
  facet normal 0 0 -1
    outer loop
      vertex -7.83121 -7.83121 7
      vertex -3.53553 -3.53553 7
      vertex -7.11887 -8.48394 7
    endloop
  endfacet
  facet normal -0 0 -1
    outer loop
      vertex -3.53553 -3.53553 7
      vertex -7.83121 -7.83121 7
      vertex -3.83022 -3.21394 7
    endloop
  endfacet
  facet normal 0 0 -1
    outer loop
      vertex -8.48394 -7.11887 7
      vertex -3.83022 -3.21394 7
      vertex -7.83121 -7.83121 7
    endloop
  endfacet
  facet normal -0 0 -1
    outer loop
      vertex -3.83022 -3.21394 7
      vertex -8.48394 -7.11887 7
      vertex -4.09576 -2.86788 7
    endloop
  endfacet
  facet normal 0 0 -1
    outer loop
      vertex -9.07211 -6.35236 7
      vertex -4.09576 -2.86788 7
      vertex -8.48394 -7.11887 7
    endloop
  endfacet
  facet normal -0 0 -1
    outer loop
      vertex -4.09576 -2.86788 7
      vertex -9.07211 -6.35236 7
      vertex -4.33013 -2.5 7
    endloop
  endfacet
  facet normal 0 0 -1
    outer loop
      vertex -9.59123 -5.5375 7
      vertex -4.33013 -2.5 7
      vertex -9.07211 -6.35236 7
    endloop
  endfacet
  facet normal -0 0 -1
    outer loop
      vertex 9.59123 5.5375 7
      vertex 4.33013 2.5 7
      vertex 9.07211 6.35236 7
    endloop
  endfacet
  facet normal 0 0 -1
    outer loop
      vertex 4.09576 2.86788 7
      vertex 9.07211 6.35236 7
      vertex 4.33013 2.5 7
    endloop
  endfacet
  facet normal -0 0 -1
    outer loop
      vertex 9.07211 6.35236 7
      vertex 4.09576 2.86788 7
      vertex 8.48394 7.11887 7
    endloop
  endfacet
  facet normal 0 0 -1
    outer loop
      vertex 3.83022 3.21394 7
      vertex 8.48394 7.11887 7
      vertex 4.09576 2.86788 7
    endloop
  endfacet
  facet normal -0 0 -1
    outer loop
      vertex 8.48394 7.11887 7
      vertex 3.83022 3.21394 7
      vertex 7.83121 7.83121 7
    endloop
  endfacet
  facet normal 0 0 -1
    outer loop
      vertex 3.53553 3.53553 7
      vertex 7.83121 7.83121 7
      vertex 3.83022 3.21394 7
    endloop
  endfacet
  facet normal -0 0 -1
    outer loop
      vertex 7.83121 7.83121 7
      vertex 3.53553 3.53553 7
      vertex 7.11887 8.48394 7
    endloop
  endfacet
  facet normal 0 0 -1
    outer loop
      vertex 3.21394 3.83022 7
      vertex 7.11887 8.48394 7
      vertex 3.53553 3.53553 7
    endloop
  endfacet
  facet normal -0 0 -1
    outer loop
      vertex 7.11887 8.48394 7
      vertex 3.21394 3.83022 7
      vertex 6.35236 9.07211 7
    endloop
  endfacet
  facet normal 0 0 -1
    outer loop
      vertex 2.86788 4.09576 7
      vertex 6.35236 9.07211 7
      vertex 3.21394 3.83022 7
    endloop
  endfacet
  facet normal -0 0 -1
    outer loop
      vertex 6.35236 9.07211 7
      vertex 2.86788 4.09576 7
      vertex 5.5375 9.59123 7
    endloop
  endfacet
  facet normal 0 0 -1
    outer loop
      vertex 2.5 4.33013 7
      vertex 5.5375 9.59123 7
      vertex 2.86788 4.09576 7
    endloop
  endfacet
  facet normal -0 0 -1
    outer loop
      vertex 5.5375 9.59123 7
      vertex 2.5 4.33013 7
      vertex 4.6805 10.0374 7
    endloop
  endfacet
  facet normal 0 0 -1
    outer loop
      vertex 2.11309 4.53154 7
      vertex 4.6805 10.0374 7
      vertex 2.5 4.33013 7
    endloop
  endfacet
  facet normal -0 0 -1
    outer loop
      vertex 4.6805 10.0374 7
      vertex 2.11309 4.53154 7
      vertex 3.78787 10.4071 7
    endloop
  endfacet
  facet normal 0 0 -1
    outer loop
      vertex 1.7101 4.69846 7
      vertex 3.78787 10.4071 7
      vertex 2.11309 4.53154 7
    endloop
  endfacet
  facet normal -0 0 -1
    outer loop
      vertex 3.78787 10.4071 7
      vertex 1.7101 4.69846 7
      vertex 2.86642 10.6976 7
    endloop
  endfacet
  facet normal 0 0 -1
    outer loop
      vertex 1.2941 4.82963 7
      vertex 2.86642 10.6976 7
      vertex 1.7101 4.69846 7
    endloop
  endfacet
  facet normal -0 0 -1
    outer loop
      vertex 2.86642 10.6976 7
      vertex 1.2941 4.82963 7
      vertex 1.92315 10.9067 7
    endloop
  endfacet
  facet normal 0 0 -1
    outer loop
      vertex 0.86824 4.92404 7
      vertex 1.92315 10.9067 7
      vertex 1.2941 4.82963 7
    endloop
  endfacet
  facet normal -0 0 -1
    outer loop
      vertex 1.92315 10.9067 7
      vertex 0.86824 4.92404 7
      vertex 0.965249 11.0329 7
    endloop
  endfacet
  facet normal 0 0 -1
    outer loop
      vertex 0.435779 4.98097 7
      vertex 0.965249 11.0329 7
      vertex 0.86824 4.92404 7
    endloop
  endfacet
  facet normal 0 0 -1
    outer loop
      vertex 0 5 7
      vertex 0.965249 11.0329 7
      vertex 0.435779 4.98097 7
    endloop
  endfacet
  facet normal 0 0 -1
    outer loop
      vertex 0 5 7
      vertex 0 11.075 7
      vertex 0.965249 11.0329 7
    endloop
  endfacet
  facet normal 0 0 -1
    outer loop
      vertex -0.435779 4.98097 7
      vertex 0 11.075 7
      vertex 0 5 7
    endloop
  endfacet
  facet normal 0 0 -1
    outer loop
      vertex -0.965249 11.0329 7
      vertex -0.435779 4.98097 7
      vertex -0.86824 4.92404 7
    endloop
  endfacet
  facet normal 0 0 -1
    outer loop
      vertex -0.435779 4.98097 7
      vertex -0.965249 11.0329 7
      vertex 0 11.075 7
    endloop
  endfacet
  facet normal 0 0 -1
    outer loop
      vertex -1.92315 10.9067 7
      vertex -0.86824 4.92404 7
      vertex -1.2941 4.82963 7
    endloop
  endfacet
  facet normal 0 0 -1
    outer loop
      vertex -2.86642 10.6976 7
      vertex -1.2941 4.82963 7
      vertex -1.7101 4.69846 7
    endloop
  endfacet
  facet normal 0 0 -1
    outer loop
      vertex -0.86824 4.92404 7
      vertex -1.92315 10.9067 7
      vertex -0.965249 11.0329 7
    endloop
  endfacet
  facet normal 0 0 -1
    outer loop
      vertex -3.78787 10.4071 7
      vertex -1.7101 4.69846 7
      vertex -2.11309 4.53154 7
    endloop
  endfacet
  facet normal 0 0 -1
    outer loop
      vertex -4.6805 10.0374 7
      vertex -2.11309 4.53154 7
      vertex -2.5 4.33013 7
    endloop
  endfacet
  facet normal 0 0 -1
    outer loop
      vertex -1.2941 4.82963 7
      vertex -2.86642 10.6976 7
      vertex -1.92315 10.9067 7
    endloop
  endfacet
  facet normal 0 0 -1
    outer loop
      vertex -5.5375 9.59123 7
      vertex -2.5 4.33013 7
      vertex -2.86788 4.09576 7
    endloop
  endfacet
  facet normal 0 0 -1
    outer loop
      vertex -6.35236 9.07211 7
      vertex -2.86788 4.09576 7
      vertex -3.21394 3.83022 7
    endloop
  endfacet
  facet normal 0 0 -1
    outer loop
      vertex -7.11887 8.48394 7
      vertex -3.21394 3.83022 7
      vertex -3.53553 3.53553 7
    endloop
  endfacet
  facet normal 0 0 -1
    outer loop
      vertex -1.7101 4.69846 7
      vertex -3.78787 10.4071 7
      vertex -2.86642 10.6976 7
    endloop
  endfacet
  facet normal 0 0 -1
    outer loop
      vertex -7.83121 7.83121 7
      vertex -3.53553 3.53553 7
      vertex -3.83022 3.21394 7
    endloop
  endfacet
  facet normal 0 0 -1
    outer loop
      vertex -8.48394 7.11887 7
      vertex -3.83022 3.21394 7
      vertex -4.09576 2.86788 7
    endloop
  endfacet
  facet normal 0 0 -1
    outer loop
      vertex -9.07211 6.35236 7
      vertex -4.09576 2.86788 7
      vertex -4.33013 2.5 7
    endloop
  endfacet
  facet normal 0 0 -1
    outer loop
      vertex -9.59123 5.5375 7
      vertex -4.33013 2.5 7
      vertex -4.53154 2.11309 7
    endloop
  endfacet
  facet normal 0 0 -1
    outer loop
      vertex -2.11309 4.53154 7
      vertex -4.6805 10.0374 7
      vertex -3.78787 10.4071 7
    endloop
  endfacet
  facet normal 0 0 -1
    outer loop
      vertex -10.0374 4.6805 7
      vertex -4.53154 2.11309 7
      vertex -4.69846 1.7101 7
    endloop
  endfacet
  facet normal 0 0 -1
    outer loop
      vertex -10.4071 3.78787 7
      vertex -4.69846 1.7101 7
      vertex -4.82963 1.2941 7
    endloop
  endfacet
  facet normal 0 0 -1
    outer loop
      vertex -10.6976 2.86642 7
      vertex -4.82963 1.2941 7
      vertex -4.92404 0.86824 7
    endloop
  endfacet
  facet normal 0 0 -1
    outer loop
      vertex -10.9067 1.92315 7
      vertex -4.92404 0.86824 7
      vertex -4.98097 0.435779 7
    endloop
  endfacet
  facet normal 0 0 -1
    outer loop
      vertex -11.0329 0.965249 7
      vertex -4.98097 0.435779 7
      vertex -5 0 7
    endloop
  endfacet
  facet normal -0 0 -1
    outer loop
      vertex -4.33013 -2.5 7
      vertex -9.59123 -5.5375 7
      vertex -4.53154 -2.11309 7
    endloop
  endfacet
  facet normal 0 0 -1
    outer loop
      vertex -2.5 4.33013 7
      vertex -5.5375 9.59123 7
      vertex -4.6805 10.0374 7
    endloop
  endfacet
  facet normal 0 0 -1
    outer loop
      vertex -10.0374 -4.6805 7
      vertex -4.53154 -2.11309 7
      vertex -9.59123 -5.5375 7
    endloop
  endfacet
  facet normal 0 0 -1
    outer loop
      vertex -2.86788 4.09576 7
      vertex -6.35236 9.07211 7
      vertex -5.5375 9.59123 7
    endloop
  endfacet
  facet normal -0 0 -1
    outer loop
      vertex -4.53154 -2.11309 7
      vertex -10.0374 -4.6805 7
      vertex -4.69846 -1.7101 7
    endloop
  endfacet
  facet normal 0 0 -1
    outer loop
      vertex -3.21394 3.83022 7
      vertex -7.11887 8.48394 7
      vertex -6.35236 9.07211 7
    endloop
  endfacet
  facet normal 0 0 -1
    outer loop
      vertex -10.4071 -3.78787 7
      vertex -4.69846 -1.7101 7
      vertex -10.0374 -4.6805 7
    endloop
  endfacet
  facet normal 0 0 -1
    outer loop
      vertex -3.53553 3.53553 7
      vertex -7.83121 7.83121 7
      vertex -7.11887 8.48394 7
    endloop
  endfacet
  facet normal -0 0 -1
    outer loop
      vertex -4.69846 -1.7101 7
      vertex -10.4071 -3.78787 7
      vertex -4.82963 -1.2941 7
    endloop
  endfacet
  facet normal 0 0 -1
    outer loop
      vertex -3.83022 3.21394 7
      vertex -8.48394 7.11887 7
      vertex -7.83121 7.83121 7
    endloop
  endfacet
  facet normal 0 0 -1
    outer loop
      vertex -10.6976 -2.86642 7
      vertex -4.82963 -1.2941 7
      vertex -10.4071 -3.78787 7
    endloop
  endfacet
  facet normal 0 0 -1
    outer loop
      vertex -4.09576 2.86788 7
      vertex -9.07211 6.35236 7
      vertex -8.48394 7.11887 7
    endloop
  endfacet
  facet normal -0 0 -1
    outer loop
      vertex -4.82963 -1.2941 7
      vertex -10.6976 -2.86642 7
      vertex -4.92404 -0.86824 7
    endloop
  endfacet
  facet normal 0 0 -1
    outer loop
      vertex -4.33013 2.5 7
      vertex -9.59123 5.5375 7
      vertex -9.07211 6.35236 7
    endloop
  endfacet
  facet normal 0 0 -1
    outer loop
      vertex -10.9067 -1.92315 7
      vertex -4.92404 -0.86824 7
      vertex -10.6976 -2.86642 7
    endloop
  endfacet
  facet normal 0 0 -1
    outer loop
      vertex -4.53154 2.11309 7
      vertex -10.0374 4.6805 7
      vertex -9.59123 5.5375 7
    endloop
  endfacet
  facet normal -0 0 -1
    outer loop
      vertex -4.92404 -0.86824 7
      vertex -10.9067 -1.92315 7
      vertex -4.98097 -0.435779 7
    endloop
  endfacet
  facet normal 0 0 -1
    outer loop
      vertex -4.69846 1.7101 7
      vertex -10.4071 3.78787 7
      vertex -10.0374 4.6805 7
    endloop
  endfacet
  facet normal 0 0 -1
    outer loop
      vertex -11.0329 -0.965249 7
      vertex -4.98097 -0.435779 7
      vertex -10.9067 -1.92315 7
    endloop
  endfacet
  facet normal 0 0 -1
    outer loop
      vertex -4.82963 1.2941 7
      vertex -10.6976 2.86642 7
      vertex -10.4071 3.78787 7
    endloop
  endfacet
  facet normal -0 0 -1
    outer loop
      vertex -4.98097 -0.435779 7
      vertex -11.0329 -0.965249 7
      vertex -5 0 7
    endloop
  endfacet
  facet normal 0 0 -1
    outer loop
      vertex -4.92404 0.86824 7
      vertex -10.9067 1.92315 7
      vertex -10.6976 2.86642 7
    endloop
  endfacet
  facet normal 0 0 -1
    outer loop
      vertex -11.075 0 7
      vertex -5 0 7
      vertex -11.0329 -0.965249 7
    endloop
  endfacet
  facet normal 0 0 -1
    outer loop
      vertex -4.98097 0.435779 7
      vertex -11.0329 0.965249 7
      vertex -10.9067 1.92315 7
    endloop
  endfacet
  facet normal 0 0 -1
    outer loop
      vertex -5 0 7
      vertex -11.075 0 7
      vertex -11.0329 0.965249 7
    endloop
  endfacet
  facet normal -0.991433 -0.130618 0
    outer loop
      vertex 11.0329 0.965249 75
      vertex 10.9067 1.92315 82
      vertex 10.9067 1.92315 75
    endloop
  endfacet
  facet normal -0.991433 -0.130618 0
    outer loop
      vertex 10.9067 1.92315 82
      vertex 11.0329 0.965249 75
      vertex 11.0329 0.965249 82
    endloop
  endfacet
  facet normal -0.99905 -0.0435743 0
    outer loop
      vertex 11.075 0 75
      vertex 11.0329 0.965249 82
      vertex 11.0329 0.965249 75
    endloop
  endfacet
  facet normal -0.99905 -0.0435743 0
    outer loop
      vertex 11.0329 0.965249 82
      vertex 11.075 0 75
      vertex 11.075 0 82
    endloop
  endfacet
  facet normal -0.9763 -0.216422 0
    outer loop
      vertex 10.9067 1.92315 75
      vertex 10.6976 2.86642 82
      vertex 10.6976 2.86642 75
    endloop
  endfacet
  facet normal -0.9763 -0.216422 0
    outer loop
      vertex 10.6976 2.86642 82
      vertex 10.9067 1.92315 75
      vertex 10.9067 1.92315 82
    endloop
  endfacet
  facet normal -0.537297 0.843393 0
    outer loop
      vertex 6.35236 -9.07211 75
      vertex 5.5375 -9.59123 82
      vertex 6.35236 -9.07211 82
    endloop
  endfacet
  facet normal -0.537297 0.843393 0
    outer loop
      vertex 5.5375 -9.59123 82
      vertex 6.35236 -9.07211 75
      vertex 5.5375 -9.59123 75
    endloop
  endfacet
  facet normal -0.130618 -0.991433 0
    outer loop
      vertex 0.965249 11.0329 75
      vertex 1.92315 10.9067 82
      vertex 0.965249 11.0329 82
    endloop
  endfacet
  facet normal -0.130618 -0.991433 -0
    outer loop
      vertex 1.92315 10.9067 82
      vertex 0.965249 11.0329 75
      vertex 1.92315 10.9067 75
    endloop
  endfacet
  facet normal -0.382649 -0.923894 0
    outer loop
      vertex 3.78787 10.4071 75
      vertex 4.6805 10.0374 82
      vertex 3.78787 10.4071 82
    endloop
  endfacet
  facet normal -0.382649 -0.923894 -0
    outer loop
      vertex 4.6805 10.0374 82
      vertex 3.78787 10.4071 75
      vertex 4.6805 10.0374 75
    endloop
  endfacet
  facet normal -0.0435743 -0.99905 0
    outer loop
      vertex 0 11.075 75
      vertex 0.965249 11.0329 82
      vertex 0 11.075 82
    endloop
  endfacet
  facet normal -0.0435743 -0.99905 -0
    outer loop
      vertex 0.965249 11.0329 82
      vertex 0 11.075 75
      vertex 0.965249 11.0329 75
    endloop
  endfacet
  facet normal 0.923894 0.382649 0
    outer loop
      vertex -10.0374 -4.6805 82
      vertex -10.4071 -3.78787 75
      vertex -10.4071 -3.78787 82
    endloop
  endfacet
  facet normal 0.923894 0.382649 0
    outer loop
      vertex -10.4071 -3.78787 75
      vertex -10.0374 -4.6805 82
      vertex -10.0374 -4.6805 75
    endloop
  endfacet
  facet normal 0.991433 0.130618 0
    outer loop
      vertex -10.9067 -1.92315 82
      vertex -11.0329 -0.965249 75
      vertex -11.0329 -0.965249 82
    endloop
  endfacet
  facet normal 0.991433 0.130618 0
    outer loop
      vertex -11.0329 -0.965249 75
      vertex -10.9067 -1.92315 82
      vertex -10.9067 -1.92315 75
    endloop
  endfacet
  facet normal -0.953726 0.300676 0
    outer loop
      vertex 10.4071 -3.78787 75
      vertex 10.6976 -2.86642 82
      vertex 10.6976 -2.86642 75
    endloop
  endfacet
  facet normal -0.953726 0.300676 0
    outer loop
      vertex 10.6976 -2.86642 82
      vertex 10.4071 -3.78787 75
      vertex 10.4071 -3.78787 82
    endloop
  endfacet
  facet normal -0.886992 0.461784 0
    outer loop
      vertex 9.59123 -5.5375 75
      vertex 10.0374 -4.6805 82
      vertex 10.0374 -4.6805 75
    endloop
  endfacet
  facet normal -0.886992 0.461784 0
    outer loop
      vertex 10.0374 -4.6805 82
      vertex 9.59123 -5.5375 75
      vertex 9.59123 -5.5375 82
    endloop
  endfacet
  facet normal -0.923894 0.382649 0
    outer loop
      vertex 10.0374 -4.6805 75
      vertex 10.4071 -3.78787 82
      vertex 10.4071 -3.78787 75
    endloop
  endfacet
  facet normal -0.923894 0.382649 0
    outer loop
      vertex 10.4071 -3.78787 82
      vertex 10.0374 -4.6805 75
      vertex 10.0374 -4.6805 82
    endloop
  endfacet
  facet normal -0.461784 0.886992 0
    outer loop
      vertex 5.5375 -9.59123 75
      vertex 4.6805 -10.0374 82
      vertex 5.5375 -9.59123 82
    endloop
  endfacet
  facet normal -0.461784 0.886992 0
    outer loop
      vertex 4.6805 -10.0374 82
      vertex 5.5375 -9.59123 75
      vertex 4.6805 -10.0374 75
    endloop
  endfacet
  facet normal -0.79335 0.608765 0
    outer loop
      vertex 8.48394 -7.11887 75
      vertex 9.07211 -6.35236 82
      vertex 9.07211 -6.35236 75
    endloop
  endfacet
  facet normal -0.79335 0.608765 0
    outer loop
      vertex 9.07211 -6.35236 82
      vertex 8.48394 -7.11887 75
      vertex 8.48394 -7.11887 82
    endloop
  endfacet
  facet normal 0.461784 0.886992 -0
    outer loop
      vertex -4.6805 -10.0374 75
      vertex -5.5375 -9.59123 82
      vertex -4.6805 -10.0374 82
    endloop
  endfacet
  facet normal 0.461784 0.886992 0
    outer loop
      vertex -5.5375 -9.59123 82
      vertex -4.6805 -10.0374 75
      vertex -5.5375 -9.59123 75
    endloop
  endfacet
  facet normal -0.991433 0.130618 0
    outer loop
      vertex 10.9067 -1.92315 75
      vertex 11.0329 -0.965249 82
      vertex 11.0329 -0.965249 75
    endloop
  endfacet
  facet normal -0.991433 0.130618 0
    outer loop
      vertex 11.0329 -0.965249 82
      vertex 10.9067 -1.92315 75
      vertex 10.9067 -1.92315 82
    endloop
  endfacet
  facet normal 0.843393 0.537297 0
    outer loop
      vertex -9.07211 -6.35236 82
      vertex -9.59123 -5.5375 75
      vertex -9.59123 -5.5375 82
    endloop
  endfacet
  facet normal 0.843393 0.537297 0
    outer loop
      vertex -9.59123 -5.5375 75
      vertex -9.07211 -6.35236 82
      vertex -9.07211 -6.35236 75
    endloop
  endfacet
  facet normal -0.461784 -0.886992 0
    outer loop
      vertex 4.6805 10.0374 75
      vertex 5.5375 9.59123 82
      vertex 4.6805 10.0374 82
    endloop
  endfacet
  facet normal -0.461784 -0.886992 -0
    outer loop
      vertex 5.5375 9.59123 82
      vertex 4.6805 10.0374 75
      vertex 5.5375 9.59123 75
    endloop
  endfacet
  facet normal 0.675585 0.737282 -0
    outer loop
      vertex -7.11887 -8.48394 75
      vertex -7.83121 -7.83121 82
      vertex -7.11887 -8.48394 82
    endloop
  endfacet
  facet normal 0.675585 0.737282 0
    outer loop
      vertex -7.83121 -7.83121 82
      vertex -7.11887 -8.48394 75
      vertex -7.83121 -7.83121 75
    endloop
  endfacet
  facet normal 0.886992 0.461784 0
    outer loop
      vertex -9.59123 -5.5375 82
      vertex -10.0374 -4.6805 75
      vertex -10.0374 -4.6805 82
    endloop
  endfacet
  facet normal 0.886992 0.461784 0
    outer loop
      vertex -10.0374 -4.6805 75
      vertex -9.59123 -5.5375 82
      vertex -9.59123 -5.5375 75
    endloop
  endfacet
  facet normal 0.953726 -0.300676 0
    outer loop
      vertex -10.6976 2.86642 82
      vertex -10.4071 3.78787 75
      vertex -10.4071 3.78787 82
    endloop
  endfacet
  facet normal 0.953726 -0.300676 0
    outer loop
      vertex -10.4071 3.78787 75
      vertex -10.6976 2.86642 82
      vertex -10.6976 2.86642 75
    endloop
  endfacet
  facet normal 0.953726 0.300676 0
    outer loop
      vertex -10.4071 -3.78787 82
      vertex -10.6976 -2.86642 75
      vertex -10.6976 -2.86642 82
    endloop
  endfacet
  facet normal 0.953726 0.300676 0
    outer loop
      vertex -10.6976 -2.86642 75
      vertex -10.4071 -3.78787 82
      vertex -10.4071 -3.78787 75
    endloop
  endfacet
  facet normal 0.130618 -0.991433 0
    outer loop
      vertex -1.92315 10.9067 75
      vertex -0.965249 11.0329 82
      vertex -1.92315 10.9067 82
    endloop
  endfacet
  facet normal 0.130618 -0.991433 0
    outer loop
      vertex -0.965249 11.0329 82
      vertex -1.92315 10.9067 75
      vertex -0.965249 11.0329 75
    endloop
  endfacet
  facet normal -0.9763 0.216422 0
    outer loop
      vertex 10.6976 -2.86642 75
      vertex 10.9067 -1.92315 82
      vertex 10.9067 -1.92315 75
    endloop
  endfacet
  facet normal -0.9763 0.216422 0
    outer loop
      vertex 10.9067 -1.92315 82
      vertex 10.6976 -2.86642 75
      vertex 10.6976 -2.86642 82
    endloop
  endfacet
  facet normal 0.382649 -0.923894 0
    outer loop
      vertex -4.6805 10.0374 75
      vertex -3.78787 10.4071 82
      vertex -4.6805 10.0374 82
    endloop
  endfacet
  facet normal 0.382649 -0.923894 0
    outer loop
      vertex -3.78787 10.4071 82
      vertex -4.6805 10.0374 75
      vertex -3.78787 10.4071 75
    endloop
  endfacet
  facet normal 0.608765 -0.79335 0
    outer loop
      vertex -7.11887 8.48394 75
      vertex -6.35236 9.07211 82
      vertex -7.11887 8.48394 82
    endloop
  endfacet
  facet normal 0.608765 -0.79335 0
    outer loop
      vertex -6.35236 9.07211 82
      vertex -7.11887 8.48394 75
      vertex -6.35236 9.07211 75
    endloop
  endfacet
  facet normal -0.300676 0.953726 0
    outer loop
      vertex 3.78787 -10.4071 75
      vertex 2.86642 -10.6976 82
      vertex 3.78787 -10.4071 82
    endloop
  endfacet
  facet normal -0.300676 0.953726 0
    outer loop
      vertex 2.86642 -10.6976 82
      vertex 3.78787 -10.4071 75
      vertex 2.86642 -10.6976 75
    endloop
  endfacet
  facet normal 0.130618 0.991433 -0
    outer loop
      vertex -0.965249 -11.0329 75
      vertex -1.92315 -10.9067 82
      vertex -0.965249 -11.0329 82
    endloop
  endfacet
  facet normal 0.130618 0.991433 0
    outer loop
      vertex -1.92315 -10.9067 82
      vertex -0.965249 -11.0329 75
      vertex -1.92315 -10.9067 75
    endloop
  endfacet
  facet normal 0.300676 -0.953726 0
    outer loop
      vertex -3.78787 10.4071 75
      vertex -2.86642 10.6976 82
      vertex -3.78787 10.4071 82
    endloop
  endfacet
  facet normal 0.300676 -0.953726 0
    outer loop
      vertex -2.86642 10.6976 82
      vertex -3.78787 10.4071 75
      vertex -2.86642 10.6976 75
    endloop
  endfacet
  facet normal 0.886992 -0.461784 0
    outer loop
      vertex -10.0374 4.6805 82
      vertex -9.59123 5.5375 75
      vertex -9.59123 5.5375 82
    endloop
  endfacet
  facet normal 0.886992 -0.461784 0
    outer loop
      vertex -9.59123 5.5375 75
      vertex -10.0374 4.6805 82
      vertex -10.0374 4.6805 75
    endloop
  endfacet
  facet normal -0.79335 -0.608765 0
    outer loop
      vertex 9.07211 6.35236 75
      vertex 8.48394 7.11887 82
      vertex 8.48394 7.11887 75
    endloop
  endfacet
  facet normal -0.79335 -0.608765 0
    outer loop
      vertex 8.48394 7.11887 82
      vertex 9.07211 6.35236 75
      vertex 9.07211 6.35236 82
    endloop
  endfacet
  facet normal -0.953726 -0.300676 0
    outer loop
      vertex 10.6976 2.86642 75
      vertex 10.4071 3.78787 82
      vertex 10.4071 3.78787 75
    endloop
  endfacet
  facet normal -0.953726 -0.300676 0
    outer loop
      vertex 10.4071 3.78787 82
      vertex 10.6976 2.86642 75
      vertex 10.6976 2.86642 82
    endloop
  endfacet
  facet normal -0.923894 -0.382649 0
    outer loop
      vertex 10.4071 3.78787 75
      vertex 10.0374 4.6805 82
      vertex 10.0374 4.6805 75
    endloop
  endfacet
  facet normal -0.923894 -0.382649 0
    outer loop
      vertex 10.0374 4.6805 82
      vertex 10.4071 3.78787 75
      vertex 10.4071 3.78787 82
    endloop
  endfacet
  facet normal -0.99905 0.0435743 0
    outer loop
      vertex 11.0329 -0.965249 75
      vertex 11.075 0 82
      vertex 11.075 0 75
    endloop
  endfacet
  facet normal -0.99905 0.0435743 0
    outer loop
      vertex 11.075 0 82
      vertex 11.0329 -0.965249 75
      vertex 11.0329 -0.965249 82
    endloop
  endfacet
  facet normal 0.537297 0.843393 -0
    outer loop
      vertex -5.5375 -9.59123 75
      vertex -6.35236 -9.07211 82
      vertex -5.5375 -9.59123 82
    endloop
  endfacet
  facet normal 0.537297 0.843393 0
    outer loop
      vertex -6.35236 -9.07211 82
      vertex -5.5375 -9.59123 75
      vertex -6.35236 -9.07211 75
    endloop
  endfacet
  facet normal -0.608765 -0.79335 0
    outer loop
      vertex 6.35236 9.07211 75
      vertex 7.11887 8.48394 82
      vertex 6.35236 9.07211 82
    endloop
  endfacet
  facet normal -0.608765 -0.79335 -0
    outer loop
      vertex 7.11887 8.48394 82
      vertex 6.35236 9.07211 75
      vertex 7.11887 8.48394 75
    endloop
  endfacet
  facet normal -0.537297 -0.843393 0
    outer loop
      vertex 5.5375 9.59123 75
      vertex 6.35236 9.07211 82
      vertex 5.5375 9.59123 82
    endloop
  endfacet
  facet normal -0.537297 -0.843393 -0
    outer loop
      vertex 6.35236 9.07211 82
      vertex 5.5375 9.59123 75
      vertex 6.35236 9.07211 75
    endloop
  endfacet
  facet normal -0.0435743 0.99905 0
    outer loop
      vertex 0.965249 -11.0329 75
      vertex 0 -11.075 82
      vertex 0.965249 -11.0329 82
    endloop
  endfacet
  facet normal -0.0435743 0.99905 0
    outer loop
      vertex 0 -11.075 82
      vertex 0.965249 -11.0329 75
      vertex 0 -11.075 75
    endloop
  endfacet
  facet normal -0.843393 0.537297 0
    outer loop
      vertex 9.07211 -6.35236 75
      vertex 9.59123 -5.5375 82
      vertex 9.59123 -5.5375 75
    endloop
  endfacet
  facet normal -0.843393 0.537297 0
    outer loop
      vertex 9.59123 -5.5375 82
      vertex 9.07211 -6.35236 75
      vertex 9.07211 -6.35236 82
    endloop
  endfacet
  facet normal -0.675585 -0.737282 0
    outer loop
      vertex 7.11887 8.48394 75
      vertex 7.83121 7.83121 82
      vertex 7.11887 8.48394 82
    endloop
  endfacet
  facet normal -0.675585 -0.737282 -0
    outer loop
      vertex 7.83121 7.83121 82
      vertex 7.11887 8.48394 75
      vertex 7.83121 7.83121 75
    endloop
  endfacet
  facet normal -0.737282 -0.675585 0
    outer loop
      vertex 8.48394 7.11887 75
      vertex 7.83121 7.83121 82
      vertex 7.83121 7.83121 75
    endloop
  endfacet
  facet normal -0.737282 -0.675585 0
    outer loop
      vertex 7.83121 7.83121 82
      vertex 8.48394 7.11887 75
      vertex 8.48394 7.11887 82
    endloop
  endfacet
  facet normal 0.0435743 -0.99905 0
    outer loop
      vertex -0.965249 11.0329 75
      vertex 0 11.075 82
      vertex -0.965249 11.0329 82
    endloop
  endfacet
  facet normal 0.0435743 -0.99905 0
    outer loop
      vertex 0 11.075 82
      vertex -0.965249 11.0329 75
      vertex 0 11.075 75
    endloop
  endfacet
  facet normal 0.923894 -0.382649 0
    outer loop
      vertex -10.4071 3.78787 82
      vertex -10.0374 4.6805 75
      vertex -10.0374 4.6805 82
    endloop
  endfacet
  facet normal 0.923894 -0.382649 0
    outer loop
      vertex -10.0374 4.6805 75
      vertex -10.4071 3.78787 82
      vertex -10.4071 3.78787 75
    endloop
  endfacet
  facet normal 0.608765 0.79335 -0
    outer loop
      vertex -6.35236 -9.07211 75
      vertex -7.11887 -8.48394 82
      vertex -6.35236 -9.07211 82
    endloop
  endfacet
  facet normal 0.608765 0.79335 0
    outer loop
      vertex -7.11887 -8.48394 82
      vertex -6.35236 -9.07211 75
      vertex -7.11887 -8.48394 75
    endloop
  endfacet
  facet normal -0.886992 -0.461784 0
    outer loop
      vertex 10.0374 4.6805 75
      vertex 9.59123 5.5375 82
      vertex 9.59123 5.5375 75
    endloop
  endfacet
  facet normal -0.886992 -0.461784 0
    outer loop
      vertex 9.59123 5.5375 82
      vertex 10.0374 4.6805 75
      vertex 10.0374 4.6805 82
    endloop
  endfacet
  facet normal 0.461784 -0.886992 0
    outer loop
      vertex -5.5375 9.59123 75
      vertex -4.6805 10.0374 82
      vertex -5.5375 9.59123 82
    endloop
  endfacet
  facet normal 0.461784 -0.886992 0
    outer loop
      vertex -4.6805 10.0374 82
      vertex -5.5375 9.59123 75
      vertex -4.6805 10.0374 75
    endloop
  endfacet
  facet normal 0 0 1
    outer loop
      vertex 5 0 75
      vertex 11.075 0 75
      vertex 11.0329 0.965249 75
    endloop
  endfacet
  facet normal 0 0 1
    outer loop
      vertex 4.98097 0.435779 75
      vertex 11.0329 0.965249 75
      vertex 10.9067 1.92315 75
    endloop
  endfacet
  facet normal 0 0 1
    outer loop
      vertex 11.075 0 75
      vertex 5 0 75
      vertex 11.0329 -0.965249 75
    endloop
  endfacet
  facet normal 0 0 1
    outer loop
      vertex 4.92404 0.86824 75
      vertex 10.9067 1.92315 75
      vertex 10.6976 2.86642 75
    endloop
  endfacet
  facet normal -0 0 1
    outer loop
      vertex 4.98097 -0.435779 75
      vertex 11.0329 -0.965249 75
      vertex 5 0 75
    endloop
  endfacet
  facet normal 0 0 1
    outer loop
      vertex 4.82963 1.2941 75
      vertex 10.6976 2.86642 75
      vertex 10.4071 3.78787 75
    endloop
  endfacet
  facet normal 0 0 1
    outer loop
      vertex 11.0329 -0.965249 75
      vertex 4.98097 -0.435779 75
      vertex 10.9067 -1.92315 75
    endloop
  endfacet
  facet normal 0 0 1
    outer loop
      vertex 4.69846 1.7101 75
      vertex 10.4071 3.78787 75
      vertex 10.0374 4.6805 75
    endloop
  endfacet
  facet normal -0 0 1
    outer loop
      vertex 4.92404 -0.86824 75
      vertex 10.9067 -1.92315 75
      vertex 4.98097 -0.435779 75
    endloop
  endfacet
  facet normal 0 0 1
    outer loop
      vertex 4.53154 2.11309 75
      vertex 10.0374 4.6805 75
      vertex 9.59123 5.5375 75
    endloop
  endfacet
  facet normal 0 0 1
    outer loop
      vertex 10.9067 -1.92315 75
      vertex 4.92404 -0.86824 75
      vertex 10.6976 -2.86642 75
    endloop
  endfacet
  facet normal 0 0 1
    outer loop
      vertex 4.33013 2.5 75
      vertex 9.59123 5.5375 75
      vertex 9.07211 6.35236 75
    endloop
  endfacet
  facet normal -0 0 1
    outer loop
      vertex 4.82963 -1.2941 75
      vertex 10.6976 -2.86642 75
      vertex 4.92404 -0.86824 75
    endloop
  endfacet
  facet normal 0 0 1
    outer loop
      vertex 4.09576 2.86788 75
      vertex 9.07211 6.35236 75
      vertex 8.48394 7.11887 75
    endloop
  endfacet
  facet normal 0 0 1
    outer loop
      vertex 10.6976 -2.86642 75
      vertex 4.82963 -1.2941 75
      vertex 10.4071 -3.78787 75
    endloop
  endfacet
  facet normal 0 0 1
    outer loop
      vertex 3.83022 3.21394 75
      vertex 8.48394 7.11887 75
      vertex 7.83121 7.83121 75
    endloop
  endfacet
  facet normal -0 0 1
    outer loop
      vertex 4.69846 -1.7101 75
      vertex 10.4071 -3.78787 75
      vertex 4.82963 -1.2941 75
    endloop
  endfacet
  facet normal 0 0 1
    outer loop
      vertex 3.53553 3.53553 75
      vertex 7.83121 7.83121 75
      vertex 7.11887 8.48394 75
    endloop
  endfacet
  facet normal 0 0 1
    outer loop
      vertex 10.4071 -3.78787 75
      vertex 4.69846 -1.7101 75
      vertex 10.0374 -4.6805 75
    endloop
  endfacet
  facet normal 0 0 1
    outer loop
      vertex 3.21394 3.83022 75
      vertex 7.11887 8.48394 75
      vertex 6.35236 9.07211 75
    endloop
  endfacet
  facet normal -0 0 1
    outer loop
      vertex 4.53154 -2.11309 75
      vertex 10.0374 -4.6805 75
      vertex 4.69846 -1.7101 75
    endloop
  endfacet
  facet normal 0 0 1
    outer loop
      vertex 2.86788 4.09576 75
      vertex 6.35236 9.07211 75
      vertex 5.5375 9.59123 75
    endloop
  endfacet
  facet normal 0 0 1
    outer loop
      vertex 10.0374 -4.6805 75
      vertex 4.53154 -2.11309 75
      vertex 9.59123 -5.5375 75
    endloop
  endfacet
  facet normal -0 0 1
    outer loop
      vertex 4.33013 -2.5 75
      vertex 9.59123 -5.5375 75
      vertex 4.53154 -2.11309 75
    endloop
  endfacet
  facet normal 0 0 1
    outer loop
      vertex 11.0329 0.965249 75
      vertex 4.98097 0.435779 75
      vertex 5 0 75
    endloop
  endfacet
  facet normal 0 0 1
    outer loop
      vertex 10.9067 1.92315 75
      vertex 4.92404 0.86824 75
      vertex 4.98097 0.435779 75
    endloop
  endfacet
  facet normal 0 0 1
    outer loop
      vertex 10.6976 2.86642 75
      vertex 4.82963 1.2941 75
      vertex 4.92404 0.86824 75
    endloop
  endfacet
  facet normal 0 0 1
    outer loop
      vertex 10.4071 3.78787 75
      vertex 4.69846 1.7101 75
      vertex 4.82963 1.2941 75
    endloop
  endfacet
  facet normal 0 0 1
    outer loop
      vertex 2.5 4.33013 75
      vertex 5.5375 9.59123 75
      vertex 4.6805 10.0374 75
    endloop
  endfacet
  facet normal 0 0 1
    outer loop
      vertex 10.0374 4.6805 75
      vertex 4.53154 2.11309 75
      vertex 4.69846 1.7101 75
    endloop
  endfacet
  facet normal 0 0 1
    outer loop
      vertex 9.59123 5.5375 75
      vertex 4.33013 2.5 75
      vertex 4.53154 2.11309 75
    endloop
  endfacet
  facet normal 0 0 1
    outer loop
      vertex 9.07211 6.35236 75
      vertex 4.09576 2.86788 75
      vertex 4.33013 2.5 75
    endloop
  endfacet
  facet normal 0 0 1
    outer loop
      vertex 8.48394 7.11887 75
      vertex 3.83022 3.21394 75
      vertex 4.09576 2.86788 75
    endloop
  endfacet
  facet normal 0 0 1
    outer loop
      vertex 2.11309 4.53154 75
      vertex 4.6805 10.0374 75
      vertex 3.78787 10.4071 75
    endloop
  endfacet
  facet normal 0 0 1
    outer loop
      vertex 7.83121 7.83121 75
      vertex 3.53553 3.53553 75
      vertex 3.83022 3.21394 75
    endloop
  endfacet
  facet normal 0 0 1
    outer loop
      vertex 7.11887 8.48394 75
      vertex 3.21394 3.83022 75
      vertex 3.53553 3.53553 75
    endloop
  endfacet
  facet normal 0 0 1
    outer loop
      vertex 6.35236 9.07211 75
      vertex 2.86788 4.09576 75
      vertex 3.21394 3.83022 75
    endloop
  endfacet
  facet normal 0 0 1
    outer loop
      vertex 1.7101 4.69846 75
      vertex 3.78787 10.4071 75
      vertex 2.86642 10.6976 75
    endloop
  endfacet
  facet normal 0 0 1
    outer loop
      vertex 5.5375 9.59123 75
      vertex 2.5 4.33013 75
      vertex 2.86788 4.09576 75
    endloop
  endfacet
  facet normal 0 0 1
    outer loop
      vertex 4.6805 10.0374 75
      vertex 2.11309 4.53154 75
      vertex 2.5 4.33013 75
    endloop
  endfacet
  facet normal 0 0 1
    outer loop
      vertex 1.2941 4.82963 75
      vertex 2.86642 10.6976 75
      vertex 1.92315 10.9067 75
    endloop
  endfacet
  facet normal 0 0 1
    outer loop
      vertex 3.78787 10.4071 75
      vertex 1.7101 4.69846 75
      vertex 2.11309 4.53154 75
    endloop
  endfacet
  facet normal 0 0 1
    outer loop
      vertex 2.86642 10.6976 75
      vertex 1.2941 4.82963 75
      vertex 1.7101 4.69846 75
    endloop
  endfacet
  facet normal 0 0 1
    outer loop
      vertex 0.86824 4.92404 75
      vertex 1.92315 10.9067 75
      vertex 0.965249 11.0329 75
    endloop
  endfacet
  facet normal 0 0 1
    outer loop
      vertex 1.92315 10.9067 75
      vertex 0.86824 4.92404 75
      vertex 1.2941 4.82963 75
    endloop
  endfacet
  facet normal 0 0 1
    outer loop
      vertex 0.965249 11.0329 75
      vertex 0.435779 4.98097 75
      vertex 0.86824 4.92404 75
    endloop
  endfacet
  facet normal 0 0 1
    outer loop
      vertex 0 11.075 75
      vertex 0.435779 4.98097 75
      vertex 0.965249 11.0329 75
    endloop
  endfacet
  facet normal 0 0 1
    outer loop
      vertex 0 11.075 75
      vertex 0 5 75
      vertex 0.435779 4.98097 75
    endloop
  endfacet
  facet normal 0 0 1
    outer loop
      vertex 0 11.075 75
      vertex -0.435779 4.98097 75
      vertex 0 5 75
    endloop
  endfacet
  facet normal -0 0 1
    outer loop
      vertex -0.965249 11.0329 75
      vertex -0.435779 4.98097 75
      vertex 0 11.075 75
    endloop
  endfacet
  facet normal 0 0 1
    outer loop
      vertex -0.435779 4.98097 75
      vertex -0.965249 11.0329 75
      vertex -0.86824 4.92404 75
    endloop
  endfacet
  facet normal -0 0 1
    outer loop
      vertex -1.92315 10.9067 75
      vertex -0.86824 4.92404 75
      vertex -0.965249 11.0329 75
    endloop
  endfacet
  facet normal 0 0 1
    outer loop
      vertex -0.86824 4.92404 75
      vertex -1.92315 10.9067 75
      vertex -1.2941 4.82963 75
    endloop
  endfacet
  facet normal -0 0 1
    outer loop
      vertex -2.86642 10.6976 75
      vertex -1.2941 4.82963 75
      vertex -1.92315 10.9067 75
    endloop
  endfacet
  facet normal 0 0 1
    outer loop
      vertex -1.2941 4.82963 75
      vertex -2.86642 10.6976 75
      vertex -1.7101 4.69846 75
    endloop
  endfacet
  facet normal -0 0 1
    outer loop
      vertex -3.78787 10.4071 75
      vertex -1.7101 4.69846 75
      vertex -2.86642 10.6976 75
    endloop
  endfacet
  facet normal 0 0 1
    outer loop
      vertex -1.7101 4.69846 75
      vertex -3.78787 10.4071 75
      vertex -2.11309 4.53154 75
    endloop
  endfacet
  facet normal -0 0 1
    outer loop
      vertex -4.6805 10.0374 75
      vertex -2.11309 4.53154 75
      vertex -3.78787 10.4071 75
    endloop
  endfacet
  facet normal 0 0 1
    outer loop
      vertex -2.11309 4.53154 75
      vertex -4.6805 10.0374 75
      vertex -2.5 4.33013 75
    endloop
  endfacet
  facet normal -0 0 1
    outer loop
      vertex -5.5375 9.59123 75
      vertex -2.5 4.33013 75
      vertex -4.6805 10.0374 75
    endloop
  endfacet
  facet normal 0 0 1
    outer loop
      vertex -2.5 4.33013 75
      vertex -5.5375 9.59123 75
      vertex -2.86788 4.09576 75
    endloop
  endfacet
  facet normal -0 0 1
    outer loop
      vertex -6.35236 9.07211 75
      vertex -2.86788 4.09576 75
      vertex -5.5375 9.59123 75
    endloop
  endfacet
  facet normal 0 0 1
    outer loop
      vertex -2.86788 4.09576 75
      vertex -6.35236 9.07211 75
      vertex -3.21394 3.83022 75
    endloop
  endfacet
  facet normal -0 0 1
    outer loop
      vertex -7.11887 8.48394 75
      vertex -3.21394 3.83022 75
      vertex -6.35236 9.07211 75
    endloop
  endfacet
  facet normal 0 0 1
    outer loop
      vertex -3.21394 3.83022 75
      vertex -7.11887 8.48394 75
      vertex -3.53553 3.53553 75
    endloop
  endfacet
  facet normal -0 0 1
    outer loop
      vertex -7.83121 7.83121 75
      vertex -3.53553 3.53553 75
      vertex -7.11887 8.48394 75
    endloop
  endfacet
  facet normal 0 0 1
    outer loop
      vertex -3.53553 3.53553 75
      vertex -7.83121 7.83121 75
      vertex -3.83022 3.21394 75
    endloop
  endfacet
  facet normal -0 0 1
    outer loop
      vertex -8.48394 7.11887 75
      vertex -3.83022 3.21394 75
      vertex -7.83121 7.83121 75
    endloop
  endfacet
  facet normal 0 0 1
    outer loop
      vertex -3.83022 3.21394 75
      vertex -8.48394 7.11887 75
      vertex -4.09576 2.86788 75
    endloop
  endfacet
  facet normal -0 0 1
    outer loop
      vertex -9.07211 6.35236 75
      vertex -4.09576 2.86788 75
      vertex -8.48394 7.11887 75
    endloop
  endfacet
  facet normal 0 0 1
    outer loop
      vertex -4.09576 2.86788 75
      vertex -9.07211 6.35236 75
      vertex -4.33013 2.5 75
    endloop
  endfacet
  facet normal -0 0 1
    outer loop
      vertex -9.59123 5.5375 75
      vertex -4.33013 2.5 75
      vertex -9.07211 6.35236 75
    endloop
  endfacet
  facet normal 0 0 1
    outer loop
      vertex 9.59123 -5.5375 75
      vertex 4.33013 -2.5 75
      vertex 9.07211 -6.35236 75
    endloop
  endfacet
  facet normal -0 0 1
    outer loop
      vertex 4.09576 -2.86788 75
      vertex 9.07211 -6.35236 75
      vertex 4.33013 -2.5 75
    endloop
  endfacet
  facet normal 0 0 1
    outer loop
      vertex 9.07211 -6.35236 75
      vertex 4.09576 -2.86788 75
      vertex 8.48394 -7.11887 75
    endloop
  endfacet
  facet normal -0 0 1
    outer loop
      vertex 3.83022 -3.21394 75
      vertex 8.48394 -7.11887 75
      vertex 4.09576 -2.86788 75
    endloop
  endfacet
  facet normal 0 0 1
    outer loop
      vertex 8.48394 -7.11887 75
      vertex 3.83022 -3.21394 75
      vertex 7.83121 -7.83121 75
    endloop
  endfacet
  facet normal -0 0 1
    outer loop
      vertex 3.53553 -3.53553 75
      vertex 7.83121 -7.83121 75
      vertex 3.83022 -3.21394 75
    endloop
  endfacet
  facet normal 0 0 1
    outer loop
      vertex 7.83121 -7.83121 75
      vertex 3.53553 -3.53553 75
      vertex 7.11887 -8.48394 75
    endloop
  endfacet
  facet normal -0 0 1
    outer loop
      vertex 3.21394 -3.83022 75
      vertex 7.11887 -8.48394 75
      vertex 3.53553 -3.53553 75
    endloop
  endfacet
  facet normal 0 0 1
    outer loop
      vertex 7.11887 -8.48394 75
      vertex 3.21394 -3.83022 75
      vertex 6.35236 -9.07211 75
    endloop
  endfacet
  facet normal -0 0 1
    outer loop
      vertex 2.86788 -4.09576 75
      vertex 6.35236 -9.07211 75
      vertex 3.21394 -3.83022 75
    endloop
  endfacet
  facet normal 0 0 1
    outer loop
      vertex 6.35236 -9.07211 75
      vertex 2.86788 -4.09576 75
      vertex 5.5375 -9.59123 75
    endloop
  endfacet
  facet normal -0 0 1
    outer loop
      vertex 2.5 -4.33013 75
      vertex 5.5375 -9.59123 75
      vertex 2.86788 -4.09576 75
    endloop
  endfacet
  facet normal 0 0 1
    outer loop
      vertex 5.5375 -9.59123 75
      vertex 2.5 -4.33013 75
      vertex 4.6805 -10.0374 75
    endloop
  endfacet
  facet normal -0 0 1
    outer loop
      vertex 2.11309 -4.53154 75
      vertex 4.6805 -10.0374 75
      vertex 2.5 -4.33013 75
    endloop
  endfacet
  facet normal 0 0 1
    outer loop
      vertex 4.6805 -10.0374 75
      vertex 2.11309 -4.53154 75
      vertex 3.78787 -10.4071 75
    endloop
  endfacet
  facet normal -0 0 1
    outer loop
      vertex 1.7101 -4.69846 75
      vertex 3.78787 -10.4071 75
      vertex 2.11309 -4.53154 75
    endloop
  endfacet
  facet normal 0 0 1
    outer loop
      vertex 3.78787 -10.4071 75
      vertex 1.7101 -4.69846 75
      vertex 2.86642 -10.6976 75
    endloop
  endfacet
  facet normal -0 0 1
    outer loop
      vertex 1.2941 -4.82963 75
      vertex 2.86642 -10.6976 75
      vertex 1.7101 -4.69846 75
    endloop
  endfacet
  facet normal 0 0 1
    outer loop
      vertex 2.86642 -10.6976 75
      vertex 1.2941 -4.82963 75
      vertex 1.92315 -10.9067 75
    endloop
  endfacet
  facet normal -0 0 1
    outer loop
      vertex 0.86824 -4.92404 75
      vertex 1.92315 -10.9067 75
      vertex 1.2941 -4.82963 75
    endloop
  endfacet
  facet normal 0 0 1
    outer loop
      vertex 1.92315 -10.9067 75
      vertex 0.86824 -4.92404 75
      vertex 0.965249 -11.0329 75
    endloop
  endfacet
  facet normal -0 0 1
    outer loop
      vertex 0.435779 -4.98097 75
      vertex 0.965249 -11.0329 75
      vertex 0.86824 -4.92404 75
    endloop
  endfacet
  facet normal -0 0 1
    outer loop
      vertex 0 -5 75
      vertex 0.965249 -11.0329 75
      vertex 0.435779 -4.98097 75
    endloop
  endfacet
  facet normal 0 0 1
    outer loop
      vertex 0 -5 75
      vertex 0 -11.075 75
      vertex 0.965249 -11.0329 75
    endloop
  endfacet
  facet normal 0 0 1
    outer loop
      vertex -0.435779 -4.98097 75
      vertex 0 -11.075 75
      vertex 0 -5 75
    endloop
  endfacet
  facet normal 0 0 1
    outer loop
      vertex -0.965249 -11.0329 75
      vertex -0.435779 -4.98097 75
      vertex -0.86824 -4.92404 75
    endloop
  endfacet
  facet normal 0 0 1
    outer loop
      vertex -0.435779 -4.98097 75
      vertex -0.965249 -11.0329 75
      vertex 0 -11.075 75
    endloop
  endfacet
  facet normal 0 0 1
    outer loop
      vertex -1.92315 -10.9067 75
      vertex -0.86824 -4.92404 75
      vertex -1.2941 -4.82963 75
    endloop
  endfacet
  facet normal 0 0 1
    outer loop
      vertex -2.86642 -10.6976 75
      vertex -1.2941 -4.82963 75
      vertex -1.7101 -4.69846 75
    endloop
  endfacet
  facet normal 0 0 1
    outer loop
      vertex -0.86824 -4.92404 75
      vertex -1.92315 -10.9067 75
      vertex -0.965249 -11.0329 75
    endloop
  endfacet
  facet normal 0 0 1
    outer loop
      vertex -3.78787 -10.4071 75
      vertex -1.7101 -4.69846 75
      vertex -2.11309 -4.53154 75
    endloop
  endfacet
  facet normal 0 0 1
    outer loop
      vertex -4.6805 -10.0374 75
      vertex -2.11309 -4.53154 75
      vertex -2.5 -4.33013 75
    endloop
  endfacet
  facet normal 0 0 1
    outer loop
      vertex -1.2941 -4.82963 75
      vertex -2.86642 -10.6976 75
      vertex -1.92315 -10.9067 75
    endloop
  endfacet
  facet normal 0 0 1
    outer loop
      vertex -5.5375 -9.59123 75
      vertex -2.5 -4.33013 75
      vertex -2.86788 -4.09576 75
    endloop
  endfacet
  facet normal 0 0 1
    outer loop
      vertex -6.35236 -9.07211 75
      vertex -2.86788 -4.09576 75
      vertex -3.21394 -3.83022 75
    endloop
  endfacet
  facet normal 0 0 1
    outer loop
      vertex -7.11887 -8.48394 75
      vertex -3.21394 -3.83022 75
      vertex -3.53553 -3.53553 75
    endloop
  endfacet
  facet normal 0 0 1
    outer loop
      vertex -1.7101 -4.69846 75
      vertex -3.78787 -10.4071 75
      vertex -2.86642 -10.6976 75
    endloop
  endfacet
  facet normal 0 0 1
    outer loop
      vertex -7.83121 -7.83121 75
      vertex -3.53553 -3.53553 75
      vertex -3.83022 -3.21394 75
    endloop
  endfacet
  facet normal 0 0 1
    outer loop
      vertex -8.48394 -7.11887 75
      vertex -3.83022 -3.21394 75
      vertex -4.09576 -2.86788 75
    endloop
  endfacet
  facet normal 0 0 1
    outer loop
      vertex -9.07211 -6.35236 75
      vertex -4.09576 -2.86788 75
      vertex -4.33013 -2.5 75
    endloop
  endfacet
  facet normal 0 0 1
    outer loop
      vertex -9.59123 -5.5375 75
      vertex -4.33013 -2.5 75
      vertex -4.53154 -2.11309 75
    endloop
  endfacet
  facet normal 0 0 1
    outer loop
      vertex -2.11309 -4.53154 75
      vertex -4.6805 -10.0374 75
      vertex -3.78787 -10.4071 75
    endloop
  endfacet
  facet normal 0 0 1
    outer loop
      vertex -10.0374 -4.6805 75
      vertex -4.53154 -2.11309 75
      vertex -4.69846 -1.7101 75
    endloop
  endfacet
  facet normal 0 0 1
    outer loop
      vertex -10.4071 -3.78787 75
      vertex -4.69846 -1.7101 75
      vertex -4.82963 -1.2941 75
    endloop
  endfacet
  facet normal 0 0 1
    outer loop
      vertex -10.6976 -2.86642 75
      vertex -4.82963 -1.2941 75
      vertex -4.92404 -0.86824 75
    endloop
  endfacet
  facet normal 0 0 1
    outer loop
      vertex -10.9067 -1.92315 75
      vertex -4.92404 -0.86824 75
      vertex -4.98097 -0.435779 75
    endloop
  endfacet
  facet normal 0 0 1
    outer loop
      vertex -11.0329 -0.965249 75
      vertex -4.98097 -0.435779 75
      vertex -5 0 75
    endloop
  endfacet
  facet normal 0 0 1
    outer loop
      vertex -4.33013 2.5 75
      vertex -9.59123 5.5375 75
      vertex -4.53154 2.11309 75
    endloop
  endfacet
  facet normal 0 0 1
    outer loop
      vertex -2.5 -4.33013 75
      vertex -5.5375 -9.59123 75
      vertex -4.6805 -10.0374 75
    endloop
  endfacet
  facet normal -0 0 1
    outer loop
      vertex -10.0374 4.6805 75
      vertex -4.53154 2.11309 75
      vertex -9.59123 5.5375 75
    endloop
  endfacet
  facet normal 0 0 1
    outer loop
      vertex -2.86788 -4.09576 75
      vertex -6.35236 -9.07211 75
      vertex -5.5375 -9.59123 75
    endloop
  endfacet
  facet normal 0 0 1
    outer loop
      vertex -4.53154 2.11309 75
      vertex -10.0374 4.6805 75
      vertex -4.69846 1.7101 75
    endloop
  endfacet
  facet normal 0 0 1
    outer loop
      vertex -3.21394 -3.83022 75
      vertex -7.11887 -8.48394 75
      vertex -6.35236 -9.07211 75
    endloop
  endfacet
  facet normal -0 0 1
    outer loop
      vertex -10.4071 3.78787 75
      vertex -4.69846 1.7101 75
      vertex -10.0374 4.6805 75
    endloop
  endfacet
  facet normal 0 0 1
    outer loop
      vertex -3.53553 -3.53553 75
      vertex -7.83121 -7.83121 75
      vertex -7.11887 -8.48394 75
    endloop
  endfacet
  facet normal 0 0 1
    outer loop
      vertex -4.69846 1.7101 75
      vertex -10.4071 3.78787 75
      vertex -4.82963 1.2941 75
    endloop
  endfacet
  facet normal 0 0 1
    outer loop
      vertex -3.83022 -3.21394 75
      vertex -8.48394 -7.11887 75
      vertex -7.83121 -7.83121 75
    endloop
  endfacet
  facet normal -0 0 1
    outer loop
      vertex -10.6976 2.86642 75
      vertex -4.82963 1.2941 75
      vertex -10.4071 3.78787 75
    endloop
  endfacet
  facet normal 0 0 1
    outer loop
      vertex -4.09576 -2.86788 75
      vertex -9.07211 -6.35236 75
      vertex -8.48394 -7.11887 75
    endloop
  endfacet
  facet normal 0 0 1
    outer loop
      vertex -4.82963 1.2941 75
      vertex -10.6976 2.86642 75
      vertex -4.92404 0.86824 75
    endloop
  endfacet
  facet normal 0 0 1
    outer loop
      vertex -4.33013 -2.5 75
      vertex -9.59123 -5.5375 75
      vertex -9.07211 -6.35236 75
    endloop
  endfacet
  facet normal -0 0 1
    outer loop
      vertex -10.9067 1.92315 75
      vertex -4.92404 0.86824 75
      vertex -10.6976 2.86642 75
    endloop
  endfacet
  facet normal 0 0 1
    outer loop
      vertex -4.53154 -2.11309 75
      vertex -10.0374 -4.6805 75
      vertex -9.59123 -5.5375 75
    endloop
  endfacet
  facet normal 0 0 1
    outer loop
      vertex -4.92404 0.86824 75
      vertex -10.9067 1.92315 75
      vertex -4.98097 0.435779 75
    endloop
  endfacet
  facet normal 0 0 1
    outer loop
      vertex -4.69846 -1.7101 75
      vertex -10.4071 -3.78787 75
      vertex -10.0374 -4.6805 75
    endloop
  endfacet
  facet normal -0 0 1
    outer loop
      vertex -11.0329 0.965249 75
      vertex -4.98097 0.435779 75
      vertex -10.9067 1.92315 75
    endloop
  endfacet
  facet normal 0 0 1
    outer loop
      vertex -4.82963 -1.2941 75
      vertex -10.6976 -2.86642 75
      vertex -10.4071 -3.78787 75
    endloop
  endfacet
  facet normal 0 0 1
    outer loop
      vertex -4.98097 0.435779 75
      vertex -11.0329 0.965249 75
      vertex -5 0 75
    endloop
  endfacet
  facet normal 0 0 1
    outer loop
      vertex -4.92404 -0.86824 75
      vertex -10.9067 -1.92315 75
      vertex -10.6976 -2.86642 75
    endloop
  endfacet
  facet normal 0 0 1
    outer loop
      vertex -11.075 0 75
      vertex -5 0 75
      vertex -11.0329 0.965249 75
    endloop
  endfacet
  facet normal 0 0 1
    outer loop
      vertex -4.98097 -0.435779 75
      vertex -11.0329 -0.965249 75
      vertex -10.9067 -1.92315 75
    endloop
  endfacet
  facet normal 0 0 1
    outer loop
      vertex -5 0 75
      vertex -11.075 0 75
      vertex -11.0329 -0.965249 75
    endloop
  endfacet
  facet normal 0.9763 -0.216422 0
    outer loop
      vertex -10.9067 1.92315 82
      vertex -10.6976 2.86642 75
      vertex -10.6976 2.86642 82
    endloop
  endfacet
  facet normal 0.9763 -0.216422 0
    outer loop
      vertex -10.6976 2.86642 75
      vertex -10.9067 1.92315 82
      vertex -10.9067 1.92315 75
    endloop
  endfacet
  facet normal -0.737282 0.675585 0
    outer loop
      vertex 7.83121 -7.83121 75
      vertex 8.48394 -7.11887 82
      vertex 8.48394 -7.11887 75
    endloop
  endfacet
  facet normal -0.737282 0.675585 0
    outer loop
      vertex 8.48394 -7.11887 82
      vertex 7.83121 -7.83121 75
      vertex 7.83121 -7.83121 82
    endloop
  endfacet
  facet normal -0.843393 -0.537297 0
    outer loop
      vertex 9.59123 5.5375 75
      vertex 9.07211 6.35236 82
      vertex 9.07211 6.35236 75
    endloop
  endfacet
  facet normal -0.843393 -0.537297 0
    outer loop
      vertex 9.07211 6.35236 82
      vertex 9.59123 5.5375 75
      vertex 9.59123 5.5375 82
    endloop
  endfacet
  facet normal 0.675585 -0.737282 0
    outer loop
      vertex -7.83121 7.83121 75
      vertex -7.11887 8.48394 82
      vertex -7.83121 7.83121 82
    endloop
  endfacet
  facet normal 0.675585 -0.737282 0
    outer loop
      vertex -7.11887 8.48394 82
      vertex -7.83121 7.83121 75
      vertex -7.11887 8.48394 75
    endloop
  endfacet
  facet normal -0.130618 0.991433 0
    outer loop
      vertex 1.92315 -10.9067 75
      vertex 0.965249 -11.0329 82
      vertex 1.92315 -10.9067 82
    endloop
  endfacet
  facet normal -0.130618 0.991433 0
    outer loop
      vertex 0.965249 -11.0329 82
      vertex 1.92315 -10.9067 75
      vertex 0.965249 -11.0329 75
    endloop
  endfacet
  facet normal -0.300676 -0.953726 0
    outer loop
      vertex 2.86642 10.6976 75
      vertex 3.78787 10.4071 82
      vertex 2.86642 10.6976 82
    endloop
  endfacet
  facet normal -0.300676 -0.953726 -0
    outer loop
      vertex 3.78787 10.4071 82
      vertex 2.86642 10.6976 75
      vertex 3.78787 10.4071 75
    endloop
  endfacet
  facet normal -0.216422 -0.9763 0
    outer loop
      vertex 1.92315 10.9067 75
      vertex 2.86642 10.6976 82
      vertex 1.92315 10.9067 82
    endloop
  endfacet
  facet normal -0.216422 -0.9763 -0
    outer loop
      vertex 2.86642 10.6976 82
      vertex 1.92315 10.9067 75
      vertex 2.86642 10.6976 75
    endloop
  endfacet
  facet normal 0.737282 -0.675585 0
    outer loop
      vertex -8.48394 7.11887 82
      vertex -7.83121 7.83121 75
      vertex -7.83121 7.83121 82
    endloop
  endfacet
  facet normal 0.737282 -0.675585 0
    outer loop
      vertex -7.83121 7.83121 75
      vertex -8.48394 7.11887 82
      vertex -8.48394 7.11887 75
    endloop
  endfacet
  facet normal 0.300676 0.953726 -0
    outer loop
      vertex -2.86642 -10.6976 75
      vertex -3.78787 -10.4071 82
      vertex -2.86642 -10.6976 82
    endloop
  endfacet
  facet normal 0.300676 0.953726 0
    outer loop
      vertex -3.78787 -10.4071 82
      vertex -2.86642 -10.6976 75
      vertex -3.78787 -10.4071 75
    endloop
  endfacet
  facet normal 0.737282 0.675585 0
    outer loop
      vertex -7.83121 -7.83121 82
      vertex -8.48394 -7.11887 75
      vertex -8.48394 -7.11887 82
    endloop
  endfacet
  facet normal 0.737282 0.675585 0
    outer loop
      vertex -8.48394 -7.11887 75
      vertex -7.83121 -7.83121 82
      vertex -7.83121 -7.83121 75
    endloop
  endfacet
  facet normal 0.216422 0.9763 -0
    outer loop
      vertex -1.92315 -10.9067 75
      vertex -2.86642 -10.6976 82
      vertex -1.92315 -10.9067 82
    endloop
  endfacet
  facet normal 0.216422 0.9763 0
    outer loop
      vertex -2.86642 -10.6976 82
      vertex -1.92315 -10.9067 75
      vertex -2.86642 -10.6976 75
    endloop
  endfacet
  facet normal -0.608765 0.79335 0
    outer loop
      vertex 7.11887 -8.48394 75
      vertex 6.35236 -9.07211 82
      vertex 7.11887 -8.48394 82
    endloop
  endfacet
  facet normal -0.608765 0.79335 0
    outer loop
      vertex 6.35236 -9.07211 82
      vertex 7.11887 -8.48394 75
      vertex 6.35236 -9.07211 75
    endloop
  endfacet
  facet normal 0.79335 0.608765 0
    outer loop
      vertex -8.48394 -7.11887 82
      vertex -9.07211 -6.35236 75
      vertex -9.07211 -6.35236 82
    endloop
  endfacet
  facet normal 0.79335 0.608765 0
    outer loop
      vertex -9.07211 -6.35236 75
      vertex -8.48394 -7.11887 82
      vertex -8.48394 -7.11887 75
    endloop
  endfacet
  facet normal -0.382649 0.923894 0
    outer loop
      vertex 4.6805 -10.0374 75
      vertex 3.78787 -10.4071 82
      vertex 4.6805 -10.0374 82
    endloop
  endfacet
  facet normal -0.382649 0.923894 0
    outer loop
      vertex 3.78787 -10.4071 82
      vertex 4.6805 -10.0374 75
      vertex 3.78787 -10.4071 75
    endloop
  endfacet
  facet normal 0.99905 0.0435743 0
    outer loop
      vertex -11.0329 -0.965249 82
      vertex -11.075 0 75
      vertex -11.075 0 82
    endloop
  endfacet
  facet normal 0.99905 0.0435743 0
    outer loop
      vertex -11.075 0 75
      vertex -11.0329 -0.965249 82
      vertex -11.0329 -0.965249 75
    endloop
  endfacet
  facet normal 0.537297 -0.843393 0
    outer loop
      vertex -6.35236 9.07211 75
      vertex -5.5375 9.59123 82
      vertex -6.35236 9.07211 82
    endloop
  endfacet
  facet normal 0.537297 -0.843393 0
    outer loop
      vertex -5.5375 9.59123 82
      vertex -6.35236 9.07211 75
      vertex -5.5375 9.59123 75
    endloop
  endfacet
  facet normal -0.216422 0.9763 0
    outer loop
      vertex 2.86642 -10.6976 75
      vertex 1.92315 -10.9067 82
      vertex 2.86642 -10.6976 82
    endloop
  endfacet
  facet normal -0.216422 0.9763 0
    outer loop
      vertex 1.92315 -10.9067 82
      vertex 2.86642 -10.6976 75
      vertex 1.92315 -10.9067 75
    endloop
  endfacet
  facet normal 0.216422 -0.9763 0
    outer loop
      vertex -2.86642 10.6976 75
      vertex -1.92315 10.9067 82
      vertex -2.86642 10.6976 82
    endloop
  endfacet
  facet normal 0.216422 -0.9763 0
    outer loop
      vertex -1.92315 10.9067 82
      vertex -2.86642 10.6976 75
      vertex -1.92315 10.9067 75
    endloop
  endfacet
  facet normal 0.79335 -0.608765 0
    outer loop
      vertex -9.07211 6.35236 82
      vertex -8.48394 7.11887 75
      vertex -8.48394 7.11887 82
    endloop
  endfacet
  facet normal 0.79335 -0.608765 0
    outer loop
      vertex -8.48394 7.11887 75
      vertex -9.07211 6.35236 82
      vertex -9.07211 6.35236 75
    endloop
  endfacet
  facet normal 0.9763 0.216422 0
    outer loop
      vertex -10.6976 -2.86642 82
      vertex -10.9067 -1.92315 75
      vertex -10.9067 -1.92315 82
    endloop
  endfacet
  facet normal 0.9763 0.216422 0
    outer loop
      vertex -10.9067 -1.92315 75
      vertex -10.6976 -2.86642 82
      vertex -10.6976 -2.86642 75
    endloop
  endfacet
  facet normal 0.0435743 0.99905 -0
    outer loop
      vertex 0 -11.075 75
      vertex -0.965249 -11.0329 82
      vertex 0 -11.075 82
    endloop
  endfacet
  facet normal 0.0435743 0.99905 0
    outer loop
      vertex -0.965249 -11.0329 82
      vertex 0 -11.075 75
      vertex -0.965249 -11.0329 75
    endloop
  endfacet
  facet normal 0.99905 -0.0435743 0
    outer loop
      vertex -11.075 0 82
      vertex -11.0329 0.965249 75
      vertex -11.0329 0.965249 82
    endloop
  endfacet
  facet normal 0.99905 -0.0435743 0
    outer loop
      vertex -11.0329 0.965249 75
      vertex -11.075 0 82
      vertex -11.075 0 75
    endloop
  endfacet
  facet normal 0.382649 0.923894 -0
    outer loop
      vertex -3.78787 -10.4071 75
      vertex -4.6805 -10.0374 82
      vertex -3.78787 -10.4071 82
    endloop
  endfacet
  facet normal 0.382649 0.923894 0
    outer loop
      vertex -4.6805 -10.0374 82
      vertex -3.78787 -10.4071 75
      vertex -4.6805 -10.0374 75
    endloop
  endfacet
  facet normal 0.843393 -0.537297 0
    outer loop
      vertex -9.59123 5.5375 82
      vertex -9.07211 6.35236 75
      vertex -9.07211 6.35236 82
    endloop
  endfacet
  facet normal 0.843393 -0.537297 0
    outer loop
      vertex -9.07211 6.35236 75
      vertex -9.59123 5.5375 82
      vertex -9.59123 5.5375 75
    endloop
  endfacet
  facet normal -0.675585 0.737282 0
    outer loop
      vertex 7.83121 -7.83121 75
      vertex 7.11887 -8.48394 82
      vertex 7.83121 -7.83121 82
    endloop
  endfacet
  facet normal -0.675585 0.737282 0
    outer loop
      vertex 7.11887 -8.48394 82
      vertex 7.83121 -7.83121 75
      vertex 7.11887 -8.48394 75
    endloop
  endfacet
  facet normal 0.991433 -0.130618 0
    outer loop
      vertex -11.0329 0.965249 82
      vertex -10.9067 1.92315 75
      vertex -10.9067 1.92315 82
    endloop
  endfacet
  facet normal 0.991433 -0.130618 0
    outer loop
      vertex -10.9067 1.92315 75
      vertex -11.0329 0.965249 82
      vertex -11.0329 0.965249 75
    endloop
  endfacet
endsolid OpenSCAD_Model
